Ano;Cód.Área;Área de Enquadramento;Cód.IES;Nome da IES;Sigla da IES;Categ. Administrativa;Org. Acadêmica;Cód. Município;Município do Curso;UF do Curso;Região do Curso;Nr. Cursos da Unidade;Cód. Cursos da Unidade;Conluintes Inscritos;Concluintes Participantes;Nota Bruta - FG;Nota Padronizada - FG;Nota Bruta - CE;Nota Padronizada - CE;Nota Contínua do Enade;Conceito Enade;Obs:
2013;5;MEDICINA VETERINÁRIA;1;UNIVERSIDADE FEDERAL DE MATO GROSSO;UFMT;Pública Federal;Universidade;5103403;CUIABA;MT;CENTRO-OESTE;1;37;73;67;53,9239;3,8971;51,6612;4,1147;4,0603;5;
2013;5;MEDICINA VETERINÁRIA;1;UNIVERSIDADE FEDERAL DE MATO GROSSO;UFMT;Pública Federal;Universidade;5107909;SINOP;MT;CENTRO-OESTE;1;100763;89;85;47,2435;2,5111;46,3918;3,1939;3,0232;4;
2013;5;MEDICINA VETERINÁRIA;2;UNIVERSIDADE DE BRASÍLIA;UNB;Pública Federal;Universidade;5300108;BRASILIA;DF;CENTRO-OESTE;1;18031;49;46;47,7870;2,6238;51,5391;4,0934;3,7260;4;
2013;5;MEDICINA VETERINÁRIA;5;UNIVERSIDADE FEDERAL DO PIAUÍ;UFPI;Pública Federal;Universidade;2201903;BOM JESUS;PI;NORDESTE;1;102675;76;74;50,9176;3,2734;40,6311;2,1872;2,4588;3;
2013;5;MEDICINA VETERINÁRIA;5;UNIVERSIDADE FEDERAL DO PIAUÍ;UFPI;Pública Federal;Universidade;2211001;TERESINA;PI;NORDESTE;1;504;63;62;54,8161;4,0822;46,1645;3,1542;3,3862;4;
2013;5;MEDICINA VETERINÁRIA;8;UNIVERSIDADE FEDERAL DE VIÇOSA;UFV;Pública Federal;Universidade;3171303;VICOSA;MG;SUDESTE;1;695;101;98;52,7602;3,6556;53,1684;4,3781;4,1975;5;
2013;5;MEDICINA VETERINÁRIA;9;UNIVERSIDADE ESTADUAL DE LONDRINA;UEL;Pública Estadual;Universidade;4113700;LONDRINA;PR;SUL;1;777;91;91;55,3154;4,1858;49,8802;3,8035;3,8990;4;
2013;5;MEDICINA VETERINÁRIA;10;PONTIFÍCIA UNIVERSIDADE CATÓLICA DO PARANÁ;PUCPR;Privada sem fins lucrativos;Universidade;4125506;SAO JOSE DO PINHAIS;PR;SUL;1;888;55;48;47,5167;2,5678;44,8021;2,9161;2,8290;3;
2013;5;MEDICINA VETERINÁRIA;10;PONTIFÍCIA UNIVERSIDADE CATÓLICA DO PARANÁ;PUCPR;Privada sem fins lucrativos;Universidade;4127700;TOLEDO;PR;SUL;1;60123;28;28;46,6536;2,3887;43,3857;2,6686;2,5986;3;
2013;5;MEDICINA VETERINÁRIA;17;UNIVERSIDADE FEDERAL DE UBERLÂNDIA;UFU;Pública Federal;Universidade;3170206;UBERLANDIA;MG;SUDESTE;1;1440;80;76;55,3579;4,1946;49,8632;3,8005;3,8990;4;
2013;5;MEDICINA VETERINÁRIA;20;UNIVERSIDADE DE PASSO FUNDO;UPF;Privada sem fins lucrativos;Universidade;4314100;PASSO FUNDO;RS;SUL;1;18484;120;116;47,1647;2,4947;44,5595;2,8737;2,7790;3;
2013;5;MEDICINA VETERINÁRIA;21;PONTIFÍCIA UNIVERSIDADE CATÓLICA DO RIO GRANDE DO SUL;PUCRS;Privada sem fins lucrativos;Universidade;4322400;URUGUAIANA;RS;SUL;1;1897;14;14;42,6429;1,5566;28,1143;0,0000;0,3892;1;
2013;5;MEDICINA VETERINÁRIA;24;UNIVERSIDADE ESTADUAL DE SANTA CRUZ;UESC;Pública Estadual;Universidade;2913606;ILHEUS;BA;NORDESTE;1;18310;59;58;49,2500;2,9274;47,6103;3,4068;3,2870;4;
2013;5;MEDICINA VETERINÁRIA;27;UNIVERSIDADE VALE DO RIO VERDE;UNINCOR;Privada sem fins lucrativos;Universidade;3169307;TRES CORACOES;MG;SUDESTE;1;47273;7;7;45,0143;2,0486;48,9857;3,6472;3,2475;4;
2013;5;MEDICINA VETERINÁRIA;29;UNIVERSIDADE ESTADUAL DO CEARÁ;UECE;Pública Estadual;Universidade;2304400;FORTALEZA;CE;NORDESTE;1;2191;44;36;55,3083;4,1843;52,6417;4,2860;4,2606;5;
2013;5;MEDICINA VETERINÁRIA;30;UNIVERSIDADE JOSÉ DO ROSÁRIO VELLANO;UNIFENAS;Privada sem fins lucrativos;Universidade;3101607;ALFENAS;MG;SUDESTE;1;2295;51;50;40,3000;1,0705;35,0540;1,2127;1,1771;2;
2013;5;MEDICINA VETERINÁRIA;43;FUNDAÇÃO UNIVERSIDADE DO ESTADO DE SANTA CATARINA;UDESC;Pública Estadual;Universidade;4209300;LAGES;SC;SUL;1;2535;55;53;54,2170;3,9579;55,2585;4,7433;4,5469;5;
2013;5;MEDICINA VETERINÁRIA;56;UNIVERSIDADE ESTADUAL PAULISTA JÚLIO DE MESQUITA FILHO;UNESP;Pública Estadual;Universidade;3502804;ARACATUBA;SP;SUDESTE;1;3221;40;40;56,2900;4,3880;56,7275;5,0000;4,8470;5;
2013;5;MEDICINA VETERINÁRIA;56;UNIVERSIDADE ESTADUAL PAULISTA JÚLIO DE MESQUITA FILHO;UNESP;Pública Estadual;Universidade;3507506;BOTUCATU;SP;SUDESTE;1;3176;48;47;56,8723;4,5088;53,9766;4,5193;4,5167;5;
2013;5;MEDICINA VETERINÁRIA;56;UNIVERSIDADE ESTADUAL PAULISTA JÚLIO DE MESQUITA FILHO;UNESP;Pública Estadual;Universidade;3524303;JABOTICABAL;SP;SUDESTE;1;3140;50;49;56,0041;4,3286;56,5531;4,9695;4,8093;5;
2013;5;MEDICINA VETERINÁRIA;57;UNIVERSIDADE ESTADUAL DE MARINGÁ;UEM;Pública Estadual;Universidade;4128104;UMUARAMA;PR;SUL;1;58202;39;37;48,9703;2,8694;46,0568;3,1353;3,0688;4;
2013;5;MEDICINA VETERINÁRIA;76;UNIVERSIDADE REGIONAL DE BLUMENAU;FURB;Pública Municipal;Universidade;4202404;BLUMENAU;SC;SUL;1;90053;32;32;50,1281;3,1096;45,0969;2,9676;3,0031;4;
2013;5;MEDICINA VETERINÁRIA;82;UNIVERSIDADE DO OESTE DE SANTA CATARINA;UNOESC;Pública Municipal;Universidade;4219507;XANXERE;SC;SUL;1;60216;54;53;49,5585;2,9914;42,1453;2,4518;2,5867;3;
2013;5;MEDICINA VETERINÁRIA;138;CENTRO UNIVERSITÁRIO BARÃO DE MAUÁ;CBM;Privada sem fins lucrativos;Centro Universitário;3543402;RIBEIRAO PRETO;SP;SUDESTE;1;19014;10;10;47,6900;2,6037;40,5500;2,1731;2,2807;3;
2013;5;MEDICINA VETERINÁRIA;140;UNIVERSIDADE SEVERINO SOMBRA;USS;Privada sem fins lucrativos;Universidade;3306206;VASSOURAS;RJ;SUDESTE;1;74028;43;42;48,0952;2,6878;38,4262;1,8019;2,0234;3;
2013;5;MEDICINA VETERINÁRIA;143;UNIVERSIDADE DE UBERABA;UNIUBE;Privada sem fins lucrativos;Universidade;3170107;UBERABA;MG;SUDESTE;1;18572;114;112;41,5750;1,3351;37,2902;1,6034;1,5363;2;
2013;5;MEDICINA VETERINÁRIA;146;CENTRO UNIVERSITÁRIO DE RIO PRETO;UNIRP;Privada com fins lucrativos;Centro Universitário;3549805;SAO JOSE DO RIO PRETO;SP;SUDESTE;1;4679;59;58;43,5569;1,7462;40,1741;2,1074;2,0171;3;
2013;5;MEDICINA VETERINÁRIA;163;UNIVERSIDADE ESTÁCIO DE SÁ;UNESA;Privada com fins lucrativos;Universidade;3304557;RIO DE JANEIRO;RJ;SUDESTE;1;4959;58;50;48,3920;2,7494;43,9380;2,7651;2,7612;3;
2013;5;MEDICINA VETERINÁRIA;167;UNIVERSIDADE METODISTA DE SÃO PAULO;UMESP;Privada sem fins lucrativos;Universidade;3548708;SAO BERNARDO DO CAMPO;SP;SUDESTE;1;5133;49;42;47,8190;2,6305;40,3452;2,1373;2,2606;3;
2013;5;MEDICINA VETERINÁRIA;176;UNIVERSIDADE CASTELO BRANCO;UCB;Privada sem fins lucrativos;Universidade;3304557;RIO DE JANEIRO;RJ;SUDESTE;1;18598;62;49;41,3673;1,2920;38,0347;1,7335;1,6231;2;
2013;5;MEDICINA VETERINÁRIA;207;CENTRO UNIVERSITÁRIO MOURA LACERDA;CUML;Privada sem fins lucrativos;Centro Universitário;3543402;RIBEIRAO PRETO;SP;SUDESTE;1;18995;26;25;53,6680;3,8440;44,8280;2,9206;3,1515;4;
2013;5;MEDICINA VETERINÁRIA;221;UNIVERSIDADE CRUZEIRO DO SUL;UNICSUL;Privada com fins lucrativos;Universidade;3550308;SAO PAULO;SP;SUDESTE;1;70467;32;29;45,2207;2,0914;43,1207;2,6223;2,4896;3;
2013;5;MEDICINA VETERINÁRIA;265;FACULDADES INTEGRADAS DE OURINHOS;FIO;Privada sem fins lucrativos;Faculdade;3534708;OURINHOS;SP;SUDESTE;1;82635;16;15;45,6400;2,1784;44,7867;2,9134;2,7297;3;
2013;5;MEDICINA VETERINÁRIA;271;UNIVERSIDADE DO OESTE PAULISTA;UNOESTE;Privada sem fins lucrativos;Universidade;3541406;PRESIDENTE PRUDENTE;SP;SUDESTE;1;6497;48;46;43,6304;1,7615;39,3826;1,9691;1,9172;2;
2013;5;MEDICINA VETERINÁRIA;296;UNIVERSIDADE DA REGIÃO DA CAMPANHA;URCAMP;Privada sem fins lucrativos;Universidade;4300406;ALEGRETE;RS;SUL;1;18514;40;40;43,2225;1,6769;36,4100;1,4496;1,5064;2;
2013;5;MEDICINA VETERINÁRIA;296;UNIVERSIDADE DA REGIÃO DA CAMPANHA;URCAMP;Privada sem fins lucrativos;Universidade;4301602;BAGE;RS;SUL;1;6807;53;53;43,0868;1,6487;39,9528;2,0687;1,9637;3;
2013;5;MEDICINA VETERINÁRIA;298;UNIVERSIDADE NORTE DO PARANÁ;UNOPAR;Privada com fins lucrativos;Universidade;4101507;ARAPONGAS;PR;SUL;1;18127;39;25;52,4200;3,5851;48,3840;3,5420;3,5528;4;
2013;5;MEDICINA VETERINÁRIA;308;UNIVERSIDADE PRESIDENTE ANTÔNIO CARLOS;UNIPAC;Privada sem fins lucrativos;Universidade;3136702;JUIZ DE FORA;MG;SUDESTE;1;51339;58;53;43,5208;1,7387;39,6094;2,0087;1,9412;2;
2013;5;MEDICINA VETERINÁRIA;319;UNIVERSIDADE CAMILO CASTELO BRANCO;UNICASTELO;Privada sem fins lucrativos;Universidade;3513702;DESCALVADO;SP;SUDESTE;1;19884;31;29;48,1897;2,7074;40,1103;2,0962;2,2490;3;
2013;5;MEDICINA VETERINÁRIA;319;UNIVERSIDADE CAMILO CASTELO BRANCO;UNICASTELO;Privada sem fins lucrativos;Universidade;3515509;FERNANDOPOLIS;SP;SUDESTE;1;7210;60;58;45,6000;2,1701;41,0121;2,2538;2,2329;3;
2013;5;MEDICINA VETERINÁRIA;322;UNIVERSIDADE PAULISTA;UNIP;Privada sem fins lucrativos;Universidade;3506003;BAURU;SP;SUDESTE;1;73402;23;23;49,6391;3,0081;50,2174;3,8624;3,6488;4;
2013;5;MEDICINA VETERINÁRIA;322;UNIVERSIDADE PAULISTA;UNIP;Privada sem fins lucrativos;Universidade;3509502;CAMPINAS;SP;SUDESTE;1;100380;31;30;54,3100;3,9772;49,5933;3,7533;3,8093;4;
2013;5;MEDICINA VETERINÁRIA;322;UNIVERSIDADE PAULISTA;UNIP;Privada sem fins lucrativos;Universidade;3549904;SAO JOSE DOS CAMPOS;SP;SUDESTE;1;73400;39;37;54,2730;3,9695;53,3486;4,4096;4,2995;5;
2013;5;MEDICINA VETERINÁRIA;322;UNIVERSIDADE PAULISTA;UNIP;Privada sem fins lucrativos;Universidade;3550308;SAO PAULO;SP;SUDESTE;1;7278;21;20;52,8950;3,6836;45,3200;3,0066;3,1759;4;
2013;5;MEDICINA VETERINÁRIA;330;UNIVERSIDADE IGUAÇU;UNIG;Privada sem fins lucrativos;Universidade;3302205;ITAPERUNA;RJ;SUDESTE;1;97517;27;23;47,4522;2,5544;40,4174;2,1499;2,2510;3;
2013;5;MEDICINA VETERINÁRIA;338;PONTIFÍCIA UNIVERSIDADE CATÓLICA DE MINAS GERAIS;PUC MINAS;Privada sem fins lucrativos;Universidade;3106705;BETIM;MG;SUDESTE;1;20827;142;137;50,8453;3,2584;48,4036;3,5455;3,4737;4;
2013;5;MEDICINA VETERINÁRIA;338;PONTIFÍCIA UNIVERSIDADE CATÓLICA DE MINAS GERAIS;PUC MINAS;Privada sem fins lucrativos;Universidade;3151800;POCOS DE CALDAS;MG;SUDESTE;1;20828;89;80;48,0400;2,6763;43,8713;2,7534;2,7342;3;
2013;5;MEDICINA VETERINÁRIA;353;FACULDADE EVANGÉLICA DO PARANÁ;FEPAR;Privada sem fins lucrativos;Faculdade;4106902;CURITIBA;PR;SUL;1;95189;69;68;55,1088;4,1429;45,2147;2,9882;3,2769;4;
2013;5;MEDICINA VETERINÁRIA;355;UNIVERSIDADE TUIUTI DO PARANÁ;UTP;Privada com fins lucrativos;Universidade;4106902;CURITIBA;PR;SUL;1;18939;48;41;49,9317;3,0688;46,8049;3,2661;3,2168;4;
2013;5;MEDICINA VETERINÁRIA;374;CENTRO UNIVERSITÁRIO DAS FACULDADES METROPOLITANAS UNIDAS;FMU;Privada sem fins lucrativos;Centro Universitário;3550308;SAO PAULO;SP;SUDESTE;1;18822;138;125;49,6736;3,0153;43,2728;2,6489;2,7405;3;
2013;5;MEDICINA VETERINÁRIA;375;UNIVERSIDADE DE SANTO AMARO;UNISA;Privada sem fins lucrativos;Universidade;3550308;SAO PAULO;SP;SUDESTE;1;74644;27;26;49,9538;3,0734;45,9769;3,1214;3,1094;4;
2013;5;MEDICINA VETERINÁRIA;387;UNIVERSIDADE CATÓLICA DOM BOSCO;UCDB;Privada sem fins lucrativos;Universidade;5002704;CAMPO GRANDE;MS;CENTRO-OESTE;1;62233;33;33;45,9667;2,2462;41,5394;2,3460;2,3210;3;
2013;5;MEDICINA VETERINÁRIA;404;FACULDADES INTEGRADAS DA UPIS;UPIS;Privada sem fins lucrativos;Faculdade;5300108;BRASILIA;DF;CENTRO-OESTE;1;18319;46;38;42,6368;1,5554;45,4895;3,0362;2,6660;3;
2013;5;MEDICINA VETERINÁRIA;420;UNIVERSIDADE DE MARÍLIA;UNIMAR;Privada com fins lucrativos;Universidade;3529005;MARILIA;SP;SUDESTE;1;8669;60;56;48,6929;2,8118;43,0286;2,6062;2,6576;3;
2013;5;MEDICINA VETERINÁRIA;430;CENTRO UNIVERSITÁRIO FILADÉLFIA;UNIFIL;Privada sem fins lucrativos;Centro Universitário;4113700;LONDRINA;PR;SUL;1;119112;8;8;43,7125;1,7785;51,1000;4,0166;3,4571;4;
2013;5;MEDICINA VETERINÁRIA;437;UNIVERSIDADE PARANAENSE;UNIPAR;Privada sem fins lucrativos;Universidade;4128104;UMUARAMA;PR;SUL;1;9044;34;32;47,7031;2,6065;41,2031;2,2872;2,3670;3;
2013;5;MEDICINA VETERINÁRIA;439;FACULDADE DOUTOR FRANCISCO MAEDA;FAFRAM;Privada sem fins lucrativos;Faculdade;3524105;ITUVERAVA;SP;SUDESTE;1;71252;40;36;47,3500;2,5332;47,8917;3,4560;3,2253;4;
2013;5;MEDICINA VETERINÁRIA;441;UNIVERSIDADE DO CONTESTADO;UNC;Privada sem fins lucrativos;Universidade;4203808;CANOINHAS;SC;SUL;1;21029;62;61;50,2754;3,1401;44,6311;2,8862;2,9497;4;
2013;5;MEDICINA VETERINÁRIA;446;UNIVERSIDADE DE CRUZ ALTA;UNICRUZ;Privada sem fins lucrativos;Universidade;4306106;CRUZ ALTA;RS;SUL;1;19005;45;44;42,2273;1,4704;44,0341;2,7819;2,4540;3;
2013;5;MEDICINA VETERINÁRIA;449;UNIVERSIDADE LUTERANA DO BRASIL;ULBRA;Privada sem fins lucrativos;Universidade;4304606;CANOAS;RS;SUL;1;9317;100;96;42,1052;1,4451;39,9271;2,0642;1,9094;2;
2013;5;MEDICINA VETERINÁRIA;450;CENTRO UNIVERSITÁRIO LUTERANO DE JI-PARANÁ;CEULJI/ULBRA;Privada sem fins lucrativos;Centro Universitário;1100122;JI-PARANA;RO;NORTE;1;75368;42;40;35,1400;0,0000;41,1000;2,2692;1,7019;2;
2013;5;MEDICINA VETERINÁRIA;457;UNIVERSIDADE ANHANGUERA DE SÃO PAULO - UNIAN-SP;UNIAN - SP;Privada com fins lucrativos;Universidade;3547809;SANTO ANDRE;SP;SUDESTE;1;18451;50;45;44,6511;1,9733;38,5600;1,8253;1,8623;2;
2013;5;MEDICINA VETERINÁRIA;457;UNIVERSIDADE ANHANGUERA DE SÃO PAULO - UNIAN-SP;UNIAN - SP;Privada com fins lucrativos;Universidade;3548708;SAO BERNARDO DO CAMPO;SP;SUDESTE;1;44929;32;32;42,7813;1,5853;38,8656;1,8787;1,8054;2;
2013;5;MEDICINA VETERINÁRIA;466;UNIVERSIDADE ANHEMBI MORUMBI;UAM;Privada com fins lucrativos;Universidade;3550308;SAO PAULO;SP;SUDESTE;1;21351;144;134;48,7381;2,8212;44,1149;2,7960;2,8023;3;
2013;5;MEDICINA VETERINÁRIA;472;UNIVERSIDADE DO GRANDE RIO PROFESSOR JOSÉ DE SOUZA HERDY;UNIGRANRIO;Privada sem fins lucrativos;Universidade;3301702;DUQUE DE CAXIAS;RJ;SUDESTE;1;9733;43;40;51,5750;3,4098;38,7700;1,8620;2,2490;3;
2013;5;MEDICINA VETERINÁRIA;480;CENTRO UNIVERSITÁRIO SERRA DOS ÓRGÃOS;UNIFESO;Privada sem fins lucrativos;Centro Universitário;3305802;TERESOPOLIS;RJ;SUDESTE;1;21548;34;33;44,5485;1,9520;38,0364;1,7338;1,7884;2;
2013;5;MEDICINA VETERINÁRIA;481;UNIVERSIDADE GUARULHOS;UNG;Privada sem fins lucrativos;Universidade;3518800;GUARULHOS;SP;SUDESTE;1;18571;32;31;46,5065;2,3582;46,6581;3,2404;3,0199;4;
2013;5;MEDICINA VETERINÁRIA;490;CENTRO DE ENSINO SUPERIOR DE VALENÇA;CESVA;Privada sem fins lucrativos;Faculdade;3306107;VALENCA;RJ;SUDESTE;1;10006;29;28;48,9250;2,8600;46,7571;3,2577;3,1583;4;
2013;5;MEDICINA VETERINÁRIA;495;FACULDADE DE CIÊNCIAS E LETRAS DE BRAGANÇA PAULISTA;FESB;Pública Municipal;Faculdade;3507605;BRAGANCA PAULISTA;SP;SUDESTE;1;20682;30;30;39,1167;0,8250;38,3167;1,7828;1,5434;2;
2013;5;MEDICINA VETERINÁRIA;496;UNIVERSIDADE DE FRANCA;UNIFRAN;Privada com fins lucrativos;Universidade;3516200;FRANCA;SP;SUDESTE;1;19119;31;29;51,4414;3,3820;45,4035;3,0212;3,1114;4;
2013;5;MEDICINA VETERINÁRIA;502;CENTRO UNIVERSITÁRIO MONTE SERRAT;UNIMONTE;Privada com fins lucrativos;Centro Universitário;3548500;SANTOS;SP;SUDESTE;1;19481;23;22;51,9227;3,4819;39,8455;2,0500;2,4079;3;
2013;5;MEDICINA VETERINÁRIA;515;CENTRO UNIVERSITÁRIO ANHANGUERA DE NITERÓI;UNIAN;Privada com fins lucrativos;Centro Universitário;3301900;ITABORAI;RJ;SUDESTE;1;10423;73;67;37,4522;0,4797;37,7672;1,6868;1,3850;2;
2013;5;MEDICINA VETERINÁRIA;532;UNIVERSIDADE REGIONAL DO NOROESTE DO ESTADO DO RIO GRANDE DO SUL;UNIJUI;Privada sem fins lucrativos;Universidade;4310207;IJUI;RS;SUL;1;111008;47;47;47,7915;2,6248;45,1766;2,9815;2,8924;3;
2013;5;MEDICINA VETERINÁRIA;549;UNIVERSIDADE FEDERAL DO ACRE;UFAC;Pública Federal;Universidade;1200401;RIO BRANCO;AC;NORTE;1;118697;23;20;59,2400;5,0000;53,0800;4,3626;4,5220;5;
2013;5;MEDICINA VETERINÁRIA;568;UNIVERSIDADE ESTADUAL DO MARANHÃO;UEMA;Pública Estadual;Universidade;2105302;IMPERATRIZ;MA;NORDESTE;1;69971;55;47;49,8851;3,0592;35,2426;1,2456;1,6990;2;
2013;5;MEDICINA VETERINÁRIA;568;UNIVERSIDADE ESTADUAL DO MARANHÃO;UEMA;Pública Estadual;Universidade;2111300;SAO LUIS;MA;NORDESTE;1;11874;64;62;55,3258;4,1879;45,7484;3,0815;3,3581;4;
2013;5;MEDICINA VETERINÁRIA;569;UNIVERSIDADE FEDERAL DO PARÁ;UFPA;Pública Federal;Universidade;1502400;CASTANHAL;PA;NORTE;1;53202;26;25;49,4040;2,9593;42,0520;2,4355;2,5665;3;
2013;5;MEDICINA VETERINÁRIA;571;UNIVERSIDADE FEDERAL DO PARANÁ;UFPR;Pública Federal;Universidade;4106902;CURITIBA;PR;SUL;1;12583;53;51;57,5706;4,6536;55,7922;4,8366;4,7908;5;
2013;5;MEDICINA VETERINÁRIA;571;UNIVERSIDADE FEDERAL DO PARANÁ;UFPR;Pública Federal;Universidade;4117909;PALOTINA;PR;SUL;1;12590;79;72;51,1347;3,3184;47,8347;3,4460;3,4141;4;
2013;5;MEDICINA VETERINÁRIA;572;UNIVERSIDADE FEDERAL FLUMINENSE;UFF;Pública Federal;Universidade;3303302;NITEROI;RJ;SUDESTE;1;12704;51;46;54,0217;3,9174;48,2761;3,5232;3,6217;4;
2013;5;MEDICINA VETERINÁRIA;573;UNIVERSIDADE FEDERAL DO ESPÍRITO SANTO;UFES;Pública Federal;Universidade;3200201;ALEGRE;ES;SUDESTE;1;20039;29;27;51,5444;3,4034;51,9444;4,1642;3,9740;5;
2013;5;MEDICINA VETERINÁRIA;574;UNIVERSIDADE FEDERAL RURAL DO RIO DE JANEIRO;UFRRJ;Pública Federal;Universidade;3305554;SEROPEDICA;RJ;SUDESTE;1;12909;114;112;56,7170;4,4765;52,4571;4,2538;4,3095;5;
2013;5;MEDICINA VETERINÁRIA;575;UNIVERSIDADE FEDERAL DE MINAS GERAIS;UFMG;Pública Federal;Universidade;3106200;BELO HORIZONTE;MG;SUDESTE;1;12971;162;150;51,6220;3,4195;52,5787;4,2750;4,0611;5;
2013;5;MEDICINA VETERINÁRIA;577;UNIVERSIDADE FEDERAL DE ALAGOAS;UFAL;Pública Federal;Universidade;2709400;VICOSA;AL;NORDESTE;1;102146;19;18;57,6944;4,6793;44,2000;2,8109;3,2780;4;
2013;5;MEDICINA VETERINÁRIA;578;UNIVERSIDADE FEDERAL DA BAHIA;UFBA;Pública Federal;Universidade;2927408;SALVADOR;BA;NORDESTE;1;13287;117;108;39,5157;0,9078;41,4954;2,3383;1,9807;3;
2013;5;MEDICINA VETERINÁRIA;579;UNIVERSIDADE FEDERAL DA PARAÍBA;UFPB;Pública Federal;Universidade;2501104;AREIA;PB;NORDESTE;1;113709;10;9;48,0000;2,6680;49,9556;3,8166;3,5295;4;
2013;5;MEDICINA VETERINÁRIA;581;UNIVERSIDADE FEDERAL DO RIO GRANDE DO SUL;UFRGS;Pública Federal;Universidade;4314902;PORTO ALEGRE;RS;SUL;1;13719;72;72;57,9264;4,7275;55,0514;4,7071;4,7122;5;
2013;5;MEDICINA VETERINÁRIA;582;UNIVERSIDADE FEDERAL DE SANTA MARIA;UFSM;Pública Federal;Universidade;4316907;SANTA MARIA;RS;SUL;1;13857;102;101;50,3485;3,1553;50,8683;3,9761;3,7709;4;
2013;5;MEDICINA VETERINÁRIA;584;UNIVERSIDADE FEDERAL DE GOIÁS;UFG;Pública Federal;Universidade;5208707;GOIANIA;GO;CENTRO-OESTE;1;14094;125;121;54,0744;3,9283;48,1248;3,4967;3,6046;4;
2013;5;MEDICINA VETERINÁRIA;584;UNIVERSIDADE FEDERAL DE GOIÁS;UFG;Pública Federal;Universidade;5211909;JATAI;GO;CENTRO-OESTE;1;18364;10;9;55,5667;4,2379;46,7444;3,2555;3,5011;4;
2013;5;MEDICINA VETERINÁRIA;587;UNIVERSIDADE FEDERAL RURAL DE PERNAMBUCO;UFRPE;Pública Federal;Universidade;2606002;GARANHUNS;PE;NORDESTE;1;91561;60;58;50,2862;3,1424;47,4724;3,3827;3,3226;4;
2013;5;MEDICINA VETERINÁRIA;587;UNIVERSIDADE FEDERAL RURAL DE PERNAMBUCO;UFRPE;Pública Federal;Universidade;2611606;RECIFE;PE;NORDESTE;1;14507;91;80;35,8963;0,1569;38,3225;1,7838;1,3771;2;
2013;5;MEDICINA VETERINÁRIA;589;UNIVERSIDADE FEDERAL RURAL DO SEMI-ÁRIDO;UFERSA;Pública Federal;Universidade;2408003;MOSSORO;RN;NORDESTE;1;14555;15;12;48,0500;2,6784;46,2500;3,1691;3,0464;4;
2013;5;MEDICINA VETERINÁRIA;590;UNIVERSIDADE FEDERAL RURAL DA AMAZÔNIA;UFRA;Pública Federal;Universidade;1501402;BELEM;PA;NORTE;1;14559;63;59;43,2390;1,6803;44,2576;2,8210;2,5358;3;
2013;5;MEDICINA VETERINÁRIA;592;UNIVERSIDADE FEDERAL DE LAVRAS;UFLA;Pública Federal;Universidade;3138203;LAVRAS;MG;SUDESTE;1;14582;124;117;54,9744;4,1150;53,3410;4,4082;4,3349;5;
2013;5;MEDICINA VETERINÁRIA;621;CENTRO UNIVERSITÁRIO CESMAC;CESMAC;Privada sem fins lucrativos;Centro Universitário;2704302;MACEIO;AL;NORDESTE;1;43144;59;57;43,4491;1,7239;39,2333;1,9430;1,8882;2;
2013;5;MEDICINA VETERINÁRIA;634;UNIVERSIDADE FEDERAL DE PELOTAS;UFPEL;Pública Federal;Universidade;4304663;CAPAO DO LEAO;RS;SUL;1;14974;22;20;46,9550;2,4512;47,6050;3,4059;3,1672;4;
2013;5;MEDICINA VETERINÁRIA;661;FACULDADE PIO DÉCIMO;FPD;Privada com fins lucrativos;Faculdade;2800308;ARACAJU;SE;NORDESTE;1;18741;51;46;46,3087;2,3172;44,3565;2,8382;2,7080;3;
2013;5;MEDICINA VETERINÁRIA;664;UNIVERSIDADE VILA VELHA;UVV;Privada sem fins lucrativos;Universidade;3205200;VILA VELHA;ES;SUDESTE;1;18201;58;57;49,3491;2,9480;48,1193;3,4958;3,3588;4;
2013;5;MEDICINA VETERINÁRIA;669;UNIVERSIDADE NILTON LINS;UNINILTONLINS;Privada sem fins lucrativos;Universidade;1302603;MANAUS;AM;NORTE;1;47714;25;24;44,4250;1,9263;38,1292;1,7500;1,7941;2;
2013;5;MEDICINA VETERINÁRIA;671;UNIVERSIDADE ANHANGUERA - UNIDERP;UNIDERP;Privada com fins lucrativos;Universidade;5002704;CAMPO GRANDE;MS;CENTRO-OESTE;1;15554;35;35;49,4029;2,9591;42,3029;2,4794;2,5993;3;
2013;5;MEDICINA VETERINÁRIA;694;UNIVERSIDADE FEDERAL DE MATO GROSSO DO SUL;UFMS;Pública Federal;Universidade;5002704;CAMPO GRANDE;MS;CENTRO-OESTE;1;15840;43;39;49,8564;3,0532;52,8000;4,3137;3,9986;5;
2013;5;MEDICINA VETERINÁRIA;757;FACULDADES INTEGRADAS DO TAPAJÓS;ISES;Privada com fins lucrativos;Faculdade;1506807;SANTAREM;PA;NORTE;1;105968;45;40;44,7100;1,9855;37,6050;1,6584;1,7402;2;
2013;5;MEDICINA VETERINÁRIA;763;INSTITUTO UNIFICADO DE ENSINO SUPERIOR OBJETIVO;IUESO;Privada sem fins lucrativos;Faculdade;5208707;GOIANIA;GO;CENTRO-OESTE;1;20690;34;34;45,7706;2,2055;44,0676;2,7878;2,6422;3;
2013;5;MEDICINA VETERINÁRIA;780;UNIVERSIDADE DE CUIABÁ;UNIC / PITÁGORAS;Privada com fins lucrativos;Universidade;5103403;CUIABA;MT;CENTRO-OESTE;1;16834;15;15;52,4400;3,5892;51,5400;4,0935;3,9674;5;
2013;5;MEDICINA VETERINÁRIA;826;CENTRO UNIVERSITÁRIO DE DESENVOLVIMENTO DO CENTRO-OESTE;UNIDESC;Privada sem fins lucrativos;Centro Universitário;5212501;LUZIANIA;GO;CENTRO-OESTE;1;18099;14;14;48,8429;2,8429;39,1429;1,9272;2,1561;3;
2013;5;MEDICINA VETERINÁRIA;953;UNIVERSIDADE METROPOLITANA DE SANTOS;UNIMES;Privada sem fins lucrativos;Universidade;3548500;SANTOS;SP;SUDESTE;1;18615;18;16;50,3125;3,1478;40,0250;2,0813;2,3480;3;
2013;5;MEDICINA VETERINÁRIA;1027;UNIVERSIDADE ESTADUAL DO NORTE FLUMINENSE DARCY RIBEIRO;UENF;Pública Estadual;Universidade;3301009;CAMPOS DO GOYTACAZES;RJ;SUDESTE;1;17725;15;15;47,4067;2,5450;47,9200;3,4609;3,2319;4;
2013;5;MEDICINA VETERINÁRIA;1045;CENTRO UNIVERSITÁRIO ANHANGÜERA;UNIFIAN;Privada com fins lucrativos;Centro Universitário;3526704;LEME;SP;SUDESTE;1;52554;49;44;47,8568;2,6383;40,5023;2,1647;2,2831;3;
2013;5;MEDICINA VETERINÁRIA;1053;FACULDADE DE TECNOLOGIA E CIÊNCIAS DE FEIRA DE SANTANA;FTC;Privada com fins lucrativos;Faculdade;2910800;FEIRA DE SANTANA;BA;NORDESTE;1;112532;12;12;41,0083;1,2175;44,9167;2,9361;2,5065;3;
2013;5;MEDICINA VETERINÁRIA;1078;FACULDADE INTEGRADO DE CAMPO MOURÃO;CEI;Privada com fins lucrativos;Faculdade;4104303;CAMPO MOURAO;PR;SUL;1;17934;18;14;48,3714;2,7451;54,0857;4,5384;4,0900;5;
2013;5;MEDICINA VETERINÁRIA;1087;FACULDADES INTEGRADAS APARÍCIO CARVALHO;FIMCA;Privada sem fins lucrativos;Faculdade;1100205;PORTO VELHO;RO;NORTE;1;73753;21;19;55,7737;4,2808;41,7737;2,3869;2,8604;3;
2013;5;MEDICINA VETERINÁRIA;1126;UNIVERSIDADE ESTADUAL DO CENTRO OESTE;UNICENTRO;Pública Estadual;Universidade;4109401;GUARAPUAVA;PR;SUL;1;18323;50;49;53,0898;3,7240;50,2510;3,8683;3,8322;4;
2013;5;MEDICINA VETERINÁRIA;1196;CENTRO UNIVERSITÁRIO DE MARINGÁ - UNICESUMAR;UNICESUMAR;Privada com fins lucrativos;Centro Universitário;4115200;MARINGA;PR;SUL;1;20522;22;22;53,2864;3,7648;52,3227;4,2303;4,1139;5;
2013;5;MEDICINA VETERINÁRIA;1230;CENTRO REGIONAL UNIVERSITÁRIO DE ESPÍRITO SANTO DO PINHAL;UNIPINHAL;Privada sem fins lucrativos;Centro Universitário;3515186;ESPIRITO SANTO DO PINHAL;SP;SUDESTE;1;19685;37;35;41,4829;1,3159;40,8343;2,2227;1,9960;3;
2013;5;MEDICINA VETERINÁRIA;1245;FACULDADE DE CASTELO;FACASTELO;Privada com fins lucrativos;Faculdade;3201407;CASTELO;ES;SUDESTE;1;19839;36;35;53,6171;3,8334;47,5200;3,3910;3,5016;4;
2013;5;MEDICINA VETERINÁRIA;1281;FACULDADE DE CIÊNCIAS SOCIAIS E AGRÁRIAS DE ITAPEVA;FAIT;Privada com fins lucrativos;Faculdade;3522406;ITAPEVA;SP;SUDESTE;1;99648;10;10;49,5700;2,9938;48,5400;3,5693;3,4254;4;
2013;5;MEDICINA VETERINÁRIA;1292;FACULDADES ADAMANTINENSES INTEGRADAS;FAI;Pública Municipal;Faculdade;3500105;ADAMANTINA;SP;SUDESTE;1;65971;54;39;39,4256;0,8891;41,0949;2,2683;1,9235;2;
2013;5;MEDICINA VETERINÁRIA;1307;FACULDADE DE ENSINO SUPERIOR E FORMAÇÃO INTEGRAL;FAEF;Privada com fins lucrativos;Faculdade;3516705;GARCA;SP;SUDESTE;1;21730;24;18;37,8056;0,5530;40,2667;2,1236;1,7309;2;
2013;5;MEDICINA VETERINÁRIA;1336;FACULDADE ASSIS GURGACZ;FAG;Privada sem fins lucrativos;Faculdade;4104808;CASCAVEL;PR;SUL;1;105920;90;85;42,9235;1,6148;39,9294;2,0646;1,9522;3;
2013;5;MEDICINA VETERINÁRIA;1436;ESCOLA SUPERIOR BATISTA DO AMAZONAS;ESBAM;Privada com fins lucrativos;Faculdade;1302603;MANAUS;AM;NORTE;1;43974;40;39;38,8179;0,7631;33,7179;0,9792;0,9252;1;
2013;5;MEDICINA VETERINÁRIA;1490;FACULDADE DE JAGUARIÚNA;FAJ;Privada com fins lucrativos;Faculdade;3524709;JAGUARIUNA;SP;SUDESTE;1;49108;100;91;46,1835;2,2912;41,8066;2,3927;2,3673;3;
2013;5;MEDICINA VETERINÁRIA;1559;CENTRO UNIVERSITÁRIO DO ESPÍRITO SANTO;UNESC;Privada sem fins lucrativos;Centro Universitário;3201506;COLATINA;ES;SUDESTE;1;119994;19;19;52,2053;3,5405;46,2895;3,1760;3,2671;4;
2013;5;MEDICINA VETERINÁRIA;1623;FACULDADE DE CIÊNCIAS AGRÁRIAS DE ANDRADINA;FCAA;Privada sem fins lucrativos;Faculdade;3502101;ANDRADINA;SP;SUDESTE;1;46151;79;77;40,6779;1,1489;37,1377;1,5768;1,4698;2;
2013;5;MEDICINA VETERINÁRIA;1657;FACULDADE EDUCACIONAL DE DOIS VIZINHOS;FAED;Privada com fins lucrativos;Faculdade;4107207;DOIS VIZINHOS;PR;SUL;1;91029;39;34;40,2412;1,0583;39,1706;1,9320;1,7136;2;
2013;5;MEDICINA VETERINÁRIA;1773;FACULDADE DE ITAPIRANGA;SEI/FAI;Privada com fins lucrativos;Faculdade;4208401;ITAPIRANGA;SC;SUL;1;98748;60;60;46,6550;2,3890;39,5083;1,9910;2,0905;3;
2013;5;MEDICINA VETERINÁRIA;1825;FACULDADE DE ESTUDOS SUPERIORES DE MINAS GERAIS;FEAD;Privada com fins lucrativos;Faculdade;3106200;BELO HORIZONTE;MG;SUDESTE;1;49349;87;81;46,8210;2,4234;40,3333;2,1352;2,2073;3;
2013;5;MEDICINA VETERINÁRIA;1836;CENTRO UNIVERSITÁRIO FUNDAÇÃO DE ENSINO OCTÁVIO BASTOS - FEOB;UNIFEOB;Privada sem fins lucrativos;Centro Universitário;3549102;SAO JOAO DA BOA VISTA;SP;SUDESTE;1;6113;27;27;42,9889;1,6284;44,1407;2,8005;2,5075;3;
2013;5;MEDICINA VETERINÁRIA;1869;CENTRO UNIVERSITÁRIO DE ITAJUBÁ;FEPI;Privada sem fins lucrativos;Centro Universitário;3132404;ITAJUBA;MG;SUDESTE;1;83694;35;35;42,1343;1,4511;36,3543;1,4399;1,4427;2;
2013;5;MEDICINA VETERINÁRIA;1883;FACULDADE DE CIÊNCIAS AGRÁRIAS E DA SAÚDE;FAS;Privada com fins lucrativos;Faculdade;2919207;LAURO DE FREITAS;BA;NORDESTE;1;51104;44;43;49,5977;2,9995;50,5884;3,9272;3,6953;4;
2013;5;MEDICINA VETERINÁRIA;1917;FACULDADE DE CIÊNCIAS BIOMÉDICAS DE CACOAL;FACIMED;Privada com fins lucrativos;Faculdade;1100049;CACOAL;RO;NORTE;1;98350;24;22;42,0318;1,4298;40,2727;2,1246;1,9509;3;
2013;5;MEDICINA VETERINÁRIA;1927;FACULDADES INTEGRADAS DO VALE DO IGUAÇU;;Privada com fins lucrativos;Faculdade;4128203;UNIAO DA VITORIA;PR;SUL;1;88946;85;84;47,2667;2,5159;42,9429;2,5912;2,5724;3;
2013;5;MEDICINA VETERINÁRIA;2111;INSTITUTO SUPERIOR DE TEOLOGIA APLICADA;INTA;Privada sem fins lucrativos;Faculdade;2312908;SOBRAL;CE;NORDESTE;1;101248;15;12;46,5083;2,3586;40,2417;2,1192;2,1790;3;
2013;5;MEDICINA VETERINÁRIA;2564;UNIVERSIDADE FEDERAL DE CAMPINA GRANDE;UFCG;Pública Federal;Universidade;2510808;PATOS;PB;NORDESTE;1;13437;30;30;51,1600;3,3237;48,9067;3,6334;3,5559;4;
2013;5;MEDICINA VETERINÁRIA;3193;FACULDADES INTEGRADAS DOS CAMPOS GERAIS;CESCAGE;Privada com fins lucrativos;Faculdade;4119905;PONTA GROSSA;PR;SUL;1;88834;44;44;49,7682;3,0349;42,6386;2,5380;2,6623;3;
2013;5;MEDICINA VETERINÁRIA;3205;FACULDADE DE CIÊNCIAS BIOLÓGICAS E DA SAÚDE;FACISA;Privada com fins lucrativos;Faculdade;3171303;VICOSA;MG;SUDESTE;1;74089;79;77;46,6896;2,3962;45,1636;2,9793;2,8335;3;
2013;5;MEDICINA VETERINÁRIA;3610;FACULDADES INTEGRADAS PROMOVE DE BRASILIA;;Privada sem fins lucrativos;Faculdade;5300108;BRASILIA;DF;CENTRO-OESTE;1;5000789;6;5;46,3000;2,3154;38,9200;1,8882;1,9950;3;
2013;5;MEDICINA VETERINÁRIA;3840;CENTRO UNIVERSITÁRIO FACVEST;FACVEST;Privada com fins lucrativos;Centro Universitário;4209300;LAGES;SC;SUL;1;112972;20;19;49,2789;2,9334;42,4211;2,5000;2,6084;3;
2013;5;MEDICINA VETERINÁRIA;3849;FUNDAÇÃO UNIVERSIDADE FEDERAL DO TOCANTINS;UFT;Pública Federal;Universidade;1702109;ARAGUAINA;TO;NORTE;1;17147;43;41;47,1415;2,4899;44,3293;2,8335;2,7476;3;
2013;5;MEDICINA VETERINÁRIA;3974;UNIVERSIDADE DE RIO VERDE;FESURV;Pública Municipal;Universidade;5218805;RIO VERDE;GO;CENTRO-OESTE;1;91883;47;40;39,1800;0,8382;37,8200;1,6960;1,4816;2;
2013;5;MEDICINA VETERINÁRIA;3983;CENTRO UNIVERSITÁRIO DE FORMIGA;UNIFORMG;Privada sem fins lucrativos;Centro Universitário;3126109;FORMIGA;MG;SUDESTE;1;90359;15;12;46,9833;2,4571;38,5083;1,8163;1,9765;3;
2013;5;MEDICINA VETERINÁRIA;3984;FUNDAÇÃO UNIVERSIDADE FEDERAL DO VALE DO SÃO FRANCISCO;UNIVASF;Pública Federal;Universidade;2611101;PETROLINA;PE;NORDESTE;1;87958;46;38;47,6789;2,6014;46,2868;3,1756;3,0320;4;
2013;5;MEDICINA VETERINÁRIA;4503;UNIVERSIDADE FEDERAL DO RECÔNCAVO DA BAHIA;UFRB;Pública Federal;Universidade;2909802;CRUZ DAS ALMAS;BA;NORDESTE;1;114992;23;22;51,3591;3,3650;49,4455;3,7275;3,6369;4;
2013;5;MEDICINA VETERINÁRIA;4826;FACULDADE ANHANGÜERA DE CAMPINAS;;Privada com fins lucrativos;Faculdade;3509502;CAMPINAS;SP;SUDESTE;1;95137;62;50;46,0300;2,2593;38,8000;1,8673;1,9653;3;
2013;5;MEDICINA VETERINÁRIA;4846;FACULDADE VÉRTICE;VÉRTICE;Privada com fins lucrativos;Faculdade;3140902;MATIPO;MG;SUDESTE;1;120426;14;14;54,0143;3,9158;47,9357;3,4637;3,5767;4;
2013;5;MEDICINA VETERINÁRIA;5303;FACULDADE ANHANGÜERA DE DOURADOS;FAD;Privada com fins lucrativos;Faculdade;5003702;DOURADOS;MS;CENTRO-OESTE;1;65116;49;46;37,7522;0,5419;34,4630;1,1094;0,9675;2;
2013;5;MEDICINA VETERINÁRIA;5322;FUNDAÇÃO UNIVERSIDADE FEDERAL DO PAMPA - UNIPAMPA;UNIPAMPA;Pública Federal;Universidade;4322400;URUGUAIANA;RS;SUL;1;120215;19;19;49,6421;3,0087;53,3421;4,4084;4,0585;5;
2013;5;MEDICINA VETERINÁRIA;5439;FACULDADES INTEGRADAS DA UNIÃO EDUCACIONAL DO PLANALTO CENTRAL - FACIPLAC;FACIPLAC;Privada com fins lucrativos;Faculdade;5300108;BRASILIA;DF;CENTRO-OESTE;1;18188;58;46;41,6935;1,3596;37,1196;1,5736;1,5201;2;
2013;5;MEDICINA VETERINÁRIA;5550;FACULDADE ANHANGUERA DE ANÁPOLIS;FAAA;Privada com fins lucrativos;Faculdade;5201108;ANAPOLIS;GO;CENTRO-OESTE;1;69058;169;159;37,9264;0,5781;32,0862;0,6941;0,6651;1;
2013;5;MEDICINA VETERINÁRIA;5592;FACULDADES INTEGRADAS DO NORTE DE MINAS - FUNORTE;FUNORTE;Privada sem fins lucrativos;Faculdade;3143302;MONTES CLAROS;MG;SUDESTE;1;117278;30;28;46,2107;2,2968;38,8286;1,8723;1,9784;3;
2013;5;MEDICINA VETERINÁRIA;14248;Faculdade Presidente Antônio Carlos de Uberlândia;;Privada sem fins lucrativos;Faculdade;3170206;UBERLANDIA;MG;SUDESTE;1;79870;63;62;49,4742;2,9739;41,2048;2,2875;2,4591;3;
2013;5;MEDICINA VETERINÁRIA;15015;Universidade Estadual do Norte do Paraná;UENP;Pública Estadual;Universidade;4102406;BANDEIRANTES;PR;SUL;1;54396;69;68;47,5971;2,5845;47,8853;3,4549;3,2373;4;
2013;5;MEDICINA VETERINÁRIA;15452;Faculdade Presidente Antônio Carlos de Bom Despacho;;Privada sem fins lucrativos;Faculdade;3107406;BOM DESPACHO;MG;SUDESTE;1;84751;37;35;44,4886;1,9395;43,1486;2,6272;2,4553;3;
2013;6;ODONTOLOGIA;2;UNIVERSIDADE DE BRASÍLIA;UNB;Pública Federal;Universidade;5300108;BRASILIA;DF;CENTRO-OESTE;1;141;37;36;58,0667;4,0143;64,0583;4,7131;4,5384;5;
2013;6;ODONTOLOGIA;3;UNIVERSIDADE FEDERAL DE SERGIPE;UFS;Pública Federal;Universidade;2800308;ARACAJU;SE;NORDESTE;1;304;41;40;52,6875;3,0654;51,9525;3,1462;3,1260;4;
2013;6;ODONTOLOGIA;4;UNIVERSIDADE FEDERAL DO AMAZONAS;UFAM;Pública Federal;Universidade;1302603;MANAUS;AM;NORTE;1;391;32;32;57,4625;3,9077;52,9500;3,2754;3,4334;4;
2013;6;ODONTOLOGIA;5;UNIVERSIDADE FEDERAL DO PIAUÍ;UFPI;Pública Federal;Universidade;2211001;TERESINA;PI;NORDESTE;1;485;47;44;55,0568;3,4833;59,8250;4,1652;3,9947;5;
2013;6;ODONTOLOGIA;9;UNIVERSIDADE ESTADUAL DE LONDRINA;UEL;Pública Estadual;Universidade;4113700;LONDRINA;PR;SUL;1;760;55;55;54,8327;3,4438;51,6073;3,1016;3,1871;4;
2013;6;ODONTOLOGIA;10;PONTIFÍCIA UNIVERSIDADE CATÓLICA DO PARANÁ;PUCPR;Privada sem fins lucrativos;Universidade;4106902;CURITIBA;PR;SUL;1;869;93;88;46,1773;1,9170;44,3216;2,1586;2,0982;3;
2013;6;ODONTOLOGIA;16;UNIVERSIDADE GAMA FILHO - Descredenciada (Despacho SERES nº 2 de 13/01/2014);UGF;Privada com fins lucrativos;Universidade;3304557;RIO DE JANEIRO;RJ;SUDESTE;1;1373;40;40;49,0200;2,4184;41,0875;1,7400;1,9096;2;
2013;6;ODONTOLOGIA;17;UNIVERSIDADE FEDERAL DE UBERLÂNDIA;UFU;Pública Federal;Universidade;3170206;UBERLANDIA;MG;SUDESTE;1;1441;75;73;59,3233;4,2359;50,8822;3,0077;3,3148;4;
2013;6;ODONTOLOGIA;19;PONTIFÍCIA UNIVERSIDADE CATÓLICA DE CAMPINAS;PUC-CAMPINAS;Privada sem fins lucrativos;Universidade;3509502;CAMPINAS;SP;SUDESTE;1;1631;47;47;50,8468;2,7407;46,1660;2,3973;2,4831;3;
2013;6;ODONTOLOGIA;20;UNIVERSIDADE DE PASSO FUNDO;UPF;Privada sem fins lucrativos;Universidade;4314100;PASSO FUNDO;RS;SUL;1;1726;125;124;44,8855;1,6891;46,9427;2,4978;2,2957;3;
2013;6;ODONTOLOGIA;21;PONTIFÍCIA UNIVERSIDADE CATÓLICA DO RIO GRANDE DO SUL;PUCRS;Privada sem fins lucrativos;Universidade;4314902;PORTO ALEGRE;RS;SUL;1;1883;66;66;50,1197;2,6124;52,5697;3,2261;3,0727;4;
2013;6;ODONTOLOGIA;27;UNIVERSIDADE VALE DO RIO VERDE;UNINCOR;Privada sem fins lucrativos;Universidade;3106200;BELO HORIZONTE;MG;SUDESTE;1;63696;47;42;42,4571;1,2608;38,7524;1,4378;1,3935;2;
2013;6;ODONTOLOGIA;27;UNIVERSIDADE VALE DO RIO VERDE;UNINCOR;Privada sem fins lucrativos;Universidade;3169307;TRES CORACOES;MG;SUDESTE;1;2147;61;58;45,9793;1,8821;35,2724;0,9874;1,2110;2;
2013;6;ODONTOLOGIA;30;UNIVERSIDADE JOSÉ DO ROSÁRIO VELLANO;UNIFENAS;Privada sem fins lucrativos;Universidade;3101607;ALFENAS;MG;SUDESTE;1;2297;78;75;43,9760;1,5287;48,3427;2,6790;2,3914;3;
2013;6;ODONTOLOGIA;30;UNIVERSIDADE JOSÉ DO ROSÁRIO VELLANO;UNIFENAS;Privada sem fins lucrativos;Universidade;3170701;VARGINHA;MG;SUDESTE;1;20815;1;1;.;.;.;.;.;SC;
2013;6;ODONTOLOGIA;54;UNIVERSIDADE ESTADUAL DE CAMPINAS;UNICAMP;Pública Estadual;Universidade;3538709;PIRACICABA;SP;SUDESTE;1;2694;85;84;49,2262;2,4548;49,2345;2,7945;2,7096;3;
2013;6;ODONTOLOGIA;56;UNIVERSIDADE ESTADUAL PAULISTA JÚLIO DE MESQUITA FILHO;UNESP;Pública Estadual;Universidade;3502804;ARACATUBA;SP;SUDESTE;1;3161;96;96;54,9458;3,4638;56,8458;3,7796;3,7006;4;
2013;6;ODONTOLOGIA;56;UNIVERSIDADE ESTADUAL PAULISTA JÚLIO DE MESQUITA FILHO;UNESP;Pública Estadual;Universidade;3503208;ARARAQUARA;SP;SUDESTE;1;3127;73;73;54,3137;3,3522;53,3781;3,3308;3,3361;4;
2013;6;ODONTOLOGIA;56;UNIVERSIDADE ESTADUAL PAULISTA JÚLIO DE MESQUITA FILHO;UNESP;Pública Estadual;Universidade;3549904;SAO JOSE DOS CAMPOS;SP;SUDESTE;1;3173;71;71;56,0056;3,6507;56,3732;3,7184;3,7015;4;
2013;6;ODONTOLOGIA;57;UNIVERSIDADE ESTADUAL DE MARINGÁ;UEM;Pública Estadual;Universidade;4115200;MARINGA;PR;SUL;1;3417;36;36;52,2778;2,9931;53,1000;3,2948;3,2194;4;
2013;6;ODONTOLOGIA;71;UNIVERSIDADE DO ESTADO DO RIO GRANDE DO NORTE;UERN;Pública Estadual;Universidade;2402006;CAICO;RN;NORDESTE;1;100063;14;14;51,7286;2,8962;64,0857;4,7166;4,2615;5;
2013;6;ODONTOLOGIA;76;UNIVERSIDADE REGIONAL DE BLUMENAU;FURB;Pública Municipal;Universidade;4202404;BLUMENAU;SC;SUL;1;19454;35;33;46,2394;1,9279;43,2636;2,0217;1,9982;3;
2013;6;ODONTOLOGIA;81;UNIVERSIDADE DA REGIÃO DE JOINVILLE;UNIVILLE;Privada sem fins lucrativos;Universidade;4209102;JOINVILLE;SC;SUL;1;19121;22;22;49,5045;2,5039;55,2682;3,5754;3,3075;4;
2013;6;ODONTOLOGIA;82;UNIVERSIDADE DO OESTE DE SANTA CATARINA;UNOESC;Pública Municipal;Universidade;4209003;JOACABA;SC;SUL;1;21986;29;29;51,4414;2,8456;52,9897;3,2805;3,1718;4;
2013;6;ODONTOLOGIA;83;UNIVERSIDADE DO VALE DO ITAJAÍ;UNIVALI;Privada sem fins lucrativos;Universidade;4208203;ITAJAI;SC;SUL;1;3932;66;65;45,9600;1,8787;47,3123;2,5457;2,3789;3;
2013;6;ODONTOLOGIA;124;CENTRO UNIVERSITÁRIO DE ARARAQUARA;UNIARA;Privada sem fins lucrativos;Centro Universitário;3503208;ARARAQUARA;SP;SUDESTE;1;55362;35;33;40,0636;0,8385;38,3758;1,3890;1,2514;2;
2013;6;ODONTOLOGIA;137;UNIVERSIDADE DO SAGRADO CORAÇÃO;USC;Privada sem fins lucrativos;Universidade;3506003;BAURU;SP;SUDESTE;1;4415;67;65;50,0215;2,5951;48,0615;2,6426;2,6308;3;
2013;6;ODONTOLOGIA;140;UNIVERSIDADE SEVERINO SOMBRA;USS;Privada sem fins lucrativos;Universidade;3306206;VASSOURAS;RJ;SUDESTE;1;18294;31;29;50,9621;2,7610;43,0207;1,9902;2,1829;3;
2013;6;ODONTOLOGIA;142;CENTRO UNIVERSITÁRIO DO TRIÂNGULO;UNITRI;Privada sem fins lucrativos;Centro Universitário;3170206;UBERLANDIA;MG;SUDESTE;1;20011;68;59;48,9220;2,4012;43,4932;2,0514;2,1388;3;
2013;6;ODONTOLOGIA;143;UNIVERSIDADE DE UBERABA;UNIUBE;Privada sem fins lucrativos;Universidade;3170107;UBERABA;MG;SUDESTE;1;4585;136;134;45,8493;1,8591;45,0463;2,2524;2,1541;3;
2013;6;ODONTOLOGIA;163;UNIVERSIDADE ESTÁCIO DE SÁ;UNESA;Privada com fins lucrativos;Universidade;3304557;RIO DE JANEIRO;RJ;SUDESTE;1;73038;65;62;46,6855;2,0066;44,3419;2,1612;2,1226;3;
2013;6;ODONTOLOGIA;165;UNIVERSIDADE VEIGA DE ALMEIDA;UVA;Privada com fins lucrativos;Universidade;3304557;RIO DE JANEIRO;RJ;SUDESTE;1;18595;39;39;50,8436;2,7401;50,1333;2,9108;2,8681;3;
2013;6;ODONTOLOGIA;167;UNIVERSIDADE METODISTA DE SÃO PAULO;UMESP;Privada sem fins lucrativos;Universidade;3548708;SAO BERNARDO DO CAMPO;SP;SUDESTE;1;5117;64;62;49,7484;2,5469;39,4935;1,5337;1,7870;2;
2013;6;ODONTOLOGIA;208;UNIVERSIDADE DE RIBEIRÃO PRETO;UNAERP;Privada sem fins lucrativos;Universidade;3543402;RIBEIRAO PRETO;SP;SUDESTE;1;5623;61;59;48,3576;2,3016;37,5034;1,2761;1,5325;2;
2013;6;ODONTOLOGIA;221;UNIVERSIDADE CRUZEIRO DO SUL;UNICSUL;Privada com fins lucrativos;Universidade;3550308;SAO PAULO;SP;SUDESTE;2;18442 - 81113;75;70;44,8500;1,6829;40,9500;1,7222;1,7124;2;
2013;6;ODONTOLOGIA;266;UNIVERSIDADE METODISTA DE PIRACICABA;UNIMEP;Privada sem fins lucrativos;Universidade;3527108;LINS;SP;SUDESTE;2;6425 - 116014;37;34;46,0265;1,8904;38,6824;1,4287;1,5441;2;
2013;6;ODONTOLOGIA;271;UNIVERSIDADE DO OESTE PAULISTA;UNOESTE;Privada sem fins lucrativos;Universidade;3541406;PRESIDENTE PRUDENTE;SP;SUDESTE;1;6483;55;53;63,6547;5,0000;57,9925;3,9280;4,1960;5;
2013;6;ODONTOLOGIA;275;UNIVERSIDADE DO VALE DO PARAÍBA;UNIVAP;Privada sem fins lucrativos;Universidade;3549904;SAO JOSE DOS CAMPOS;SP;SUDESTE;1;6583;29;26;49,9769;2,5872;45,3192;2,2877;2,3626;3;
2013;6;ODONTOLOGIA;295;UNIVERSIDADE DE SANTA CRUZ DO SUL;UNISC;Privada sem fins lucrativos;Universidade;4316808;SANTA CRUZ DO SUL;RS;SUL;1;19004;43;43;50,8814;2,7468;50,6372;2,9760;2,9187;3;
2013;6;ODONTOLOGIA;298;UNIVERSIDADE NORTE DO PARANÁ;UNOPAR;Privada com fins lucrativos;Universidade;4113700;LONDRINA;PR;SUL;1;38787;44;43;47,7186;2,1889;36,1186;1,0969;1,3699;2;
2013;6;ODONTOLOGIA;316;UNIVERSIDADE NOVE DE JULHO;UNINOVE;Privada sem fins lucrativos;Universidade;3550308;SAO PAULO;SP;SUDESTE;1;82227;124;122;48,8410;2,3869;47,7975;2,6085;2,5531;3;
2013;6;ODONTOLOGIA;319;UNIVERSIDADE CAMILO CASTELO BRANCO;UNICASTELO;Privada sem fins lucrativos;Universidade;3515509;FERNANDOPOLIS;SP;SUDESTE;1;68042;40;40;50,8100;2,7342;43,7975;2,0908;2,2516;3;
2013;6;ODONTOLOGIA;319;UNIVERSIDADE CAMILO CASTELO BRANCO;UNICASTELO;Privada sem fins lucrativos;Universidade;3550308;SAO PAULO;SP;SUDESTE;1;7195;92;75;.;.;.;.;.;SC;Conforme Nota Técnica Daes/Inep nº 90/2014
2013;6;ODONTOLOGIA;322;UNIVERSIDADE PAULISTA;UNIP;Privada sem fins lucrativos;Universidade;1302603;MANAUS;AM;NORTE;1;65065;11;11;51,5636;2,8671;51,8091;3,1277;3,0626;4;
2013;6;ODONTOLOGIA;322;UNIVERSIDADE PAULISTA;UNIP;Privada sem fins lucrativos;Universidade;3509502;CAMPINAS;SP;SUDESTE;1;18766;12;12;62,3250;4,7654;56,7917;3,7726;4,0208;5;
2013;6;ODONTOLOGIA;322;UNIVERSIDADE PAULISTA;UNIP;Privada sem fins lucrativos;Universidade;3550308;SAO PAULO;SP;SUDESTE;1;7269;21;21;59,8381;4,3267;61,3952;4,3684;4,3580;5;
2013;6;ODONTOLOGIA;322;UNIVERSIDADE PAULISTA;UNIP;Privada sem fins lucrativos;Universidade;3552205;SOROCABA;SP;SUDESTE;1;18768;13;13;58,0077;4,0039;55,9923;3,6691;3,7528;4;
2013;6;ODONTOLOGIA;322;UNIVERSIDADE PAULISTA;UNIP;Privada sem fins lucrativos;Universidade;5208707;GOIANIA;GO;CENTRO-OESTE;1;65869;55;55;53,5473;3,2170;59,1673;4,0801;3,8643;4;
2013;6;ODONTOLOGIA;322;UNIVERSIDADE PAULISTA;UNIP;Privada sem fins lucrativos;Universidade;5300108;BRASILIA;DF;CENTRO-OESTE;1;60016;30;27;50,2444;2,6344;49,9667;2,8892;2,8255;3;
2013;6;ODONTOLOGIA;330;UNIVERSIDADE IGUAÇU;UNIG;Privada sem fins lucrativos;Universidade;3302205;ITAPERUNA;RJ;SUDESTE;1;39141;45;39;47,5641;2,1616;46,4359;2,4322;2,3646;3;
2013;6;ODONTOLOGIA;330;UNIVERSIDADE IGUAÇU;UNIG;Privada sem fins lucrativos;Universidade;3303500;NOVA IGUACU;RJ;SUDESTE;1;7415;30;25;46,0560;1,8956;45,7240;2,3401;2,2290;3;
2013;6;ODONTOLOGIA;338;PONTIFÍCIA UNIVERSIDADE CATÓLICA DE MINAS GERAIS;PUC MINAS;Privada sem fins lucrativos;Universidade;3106200;BELO HORIZONTE;MG;SUDESTE;1;7492;136;113;48,5053;2,3276;41,9734;1,8547;1,9729;3;
2013;6;ODONTOLOGIA;343;CENTRO UNIVERSITÁRIO NEWTON PAIVA;NEWTON PAIVA;Privada com fins lucrativos;Centro Universitário;3106200;BELO HORIZONTE;MG;SUDESTE;1;53314;62;59;47,2712;2,1099;42,3136;1,8987;1,9515;3;
2013;6;ODONTOLOGIA;352;CENTRO UNIVERSITÁRIO DE JOÃO PESSOA;UNIPÊ;Privada sem fins lucrativos;Centro Universitário;2507507;JOAO PESSOA;PB;NORDESTE;1;101820;76;74;43,4811;1,4414;36,4797;1,1436;1,2181;2;
2013;6;ODONTOLOGIA;355;UNIVERSIDADE TUIUTI DO PARANÁ;UTP;Privada com fins lucrativos;Universidade;4106902;CURITIBA;PR;SUL;1;7716;40;38;50,6421;2,7046;45,9737;2,3724;2,4555;3;
2013;6;ODONTOLOGIA;367;UNIVERSIDADE ESTADUAL DE MONTES CLAROS;UNIMONTES;Pública Estadual;Universidade;3143302;MONTES CLAROS;MG;SUDESTE;1;18404;64;61;53,4361;3,1974;51,4754;3,0845;3,1127;4;
2013;6;ODONTOLOGIA;374;CENTRO UNIVERSITÁRIO DAS FACULDADES METROPOLITANAS UNIDAS;FMU;Privada sem fins lucrativos;Centro Universitário;3550308;SAO PAULO;SP;SUDESTE;1;20110;130;124;42,9266;1,3436;39,0887;1,4813;1,4469;2;
2013;6;ODONTOLOGIA;375;UNIVERSIDADE DE SANTO AMARO;UNISA;Privada sem fins lucrativos;Universidade;3550308;SAO PAULO;SP;SUDESTE;1;88514;129;125;44,6504;1,6476;39,9064;1,5871;1,6023;2;
2013;6;ODONTOLOGIA;384;CENTRO UNIVERSITÁRIO DE ANÁPOLIS;UNIEVANGÉLICA;Privada sem fins lucrativos;Centro Universitário;5201108;ANAPOLIS;GO;CENTRO-OESTE;1;8100;153;151;47,1563;2,0897;40,7828;1,7006;1,7978;2;
2013;6;ODONTOLOGIA;398;UNIVERSIDADE TIRADENTES;UNIT;Privada com fins lucrativos;Universidade;2800308;ARACAJU;SE;NORDESTE;1;18681;58;55;46,2273;1,9258;42,0818;1,8687;1,8830;2;
2013;6;ODONTOLOGIA;403;UNIVERSIDADE CATÓLICA DE BRASÍLIA;UCB;Privada sem fins lucrativos;Universidade;5300108;BRASILIA;DF;CENTRO-OESTE;1;19899;74;70;47,6686;2,1800;50,1286;2,9102;2,7276;3;
2013;6;ODONTOLOGIA;409;UNIVERSIDADE DE PERNAMBUCO;UPE;Pública Estadual;Universidade;2611606;RECIFE;PE;NORDESTE;1;8414;83;77;53,4364;3,1975;54,5325;3,4802;3,4095;4;
2013;6;ODONTOLOGIA;417;UNIVERSIDADE CIDADE DE SÃO PAULO;UNICID;Privada com fins lucrativos;Universidade;3550308;SAO PAULO;SP;SUDESTE;1;8579;44;43;44,6047;1,6396;41,3442;1,7732;1,7398;2;
2013;6;ODONTOLOGIA;420;UNIVERSIDADE DE MARÍLIA;UNIMAR;Privada com fins lucrativos;Universidade;3529005;MARILIA;SP;SUDESTE;1;8666;46;46;47,7717;2,1982;39,3239;1,5117;1,6834;2;
2013;6;ODONTOLOGIA;426;CENTRO UNIVERSITÁRIO FRANCISCANO;UNIFRA;Privada sem fins lucrativos;Centro Universitário;4316907;SANTA MARIA;RS;SUL;1;80272;61;61;49,9754;2,5870;51,2295;3,0527;2,9362;3;
2013;6;ODONTOLOGIA;437;UNIVERSIDADE PARANAENSE;UNIPAR;Privada sem fins lucrativos;Universidade;4104808;CASCAVEL;PR;SUL;1;42668;56;55;40,7509;0,9598;43,2545;2,0205;1,7553;2;
2013;6;ODONTOLOGIA;437;UNIVERSIDADE PARANAENSE;UNIPAR;Privada sem fins lucrativos;Universidade;4128104;UMUARAMA;PR;SUL;1;9035;46;46;45,7239;1,8370;47,2870;2,5424;2,3660;3;
2013;6;ODONTOLOGIA;449;UNIVERSIDADE LUTERANA DO BRASIL;ULBRA;Privada sem fins lucrativos;Universidade;4303004;CACHOEIRA DO SUL;RS;SUL;1;19344;25;23;43,3652;1,4209;43,2783;2,0235;1,8729;2;
2013;6;ODONTOLOGIA;449;UNIVERSIDADE LUTERANA DO BRASIL;ULBRA;Privada sem fins lucrativos;Universidade;4304606;CANOAS;RS;SUL;1;9290;45;45;44,0667;1,5447;42,5911;1,9346;1,8371;2;
2013;6;ODONTOLOGIA;457;UNIVERSIDADE ANHANGUERA DE SÃO PAULO - UNIAN-SP;UNIAN - SP;Privada com fins lucrativos;Universidade;3550308;SAO PAULO;SP;SUDESTE;1;44934;58;57;39,7035;0,7750;27,6439;0,0000;0,1938;1;
2013;6;ODONTOLOGIA;458;UNIVERSIDADE IBIRAPUERA;UNIB;Privada sem fins lucrativos;Universidade;3550308;SAO PAULO;SP;SUDESTE;1;18455;73;66;38,9606;0,6440;30,3758;0,3536;0,4262;1;
2013;6;ODONTOLOGIA;472;UNIVERSIDADE DO GRANDE RIO PROFESSOR JOSÉ DE SOUZA HERDY;UNIGRANRIO;Privada sem fins lucrativos;Universidade;3301702;DUQUE DE CAXIAS;RJ;SUDESTE;1;9722;65;62;46,6548;2,0012;44,3952;2,1681;2,1264;3;
2013;6;ODONTOLOGIA;472;UNIVERSIDADE DO GRANDE RIO PROFESSOR JOSÉ DE SOUZA HERDY;UNIGRANRIO;Privada sem fins lucrativos;Universidade;3304557;RIO DE JANEIRO;RJ;SUDESTE;1;75823;41;37;45,1892;1,7427;41,7108;1,8207;1,8012;2;
2013;6;ODONTOLOGIA;480;CENTRO UNIVERSITÁRIO SERRA DOS ÓRGÃOS;UNIFESO;Privada sem fins lucrativos;Centro Universitário;3305802;TERESOPOLIS;RJ;SUDESTE;1;20732;33;33;42,7636;1,3148;38,1182;1,3557;1,3455;2;
2013;6;ODONTOLOGIA;481;UNIVERSIDADE GUARULHOS;UNG;Privada sem fins lucrativos;Universidade;3518800;GUARULHOS;SP;SUDESTE;1;9836;94;94;43,8160;1,5004;35,7255;1,0460;1,1596;2;
2013;6;ODONTOLOGIA;489;CENTRO UNIVERSITÁRIO DE VOLTA REDONDA;UNIFOA;Privada sem fins lucrativos;Centro Universitário;3306305;VOLTA REDONDA;RJ;SUDESTE;1;9984;52;52;51,6423;2,8810;50,0769;2,9035;2,8979;3;
2013;6;ODONTOLOGIA;490;CENTRO DE ENSINO SUPERIOR DE VALENÇA;CESVA;Privada sem fins lucrativos;Faculdade;3306107;VALENCA;RJ;SUDESTE;1;10004;33;29;54,0241;3,3012;49,6310;2,8458;2,9596;4;
2013;6;ODONTOLOGIA;494;UNIVERSIDADE DO SUL DE SANTA CATARINA;UNISUL;Privada sem fins lucrativos;Universidade;4218707;TUBARAO;SC;SUL;1;20250;68;65;45,4169;1,7829;45,7954;2,3493;2,2077;3;
2013;6;ODONTOLOGIA;496;UNIVERSIDADE DE FRANCA;UNIFRAN;Privada com fins lucrativos;Universidade;3516200;FRANCA;SP;SUDESTE;1;18443;42;42;47,9500;2,2297;47,2643;2,5395;2,4620;3;
2013;6;ODONTOLOGIA;513;UNIVERSIDADE VALE DO RIO DOCE;UNIVALE;Privada sem fins lucrativos;Universidade;3127701;GOVERNADOR VALADARES;MG;SUDESTE;1;10350;134;127;42,2701;1,2278;36,7433;1,1777;1,1902;2;
2013;6;ODONTOLOGIA;521;UNIVERSIDADE DE MOGI DAS CRUZES;UMC;Privada com fins lucrativos;Universidade;3530607;MOGI DAS CRUZES;SP;SUDESTE;1;10592;2;0;.;.;.;.;.;SC;
2013;6;ODONTOLOGIA;526;UNIVERSIDADE BRAZ CUBAS;UBC;Privada com fins lucrativos;Universidade;3530607;MOGI DAS CRUZES;SP;SUDESTE;1;10752;28;28;51,5000;2,8559;45,7357;2,3416;2,4702;3;
2013;6;ODONTOLOGIA;534;ESCOLA BAHIANA DE MEDICINA E SAÚDE PÚBLICA;EBMSP;Privada sem fins lucrativos;Faculdade;2927408;SALVADOR;BA;NORDESTE;1;18725;100;96;46,8948;2,0436;45,9396;2,3680;2,2869;3;
2013;6;ODONTOLOGIA;547;UNIVERSIDADE DO ESTADO DO RIO DE JANEIRO;UERJ;Pública Estadual;Universidade;3304557;RIO DE JANEIRO;RJ;SUDESTE;1;11317;32;30;50,0967;2,6084;44,3900;2,1674;2,2777;3;
2013;6;ODONTOLOGIA;548;UNIVERSIDADE FEDERAL DO MARANHÃO;UFMA;Pública Federal;Universidade;2111300;SAO LUIS;MA;NORDESTE;1;11438;66;64;53,1078;3,1395;52,8219;3,2588;3,2290;4;
2013;6;ODONTOLOGIA;550;UNIVERSIDADE ESTADUAL DA PARAÍBA;UEPB;Pública Estadual;Universidade;2504009;CAMPINA GRANDE;PB;NORDESTE;1;11595;52;49;53,6755;3,2397;51,8857;3,1376;3,1631;4;
2013;6;ODONTOLOGIA;555;UNIVERSIDADE DE FORTALEZA;UNIFOR;Privada sem fins lucrativos;Universidade;2304400;FORTALEZA;CE;NORDESTE;1;11731;110;108;43,4778;1,4408;48,5380;2,7043;2,3884;3;
2013;6;ODONTOLOGIA;569;UNIVERSIDADE FEDERAL DO PARÁ;UFPA;Pública Federal;Universidade;1501402;BELEM;PA;NORTE;1;12017;76;72;49,1778;2,4463;50,9097;3,0113;2,8700;3;
2013;6;ODONTOLOGIA;570;UNIVERSIDADE FEDERAL DO RIO GRANDE DO NORTE;UFRN;Pública Federal;Universidade;2408102;NATAL;RN;NORDESTE;1;12330;72;68;56,8750;3,8041;60,9353;4,3089;4,1827;5;
2013;6;ODONTOLOGIA;571;UNIVERSIDADE FEDERAL DO PARANÁ;UFPR;Pública Federal;Universidade;4106902;CURITIBA;PR;SUL;1;12584;36;36;55,1750;3,5042;50,4806;2,9557;3,0928;4;
2013;6;ODONTOLOGIA;572;UNIVERSIDADE FEDERAL FLUMINENSE;UFF;Pública Federal;Universidade;3303302;NITEROI;RJ;SUDESTE;1;12693;77;74;41,9216;1,1663;42,4405;1,9151;1,7279;2;
2013;6;ODONTOLOGIA;572;UNIVERSIDADE FEDERAL FLUMINENSE;UFF;Pública Federal;Universidade;3303401;NOVA FRIBURGO;RJ;SUDESTE;1;9709;115;112;48,1741;2,2692;37,6813;1,2991;1,5417;2;
2013;6;ODONTOLOGIA;573;UNIVERSIDADE FEDERAL DO ESPÍRITO SANTO;UFES;Pública Federal;Universidade;3205309;VITORIA;ES;SUDESTE;1;12814;73;71;59,7662;4,3141;56,8845;3,7846;3,9170;4;
2013;6;ODONTOLOGIA;575;UNIVERSIDADE FEDERAL DE MINAS GERAIS;UFMG;Pública Federal;Universidade;3106200;BELO HORIZONTE;MG;SUDESTE;1;12972;147;139;44,9137;1,6941;49,6273;2,8453;2,5575;3;
2013;6;ODONTOLOGIA;576;UNIVERSIDADE FEDERAL DE JUIZ DE FORA;UFJF;Pública Federal;Universidade;3136702;JUIZ DE FORA;MG;SUDESTE;1;13104;84;82;60,2378;4,3973;53,1720;3,3041;3,5774;4;
2013;6;ODONTOLOGIA;577;UNIVERSIDADE FEDERAL DE ALAGOAS;UFAL;Pública Federal;Universidade;2704302;MACEIO;AL;NORDESTE;1;13202;52;51;56,4863;3,7355;50,4588;2,9529;3,1486;4;
2013;6;ODONTOLOGIA;578;UNIVERSIDADE FEDERAL DA BAHIA;UFBA;Pública Federal;Universidade;2927408;SALVADOR;BA;NORDESTE;1;13289;58;54;54,9537;3,4651;59,8741;4,1715;3,9949;5;
2013;6;ODONTOLOGIA;579;UNIVERSIDADE FEDERAL DA PARAÍBA;UFPB;Pública Federal;Universidade;2507507;JOAO PESSOA;PB;NORDESTE;1;13426;36;32;60,3219;4,4121;59,8094;4,1632;4,2254;5;
2013;6;ODONTOLOGIA;580;UNIVERSIDADE FEDERAL DE PERNAMBUCO;UFPE;Pública Federal;Universidade;2611606;RECIFE;PE;NORDESTE;1;13611;90;88;44,8045;1,6748;45,6443;2,3298;2,1660;3;
2013;6;ODONTOLOGIA;581;UNIVERSIDADE FEDERAL DO RIO GRANDE DO SUL;UFRGS;Pública Federal;Universidade;4314902;PORTO ALEGRE;RS;SUL;1;13720;85;85;56,0353;3,6559;59,9282;4,1785;4,0479;5;
2013;6;ODONTOLOGIA;582;UNIVERSIDADE FEDERAL DE SANTA MARIA;UFSM;Pública Federal;Universidade;4316907;SANTA MARIA;RS;SUL;1;13867;66;63;56,1254;3,6718;59,9714;4,1841;4,0561;5;
2013;6;ODONTOLOGIA;583;UNIVERSIDADE FEDERAL DO CEARÁ;UFC;Pública Federal;Universidade;2304400;FORTALEZA;CE;NORDESTE;1;13997;72;70;57,8929;3,9836;58,4014;3,9809;3,9816;5;
2013;6;ODONTOLOGIA;583;UNIVERSIDADE FEDERAL DO CEARÁ;UFC;Pública Federal;Universidade;2312908;SOBRAL;CE;NORDESTE;1;99308;37;37;57,8459;3,9753;63,0162;4,5782;4,4275;5;
2013;6;ODONTOLOGIA;584;UNIVERSIDADE FEDERAL DE GOIÁS;UFG;Pública Federal;Universidade;5208707;GOIANIA;GO;CENTRO-OESTE;1;14096;58;58;57,2828;3,8760;54,5086;3,4771;3,5768;4;
2013;6;ODONTOLOGIA;585;UNIVERSIDADE FEDERAL DE SANTA CATARINA;UFSC;Pública Federal;Universidade;4205407;FLORIANOPOLIS;SC;SUL;1;14236;113;106;54,1057;3,3155;58,6019;4,0069;3,8340;4;
2013;6;ODONTOLOGIA;586;UNIVERSIDADE FEDERAL DO RIO DE JANEIRO;UFRJ;Pública Federal;Universidade;3304557;RIO DE JANEIRO;RJ;SUDESTE;1;14361;37;32;58,1219;4,0240;55,4375;3,5973;3,7040;4;
2013;6;ODONTOLOGIA;595;UNIVERSIDADE FEDERAL DE ALFENAS;UNIFAL-MG;Pública Federal;Universidade;3101607;ALFENAS;MG;SUDESTE;1;14607;50;49;50,0122;2,5935;51,2735;3,0584;2,9421;3;
2013;6;ODONTOLOGIA;596;UNIVERSIDADE FEDERAL DOS VALES DO JEQUITINHONHA E MUCURI;UFVJM;Pública Federal;Universidade;3121605;DIAMANTINA;MG;SUDESTE;1;14613;27;27;52,8593;3,0957;55,1519;3,5603;3,4442;4;
2013;6;ODONTOLOGIA;609;UNIVERSIDADE ESTADUAL DO OESTE DO PARANÁ;UNIOESTE;Pública Estadual;Universidade;4104808;CASCAVEL;PR;SUL;1;14726;41;40;52,1675;2,9737;54,6625;3,4970;3,3662;4;
2013;6;ODONTOLOGIA;621;CENTRO UNIVERSITÁRIO CESMAC;CESMAC;Privada sem fins lucrativos;Centro Universitário;2704302;MACEIO;AL;NORDESTE;1;54056;104;102;42,0343;1,1862;43,1206;2,0031;1,7989;2;
2013;6;ODONTOLOGIA;634;UNIVERSIDADE FEDERAL DE PELOTAS;UFPEL;Pública Federal;Universidade;4314407;PELOTAS;RS;SUL;1;14973;91;91;51,5879;2,8714;52,9824;3,2796;3,1775;4;
2013;6;ODONTOLOGIA;663;UNIVERSIDADE SALGADO DE OLIVEIRA;UNIVERSO;Privada sem fins lucrativos;Universidade;3303302;NITEROI;RJ;SUDESTE;1;19249;50;46;40,7283;0,9558;40,6283;1,6806;1,4994;2;
2013;6;ODONTOLOGIA;664;UNIVERSIDADE VILA VELHA;UVV;Privada sem fins lucrativos;Universidade;3205200;VILA VELHA;ES;SUDESTE;1;122809;19;19;48,3737;2,3044;47,3000;2,5441;2,4842;3;
2013;6;ODONTOLOGIA;665;UNIVERSIDADE DE TAUBATÉ;UNITAU;Pública Municipal;Universidade;3554102;TAUBATE;SP;SUDESTE;1;15345;42;42;44,9000;1,6917;37,6476;1,2948;1,3940;2;
2013;6;ODONTOLOGIA;666;UNIVERSIDADE ESTADUAL DE FEIRA DE SANTANA;UEFS;Pública Estadual;Universidade;2910800;FEIRA DE SANTANA;BA;NORDESTE;1;15408;51;50;57,7260;3,9542;54,4720;3,4723;3,5928;4;
2013;6;ODONTOLOGIA;669;UNIVERSIDADE NILTON LINS;UNINILTONLINS;Privada sem fins lucrativos;Universidade;1302603;MANAUS;AM;NORTE;1;20406;29;29;43,6276;1,4672;33,9172;0,8120;0,9758;2;
2013;6;ODONTOLOGIA;670;UNIVERSIDADE SÃO FRANCISCO;USF;Privada sem fins lucrativos;Universidade;3507605;BRAGANCA PAULISTA;SP;SUDESTE;1;15476;46;45;47,1156;2,0825;43,1911;2,0123;2,0298;3;
2013;6;ODONTOLOGIA;671;UNIVERSIDADE ANHANGUERA - UNIDERP;UNIDERP;Privada com fins lucrativos;Universidade;5002704;CAMPO GRANDE;MS;CENTRO-OESTE;1;18502;36;36;45,3806;1,7764;52,0917;3,1643;2,8173;3;
2013;6;ODONTOLOGIA;673;CENTRO UNIVERSITÁRIO DA GRANDE DOURADOS;UNIGRAN;Privada sem fins lucrativos;Centro Universitário;5003702;DOURADOS;MS;CENTRO-OESTE;1;87182;28;28;47,2286;2,1024;51,7036;3,1140;2,8611;3;
2013;6;ODONTOLOGIA;688;UNIVERSIDADE ESTADUAL DO SUDOESTE DA BAHIA;UESB;Pública Estadual;Universidade;2918001;JEQUIE;BA;NORDESTE;1;80010;16;16;53,2438;3,1635;66,2750;5,0000;4,5409;5;
2013;6;ODONTOLOGIA;694;UNIVERSIDADE FEDERAL DE MATO GROSSO DO SUL;UFMS;Pública Federal;Universidade;5002704;CAMPO GRANDE;MS;CENTRO-OESTE;1;15841;33;33;53,5182;3,2119;50,7424;2,9896;3,0452;4;
2013;6;ODONTOLOGIA;705;FACULDADE SÃO JOSÉ;FSJ;Privada sem fins lucrativos;Faculdade;3304557;RIO DE JANEIRO;RJ;SUDESTE;1;22109;45;43;43,8651;1,5091;41,2558;1,7618;1,6986;2;
2013;6;ODONTOLOGIA;718;UNIVERSIDADE POTIGUAR;UNP;Privada com fins lucrativos;Universidade;2408102;NATAL;RN;NORDESTE;1;18675;106;104;46,1077;1,9047;43,8808;2,1015;2,0523;3;
2013;6;ODONTOLOGIA;730;UNIVERSIDADE ESTADUAL DE PONTA GROSSA;UEPG;Pública Estadual;Universidade;4119905;PONTA GROSSA;PR;SUL;1;16390;57;56;53,7839;3,2588;55,2786;3,5767;3,4973;4;
2013;6;ODONTOLOGIA;743;ESCOLA SUPERIOR DE ENSINO HELENA ANTIPOFF;ESEHA;Privada sem fins lucrativos;Faculdade;3303302;NITEROI;RJ;SUDESTE;1;21476;23;20;35,3100;0,0000;33,0600;0,7010;0,5258;1;
2013;6;ODONTOLOGIA;750;CENTRO UNIVERSITÁRIO UNIRG;UNIRG;Pública Municipal;Centro Universitário;1709500;GURUPI;TO;NORTE;1;50884;19;18;42,4222;1,2546;30,0333;0,3093;0,5456;1;
2013;6;ODONTOLOGIA;756;UNIVERSIDADE ESTADUAL DO PIAUÍ;UESPI;Pública Estadual;Universidade;2207702;PARNAIBA;PI;NORDESTE;1;42963;16;15;59,9400;4,3447;49,9533;2,8875;3,2518;4;
2013;6;ODONTOLOGIA;780;UNIVERSIDADE DE CUIABÁ;UNIC / PITÁGORAS;Privada com fins lucrativos;Universidade;5103403;CUIABA;MT;CENTRO-OESTE;1;16827;77;74;50,2027;2,6271;43,9203;2,1066;2,2367;3;
2013;6;ODONTOLOGIA;792;CENTRO UNIVERSITÁRIO DO ESTADO DO PARÁ;CESUPA;Privada sem fins lucrativos;Centro Universitário;1501402;BELEM;PA;NORTE;1;18166;65;65;44,3246;1,5902;46,7015;2,4666;2,2475;3;
2013;6;ODONTOLOGIA;794;CENTRO UNIVERSITÁRIO DE VÁRZEA GRANDE;UNIVAG;Privada sem fins lucrativos;Centro Universitário;5108402;VARZEA GRANDE;MT;CENTRO-OESTE;1;20016;27;23;35,5391;0,0404;36,6739;1,1688;0,8867;1;
2013;6;ODONTOLOGIA;823;UNIVERSIDADE DO CEUMA - UNICEUMA;UNICEUMA;Privada sem fins lucrativos;Universidade;2111300;SAO LUIS;MA;NORDESTE;1;19584;1;1;.;.;.;.;.;SC;
2013;6;ODONTOLOGIA;952;UNIVERSIDADE SANTA CECÍLIA;UNISANTA;Privada sem fins lucrativos;Universidade;3548500;SANTOS;SP;SUDESTE;1;19205;45;44;49,6000;2,5208;41,2545;1,7616;1,9514;3;
2013;6;ODONTOLOGIA;953;UNIVERSIDADE METROPOLITANA DE SANTOS;UNIMES;Privada sem fins lucrativos;Universidade;3548500;SANTOS;SP;SUDESTE;1;17662;14;14;51,0857;2,7828;44,9071;2,2344;2,3715;3;
2013;6;ODONTOLOGIA;1042;UNIVERSIDADE POSITIVO;UP;Privada com fins lucrativos;Universidade;4106902;CURITIBA;PR;SUL;1;42154;108;105;52,2305;2,9848;48,9905;2,7629;2,8183;3;
2013;6;ODONTOLOGIA;1043;CENTRO UNIVERSITÁRIO HERMINIO OMETTO;UNIARARAS;Privada sem fins lucrativos;Centro Universitário;3503307;ARARAS;SP;SUDESTE;1;14858;76;47;50,1553;2,6187;44,3128;2,1574;2,2728;3;
2013;6;ODONTOLOGIA;1087;FACULDADES INTEGRADAS APARÍCIO CARVALHO;FIMCA;Privada sem fins lucrativos;Faculdade;1100205;PORTO VELHO;RO;NORTE;1;17955;30;25;45,3000;1,7622;33,7600;0,7916;1,0343;2;
2013;6;ODONTOLOGIA;1128;UNIVERSIDADE DE ITAÚNA;UI;Privada sem fins lucrativos;Universidade;3133808;ITAUNA;MG;SUDESTE;1;7399;98;95;49,4937;2,5020;40,5632;1,6721;1,8796;2;
2013;6;ODONTOLOGIA;1129;CENTRO UNIVERSITÁRIO DO NORTE PAULISTA;UNORP;Privada sem fins lucrativos;Centro Universitário;3549805;SAO JOSE DO RIO PRETO;SP;SUDESTE;1;99857;63;63;41,5302;1,0972;32,0524;0,5706;0,7023;1;
2013;6;ODONTOLOGIA;1139;FACULDADE DE ESTUDOS ADMINISTRATIVOS DE MINAS GERAIS - FEAD-MG;FEAD - MG;Privada com fins lucrativos;Faculdade;3106200;BELO HORIZONTE;MG;SUDESTE;1;87760;59;55;44,4327;1,6092;46,3618;2,4227;2,2193;3;
2013;6;ODONTOLOGIA;1157;ESCOLA SUPERIOR SÃO FRANCISCO DE ASSIS;ESFA;Privada sem fins lucrativos;Faculdade;3204609;SANTA TERESA;ES;SUDESTE;1;96096;17;17;49,2412;2,4575;42,0647;1,8665;2,0142;3;
2013;6;ODONTOLOGIA;1189;UNIVERSIDADE DO PLANALTO CATARINENSE;UNIPLAC;Privada sem fins lucrativos;Universidade;4209300;LAGES;SC;SUL;1;102619;53;53;44,1264;1,5552;43,1226;2,0034;1,8914;2;
2013;6;ODONTOLOGIA;1196;CENTRO UNIVERSITÁRIO DE MARINGÁ - UNICESUMAR;UNICESUMAR;Privada com fins lucrativos;Centro Universitário;4115200;MARINGA;PR;SUL;1;20365;53;52;49,0327;2,4207;51,0385;3,0279;2,8761;3;
2013;6;ODONTOLOGIA;1292;FACULDADES ADAMANTINENSES INTEGRADAS;FAI;Pública Municipal;Faculdade;3500105;ADAMANTINA;SP;SUDESTE;1;37944;42;40;47,1250;2,0842;43,8450;2,0969;2,0937;3;
2013;6;ODONTOLOGIA;1356;FACULDADES INTEGRADAS DE SANTA FÉ DO SUL;FUNEC;Pública Municipal;Faculdade;3546603;SANTA FE DO SUL;SP;SUDESTE;1;20686;49;49;51,1878;2,8008;46,5000;2,4405;2,5306;3;
2013;6;ODONTOLOGIA;1379;FACULDADES INTEGRADAS SÃO PEDRO;FAESA;Privada sem fins lucrativos;Faculdade;3205309;VITORIA;ES;SUDESTE;1;20481;54;52;42,9788;1,3528;41,4173;1,7827;1,6752;2;
2013;6;ODONTOLOGIA;1414;FACULDADE SÃO LUCAS;FSL;Privada com fins lucrativos;Faculdade;1100205;PORTO VELHO;RO;NORTE;1;57926;80;78;39,9051;0,8106;41,1295;1,7454;1,5117;2;
2013;6;ODONTOLOGIA;1422;CENTRO UNIVERSITÁRIO DO NORTE;UNINORTE;Privada com fins lucrativos;Centro Universitário;1302603;MANAUS;AM;NORTE;1;95047;120;105;44,6467;1,6470;41,0352;1,7332;1,7117;2;
2013;6;ODONTOLOGIA;1430;FACULDADE INGÁ;;Privada sem fins lucrativos;Faculdade;4115200;MARINGA;PR;SUL;1;20725;42;42;44,5143;1,6236;42,8214;1,9644;1,8792;2;
2013;6;ODONTOLOGIA;1461;FACULDADE DE TECNOLOGIA E CIÊNCIAS;FTC SALVADOR;Privada com fins lucrativos;Faculdade;2927408;SALVADOR;BA;NORDESTE;1;59202;37;34;53,4853;3,2061;49,4088;2,8170;2,9143;3;
2013;6;ODONTOLOGIA;1563;CENTRO UNIVERSITÁRIO DA FACULDADE DE SAÚDE, CIÊNCIAS HUMANAS E TECNOLÓGICAS DO PIAUÍ;NOVAFAPI;Privada com fins lucrativos;Centro Universitário;2211001;TERESINA;PI;NORDESTE;1;38313;87;86;40,4977;0,9151;39,9291;1,5901;1,4213;2;
2013;6;ODONTOLOGIA;1592;FACULDADE DE ODONTOLOGIA DE MANAUS;FOM;Privada sem fins lucrativos;Faculdade;1302603;MANAUS;AM;NORTE;1;45976;54;49;39,2143;0,6887;27,8531;0,0271;0,1925;1;
2013;6;ODONTOLOGIA;1600;INSTITUTO DE CIÊNCIAS DA SAÚDE;ICS;Privada sem fins lucrativos;Faculdade;3143302;MONTES CLAROS;MG;SUDESTE;1;54969;28;25;51,1840;2,8002;45,1960;2,2718;2,4039;3;
2013;6;ODONTOLOGIA;1638;FACULDADE DO AMAZONAS;IAES;Privada com fins lucrativos;Faculdade;1302603;MANAUS;AM;NORTE;1;46278;54;51;47,8373;2,2098;36,1961;1,1069;1,3826;2;
2013;6;ODONTOLOGIA;1717;FACULDADE DE IMPERATRIZ;FACIMP;Privada com fins lucrativos;Faculdade;2105302;IMPERATRIZ;MA;NORDESTE;1;47858;45;44;48,3205;2,2950;45,8386;2,3549;2,3400;3;
2013;6;ODONTOLOGIA;1734;FACULDADE INTEGRAL DIFERENCIAL;FACID;Privada com fins lucrativos;Faculdade;2211001;TERESINA;PI;NORDESTE;1;50979;59;57;40,6281;0,9381;42,8281;1,9653;1,7085;2;
2013;6;ODONTOLOGIA;1767;FACULDADE DE CIÊNCIAS SOCIAIS APLICADAS;;Privada com fins lucrativos;Faculdade;5107958;TANGARA DA SERRA;MT;CENTRO-OESTE;1;101749;19;19;45,8105;1,8523;71,1842;5,0000;4,2131;5;
2013;6;ODONTOLOGIA;1883;FACULDADE DE CIÊNCIAS AGRÁRIAS E DA SAÚDE;FAS;Privada com fins lucrativos;Faculdade;2919207;LAURO DE FREITAS;BA;NORDESTE;1;51701;83;80;50,7638;2,7260;52,2625;3,1864;3,0713;4;
2013;6;ODONTOLOGIA;1917;FACULDADE DE CIÊNCIAS BIOMÉDICAS DE CACOAL;FACIMED;Privada com fins lucrativos;Faculdade;1100049;CACOAL;RO;NORTE;1;100878;60;59;44,7542;1,6660;45,8576;2,3574;2,1845;3;
2013;6;ODONTOLOGIA;1986;FACULDADE ESTÁCIO DE SÁ DE JUIZ DE FORA;FESJF;Privada com fins lucrativos;Faculdade;3136702;JUIZ DE FORA;MG;SUDESTE;1;111202;30;28;50,2500;2,6354;49,6000;2,8418;2,7902;3;
2013;6;ODONTOLOGIA;2132;FACULDADE BARÃO DO RIO BRANCO;FAB;Privada com fins lucrativos;Faculdade;1200401;RIO BRANCO;AC;NORTE;1;99824;45;43;43,5884;1,4603;49,6209;2,8445;2,4984;3;
2013;6;ODONTOLOGIA;2135;FACULDADE CATÓLICA RAINHA DO SERTÃO;FCRS;Privada sem fins lucrativos;Faculdade;2311306;QUIXADA;CE;NORDESTE;1;90681;52;50;51,3940;2,8372;38,9220;1,4597;1,8041;2;
2013;6;ODONTOLOGIA;2368;FACULDADE DE ODONTOLOGIA SÃO LEOPOLDO MANDIC;SLMANDIC;Privada com fins lucrativos;Faculdade;3509502;CAMPINAS;SP;SUDESTE;1;67156;30;30;60,5567;4,4535;63,4767;4,6378;4,5917;5;
2013;6;ODONTOLOGIA;2383;FACULDADE MERIDIONAL;IMED;Privada com fins lucrativos;Faculdade;4314100;PASSO FUNDO;RS;SUL;1;122802;25;22;51,3818;2,8351;45,4864;2,3093;2,4408;3;
2013;6;ODONTOLOGIA;2409;FACULDADE ASCES;ASCES;Privada sem fins lucrativos;Faculdade;2604106;CARUARU;PE;NORDESTE;1;5277;49;49;46,0041;1,8864;48,3735;2,6830;2,4839;3;
2013;6;ODONTOLOGIA;2494;FACULDADE DE PINDAMONHANGABA;FAPI;Privada sem fins lucrativos;Faculdade;3538006;PINDAMONHANGABA;SP;SUDESTE;1;65240;31;29;50,9759;2,7635;45,7517;2,3437;2,4486;3;
2013;6;ODONTOLOGIA;2564;UNIVERSIDADE FEDERAL DE CAMPINA GRANDE;UFCG;Pública Federal;Universidade;2510808;PATOS;PB;NORDESTE;1;122676;19;19;57,8158;3,9700;49,5421;2,8343;3,1182;4;
2013;6;ODONTOLOGIA;2745;ESCOLA SUPERIOR DA AMAZÔNIA;ESAMAZ;Privada com fins lucrativos;Faculdade;1501402;BELEM;PA;NORTE;1;99228;34;0;.;.;.;.;.;SC;
2013;6;ODONTOLOGIA;2773;FACULDADE DE MACAPÁ;FAMA;Privada sem fins lucrativos;Faculdade;1600303;MACAPA;AP;NORTE;1;104538;73;65;47,8969;2,2203;41,8138;1,8340;1,9306;2;
2013;6;ODONTOLOGIA;2843;FACULDADE DE CIÊNCIAS MÉDICAS E DA SAÚDE DE JUIZ DE FORA;FCMS/JF;Privada com fins lucrativos;Faculdade;3136702;JUIZ DE FORA;MG;SUDESTE;1;95579;39;38;49,6316;2,5263;45,9368;2,3676;2,4073;3;
2013;6;ODONTOLOGIA;2915;FACULDADE CIDADE DE PATOS DE MINAS;FPM;Privada sem fins lucrativos;Faculdade;3148004;PATOS DE MINAS;MG;SUDESTE;1;90683;54;54;46,4778;1,9700;36,2259;1,1108;1,3256;2;
2013;6;ODONTOLOGIA;3146;FACULDADE DE ODONTOLOGIA DO RECIFE;FOR;Privada sem fins lucrativos;Faculdade;2611606;RECIFE;PE;NORDESTE;1;56394;32;30;47,4133;2,1350;37,6267;1,2921;1,5028;2;
2013;6;ODONTOLOGIA;3151;UNIVERSIDADE COMUNITÁRIA DA REGIÃO DE CHAPECÓ;UNOCHAPECÓ;Privada sem fins lucrativos;Universidade;4204202;CHAPECO;SC;SUL;1;119730;43;43;47,1070;2,0810;51,1698;3,0449;2,8040;3;
2013;6;ODONTOLOGIA;3172;UNIVERSIDADE DO ESTADO DO AMAZONAS;UEA;Pública Estadual;Universidade;1302603;MANAUS;AM;NORTE;1;60658;47;44;53,0091;3,1221;49,1182;2,7794;2,8651;3;
2013;6;ODONTOLOGIA;3193;FACULDADES INTEGRADAS DOS CAMPOS GERAIS;CESCAGE;Privada com fins lucrativos;Faculdade;4119905;PONTA GROSSA;PR;SUL;1;47918;33;32;46,4781;1,9701;40,4656;1,6595;1,7371;2;
2013;6;ODONTOLOGIA;3304;FACULDADES INTEGRADAS DE PATOS;FIP;Privada sem fins lucrativos;Faculdade;2510808;PATOS;PB;NORDESTE;1;109337;62;62;42,6097;1,2877;39,2823;1,5063;1,4517;2;
2013;6;ODONTOLOGIA;3372;CENTRO UNIVERSITÁRIO DE LAVRAS;UNILAVRAS;Privada sem fins lucrativos;Centro Universitário;3138203;LAVRAS;MG;SUDESTE;1;5283;37;37;50,8189;2,7358;45,2892;2,2838;2,3968;3;
2013;6;ODONTOLOGIA;3641;CENTRO UNIVERSITÁRIO DA FUNDAÇÃO EDUCACIONAL DE BARRETOS;UNIFEB;Privada sem fins lucrativos;Centro Universitário;3505500;BARRETOS;SP;SUDESTE;1;3527;60;58;50,9793;2,7641;44,8034;2,2210;2,3567;3;
2013;6;ODONTOLOGIA;4030;CENTRO UNIVERSITÁRIO FLUMINENSE;UNIFLU;Privada sem fins lucrativos;Centro Universitário;3301009;CAMPOS DO GOYTACAZES;RJ;SUDESTE;1;10268;61;58;42,4931;1,2671;38,1052;1,3540;1,3323;2;
2013;6;ODONTOLOGIA;4198;FACULDADE MINEIRENSE;FAMA;Privada com fins lucrativos;Faculdade;5213103;MINEIROS;GO;CENTRO-OESTE;1;103512;91;91;44,4242;1,6077;33,2099;0,7204;0,9422;1;
2013;6;ODONTOLOGIA;4849;FACULDADE DE CIÊNCIAS HUMANAS, ECONÔMICAS E DA SAÚDE DE ARAGUAÍNA;FAHESA / ITPAC;Privada com fins lucrativos;Faculdade;1702109;ARAGUAINA;TO;NORTE;1;95581;72;72;48,2903;2,2897;47,7986;2,6086;2,5289;3;
2013;6;ODONTOLOGIA;5439;FACULDADES INTEGRADAS DA UNIÃO EDUCACIONAL DO PLANALTO CENTRAL - FACIPLAC;FACIPLAC;Privada com fins lucrativos;Faculdade;5300108;BRASILIA;DF;CENTRO-OESTE;1;15648;72;71;45,3535;1,7717;43,9817;2,1146;2,0289;3;
2013;6;ODONTOLOGIA;5520;FACULDADE CATHEDRAL;FACES;Privada com fins lucrativos;Faculdade;1400100;BOA VISTA;RR;NORTE;1;96461;18;18;51,1389;2,7922;47,8778;2,6189;2,6622;3;
2013;6;ODONTOLOGIA;5544;FACULDADE PRESIDENTE ANTÔNIO CARLOS;FAPAC;Privada com fins lucrativos;Faculdade;1718204;PORTO NACIONAL;TO;NORTE;1;72763;107;99;38,5212;0,5665;34,4253;0,8777;0,7999;1;
2013;6;ODONTOLOGIA;11429;FACULDADE ESPECIALIZADA NA ÁREA DE SAÚDE DO RIO GRANDE DO SUL;FASURGS;Privada com fins lucrativos;Faculdade;4314100;PASSO FUNDO;RS;SUL;1;1024230;38;38;41,9421;1,1699;41,8868;1,8435;1,6751;2;
2013;12;MEDICINA;1;UNIVERSIDADE FEDERAL DE MATO GROSSO;UFMT;Pública Federal;Universidade;5103403;CUIABA;MT;CENTRO-OESTE;1;12;43;42;57,9024;2,8410;48,3214;3,0309;2,9834;4;
2013;12;MEDICINA;2;UNIVERSIDADE DE BRASÍLIA;UNB;Pública Federal;Universidade;5300108;BRASILIA;DF;CENTRO-OESTE;1;140;28;28;61,7179;3,4697;56,9750;4,4292;4,1893;5;
2013;12;MEDICINA;3;UNIVERSIDADE FEDERAL DE SERGIPE;UFS;Pública Federal;Universidade;2800308;ARACAJU;SE;NORDESTE;1;303;107;107;59,5813;3,1176;46,0804;2,6687;2,7809;3;
2013;12;MEDICINA;4;UNIVERSIDADE FEDERAL DO AMAZONAS;UFAM;Pública Federal;Universidade;1302603;MANAUS;AM;NORTE;1;389;46;41;61,3683;3,4121;45,7171;2,6100;2,8105;3;
2013;12;MEDICINA;5;UNIVERSIDADE FEDERAL DO PIAUÍ;UFPI;Pública Federal;Universidade;2211001;TERESINA;PI;NORDESTE;1;484;36;36;67,8611;4,4819;49,2889;3,1872;3,5109;4;
2013;12;MEDICINA;6;UNIVERSIDADE FEDERAL DE OURO PRETO;UFOP;Pública Federal;Universidade;3146107;OURO PRETO;MG;SUDESTE;1;103596;72;67;64,5657;3,9389;50,0373;3,3081;3,4658;4;
2013;12;MEDICINA;7;UNIVERSIDADE FEDERAL DE SÃO CARLOS;UFSCAR;Pública Federal;Universidade;3548906;SAO CARLOS;SP;SUDESTE;1;90091;38;38;60,4368;3,2586;56,5632;4,3627;4,0866;5;
2013;12;MEDICINA;9;UNIVERSIDADE ESTADUAL DE LONDRINA;UEL;Pública Estadual;Universidade;4113700;LONDRINA;PR;SUL;1;758;81;81;61,8025;3,4836;56,3605;4,3299;4,1183;5;
2013;12;MEDICINA;10;PONTIFÍCIA UNIVERSIDADE CATÓLICA DO PARANÁ;PUCPR;Privada sem fins lucrativos;Universidade;4106902;CURITIBA;PR;SUL;1;868;183;182;56,0077;2,5288;51,6082;3,5620;3,3037;4;
2013;12;MEDICINA;12;UNIVERSIDADE FEDERAL DO RIO GRANDE;FURG;Pública Federal;Universidade;4315602;RIO GRANDE;RS;SUL;1;1026;63;63;59,2143;3,0572;54,6143;4,0477;3,8001;4;
2013;12;MEDICINA;13;UNIVERSIDADE DE CAXIAS DO SUL;UCS;Privada sem fins lucrativos;Universidade;4305108;CAXIAS DO SUL;RS;SUL;2;1107 - 1168449;52;52;59,6404;3,1274;51,8327;3,5982;3,4805;4;
2013;12;MEDICINA;16;UNIVERSIDADE GAMA FILHO - Descredenciada (Despacho SERES nº 2 de 13/01/2014);UGF;Privada com fins lucrativos;Universidade;3304557;RIO DE JANEIRO;RJ;SUDESTE;1;1372;365;358;48,2718;1,2542;34,9327;0,8673;0,9640;2;
2013;12;MEDICINA;17;UNIVERSIDADE FEDERAL DE UBERLÂNDIA;UFU;Pública Federal;Universidade;3170206;UBERLANDIA;MG;SUDESTE;1;1439;40;40;65,4875;4,0908;58,8450;4,7314;4,5712;5;
2013;12;MEDICINA;18;UNIVERSIDADE CATÓLICA DE PELOTAS;UCPEL;Privada sem fins lucrativos;Universidade;4314407;PELOTAS;RS;SUL;1;1518;97;97;56,6732;2,6385;46,9691;2,8123;2,7689;3;
2013;12;MEDICINA;19;PONTIFÍCIA UNIVERSIDADE CATÓLICA DE CAMPINAS;PUC-CAMPINAS;Privada sem fins lucrativos;Universidade;3509502;CAMPINAS;SP;SUDESTE;1;1629;87;87;60,4138;3,2548;53,8425;3,9230;3,7560;4;
2013;12;MEDICINA;20;UNIVERSIDADE DE PASSO FUNDO;UPF;Privada sem fins lucrativos;Universidade;4314100;PASSO FUNDO;RS;SUL;1;1725;63;63;60,1143;3,2054;56,4190;4,3394;4,0559;5;
2013;12;MEDICINA;21;PONTIFÍCIA UNIVERSIDADE CATÓLICA DO RIO GRANDE DO SUL;PUCRS;Privada sem fins lucrativos;Universidade;4314902;PORTO ALEGRE;RS;SUL;1;1879;77;77;54,6091;2,2984;55,7156;4,2257;3,7439;4;
2013;12;MEDICINA;24;UNIVERSIDADE ESTADUAL DE SANTA CRUZ;UESC;Pública Estadual;Universidade;2913606;ILHEUS;BA;NORDESTE;1;49910;42;42;50,9810;1,7006;46,9500;2,8092;2,5321;3;
2013;12;MEDICINA;27;UNIVERSIDADE VALE DO RIO VERDE;UNINCOR;Privada sem fins lucrativos;Universidade;3106200;BELO HORIZONTE;MG;SUDESTE;1;67116;65;51;49,5667;1,4675;32,9431;0,5458;0,7763;1;
2013;12;MEDICINA;29;UNIVERSIDADE ESTADUAL DO CEARÁ;UECE;Pública Estadual;Universidade;2304400;FORTALEZA;CE;NORDESTE;1;66248;38;35;71,0057;5,0000;46,8400;2,7915;3,3436;4;
2013;12;MEDICINA;30;UNIVERSIDADE JOSÉ DO ROSÁRIO VELLANO;UNIFENAS;Privada sem fins lucrativos;Universidade;3101607;ALFENAS;MG;SUDESTE;1;2304;133;132;46,4462;0,9534;44,5311;2,4184;2,0521;3;
2013;12;MEDICINA;30;UNIVERSIDADE JOSÉ DO ROSÁRIO VELLANO;UNIFENAS;Privada sem fins lucrativos;Universidade;3106200;BELO HORIZONTE;MG;SUDESTE;1;64918;158;151;51,9132;1,8542;39,5205;1,6087;1,6701;2;
2013;12;MEDICINA;32;UNIVERSIDADE ESTADUAL DE CIÊNCIAS DA SAÚDE DE ALAGOAS - UNCISAL;UNCISAL;Pública Estadual;Universidade;2704302;MACEIO;AL;NORDESTE;1;2348;50;50;47,8680;1,1876;42,1880;2,0397;1,8267;2;
2013;12;MEDICINA;54;UNIVERSIDADE ESTADUAL DE CAMPINAS;UNICAMP;Pública Estadual;Universidade;3509502;CAMPINAS;SP;SUDESTE;1;2695;105;105;56,8562;2,6686;58,6895;4,7063;4,1968;5;
2013;12;MEDICINA;56;UNIVERSIDADE ESTADUAL PAULISTA JÚLIO DE MESQUITA FILHO;UNESP;Pública Estadual;Universidade;3507506;BOTUCATU;SP;SUDESTE;1;3148;95;95;63,6863;3,7940;54,6421;4,0522;3,9877;5;
2013;12;MEDICINA;57;UNIVERSIDADE ESTADUAL DE MARINGÁ;UEM;Pública Estadual;Universidade;4115200;MARINGA;PR;SUL;1;3418;37;37;65,4081;4,0777;58,6838;4,7053;4,5484;5;
2013;12;MEDICINA;71;UNIVERSIDADE DO ESTADO DO RIO GRANDE DO NORTE;UERN;Pública Estadual;Universidade;2408003;MOSSORO;RN;NORDESTE;1;72417;24;24;63,4583;3,7564;50,6833;3,4125;3,4985;4;
2013;12;MEDICINA;76;UNIVERSIDADE REGIONAL DE BLUMENAU;FURB;Pública Municipal;Universidade;4202404;BLUMENAU;SC;SUL;1;3677;61;61;60,5344;3,2747;47,8295;2,9514;3,0322;4;
2013;12;MEDICINA;81;UNIVERSIDADE DA REGIÃO DE JOINVILLE;UNIVILLE;Privada sem fins lucrativos;Universidade;4209102;JOINVILLE;SC;SUL;1;20058;37;36;57,1000;2,7088;49,1722;3,1683;3,0534;4;
2013;12;MEDICINA;82;UNIVERSIDADE DO OESTE DE SANTA CATARINA;UNOESC;Pública Municipal;Universidade;4209003;JOACABA;SC;SUL;1;69624;50;50;53,2680;2,0774;45,0560;2,5032;2,3967;3;
2013;12;MEDICINA;83;UNIVERSIDADE DO VALE DO ITAJAÍ;UNIVALI;Privada sem fins lucrativos;Universidade;4208203;ITAJAI;SC;SUL;1;19434;68;66;51,8606;1,8455;44,4485;2,4050;2,2651;3;
2013;12;MEDICINA;93;FACULDADE DE MEDICINA DE JUNDIAÍ;FMJ;Pública Municipal;Faculdade;3525904;JUNDIAI;SP;SUDESTE;1;4082;70;69;59,8261;3,1580;52,4942;3,7051;3,5683;4;
2013;12;MEDICINA;107;UNIVERSIDADE FEDERAL DE SÃO JOÃO DEL REI;UFSJ;Pública Federal;Universidade;3122306;DIVINOPOLIS;MG;SUDESTE;1;120983;39;38;59,4342;3,0934;47,1737;2,8454;2,9074;3;
2013;12;MEDICINA;124;CENTRO UNIVERSITÁRIO DE ARARAQUARA;UNIARA;Privada sem fins lucrativos;Centro Universitário;3503208;ARARAQUARA;SP;SUDESTE;1;87941;60;60;56,5017;2,6102;42,1300;2,0304;2,1753;3;
2013;12;MEDICINA;138;CENTRO UNIVERSITÁRIO BARÃO DE MAUÁ;CBM;Privada sem fins lucrativos;Centro Universitário;3543402;RIBEIRAO PRETO;SP;SUDESTE;1;19850;57;57;59,7175;3,1401;44,4509;2,4054;2,5891;3;
2013;12;MEDICINA;140;UNIVERSIDADE SEVERINO SOMBRA;USS;Privada sem fins lucrativos;Universidade;3306206;VASSOURAS;RJ;SUDESTE;1;4503;170;169;59,1982;3,0545;41,5030;1,9290;2,2104;3;
2013;12;MEDICINA;143;UNIVERSIDADE DE UBERABA;UNIUBE;Privada sem fins lucrativos;Universidade;3170107;UBERABA;MG;SUDESTE;1;20360;114;112;60,8107;3,3202;46,9768;2,8136;2,9402;3;
2013;12;MEDICINA;149;FACULDADE DE MEDICINA DE SÃO JOSÉ DO RIO PRETO;FAMERP;Pública Estadual;Faculdade;3549805;SAO JOSE DO RIO PRETO;SP;SUDESTE;1;4720;65;65;56,8446;2,6667;55,4046;4,1754;3,7983;4;
2013;12;MEDICINA;163;UNIVERSIDADE ESTÁCIO DE SÁ;UNESA;Privada com fins lucrativos;Universidade;3304557;RIO DE JANEIRO;RJ;SUDESTE;1;18594;147;146;54,7363;2,3193;42,2842;2,0553;2,1213;3;
2013;12;MEDICINA;190;ESCOLA DE MEDICINA SOUZA MARQUES DA FUNDAÇÃO TÉCNICO-EDUCACIONAL SOUZA MARQUES;EMSM;Privada sem fins lucrativos;Faculdade;3304557;RIO DE JANEIRO;RJ;SUDESTE;1;5345;195;194;52,9046;2,0175;44,5624;2,4234;2,3219;3;
2013;12;MEDICINA;208;UNIVERSIDADE DE RIBEIRÃO PRETO;UNAERP;Privada sem fins lucrativos;Universidade;3543402;RIBEIRAO PRETO;SP;SUDESTE;1;18447;128;128;57,8609;2,8342;46,6789;2,7654;2,7826;3;
2013;12;MEDICINA;224;FACULDADE DE MEDICINA DO ABC;FMABC;Privada sem fins lucrativos;Faculdade;3547809;SANTO ANDRE;SP;SUDESTE;1;5909;110;110;62,7718;3,6433;59,5973;4,8529;4,5505;5;
2013;12;MEDICINA;226;CENTRO UNIVERSITÁRIO LUSÍADA;UNILUS;Privada sem fins lucrativos;Centro Universitário;3548500;SANTOS;SP;SUDESTE;1;5920;92;92;56,2783;2,5734;50,7380;3,4214;3,2094;4;
2013;12;MEDICINA;271;UNIVERSIDADE DO OESTE PAULISTA;UNOESTE;Privada sem fins lucrativos;Universidade;3541406;PRESIDENTE PRUDENTE;SP;SUDESTE;1;6496;315;312;47,3830;1,1077;34,3949;0,7804;0,8623;1;
2013;12;MEDICINA;284;FACULDADE DE MEDICINA DE ITAJUBÁ;FMIT;Privada sem fins lucrativos;Faculdade;3132404;ITAJUBA;MG;SUDESTE;1;6711;78;78;57,1641;2,7193;42,7436;2,1295;2,2770;3;
2013;12;MEDICINA;295;UNIVERSIDADE DE SANTA CRUZ DO SUL;UNISC;Privada sem fins lucrativos;Universidade;4316808;SANTA CRUZ DO SUL;RS;SUL;1;91399;59;59;57,0322;2,6976;46,9983;2,8170;2,7872;3;
2013;12;MEDICINA;307;FACULDADE DE MEDICINA DE BARBACENA;FAME;Privada sem fins lucrativos;Faculdade;3105608;BARBACENA;MG;SUDESTE;1;7105;109;108;57,9519;2,8491;43,7963;2,2996;2,4370;3;
2013;12;MEDICINA;308;UNIVERSIDADE PRESIDENTE ANTÔNIO CARLOS;UNIPAC;Privada sem fins lucrativos;Universidade;3103504;ARAGUARI;MG;SUDESTE;1;84352;106;105;55,6000;2,4616;37,1400;1,2240;1,5334;2;
2013;12;MEDICINA;308;UNIVERSIDADE PRESIDENTE ANTÔNIO CARLOS;UNIPAC;Privada sem fins lucrativos;Universidade;3136702;JUIZ DE FORA;MG;SUDESTE;1;65924;114;113;51,6973;1,8186;33,3673;0,6144;0,9154;1;
2013;12;MEDICINA;316;UNIVERSIDADE NOVE DE JULHO;UNINOVE;Privada sem fins lucrativos;Universidade;3550308;SAO PAULO;SP;SUDESTE;1;82224;112;110;56,8845;2,6733;45,3682;2,5536;2,5835;3;
2013;12;MEDICINA;319;UNIVERSIDADE CAMILO CASTELO BRANCO;UNICASTELO;Privada sem fins lucrativos;Universidade;3515509;FERNANDOPOLIS;SP;SUDESTE;1;65114;77;75;48,4133;1,2775;35,4813;0,9560;1,0364;2;
2013;12;MEDICINA;330;UNIVERSIDADE IGUAÇU;UNIG;Privada sem fins lucrativos;Universidade;3302205;ITAPERUNA;RJ;SUDESTE;1;19294;184;182;52,2934;1,9168;37,2692;1,2449;1,4129;2;
2013;12;MEDICINA;330;UNIVERSIDADE IGUAÇU;UNIG;Privada sem fins lucrativos;Universidade;3303500;NOVA IGUACU;RJ;SUDESTE;1;7414;180;178;51,0354;1,7095;35,1180;0,8973;1,1003;2;
2013;12;MEDICINA;349;CENTRO UNIVERSITÁRIO DE BELO HORIZONTE;UNI-BH;Privada com fins lucrativos;Centro Universitário;3106200;BELO HORIZONTE;MG;SUDESTE;1;100688;28;28;61,9393;3,5061;48,8286;3,1128;3,2111;4;
2013;12;MEDICINA;351;FACULDADE DE CIÊNCIAS MÉDICAS DE MINAS GERAIS;FCMMG;Privada sem fins lucrativos;Faculdade;3106200;BELO HORIZONTE;MG;SUDESTE;1;7676;106;105;60,0343;3,1923;52,7267;3,7427;3,6051;4;
2013;12;MEDICINA;353;FACULDADE EVANGÉLICA DO PARANÁ;FEPAR;Privada sem fins lucrativos;Faculdade;4106902;CURITIBA;PR;SUL;1;7705;106;105;54,6762;2,3094;45,1781;2,5229;2,4695;3;
2013;12;MEDICINA;367;UNIVERSIDADE ESTADUAL DE MONTES CLAROS;UNIMONTES;Pública Estadual;Universidade;3143302;MONTES CLAROS;MG;SUDESTE;1;7837;172;164;63,9878;3,8437;44,5628;2,4235;2,7785;3;
2013;12;MEDICINA;375;UNIVERSIDADE DE SANTO AMARO;UNISA;Privada sem fins lucrativos;Universidade;3550308;SAO PAULO;SP;SUDESTE;1;74655;82;78;58,7949;2,9880;48,3064;3,0284;3,0183;4;
2013;12;MEDICINA;384;CENTRO UNIVERSITÁRIO DE ANÁPOLIS;UNIEVANGÉLICA;Privada sem fins lucrativos;Centro Universitário;5201108;ANAPOLIS;GO;CENTRO-OESTE;1;108884;42;42;60,7167;3,3047;51,0476;3,4714;3,4297;4;
2013;12;MEDICINA;403;UNIVERSIDADE CATÓLICA DE BRASÍLIA;UCB;Privada sem fins lucrativos;Universidade;5300108;BRASILIA;DF;CENTRO-OESTE;1;48854;88;88;62,6614;3,6251;46,1409;2,6785;2,9152;3;
2013;12;MEDICINA;409;UNIVERSIDADE DE PERNAMBUCO;UPE;Pública Estadual;Universidade;2611606;RECIFE;PE;NORDESTE;1;8437;223;221;56,8851;2,6734;45,0937;2,5093;2,5503;3;
2013;12;MEDICINA;415;FACULDADE DE CIÊNCIAS MÉDICAS DA SANTA CASA SÃO PAULO;FCMSCSP;Privada sem fins lucrativos;Faculdade;3550308;SAO PAULO;SP;SUDESTE;1;8554;104;104;59,3529;3,0800;58,4394;4,6658;4,2694;5;
2013;12;MEDICINA;417;UNIVERSIDADE CIDADE DE SÃO PAULO;UNICID;Privada com fins lucrativos;Universidade;3550308;SAO PAULO;SP;SUDESTE;1;57402;93;90;50,8944;1,6863;40,4567;1,7600;1,7415;2;
2013;12;MEDICINA;420;UNIVERSIDADE DE MARÍLIA;UNIMAR;Privada com fins lucrativos;Universidade;3529005;MARILIA;SP;SUDESTE;1;8698;103;103;53,8796;2,1782;35,3049;0,9275;1,2401;2;
2013;12;MEDICINA;431;FACULDADE DE MEDICINA DE MARÍLIA;FAMEMA;Pública Estadual;Faculdade;3529005;MARILIA;SP;SUDESTE;1;8960;78;78;61,5936;3,4492;53,3154;3,8378;3,7407;4;
2013;12;MEDICINA;449;UNIVERSIDADE LUTERANA DO BRASIL;ULBRA;Privada sem fins lucrativos;Universidade;4304606;CANOAS;RS;SUL;1;9326;168;166;56,3693;2,5884;42,2741;2,0536;2,1873;3;
2013;12;MEDICINA;466;UNIVERSIDADE ANHEMBI MORUMBI;UAM;Privada com fins lucrativos;Universidade;3550308;SAO PAULO;SP;SUDESTE;1;100956;89;88;51,1432;1,7273;42,8841;2,1522;2,0460;3;
2013;12;MEDICINA;472;UNIVERSIDADE DO GRANDE RIO PROFESSOR JOSÉ DE SOUZA HERDY;UNIGRANRIO;Privada sem fins lucrativos;Universidade;3301702;DUQUE DE CAXIAS;RJ;SUDESTE;1;18605;136;130;51,3762;1,7657;36,1108;1,0577;1,2347;2;
2013;12;MEDICINA;472;UNIVERSIDADE DO GRANDE RIO PROFESSOR JOSÉ DE SOUZA HERDY;UNIGRANRIO;Privada sem fins lucrativos;Universidade;3304557;RIO DE JANEIRO;RJ;SUDESTE;1;75821;103;102;56,3745;2,5892;40,6039;1,7838;1,9851;3;
2013;12;MEDICINA;475;FACULDADE DE MEDICINA DE PETRÓPOLIS;FMP;Privada sem fins lucrativos;Faculdade;3303906;PETROPOLIS;RJ;SUDESTE;1;9772;116;116;55,5948;2,4608;43,4741;2,2476;2,3009;3;
2013;12;MEDICINA;480;CENTRO UNIVERSITÁRIO SERRA DOS ÓRGÃOS;UNIFESO;Privada sem fins lucrativos;Centro Universitário;3305802;TERESOPOLIS;RJ;SUDESTE;1;9805;160;160;43,6269;0,4888;35,9944;1,0389;0,9014;1;
2013;12;MEDICINA;482;UNIVERSIDADE DO EXTREMO SUL CATARINENSE;UNESC;Privada sem fins lucrativos;Universidade;4204608;CRICIUMA;SC;SUL;1;38071;100;99;57,1596;2,7186;47,6566;2,9234;2,8722;3;
2013;12;MEDICINA;489;CENTRO UNIVERSITÁRIO DE VOLTA REDONDA;UNIFOA;Privada sem fins lucrativos;Centro Universitário;3306305;VOLTA REDONDA;RJ;SUDESTE;1;9988;116;116;63,1612;3,7075;50,0345;3,3077;3,4076;4;
2013;12;MEDICINA;490;CENTRO DE ENSINO SUPERIOR DE VALENÇA;CESVA;Privada sem fins lucrativos;Faculdade;3306107;VALENCA;RJ;SUDESTE;1;9996;71;70;57,9914;2,8557;39,5800;1,6183;1,9276;2;
2013;12;MEDICINA;494;UNIVERSIDADE DO SUL DE SANTA CATARINA;UNISUL;Privada sem fins lucrativos;Universidade;4211900;PALHOCA;SC;SUL;1;97679;77;75;61,4240;3,4212;49,0000;3,1405;3,2107;4;
2013;12;MEDICINA;494;UNIVERSIDADE DO SUL DE SANTA CATARINA;UNISUL;Privada sem fins lucrativos;Universidade;4218707;TUBARAO;SC;SUL;1;20249;83;83;61,0831;3,3651;47,3735;2,8777;2,9995;4;
2013;12;MEDICINA;501;ESCOLA SUPERIOR DE CIÊNCIAS DA SANTA CASA DE MISERICÓRDIA DE VITÓRIA;EMESCAM;Privada sem fins lucrativos;Faculdade;3205309;VITORIA;ES;SUDESTE;1;10224;127;126;57,9103;2,8423;51,0913;3,4784;3,3194;4;
2013;12;MEDICINA;506;FACULDADE DE MEDICINA DE CAMPOS;FMC;Privada sem fins lucrativos;Faculdade;3301009;CAMPOS DO GOYTACAZES;RJ;SUDESTE;1;10289;97;95;54,2179;2,2339;44,4884;2,4115;2,3671;3;
2013;12;MEDICINA;521;UNIVERSIDADE DE MOGI DAS CRUZES;UMC;Privada com fins lucrativos;Universidade;3530607;MOGI DAS CRUZES;SP;SUDESTE;1;10591;111;104;53,6750;2,1445;40,2269;1,7228;1,8282;2;
2013;12;MEDICINA;527;PONTIFÍCIA UNIVERSIDADE CATÓLICA DE GOIÁS;PUC GOIÁS;Privada sem fins lucrativos;Universidade;5208707;GOIANIA;GO;CENTRO-OESTE;1;84408;87;87;63,0345;3,6866;42,5310;2,0952;2,4930;3;
2013;12;MEDICINA;534;ESCOLA BAHIANA DE MEDICINA E SAÚDE PÚBLICA;EBMSP;Privada sem fins lucrativos;Faculdade;2927408;SALVADOR;BA;NORDESTE;1;11114;206;204;59,3402;3,0779;48,2485;3,0191;3,0338;4;
2013;12;MEDICINA;546;PONTIFÍCIA UNIVERSIDADE CATÓLICA DE SÃO PAULO;PUCSP;Privada sem fins lucrativos;Universidade;3552205;SOROCABA;SP;SUDESTE;1;11233;98;96;56,9740;2,6880;48,1969;3,0107;2,9300;3;
2013;12;MEDICINA;547;UNIVERSIDADE DO ESTADO DO RIO DE JANEIRO;UERJ;Pública Estadual;Universidade;3304557;RIO DE JANEIRO;RJ;SUDESTE;1;11316;94;94;55,8723;2,5065;54,5457;4,0367;3,6541;4;
2013;12;MEDICINA;548;UNIVERSIDADE FEDERAL DO MARANHÃO;UFMA;Pública Federal;Universidade;2111300;SAO LUIS;MA;NORDESTE;1;11446;38;38;57,8368;2,8302;45,2500;2,5345;2,6084;3;
2013;12;MEDICINA;549;UNIVERSIDADE FEDERAL DO ACRE;UFAC;Pública Federal;Universidade;1200401;RIO BRANCO;AC;NORTE;1;53338;38;35;58,6886;2,9705;46,4829;2,7338;2,7929;3;
2013;12;MEDICINA;555;UNIVERSIDADE DE FORTALEZA;UNIFOR;Privada sem fins lucrativos;Universidade;2304400;FORTALEZA;CE;NORDESTE;1;93001;108;105;56,1876;2,5585;49,8629;3,2799;3,0996;4;
2013;12;MEDICINA;568;UNIVERSIDADE ESTADUAL DO MARANHÃO;UEMA;Pública Estadual;Universidade;2103000;CAXIAS;MA;NORDESTE;1;71689;14;14;60,5429;3,2761;50,6286;3,4037;3,3718;4;
2013;12;MEDICINA;569;UNIVERSIDADE FEDERAL DO PARÁ;UFPA;Pública Federal;Universidade;1501402;BELEM;PA;NORTE;1;12015;395;146;56,1377;2,5502;41,4431;1,9194;2,0771;3;
2013;12;MEDICINA;570;UNIVERSIDADE FEDERAL DO RIO GRANDE DO NORTE;UFRN;Pública Federal;Universidade;2408102;NATAL;RN;NORDESTE;1;12345;95;91;64,5692;3,9395;59,5714;4,8488;4,6214;5;
2013;12;MEDICINA;571;UNIVERSIDADE FEDERAL DO PARANÁ;UFPR;Pública Federal;Universidade;4106902;CURITIBA;PR;SUL;1;12569;169;164;56,2591;2,5702;54,1799;3,9775;3,6257;4;
2013;12;MEDICINA;572;UNIVERSIDADE FEDERAL FLUMINENSE;UFF;Pública Federal;Universidade;3303302;NITEROI;RJ;SUDESTE;1;12692;110;103;52,7369;1,9899;48,8495;3,1162;2,8346;3;
2013;12;MEDICINA;573;UNIVERSIDADE FEDERAL DO ESPÍRITO SANTO;UFES;Pública Federal;Universidade;3205309;VITORIA;ES;SUDESTE;1;12813;42;41;65,2512;4,0518;60,5073;5,0000;4,7630;5;
2013;12;MEDICINA;575;UNIVERSIDADE FEDERAL DE MINAS GERAIS;UFMG;Pública Federal;Universidade;3106200;BELO HORIZONTE;MG;SUDESTE;1;12970;302;294;65,5214;4,0964;52,2663;3,6683;3,7753;4;
2013;12;MEDICINA;576;UNIVERSIDADE FEDERAL DE JUIZ DE FORA;UFJF;Pública Federal;Universidade;3136702;JUIZ DE FORA;MG;SUDESTE;1;13103;120;118;65,2508;4,0518;52,1025;3,6419;3,7443;4;
2013;12;MEDICINA;577;UNIVERSIDADE FEDERAL DE ALAGOAS;UFAL;Pública Federal;Universidade;2704302;MACEIO;AL;NORDESTE;1;13200;83;82;60,1085;3,2045;50,2305;3,3393;3,3056;4;
2013;12;MEDICINA;578;UNIVERSIDADE FEDERAL DA BAHIA;UFBA;Pública Federal;Universidade;2927408;SALVADOR;BA;NORDESTE;1;13286;157;141;58,4553;2,9321;47,5298;2,9029;2,9102;3;
2013;12;MEDICINA;579;UNIVERSIDADE FEDERAL DA PARAÍBA;UFPB;Pública Federal;Universidade;2507507;JOAO PESSOA;PB;NORDESTE;1;13424;46;46;65,8957;4,1580;52,8522;3,7630;3,8617;4;
2013;12;MEDICINA;580;UNIVERSIDADE FEDERAL DE PERNAMBUCO;UFPE;Pública Federal;Universidade;2611606;RECIFE;PE;NORDESTE;1;13601;208;205;56,9068;2,6770;49,3927;3,2040;3,0722;4;
2013;12;MEDICINA;581;UNIVERSIDADE FEDERAL DO RIO GRANDE DO SUL;UFRGS;Pública Federal;Universidade;4314902;PORTO ALEGRE;RS;SUL;1;13723;124;122;13,4959;0,0000;15,7779;0,0000;0,0000;1;
2013;12;MEDICINA;582;UNIVERSIDADE FEDERAL DE SANTA MARIA;UFSM;Pública Federal;Universidade;4316907;SANTA MARIA;RS;SUL;1;13866;51;50;55,7080;2,4794;50,6000;3,3991;3,1691;4;
2013;12;MEDICINA;583;UNIVERSIDADE FEDERAL DO CEARÁ;UFC;Pública Federal;Universidade;2304400;FORTALEZA;CE;NORDESTE;1;13996;146;146;57,9500;2,8488;52,3116;3,6756;3,4689;4;
2013;12;MEDICINA;583;UNIVERSIDADE FEDERAL DO CEARÁ;UFC;Pública Federal;Universidade;2312908;SOBRAL;CE;NORDESTE;1;54490;40;40;55,8225;2,4983;49,8150;3,2722;3,0787;4;
2013;12;MEDICINA;584;UNIVERSIDADE FEDERAL DE GOIÁS;UFG;Pública Federal;Universidade;5208707;GOIANIA;GO;CENTRO-OESTE;1;14093;112;109;64,1413;3,8690;58,5917;4,6905;4,4851;5;
2013;12;MEDICINA;585;UNIVERSIDADE FEDERAL DE SANTA CATARINA;UFSC;Pública Federal;Universidade;4205407;FLORIANOPOLIS;SC;SUL;1;14234;94;91;57,0297;2,6972;46,5176;2,7394;2,7288;3;
2013;12;MEDICINA;586;UNIVERSIDADE FEDERAL DO RIO DE JANEIRO;UFRJ;Pública Federal;Universidade;3304557;RIO DE JANEIRO;RJ;SUDESTE;1;14359;196;189;51,5270;1,7905;51,4280;3,5329;3,0973;4;
2013;12;MEDICINA;591;UNIVERSIDADE FEDERAL DE SÃO PAULO;UNIFESP;Pública Federal;Universidade;3550308;SAO PAULO;SP;SUDESTE;1;14563;125;119;57,9613;2,8507;59,3042;4,8056;4,3169;5;
2013;12;MEDICINA;597;UNIVERSIDADE FEDERAL DO TRIÂNGULO MINEIRO;UFTM;Pública Federal;Universidade;3170107;UBERABA;MG;SUDESTE;1;14615;78;78;66,6308;4,2791;54,9167;4,0966;4,1422;5;
2013;12;MEDICINA;609;UNIVERSIDADE ESTADUAL DO OESTE DO PARANÁ;UNIOESTE;Pública Estadual;Universidade;4104808;CASCAVEL;PR;SUL;1;14725;39;39;64,0282;3,8503;56,0949;4,2870;4,1778;5;
2013;12;MEDICINA;634;UNIVERSIDADE FEDERAL DE PELOTAS;UFPEL;Pública Federal;Universidade;4314407;PELOTAS;RS;SUL;1;14975;86;86;57,0977;2,7084;43,0186;2,1740;2,3076;3;
2013;12;MEDICINA;664;UNIVERSIDADE VILA VELHA;UVV;Privada sem fins lucrativos;Universidade;3205200;VILA VELHA;ES;SUDESTE;1;98406;68;67;53,6164;2,1348;44,1269;2,3530;2,2985;3;
2013;12;MEDICINA;665;UNIVERSIDADE DE TAUBATÉ;UNITAU;Pública Municipal;Universidade;3554102;TAUBATE;SP;SUDESTE;1;15343;75;75;61,1307;3,3729;46,4067;2,7214;2,8843;3;
2013;12;MEDICINA;669;UNIVERSIDADE NILTON LINS;UNINILTONLINS;Privada sem fins lucrativos;Universidade;1302603;MANAUS;AM;NORTE;1;49060;53;49;46,0735;0,8920;29,5653;0,0000;0,2230;1;
2013;12;MEDICINA;670;UNIVERSIDADE SÃO FRANCISCO;USF;Privada sem fins lucrativos;Universidade;3507605;BRAGANCA PAULISTA;SP;SUDESTE;1;15475;73;73;61,1452;3,3753;45,7370;2,6132;2,8037;3;
2013;12;MEDICINA;671;UNIVERSIDADE ANHANGUERA - UNIDERP;UNIDERP;Privada com fins lucrativos;Universidade;5002704;CAMPO GRANDE;MS;CENTRO-OESTE;1;39415;88;87;59,2506;3,0631;47,5598;2,9078;2,9466;4;
2013;12;MEDICINA;688;UNIVERSIDADE ESTADUAL DO SUDOESTE DA BAHIA;UESB;Pública Estadual;Universidade;2933307;VITORIA DA CONQUISTA;BA;NORDESTE;1;80037;27;25;61,2360;3,3903;55,9160;4,2581;4,0411;5;
2013;12;MEDICINA;693;UNIVERSIDADE FEDERAL DO ESTADO DO RIO DE JANEIRO;UNIRIO;Pública Federal;Universidade;3304557;RIO DE JANEIRO;RJ;SUDESTE;1;15783;142;138;56,0254;2,5317;47,4377;2,8880;2,7990;3;
2013;12;MEDICINA;694;UNIVERSIDADE FEDERAL DE MATO GROSSO DO SUL;UFMS;Pública Federal;Universidade;5002704;CAMPO GRANDE;MS;CENTRO-OESTE;1;15839;59;59;63,5119;3,7653;54,9373;4,0999;4,0163;5;
2013;12;MEDICINA;699;FUNDAÇÃO UNIVERSIDADE FEDERAL DE RONDÔNIA;UNIR;Pública Federal;Universidade;1100205;PORTO VELHO;RO;NORTE;1;51699;33;33;67,0848;4,3540;46,0636;2,6660;3,0880;4;
2013;12;MEDICINA;717;FUNDAÇÃO UNIVERSIDADE FEDERAL DE CIÊNCIAS DA SAÚDE DE PORTO ALEGRE;UFCSPA;Pública Federal;Universidade;4314902;PORTO ALEGRE;RS;SUL;1;16236;78;77;60,2831;3,2333;54,3753;4,0091;3,8152;4;
2013;12;MEDICINA;718;UNIVERSIDADE POTIGUAR;UNP;Privada com fins lucrativos;Universidade;2408102;NATAL;RN;NORDESTE;1;91219;134;132;51,5598;1,7959;41,1955;1,8793;1,8585;2;
2013;12;MEDICINA;737;CENTRO UNIVERSITÁRIO SÃO CAMILO;SAO CAMILO;Privada sem fins lucrativos;Centro Universitário;3550308;SAO PAULO;SP;SUDESTE;1;100958;100;99;50,9909;1,7022;42,5192;2,0933;1,9955;3;
2013;12;MEDICINA;750;CENTRO UNIVERSITÁRIO UNIRG;UNIRG;Pública Municipal;Centro Universitário;1709500;GURUPI;TO;NORTE;1;57852;128;125;54,3752;2,2598;37,6264;1,3026;1,5419;2;
2013;12;MEDICINA;756;UNIVERSIDADE ESTADUAL DO PIAUÍ;UESPI;Pública Estadual;Universidade;2211001;TERESINA;PI;NORDESTE;1;19086;35;34;66,2706;4,2198;50,9912;3,4623;3,6516;4;
2013;12;MEDICINA;780;UNIVERSIDADE DE CUIABÁ;UNIC / PITÁGORAS;Privada com fins lucrativos;Universidade;5103403;CUIABA;MT;CENTRO-OESTE;1;18472;114;113;54,7956;2,3291;37,3708;1,2613;1,5283;2;
2013;12;MEDICINA;789;UNIVERSIDADE FEDERAL DE RORAIMA;UFRR;Pública Federal;Universidade;1400100;BOA VISTA;RR;NORTE;1;16904;24;24;56,1042;2,5447;46,2500;2,6961;2,6583;3;
2013;12;MEDICINA;792;CENTRO UNIVERSITÁRIO DO ESTADO DO PARÁ;CESUPA;Privada sem fins lucrativos;Centro Universitário;1501402;BELEM;PA;NORTE;1;98506;105;103;48,0592;1,2192;39,0796;1,5374;1,4579;2;
2013;12;MEDICINA;823;UNIVERSIDADE DO CEUMA - UNICEUMA;UNICEUMA;Privada sem fins lucrativos;Universidade;2111300;SAO LUIS;MA;NORDESTE;1;59174;80;79;49,6316;1,4782;32,7190;0,5096;0,7518;1;
2013;12;MEDICINA;953;UNIVERSIDADE METROPOLITANA DE SANTOS;UNIMES;Privada sem fins lucrativos;Universidade;3548500;SANTOS;SP;SUDESTE;1;19206;98;98;50,5133;1,6235;34,3143;0,7674;0,9814;2;
2013;12;MEDICINA;1042;UNIVERSIDADE POSITIVO;UP;Privada com fins lucrativos;Universidade;4106902;CURITIBA;PR;SUL;1;59414;50;49;63,1571;3,7068;57,1531;4,4580;4,2702;5;
2013;12;MEDICINA;1087;FACULDADES INTEGRADAS APARÍCIO CARVALHO;FIMCA;Privada sem fins lucrativos;Faculdade;1100205;PORTO VELHO;RO;NORTE;1;72675;95;93;52,3548;1,9269;33,8269;0,6886;0,9982;2;
2013;12;MEDICINA;1128;UNIVERSIDADE DE ITAÚNA;UI;Privada sem fins lucrativos;Universidade;3133808;ITAUNA;MG;SUDESTE;1;107766;91;91;56,0582;2,5371;40,2209;1,7219;1,9257;2;
2013;12;MEDICINA;1189;UNIVERSIDADE DO PLANALTO CATARINENSE;UNIPLAC;Privada sem fins lucrativos;Universidade;4209300;LAGES;SC;SUL;1;69464;35;35;57,7371;2,8138;45,7343;2,6128;2,6630;3;
2013;12;MEDICINA;1244;FACULDADE BRASILEIRA;MULTIVIX VITÓRIA;Privada com fins lucrativos;Faculdade;3205309;VITORIA;ES;SUDESTE;1;86356;71;69;58,5406;2,9461;49,7696;3,2649;3,1852;4;
2013;12;MEDICINA;1336;FACULDADE ASSIS GURGACZ;FAG;Privada sem fins lucrativos;Faculdade;4104808;CASCAVEL;PR;SUL;1;108882;36;36;61,5972;3,4498;46,1139;2,6741;2,8680;3;
2013;12;MEDICINA;1414;FACULDADE SÃO LUCAS;FSL;Privada com fins lucrativos;Faculdade;1100205;PORTO VELHO;RO;NORTE;1;85652;91;90;52,2533;1,9102;38,2067;1,3964;1,5248;2;
2013;12;MEDICINA;1461;FACULDADE DE TECNOLOGIA E CIÊNCIAS;FTC SALVADOR;Privada com fins lucrativos;Faculdade;2927408;SALVADOR;BA;NORDESTE;1;78256;116;110;54,9864;2,3605;37,9609;1,3567;1,6076;2;
2013;12;MEDICINA;1547;FACULDADE DE MEDICINA ESTÁCIO DE JUAZEIRO DO NORTE;ESTÁCIO FMJ;Privada com fins lucrativos;Faculdade;2307304;JUAZEIRO DO NORTE;CE;NORDESTE;1;37304;96;94;57,0128;2,6944;40,9394;1,8380;2,0521;3;
2013;12;MEDICINA;1559;CENTRO UNIVERSITÁRIO DO ESPÍRITO SANTO;UNESC;Privada sem fins lucrativos;Centro Universitário;3201506;COLATINA;ES;SUDESTE;1;72663;101;100;44,1210;0,5703;34,4430;0,7882;0,7337;1;
2013;12;MEDICINA;1563;CENTRO UNIVERSITÁRIO DA FACULDADE DE SAÚDE, CIÊNCIAS HUMANAS E TECNOLÓGICAS DO PIAUÍ;NOVAFAPI;Privada com fins lucrativos;Centro Universitário;2211001;TERESINA;PI;NORDESTE;1;72669;110;103;59,3971;3,0873;39,6796;1,6344;1,9976;3;
2013;12;MEDICINA;1586;UNIVERSIDADE DO VALE DO SAPUCAÍ;UNIVÁS;Privada sem fins lucrativos;Universidade;3152501;POUSO ALEGRE;MG;SUDESTE;1;5206;80;80;59,5687;3,1156;45,9275;2,6440;2,7619;3;
2013;12;MEDICINA;1600;INSTITUTO DE CIÊNCIAS DA SAÚDE;ICS;Privada sem fins lucrativos;Faculdade;3143302;MONTES CLAROS;MG;SUDESTE;1;86288;110;107;57,4495;2,7664;42,2308;2,0467;2,2266;3;
2013;12;MEDICINA;1664;FACULDADE DA SAÚDE E ECOLOGIA HUMANA;FASEH;Privada com fins lucrativos;Faculdade;3171204;VESPASIANO;MG;SUDESTE;1;66361;69;67;61,8254;3,4874;44,0896;2,3470;2,6321;3;
2013;12;MEDICINA;1669;INSTITUTO METROPOLITANO DE ENSINO SUPERIOR;IMES;Privada com fins lucrativos;Faculdade;3131307;IPATINGA;MG;SUDESTE;1;71859;84;84;59,7512;3,1456;44,3643;2,3914;2,5800;3;
2013;12;MEDICINA;1734;FACULDADE INTEGRAL DIFERENCIAL;FACID;Privada com fins lucrativos;Faculdade;2211001;TERESINA;PI;NORDESTE;1;79007;111;80;51,0450;1,7111;38,9350;1,5141;1,5633;2;
2013;12;MEDICINA;1895;CENTRO UNIVERSITÁRIO CHRISTUS;UNICHRISTUS;Privada com fins lucrativos;Centro Universitário;2304400;FORTALEZA;CE;NORDESTE;1;90084;110;109;59,3954;3,0870;47,6560;2,9233;2,9642;4;
2013;12;MEDICINA;1917;FACULDADE DE CIÊNCIAS BIOMÉDICAS DE CACOAL;FACIMED;Privada com fins lucrativos;Faculdade;1100049;CACOAL;RO;NORTE;1;98409;51;51;45,9725;0,8753;35,7059;0,9923;0,9630;2;
2013;12;MEDICINA;1995;FACULDADE DE MEDICINA NOVA ESPERANÇA;FAMENE;Privada com fins lucrativos;Faculdade;2507507;JOAO PESSOA;PB;NORDESTE;1;72681;166;165;53,1406;2,0564;37,6006;1,2984;1,4879;2;
2013;12;MEDICINA;2082;FACULDADE DE CIÊNCIAS MÉDICAS DA PARAÍBA;FCM-PB;Privada com fins lucrativos;Faculdade;2507507;JOAO PESSOA;PB;NORDESTE;1;72667;111;111;51,8261;1,8398;41,3342;1,9018;1,8863;2;
2013;12;MEDICINA;2362;FACULDADE DE CIÊNCIAS MÉDICAS DE CAMPINA GRANDE;FCM;Privada com fins lucrativos;Faculdade;2504009;CAMPINA GRANDE;PB;NORDESTE;1;90483;107;106;51,9811;1,8654;41,7075;1,9621;1,9379;2;
2013;12;MEDICINA;2564;UNIVERSIDADE FEDERAL DE CAMPINA GRANDE;UFCG;Pública Federal;Universidade;2503704;CAJAZEIRAS;PB;NORDESTE;1;1101742;66;66;59,0955;3,0376;42,3045;2,0586;2,3033;3;
2013;12;MEDICINA;2564;UNIVERSIDADE FEDERAL DE CAMPINA GRANDE;UFCG;Pública Federal;Universidade;2504009;CAMPINA GRANDE;PB;NORDESTE;1;13453;95;95;66,1758;4,2042;51,5505;3,5526;3,7155;4;
2013;12;MEDICINA;2579;FACULDADE ATENAS;;Privada com fins lucrativos;Faculdade;3147006;PARACATU;MG;SUDESTE;1;90059;85;80;50,8462;1,6784;37,4575;1,2753;1,3761;2;
2013;12;MEDICINA;2843;FACULDADE DE CIÊNCIAS MÉDICAS E DA SAÚDE DE JUIZ DE FORA;FCMS/JF;Privada com fins lucrativos;Faculdade;3136702;JUIZ DE FORA;MG;SUDESTE;1;74594;105;105;60,5486;3,2770;46,1171;2,6747;2,8252;3;
2013;12;MEDICINA;3151;UNIVERSIDADE COMUNITÁRIA DA REGIÃO DE CHAPECÓ;UNOCHAPECÓ;Privada sem fins lucrativos;Universidade;4204202;CHAPECO;SC;SUL;1;90847;44;44;55,9227;2,5148;41,8318;1,9822;2,1153;3;
2013;12;MEDICINA;3223;ESCOLA SUPERIOR DE CIÊNCIAS DA SAÚDE;ESCS;Pública Estadual;Faculdade;5300108;BRASILIA;DF;CENTRO-OESTE;1;58412;79;77;63,2922;3,7291;55,2948;4,1577;4,0505;5;
2013;12;MEDICINA;3371;CENTRO UNIVERSITÁRIO DE PATOS DE MINAS;UNIPAM;Privada sem fins lucrativos;Centro Universitário;3148004;PATOS DE MINAS;MG;SUDESTE;1;108014;57;57;60,4702;3,2641;40,3509;1,7429;2,1232;3;
2013;12;MEDICINA;3615;FACULDADE PERNAMBUCANA DE SAÚDE;FPS;Privada sem fins lucrativos;Faculdade;2611606;RECIFE;PE;NORDESTE;1;87537;128;127;53,0189;2,0363;44,2890;2,3792;2,2935;3;
2013;12;MEDICINA;3849;FUNDAÇÃO UNIVERSIDADE FEDERAL DO TOCANTINS;UFT;Pública Federal;Universidade;1721000;PALMAS;TO;NORTE;1;113504;68;68;61,5485;3,4418;46,3044;2,7049;2,8891;3;
2013;12;MEDICINA;3966;CENTRO UNIVERSITÁRIO DE CARATINGA;UNEC;Privada sem fins lucrativos;Centro Universitário;3113404;CARATINGA;MG;SUDESTE;1;50662;70;70;50,4171;1,6077;32,0043;0,3941;0,6975;1;
2013;12;MEDICINA;4256;FACULDADES INTEGRADAS PITÁGORAS;FIP-MOC;Privada com fins lucrativos;Faculdade;3143302;MONTES CLAROS;MG;SUDESTE;1;107666;98;98;60,4755;3,2650;41,9122;1,9952;2,3126;3;
2013;12;MEDICINA;4504;FUNDAÇÃO UNIVERSIDADE FEDERAL DA GRANDE DOURADOS;UFGD;Pública Federal;Universidade;5003702;DOURADOS;MS;CENTRO-OESTE;1;21542;49;49;60,0633;3,1970;50,0878;3,3163;3,2865;4;
2013;12;MEDICINA;4849;FACULDADE DE CIÊNCIAS HUMANAS, ECONÔMICAS E DA SAÚDE DE ARAGUAÍNA;FAHESA / ITPAC;Privada com fins lucrativos;Faculdade;1702109;ARAGUAINA;TO;NORTE;1;99476;90;90;40,6600;0,0000;33,0311;0,5600;0,4200;1;
2013;12;MEDICINA;5215;FACULDADES INTEGRADAS PADRE ALBINO;FIPA;Privada sem fins lucrativos;Faculdade;3511102;CATANDUVA;SP;SUDESTE;1;10222;63;63;59,2095;3,0564;53,0937;3,8020;3,6156;4;
2013;12;MEDICINA;5439;FACULDADES INTEGRADAS DA UNIÃO EDUCACIONAL DO PLANALTO CENTRAL - FACIPLAC;FACIPLAC;Privada com fins lucrativos;Faculdade;5300108;BRASILIA;DF;CENTRO-OESTE;1;51835;74;74;54,3865;2,2617;38,0432;1,3700;1,5929;2;
2013;12;MEDICINA;5544;FACULDADE PRESIDENTE ANTÔNIO CARLOS;FAPAC;Privada com fins lucrativos;Faculdade;1718204;PORTO NACIONAL;TO;NORTE;1;72767;156;156;45,6256;0,8182;30,4051;0,1357;0,3063;1;
2013;12;MEDICINA;18759;UNIVERSIDADE FEDERAL DO CARIRI;UFCA;Pública Federal;Universidade;2301901;BARBALHA;CE;NORDESTE;1;54494;42;41;65,7878;4,1403;51,2732;3,5078;3,6659;4;
2013;17;AGRONOMIA;1;UNIVERSIDADE FEDERAL DE MATO GROSSO;UFMT;Pública Federal;Universidade;5101803;BARRA DO GARCAS;MT;CENTRO-OESTE;1;116662;26;25;56,0760;4,0435;60,4320;3,2489;3,4476;4;
2013;17;AGRONOMIA;1;UNIVERSIDADE FEDERAL DE MATO GROSSO;UFMT;Pública Federal;Universidade;5103403;CUIABA;MT;CENTRO-OESTE;1;9;32;21;49,3095;2,8544;55,3286;2,5896;2,6558;3;
2013;17;AGRONOMIA;1;UNIVERSIDADE FEDERAL DE MATO GROSSO;UFMT;Pública Federal;Universidade;5107909;SINOP;MT;CENTRO-OESTE;1;100778;69;67;45,2627;2,1433;59,9388;3,1852;2,9247;3;
2013;17;AGRONOMIA;2;UNIVERSIDADE DE BRASÍLIA;UNB;Pública Federal;Universidade;5300108;BRASILIA;DF;CENTRO-OESTE;1;135;59;52;53,8404;3,6507;63,7731;3,6805;3,6730;4;
2013;17;AGRONOMIA;3;UNIVERSIDADE FEDERAL DE SERGIPE;UFS;Pública Federal;Universidade;2806701;SAO CRISTOVAO;SE;NORDESTE;1;319;26;23;50,0043;2,9765;57,8130;2,9106;2,9271;3;
2013;17;AGRONOMIA;4;UNIVERSIDADE FEDERAL DO AMAZONAS;UFAM;Pública Federal;Universidade;1301704;HUMAITA;AM;NORTE;1;101620;23;21;42,3714;1,6352;50,5857;1,9770;1,8915;2;
2013;17;AGRONOMIA;4;UNIVERSIDADE FEDERAL DO AMAZONAS;UFAM;Pública Federal;Universidade;1302603;MANAUS;AM;NORTE;1;399;27;24;39,5500;1,1393;49,7792;1,8728;1,6894;2;
2013;17;AGRONOMIA;5;UNIVERSIDADE FEDERAL DO PIAUÍ;UFPI;Pública Federal;Universidade;2201903;BOM JESUS;PI;NORDESTE;1;99916;47;38;51,5500;3,2482;51,1316;2,0475;2,3476;3;
2013;17;AGRONOMIA;5;UNIVERSIDADE FEDERAL DO PIAUÍ;UFPI;Pública Federal;Universidade;2211001;TERESINA;PI;NORDESTE;1;508;82;78;50,6859;3,0963;48,4449;1,7004;2,0494;3;
2013;17;AGRONOMIA;7;UNIVERSIDADE FEDERAL DE SÃO CARLOS;UFSCAR;Pública Federal;Universidade;3503307;ARARAS;SP;SUDESTE;2;632 - 115102;45;44;50,4023;3,0465;57,7068;2,8969;2,9343;3;
2013;17;AGRONOMIA;8;UNIVERSIDADE FEDERAL DE VIÇOSA;UFV;Pública Federal;Universidade;3155504;RIO PARANAIBA;MG;SUDESTE;1;111128;35;35;55,4800;3,9388;64,7143;3,8021;3,8363;4;
2013;17;AGRONOMIA;8;UNIVERSIDADE FEDERAL DE VIÇOSA;UFV;Pública Federal;Universidade;3171303;VICOSA;MG;SUDESTE;1;685;195;183;52,7995;3,4677;67,9869;4,2248;4,0356;5;
2013;17;AGRONOMIA;9;UNIVERSIDADE ESTADUAL DE LONDRINA;UEL;Pública Estadual;Universidade;4113700;LONDRINA;PR;SUL;1;751;55;50;51,7780;3,2882;66,9820;4,0950;3,8933;4;
2013;17;AGRONOMIA;10;PONTIFÍCIA UNIVERSIDADE CATÓLICA DO PARANÁ;PUCPR;Privada sem fins lucrativos;Universidade;4125506;SAO JOSE DO PINHAIS;PR;SUL;1;886;39;36;52,3444;3,3878;55,6833;2,6355;2,8235;3;
2013;17;AGRONOMIA;10;PONTIFÍCIA UNIVERSIDADE CATÓLICA DO PARANÁ;PUCPR;Privada sem fins lucrativos;Universidade;4127700;TOLEDO;PR;SUL;1;80610;87;86;45,4198;2,1709;57,4326;2,8614;2,6888;3;
2013;17;AGRONOMIA;13;UNIVERSIDADE DE CAXIAS DO SUL;UCS;Privada sem fins lucrativos;Universidade;4305108;CAXIAS DO SUL;RS;SUL;1;88562;42;41;48,4317;2,7002;57,3878;2,8557;2,8168;3;
2013;17;AGRONOMIA;13;UNIVERSIDADE DE CAXIAS DO SUL;UCS;Privada sem fins lucrativos;Universidade;4322509;VACARIA;RS;SUL;1;88564;51;44;48,5023;2,7126;54,3955;2,4691;2,5300;3;
2013;17;AGRONOMIA;17;UNIVERSIDADE FEDERAL DE UBERLÂNDIA;UFU;Pública Federal;Universidade;3170206;UBERLANDIA;MG;SUDESTE;1;1433;80;59;52,9712;3,4979;63,7390;3,6761;3,6315;4;
2013;17;AGRONOMIA;20;UNIVERSIDADE DE PASSO FUNDO;UPF;Privada sem fins lucrativos;Universidade;4314100;PASSO FUNDO;RS;SUL;1;1728;126;117;48,7598;2,7578;55,4932;2,6109;2,6476;3;
2013;17;AGRONOMIA;24;UNIVERSIDADE ESTADUAL DE SANTA CRUZ;UESC;Pública Estadual;Universidade;2913606;ILHEUS;BA;NORDESTE;1;2113;37;35;57,7943;4,3455;56,6257;2,7572;3,1543;4;
2013;17;AGRONOMIA;27;UNIVERSIDADE VALE DO RIO VERDE;UNINCOR;Privada sem fins lucrativos;Universidade;3169307;TRES CORACOES;MG;SUDESTE;1;47181;9;9;41,7667;1,5289;49,0222;1,7750;1,7135;2;
2013;17;AGRONOMIA;30;UNIVERSIDADE JOSÉ DO ROSÁRIO VELLANO;UNIFENAS;Privada sem fins lucrativos;Universidade;3101607;ALFENAS;MG;SUDESTE;1;2298;27;23;53,6000;3,6084;58,6913;3,0240;3,1701;4;
2013;17;AGRONOMIA;40;UNIVERSIDADE DO ESTADO DA BAHIA;UNEB;Pública Estadual;Universidade;2903201;BARREIRAS;BA;NORDESTE;2;20579 - 113249;105;99;44,5232;2,0133;47,2172;1,5418;1,6597;2;
2013;17;AGRONOMIA;40;UNIVERSIDADE DO ESTADO DA BAHIA;UNEB;Pública Estadual;Universidade;2918407;JUAZEIRO;BA;NORDESTE;1;2442;53;47;52,2234;3,3665;55,9894;2,6750;2,8479;3;
2013;17;AGRONOMIA;43;FUNDAÇÃO UNIVERSIDADE DO ESTADO DE SANTA CATARINA;UDESC;Pública Estadual;Universidade;4209300;LAGES;SC;SUL;1;2536;47;45;50,2400;3,0179;59,0378;3,0688;3,0561;4;
2013;17;AGRONOMIA;47;UNIVERSIDADE ESTADUAL DE GOIÁS;UEG;Pública Estadual;Universidade;5210109;IPAMERI;GO;CENTRO-OESTE;1;54504;109;105;50,1476;3,0017;53,2162;2,3168;2,4880;3;
2013;17;AGRONOMIA;47;UNIVERSIDADE ESTADUAL DE GOIÁS;UEG;Pública Estadual;Universidade;5215702;PALMEIRAS DE GOIAS;GO;CENTRO-OESTE;1;100150;16;16;55,7062;3,9785;59,5875;3,1398;3,3495;4;
2013;17;AGRONOMIA;56;UNIVERSIDADE ESTADUAL PAULISTA JÚLIO DE MESQUITA FILHO;UNESP;Pública Estadual;Universidade;3507506;BOTUCATU;SP;SUDESTE;1;3151;64;56;50,9232;3,1380;58,2446;2,9663;3,0093;4;
2013;17;AGRONOMIA;56;UNIVERSIDADE ESTADUAL PAULISTA JÚLIO DE MESQUITA FILHO;UNESP;Pública Estadual;Universidade;3520442;ILHA SOLTEIRA;SP;SUDESTE;1;3160;87;80;52,6200;3,4362;61,2700;3,3572;3,3769;4;
2013;17;AGRONOMIA;56;UNIVERSIDADE ESTADUAL PAULISTA JÚLIO DE MESQUITA FILHO;UNESP;Pública Estadual;Universidade;3524303;JABOTICABAL;SP;SUDESTE;1;3139;112;99;47,2646;2,4951;60,1677;3,2148;3,0348;4;
2013;17;AGRONOMIA;56;UNIVERSIDADE ESTADUAL PAULISTA JÚLIO DE MESQUITA FILHO;UNESP;Pública Estadual;Universidade;3542602;REGISTRO;SP;SUDESTE;1;73524;34;31;50,3355;3,0347;58,1710;2,9568;2,9763;4;
2013;17;AGRONOMIA;57;UNIVERSIDADE ESTADUAL DE MARINGÁ;UEM;Pública Estadual;Universidade;4115200;MARINGA;PR;SUL;1;3413;39;37;56,3757;4,0962;64,0811;3,7203;3,8143;4;
2013;17;AGRONOMIA;57;UNIVERSIDADE ESTADUAL DE MARINGÁ;UEM;Pública Estadual;Universidade;4128104;UMUARAMA;PR;SUL;1;58188;33;32;50,8594;3,1268;63,9250;3,7001;3,5568;4;
2013;17;AGRONOMIA;82;UNIVERSIDADE DO OESTE DE SANTA CATARINA;UNOESC;Pública Municipal;Universidade;4203600;CAMPOS NOVOS;SC;SUL;1;91879;28;28;50,3679;3,0404;55,6964;2,6372;2,7380;3;
2013;17;AGRONOMIA;82;UNIVERSIDADE DO OESTE DE SANTA CATARINA;UNOESC;Pública Municipal;Universidade;4216701;SAO JOSE DO CEDRO;SC;SUL;1;80031;15;15;55,2467;3,8978;61,5533;3,3938;3,5198;4;
2013;17;AGRONOMIA;82;UNIVERSIDADE DO OESTE DE SANTA CATARINA;UNOESC;Pública Municipal;Universidade;4219507;XANXERE;SC;SUL;1;81374;67;66;46,5182;2,3639;56,1833;2,7001;2,6160;3;
2013;17;AGRONOMIA;107;UNIVERSIDADE FEDERAL DE SÃO JOÃO DEL REI;UFSJ;Pública Federal;Universidade;3167202;SETE LAGOAS;MG;SUDESTE;1;122312;38;36;54,8083;3,8208;58,8750;3,0478;3,2410;4;
2013;17;AGRONOMIA;207;CENTRO UNIVERSITÁRIO MOURA LACERDA;CUML;Privada sem fins lucrativos;Centro Universitário;3543402;RIBEIRAO PRETO;SP;SUDESTE;1;19000;39;38;42,9211;1,7318;44,7211;1,2194;1,3475;2;
2013;17;AGRONOMIA;265;FACULDADES INTEGRADAS DE OURINHOS;FIO;Privada sem fins lucrativos;Faculdade;3534708;OURINHOS;SP;SUDESTE;1;88936;25;17;46,6647;2,3896;54,0000;2,4180;2,4109;3;
2013;17;AGRONOMIA;271;UNIVERSIDADE DO OESTE PAULISTA;UNOESTE;Privada sem fins lucrativos;Universidade;3541406;PRESIDENTE PRUDENTE;SP;SUDESTE;1;6490;84;76;46,2934;2,3244;47,5105;1,5797;1,7659;2;
2013;17;AGRONOMIA;294;FACULDADE TRÊS DE MAIO;SETREM;Privada sem fins lucrativos;Faculdade;4321808;TRES DE MAIO;RS;SUL;1;119212;21;20;48,7600;2,7579;62,9850;3,5787;3,3735;4;
2013;17;AGRONOMIA;296;UNIVERSIDADE DA REGIÃO DA CAMPANHA;URCAMP;Privada sem fins lucrativos;Universidade;4301602;BAGE;RS;SUL;1;6806;18;16;48,8812;2,7792;51,1937;2,0555;2,2364;3;
2013;17;AGRONOMIA;319;UNIVERSIDADE CAMILO CASTELO BRANCO;UNICASTELO;Privada sem fins lucrativos;Universidade;3513702;DESCALVADO;SP;SUDESTE;1;106809;47;38;41,1842;1,4265;43,9789;1,1235;1,1993;2;
2013;17;AGRONOMIA;319;UNIVERSIDADE CAMILO CASTELO BRANCO;UNICASTELO;Privada sem fins lucrativos;Universidade;3515509;FERNANDOPOLIS;SP;SUDESTE;2;7209 - 106796;76;68;45,7191;2,2235;48,1897;1,6674;1,8064;2;
2013;17;AGRONOMIA;367;UNIVERSIDADE ESTADUAL DE MONTES CLAROS;UNIMONTES;Pública Estadual;Universidade;3135100;JANAUBA;MG;SUDESTE;1;7843;31;29;52,7690;3,4624;61,1966;3,3477;3,3763;4;
2013;17;AGRONOMIA;386;CENTRO UNIVERSITÁRIO DE GOIÁS;UNI-ANHANGÜERA;Privada com fins lucrativos;Centro Universitário;5208707;GOIANIA;GO;CENTRO-OESTE;1;81845;63;59;47,8373;2,5957;49,7136;1,8643;2,0471;3;
2013;17;AGRONOMIA;387;UNIVERSIDADE CATÓLICA DOM BOSCO;UCDB;Privada sem fins lucrativos;Universidade;5002704;CAMPO GRANDE;MS;CENTRO-OESTE;1;21697;25;25;47,5160;2,5392;56,5880;2,7523;2,6991;3;
2013;17;AGRONOMIA;404;FACULDADES INTEGRADAS DA UPIS;UPIS;Privada sem fins lucrativos;Faculdade;5300108;BRASILIA;DF;CENTRO-OESTE;1;21075;50;47;44,2596;1,9670;51,7596;2,1286;2,0882;3;
2013;17;AGRONOMIA;420;UNIVERSIDADE DE MARÍLIA;UNIMAR;Privada com fins lucrativos;Universidade;3529005;MARILIA;SP;SUDESTE;1;8677;35;34;45,0588;2,1074;48,1059;1,6566;1,7693;2;
2013;17;AGRONOMIA;423;UNIVERSIDADE REGIONAL INTEGRADA DO ALTO URUGUAI E DAS MISSÕES;URI;Privada sem fins lucrativos;Universidade;4307005;ERECHIM;RS;SUL;1;106130;29;29;45,7897;2,2359;53,2586;2,3222;2,3006;3;
2013;17;AGRONOMIA;423;UNIVERSIDADE REGIONAL INTEGRADA DO ALTO URUGUAI E DAS MISSÕES;URI;Privada sem fins lucrativos;Universidade;4317400;SANTIAGO;RS;SUL;1;106132;39;35;46,9543;2,4405;53,2657;2,3232;2,3525;3;
2013;17;AGRONOMIA;430;CENTRO UNIVERSITÁRIO FILADÉLFIA;UNIFIL;Privada sem fins lucrativos;Centro Universitário;4113700;LONDRINA;PR;SUL;1;119110;30;30;60,5533;4,8303;70,9167;4,6033;4,6601;5;
2013;17;AGRONOMIA;439;FACULDADE DOUTOR FRANCISCO MAEDA;FAFRAM;Privada sem fins lucrativos;Faculdade;3524105;ITUVERAVA;SP;SUDESTE;1;9094;36;33;43,1909;1,7792;52,4758;2,2211;2,1106;3;
2013;17;AGRONOMIA;446;UNIVERSIDADE DE CRUZ ALTA;UNICRUZ;Privada sem fins lucrativos;Universidade;4306106;CRUZ ALTA;RS;SUL;1;9228;25;25;47,2080;2,4851;50,9400;2,0227;2,1383;3;
2013;17;AGRONOMIA;449;UNIVERSIDADE LUTERANA DO BRASIL;ULBRA;Privada sem fins lucrativos;Universidade;4304606;CANOAS;RS;SUL;1;94183;27;23;48,6391;2,7366;53,6304;2,3703;2,4619;3;
2013;17;AGRONOMIA;450;CENTRO UNIVERSITÁRIO LUTERANO DE JI-PARANÁ;CEULJI/ULBRA;Privada sem fins lucrativos;Centro Universitário;1100122;JI-PARANA;RO;NORTE;1;9413;26;24;38,3375;0,9263;49,5833;1,8475;1,6172;2;
2013;17;AGRONOMIA;451;CENTRO UNIVERSITÁRIO LUTERANO DE SANTARÉM;CEULS;Privada sem fins lucrativos;Centro Universitário;1506807;SANTAREM;PA;NORTE;1;109484;27;25;45,0960;2,1140;41,7720;0,8384;1,1573;2;
2013;17;AGRONOMIA;494;UNIVERSIDADE DO SUL DE SANTA CATARINA;UNISUL;Privada sem fins lucrativos;Universidade;4218707;TUBARAO;SC;SUL;1;21042;35;35;49,0914;2,8161;57,0600;2,8133;2,8140;3;
2013;17;AGRONOMIA;513;UNIVERSIDADE VALE DO RIO DOCE;UNIVALE;Privada sem fins lucrativos;Universidade;3127701;GOVERNADOR VALADARES;MG;SUDESTE;1;10360;17;15;47,7467;2,5798;43,1333;1,0143;1,4056;2;
2013;17;AGRONOMIA;532;UNIVERSIDADE REGIONAL DO NOROESTE DO ESTADO DO RIO GRANDE DO SUL;UNIJUI;Privada sem fins lucrativos;Universidade;4310207;IJUI;RS;SUL;1;10975;36;36;47,3250;2,5057;55,1472;2,5662;2,5511;3;
2013;17;AGRONOMIA;548;UNIVERSIDADE FEDERAL DO MARANHÃO;UFMA;Pública Federal;Universidade;2103208;CHAPADINHA;MA;NORDESTE;1;103301;32;29;47,5310;2,5419;48,0379;1,6478;1,8713;2;
2013;17;AGRONOMIA;549;UNIVERSIDADE FEDERAL DO ACRE;UFAC;Pública Federal;Universidade;1200203;CRUZEIRO DO SUL;AC;NORTE;1;113809;29;27;43,6074;1,8524;42,6259;0,9487;1,1746;2;
2013;17;AGRONOMIA;549;UNIVERSIDADE FEDERAL DO ACRE;UFAC;Pública Federal;Universidade;1200401;RIO BRANCO;AC;NORTE;1;11528;27;26;47,1692;2,4783;55,8885;2,6620;2,6160;3;
2013;17;AGRONOMIA;568;UNIVERSIDADE ESTADUAL DO MARANHÃO;UEMA;Pública Estadual;Universidade;2101400;BALSAS;MA;NORDESTE;1;81914;46;43;48,3488;2,6856;50,1791;1,9244;2,1147;3;
2013;17;AGRONOMIA;568;UNIVERSIDADE ESTADUAL DO MARANHÃO;UEMA;Pública Estadual;Universidade;2105302;IMPERATRIZ;MA;NORDESTE;1;69993;60;57;48,5070;2,7134;47,9228;1,6330;1,9031;2;
2013;17;AGRONOMIA;568;UNIVERSIDADE ESTADUAL DO MARANHÃO;UEMA;Pública Estadual;Universidade;2111300;SAO LUIS;MA;NORDESTE;1;11878;48;46;59,3130;4,6124;60,0739;3,2026;3,5551;4;
2013;17;AGRONOMIA;569;UNIVERSIDADE FEDERAL DO PARÁ;UFPA;Pública Federal;Universidade;1500602;ALTAMIRA;PA;NORTE;1;53101;17;17;26,3647;0,0000;36,4000;0,1444;0,1083;1;
2013;17;AGRONOMIA;571;UNIVERSIDADE FEDERAL DO PARANÁ;UFPR;Pública Federal;Universidade;4106902;CURITIBA;PR;SUL;1;12586;118;115;53,7591;3,6364;62,6017;3,5292;3,5560;4;
2013;17;AGRONOMIA;573;UNIVERSIDADE FEDERAL DO ESPÍRITO SANTO;UFES;Pública Federal;Universidade;3200201;ALEGRE;ES;SUDESTE;1;12811;38;38;50,9237;3,1381;64,8947;3,8254;3,6536;4;
2013;17;AGRONOMIA;573;UNIVERSIDADE FEDERAL DO ESPÍRITO SANTO;UFES;Pública Federal;Universidade;3204906;SAO MATEUS;ES;SUDESTE;1;99084;16;16;56,9750;4,2015;63,8438;3,6896;3,8176;4;
2013;17;AGRONOMIA;574;UNIVERSIDADE FEDERAL RURAL DO RIO DE JANEIRO;UFRRJ;Pública Federal;Universidade;3305554;SEROPEDICA;RJ;SUDESTE;1;12905;106;80;49,0375;2,8066;58,1738;2,9572;2,9195;3;
2013;17;AGRONOMIA;575;UNIVERSIDADE FEDERAL DE MINAS GERAIS;UFMG;Pública Federal;Universidade;3143302;MONTES CLAROS;MG;SUDESTE;1;20841;42;42;53,2595;3,5486;59,4381;3,1205;3,2275;4;
2013;17;AGRONOMIA;577;UNIVERSIDADE FEDERAL DE ALAGOAS;UFAL;Pública Federal;Universidade;2700300;ARAPIRACA;AL;NORDESTE;1;102148;60;58;47,4345;2,5249;51,5362;2,0997;2,2060;3;
2013;17;AGRONOMIA;577;UNIVERSIDADE FEDERAL DE ALAGOAS;UFAL;Pública Federal;Universidade;2707701;RIO LARGO;AL;NORDESTE;1;13193;76;57;42,8140;1,7129;46,0386;1,3896;1,4704;2;
2013;17;AGRONOMIA;579;UNIVERSIDADE FEDERAL DA PARAÍBA;UFPB;Pública Federal;Universidade;2501104;AREIA;PB;NORDESTE;1;13454;76;69;45,8116;2,2397;52,8957;2,2754;2,2664;3;
2013;17;AGRONOMIA;581;UNIVERSIDADE FEDERAL DO RIO GRANDE DO SUL;UFRGS;Pública Federal;Universidade;4314902;PORTO ALEGRE;RS;SUL;1;13699;63;57;55,3351;3,9133;62,8228;3,5577;3,6466;4;
2013;17;AGRONOMIA;582;UNIVERSIDADE FEDERAL DE SANTA MARIA;UFSM;Pública Federal;Universidade;4308508;FREDERICO WESTPHALEN;RS;SUL;1;103376;51;51;51,8274;3,2969;60,0314;3,1971;3,2221;4;
2013;17;AGRONOMIA;582;UNIVERSIDADE FEDERAL DE SANTA MARIA;UFSM;Pública Federal;Universidade;4316907;SANTA MARIA;RS;SUL;1;13859;161;151;53,2536;3,5475;64,1940;3,7349;3,6880;4;
2013;17;AGRONOMIA;583;UNIVERSIDADE FEDERAL DO CEARÁ;UFC;Pública Federal;Universidade;2304400;FORTALEZA;CE;NORDESTE;1;13965;103;92;50,2902;3,0268;55,9261;2,6668;2,7568;3;
2013;17;AGRONOMIA;584;UNIVERSIDADE FEDERAL DE GOIÁS;UFG;Pública Federal;Universidade;5208707;GOIANIA;GO;CENTRO-OESTE;1;14097;116;87;49,3586;2,8631;60,5092;3,2589;3,1599;4;
2013;17;AGRONOMIA;584;UNIVERSIDADE FEDERAL DE GOIÁS;UFG;Pública Federal;Universidade;5211909;JATAI;GO;CENTRO-OESTE;1;18365;39;37;51,1270;3,1738;61,1622;3,3432;3,3009;4;
2013;17;AGRONOMIA;585;UNIVERSIDADE FEDERAL DE SANTA CATARINA;UFSC;Pública Federal;Universidade;4204806;CURITIBANOS;SC;SUL;1;1184410;16;16;61,5187;5,0000;67,7688;4,1967;4,3975;5;
2013;17;AGRONOMIA;585;UNIVERSIDADE FEDERAL DE SANTA CATARINA;UFSC;Pública Federal;Universidade;4205407;FLORIANOPOLIS;SC;SUL;1;14214;54;52;58,4308;4,4573;66,1481;3,9873;4,1048;5;
2013;17;AGRONOMIA;587;UNIVERSIDADE FEDERAL RURAL DE PERNAMBUCO;UFRPE;Pública Federal;Universidade;2606002;GARANHUNS;PE;NORDESTE;1;91555;47;41;47,7561;2,5814;53,8829;2,4029;2,4475;3;
2013;17;AGRONOMIA;587;UNIVERSIDADE FEDERAL RURAL DE PERNAMBUCO;UFRPE;Pública Federal;Universidade;2611606;RECIFE;PE;NORDESTE;1;14502;82;75;41,4200;1,4680;48,2267;1,6722;1,6212;2;
2013;17;AGRONOMIA;587;UNIVERSIDADE FEDERAL RURAL DE PERNAMBUCO;UFRPE;Pública Federal;Universidade;2613909;SERRA TALHADA;PE;NORDESTE;1;101452;15;14;52,5643;3,4264;57,3571;2,8517;2,9954;4;
2013;17;AGRONOMIA;588;UNIVERSIDADE TECNOLÓGICA FEDERAL DO PARANÁ;UTFPR;Pública Federal;Universidade;4118501;PATO BRANCO;PR;SUL;1;14536;33;29;57,0965;4,2229;67,7034;4,1882;4,1969;5;
2013;17;AGRONOMIA;589;UNIVERSIDADE FEDERAL RURAL DO SEMI-ÁRIDO;UFERSA;Pública Federal;Universidade;2408003;MOSSORO;RN;NORDESTE;1;14554;31;27;48,4407;2,7017;54,4407;2,4749;2,5316;3;
2013;17;AGRONOMIA;590;UNIVERSIDADE FEDERAL RURAL DA AMAZÔNIA;UFRA;Pública Federal;Universidade;1501402;BELEM;PA;NORTE;1;14557;9;5;39,8800;1,1973;49,3400;1,8160;1,6614;2;
2013;17;AGRONOMIA;590;UNIVERSIDADE FEDERAL RURAL DA AMAZÔNIA;UFRA;Pública Federal;Universidade;1502301;CAPITAO POCO;PA;NORTE;1;113563;47;47;44,2809;1,9707;41,3319;0,7816;1,0788;2;
2013;17;AGRONOMIA;592;UNIVERSIDADE FEDERAL DE LAVRAS;UFLA;Pública Federal;Universidade;3138203;LAVRAS;MG;SUDESTE;1;14576;226;211;50,8701;3,1287;59,4303;3,1195;3,1218;4;
2013;17;AGRONOMIA;596;UNIVERSIDADE FEDERAL DOS VALES DO JEQUITINHONHA E MUCURI;UFVJM;Pública Federal;Universidade;3121605;DIAMANTINA;MG;SUDESTE;1;48921;36;35;50,7857;3,1138;59,7086;3,1554;3,1450;4;
2013;17;AGRONOMIA;609;UNIVERSIDADE ESTADUAL DO OESTE DO PARANÁ;UNIOESTE;Pública Estadual;Universidade;4114609;MARECHAL CANDIDO RONDON;PR;SUL;1;14727;39;38;51,0184;3,1547;63,3579;3,6269;3,5088;4;
2013;17;AGRONOMIA;634;UNIVERSIDADE FEDERAL DE PELOTAS;UFPEL;Pública Federal;Universidade;4304663;CAPAO DO LEAO;RS;SUL;1;14970;215;196;43,6015;1,8513;54,4270;2,4732;2,3177;3;
2013;17;AGRONOMIA;648;FACULDADES ASSOCIADAS DE UBERABA - FAZU;FAZU;Privada sem fins lucrativos;Faculdade;3170107;UBERABA;MG;SUDESTE;1;15159;67;37;45,4378;2,1740;49,4865;1,8350;1,9197;2;
2013;17;AGRONOMIA;665;UNIVERSIDADE DE TAUBATÉ;UNITAU;Pública Municipal;Universidade;3554102;TAUBATE;SP;SUDESTE;2;15351 - 1153311;1;1;.;.;.;.;.;SC;
2013;17;AGRONOMIA;671;UNIVERSIDADE ANHANGUERA - UNIDERP;UNIDERP;Privada com fins lucrativos;Universidade;5002704;CAMPO GRANDE;MS;CENTRO-OESTE;1;15550;34;33;47,2545;2,4933;53,3697;2,3366;2,3758;3;
2013;17;AGRONOMIA;682;FACULDADE DO NOROESTE DE MINAS;FINOM;Privada com fins lucrativos;Faculdade;3147006;PARACATU;MG;SUDESTE;1;113210;26;26;46,2154;2,3107;45,1692;1,2773;1,5356;2;
2013;17;AGRONOMIA;688;UNIVERSIDADE ESTADUAL DO SUDOESTE DA BAHIA;UESB;Pública Estadual;Universidade;2933307;VITORIA DA CONQUISTA;BA;NORDESTE;1;15739;14;14;61,3357;4,9678;63,1000;3,5936;3,9371;4;
2013;17;AGRONOMIA;694;UNIVERSIDADE FEDERAL DE MATO GROSSO DO SUL;UFMS;Pública Federal;Universidade;5002951;CHAPADAO DO SUL;MS;CENTRO-OESTE;1;101290;12;11;42,7364;1,6993;60,8091;3,2976;2,8980;3;
2013;17;AGRONOMIA;699;FUNDAÇÃO UNIVERSIDADE FEDERAL DE RONDÔNIA;UNIR;Pública Federal;Universidade;1100288;ROLIM DE MOURA;RO;NORTE;1;58075;46;44;46,0000;2,2728;57,7455;2,9019;2,7446;3;
2013;17;AGRONOMIA;704;FACULDADE DE CIÊNCIAS AGRÁRIAS DE ARARIPINA;FACIAGRA;Pública Municipal;Faculdade;2601102;ARARIPINA;PE;NORDESTE;1;16108;19;16;40,9250;1,3810;38,3312;0,3939;0,6407;1;
2013;17;AGRONOMIA;719;UNIVERSIDADE DO ESTADO DE MATO GROSSO;UNEMAT;Pública Estadual;Universidade;5100250;ALTA FLORESTA;MT;CENTRO-OESTE;1;51638;45;43;45,5209;2,1886;55,4581;2,6064;2,5019;3;
2013;17;AGRONOMIA;719;UNIVERSIDADE DO ESTADO DE MATO GROSSO;UNEMAT;Pública Estadual;Universidade;5102504;CACERES;MT;CENTRO-OESTE;1;51609;38;37;43,5676;1,8454;50,3595;1,9477;1,9221;2;
2013;17;AGRONOMIA;719;UNIVERSIDADE DO ESTADO DE MATO GROSSO;UNEMAT;Pública Estadual;Universidade;5106257;NOVA XAVANTINA;MT;CENTRO-OESTE;1;96497;48;47;52,2426;3,3699;49,2808;1,8084;2,1988;3;
2013;17;AGRONOMIA;719;UNIVERSIDADE DO ESTADO DE MATO GROSSO;UNEMAT;Pública Estadual;Universidade;5107958;TANGARA DA SERRA;MT;CENTRO-OESTE;1;51613;42;39;48,0692;2,6365;52,7410;2,2554;2,3507;3;
2013;17;AGRONOMIA;730;UNIVERSIDADE ESTADUAL DE PONTA GROSSA;UEPG;Pública Estadual;Universidade;4119905;PONTA GROSSA;PR;SUL;1;16386;61;59;53,4542;3,5828;67,2475;4,1293;3,9927;5;
2013;17;AGRONOMIA;756;UNIVERSIDADE ESTADUAL DO PIAUÍ;UESPI;Pública Estadual;Universidade;2207702;PARNAIBA;PI;NORDESTE;1;43012;25;23;52,1565;3,3547;54,5826;2,4933;2,7086;3;
2013;17;AGRONOMIA;756;UNIVERSIDADE ESTADUAL DO PIAUÍ;UESPI;Pública Estadual;Universidade;2208007;PICOS;PI;NORDESTE;1;62702;12;12;53,6333;3,6143;53,8583;2,3997;2,7034;3;
2013;17;AGRONOMIA;756;UNIVERSIDADE ESTADUAL DO PIAUÍ;UESPI;Pública Estadual;Universidade;2211209;URUCUI;PI;NORDESTE;1;62694;31;29;46,9310;2,4364;48,2517;1,6755;1,8657;2;
2013;17;AGRONOMIA;780;UNIVERSIDADE DE CUIABÁ;UNIC / PITÁGORAS;Privada com fins lucrativos;Universidade;5103403;CUIABA;MT;CENTRO-OESTE;1;75099;12;12;49,6333;2,9113;61,4917;3,3858;3,2672;4;
2013;17;AGRONOMIA;781;FACULDADE ANHANGUERA DE RONDONÓPOLIS;FAR;Privada com fins lucrativos;Faculdade;5107602;RONDONOPOLIS;MT;CENTRO-OESTE;1;49094;38;38;45,8921;2,2539;48,5684;1,7164;1,8507;2;
2013;17;AGRONOMIA;789;UNIVERSIDADE FEDERAL DE RORAIMA;UFRR;Pública Federal;Universidade;1400100;BOA VISTA;RR;NORTE;1;16903;25;21;52,0571;3,3373;59,2952;3,1021;3,1609;4;
2013;17;AGRONOMIA;794;CENTRO UNIVERSITÁRIO DE VÁRZEA GRANDE;UNIVAG;Privada sem fins lucrativos;Centro Universitário;5108402;VARZEA GRANDE;MT;CENTRO-OESTE;1;20144;32;32;44,1188;1,9422;57,5062;2,8710;2,6388;3;
2013;17;AGRONOMIA;824;FACULDADE DE FILOSOFIA E CIÊNCIAS HUMANAS DE GOIATUBA;FAFICH;Pública Municipal;Faculdade;5209101;GOIATUBA;GO;CENTRO-OESTE;1;98990;50;46;40,8696;1,3712;41,1978;0,7642;0,9160;1;
2013;17;AGRONOMIA;950;UNIÃO DE ENSINO SUPERIOR DE NOVA MUTUM;UNINOVA;Pública Municipal;Faculdade;5106224;NOVA MUTUM;MT;CENTRO-OESTE;1;113559;51;51;48,4294;2,6998;47,3902;1,5642;1,8481;2;
2013;17;AGRONOMIA;1019;FACULDADE DE CIÊNCIAS E TECNOLOGIA DE UNAÍ - FACTU;FACTU;Privada sem fins lucrativos;Faculdade;3170404;UNAI;MG;SUDESTE;1;21556;34;30;39,6133;1,1505;47,1200;1,5293;1,4346;2;
2013;17;AGRONOMIA;1027;UNIVERSIDADE ESTADUAL DO NORTE FLUMINENSE DARCY RIBEIRO;UENF;Pública Estadual;Universidade;3301009;CAMPOS DO GOYTACAZES;RJ;SUDESTE;1;38341;24;23;41,1609;1,4224;45,7913;1,3576;1,3738;2;
2013;17;AGRONOMIA;1028;UNIVERSIDADE ESTADUAL DE MATO GROSSO DO SUL;UEMS;Pública Estadual;Universidade;5001102;AQUIDAUANA;MS;CENTRO-OESTE;1;45598;37;34;49,0324;2,8057;54,7647;2,5168;2,5890;3;
2013;17;AGRONOMIA;1028;UNIVERSIDADE ESTADUAL DE MATO GROSSO DO SUL;UEMS;Pública Estadual;Universidade;5002902;CASSILANDIA;MS;CENTRO-OESTE;1;51042;31;31;44,6323;2,0325;54,2161;2,4459;2,3426;3;
2013;17;AGRONOMIA;1078;FACULDADE INTEGRADO DE CAMPO MOURÃO;CEI;Privada com fins lucrativos;Faculdade;4104303;CAMPO MOURAO;PR;SUL;1;19600;107;94;44,5298;2,0145;55,1660;2,5686;2,4301;3;
2013;17;AGRONOMIA;1087;FACULDADES INTEGRADAS APARÍCIO CARVALHO;FIMCA;Privada sem fins lucrativos;Faculdade;1100205;PORTO VELHO;RO;NORTE;1;106830;24;24;45,4917;2,1835;46,1167;1,3996;1,5956;2;
2013;17;AGRONOMIA;1126;UNIVERSIDADE ESTADUAL DO CENTRO OESTE;UNICENTRO;Pública Estadual;Universidade;4109401;GUARAPUAVA;PR;SUL;1;18322;53;48;51,1708;3,1815;61,9333;3,4428;3,3775;4;
2013;17;AGRONOMIA;1190;FACULDADE INTEGRAL CANTAREIRA;F.I.C.;Privada sem fins lucrativos;Faculdade;3550308;SAO PAULO;SP;SUDESTE;1;18821;30;26;48,0654;2,6358;52,9308;2,2799;2,3689;3;
2013;17;AGRONOMIA;1196;CENTRO UNIVERSITÁRIO DE MARINGÁ - UNICESUMAR;UNICESUMAR;Privada com fins lucrativos;Centro Universitário;4115200;MARINGA;PR;SUL;1;92715;67;67;45,2851;2,1472;56,1448;2,6951;2,5581;3;
2013;17;AGRONOMIA;1221;FACULDADE GAMMON;;Privada sem fins lucrativos;Faculdade;3535507;PARAGUACU PAULISTA;SP;SUDESTE;1;7403;32;30;41,9933;1,5687;44,4633;1,1861;1,2817;2;
2013;17;AGRONOMIA;1227;FACULDADE SÃO FRANCISCO DE BARREIRAS - FASB;FASB;Privada sem fins lucrativos;Faculdade;2903201;BARREIRAS;BA;NORDESTE;1;69306;26;26;46,3846;2,3404;49,9462;1,8943;2,0059;3;
2013;17;AGRONOMIA;1230;CENTRO REGIONAL UNIVERSITÁRIO DE ESPÍRITO SANTO DO PINHAL;UNIPINHAL;Privada sem fins lucrativos;Centro Universitário;3515186;ESPIRITO SANTO DO PINHAL;SP;SUDESTE;1;19683;48;47;44,1872;1,9543;44,5596;1,1985;1,3874;2;
2013;17;AGRONOMIA;1281;FACULDADE DE CIÊNCIAS SOCIAIS E AGRÁRIAS DE ITAPEVA;FAIT;Privada com fins lucrativos;Faculdade;3522406;ITAPEVA;SP;SUDESTE;1;91177;21;20;41,2750;1,4425;54,9550;2,5414;2,2667;3;
2013;17;AGRONOMIA;1292;FACULDADES ADAMANTINENSES INTEGRADAS;FAI;Pública Municipal;Faculdade;3500105;ADAMANTINA;SP;SUDESTE;1;95197;36;16;48,9938;2,7989;52,0563;2,1669;2,3249;3;
2013;17;AGRONOMIA;1300;INSTITUTO TAQUARITINGUENSE DE ENSINO SUPERIOR DR. ARISTIDES DE CARVALHO SCHLOBACH;ITES;Privada sem fins lucrativos;Faculdade;3553708;TAQUARITINGA;SP;SUDESTE;1;69366;45;44;43,7250;1,8730;44,0591;1,1338;1,3186;2;
2013;17;AGRONOMIA;1303;INSTITUTO FEDERAL DE EDUCAÇÃO, CIÊNCIA E TECNOLOGIA GOIANO;IF Goiano;Pública Federal;Ifet/Cefet;5218805;RIO VERDE;GO;CENTRO-OESTE;1;98986;59;59;51,0525;3,1607;59,4458;3,1215;3,1313;4;
2013;17;AGRONOMIA;1303;INSTITUTO FEDERAL DE EDUCAÇÃO, CIÊNCIA E TECNOLOGIA GOIANO;IF Goiano;Pública Federal;Ifet/Cefet;5221809;URUTAI;GO;CENTRO-OESTE;1;113631;22;21;50,5333;3,0695;60,8905;3,3081;3,2485;4;
2013;17;AGRONOMIA;1307;FACULDADE DE ENSINO SUPERIOR E FORMAÇÃO INTEGRAL;FAEF;Privada com fins lucrativos;Faculdade;3516705;GARCA;SP;SUDESTE;1;17259;35;32;42,7844;1,7077;44,1406;1,1444;1,2852;2;
2013;17;AGRONOMIA;1336;FACULDADE ASSIS GURGACZ;FAG;Privada sem fins lucrativos;Faculdade;4104808;CASCAVEL;PR;SUL;1;66761;113;109;48,9798;2,7965;56,7193;2,7693;2,7761;3;
2013;17;AGRONOMIA;1396;Centro Universitário Dinâmica das Cataratas;UDC;Privada com fins lucrativos;Centro Universitário;4108304;FOZ DO IGUACU;PR;SUL;1;107635;21;18;48,1222;2,6458;56,8500;2,7862;2,7511;3;
2013;17;AGRONOMIA;1426;INSTITUTO LUTERANO DE ENSINO SUPERIOR DE ITUMBIARA;ILES;Privada sem fins lucrativos;Faculdade;5211503;ITUMBIARA;GO;CENTRO-OESTE;1;15977;78;73;42,5849;1,6727;41,3041;0,7780;1,0016;2;
2013;17;AGRONOMIA;1450;CENTRO UNIVERSITÁRIO DO CERRADO-PATROCÍNIO;UNICERP;Privada sem fins lucrativos;Centro Universitário;3148103;PATROCINIO;MG;SUDESTE;1;89210;5;4;38,6750;0,9856;44,4500;1,1843;1,1347;2;
2013;17;AGRONOMIA;1459;FACULDADE DE CIÊNCIAS HUMANAS E SOCIAIS;FUCAMP;Privada sem fins lucrativos;Faculdade;3143104;MONTE CARMELO;MG;SUDESTE;1;5000023;58;57;49,4158;2,8731;49,7491;1,8689;2,1199;3;
2013;17;AGRONOMIA;1575;CENTRO UNIVERSITÁRIO DO PLANALTO DE ARAXÁ;UNIARAXÁ;Privada sem fins lucrativos;Centro Universitário;3104007;ARAXA;MG;SUDESTE;1;108654;38;35;47,7486;2,5801;53,0686;2,2977;2,3683;3;
2013;17;AGRONOMIA;1766;FACULDADE ESPÍRITO SANTENSE;UNICAPE;Privada sem fins lucrativos;Faculdade;3201308;CARIACICA;ES;SUDESTE;1;48063;23;23;44,4130;1,9939;45,9087;1,3728;1,5281;2;
2013;17;AGRONOMIA;1773;FACULDADE DE ITAPIRANGA;SEI/FAI;Privada com fins lucrativos;Faculdade;4208401;ITAPIRANGA;SC;SUL;1;73528;43;42;43,8024;1,8866;52,2667;2,1941;2,1172;3;
2013;17;AGRONOMIA;1813;INSTITUTO FEDERAL DE EDUCAÇÃO, CIÊNCIA E TECNOLOGIA DO PARÁ;IFPA;Pública Federal;Ifet/Cefet;1502400;CASTANHAL;PA;NORTE;1;1122910;35;28;52,7214;3,4540;51,7571;2,1283;2,4597;3;
2013;17;AGRONOMIA;1825;FACULDADE DE ESTUDOS SUPERIORES DE MINAS GERAIS;FEAD;Privada com fins lucrativos;Faculdade;3106200;BELO HORIZONTE;MG;SUDESTE;1;50248;21;19;50,0895;2,9915;63,2158;3,6085;3,4543;4;
2013;17;AGRONOMIA;1927;FACULDADES INTEGRADAS DO VALE DO IGUAÇU;;Privada com fins lucrativos;Faculdade;4128203;UNIAO DA VITORIA;PR;SUL;1;89782;35;35;49,3600;2,8633;53,4057;2,3412;2,4718;3;
2013;17;AGRONOMIA;2323;FACULDADE DA AMAZÔNIA;FAMA;Privada com fins lucrativos;Faculdade;1100304;VILHENA;RO;NORTE;1;75774;46;41;49,3732;2,8656;47,4366;1,5702;1,8940;2;
2013;17;AGRONOMIA;2336;FACULDADE MONTES BELOS;FMB;Privada com fins lucrativos;Faculdade;5220108;SAO LUIS DE MONTES BELOS;GO;CENTRO-OESTE;1;118714;39;37;42,4676;1,6521;38,8865;0,4657;0,7623;1;
2013;17;AGRONOMIA;2365;FACULDADE CATÓLICA DO TOCANTINS;FACTO;Privada sem fins lucrativos;Faculdade;1721000;PALMAS;TO;NORTE;1;99851;64;44;45,7159;2,2229;48,6705;1,7295;1,8529;2;
2013;17;AGRONOMIA;2536;FACULDADE RORAIMENSE DE ENSINO SUPERIOR;FARES;Privada com fins lucrativos;Faculdade;1400100;BOA VISTA;RR;NORTE;1;83301;20;14;42,3000;1,6226;44,5643;1,1991;1,3050;2;
2013;17;AGRONOMIA;2564;UNIVERSIDADE FEDERAL DE CAMPINA GRANDE;UFCG;Pública Federal;Universidade;2512101;POMBAL;PB;NORDESTE;1;99800;34;29;50,1448;3,0012;53,5207;2,3561;2,5174;3;
2013;17;AGRONOMIA;2791;FACULDADE DE CIÊNCIAS AGRÁRIAS E EXATAS DE PRIMAVERA DO LESTE;;Privada com fins lucrativos;Faculdade;5107040;PRIMAVERA DO LESTE;MT;CENTRO-OESTE;1;79552;76;63;47,3238;2,5055;48,3333;1,6860;1,8909;2;
2013;17;AGRONOMIA;3151;UNIVERSIDADE COMUNITÁRIA DA REGIÃO DE CHAPECÓ;UNOCHAPECÓ;Privada sem fins lucrativos;Universidade;4204202;CHAPECO;SC;SUL;1;3851;71;53;40,5075;1,3076;46,2189;1,4128;1,3865;2;
2013;17;AGRONOMIA;3164;INSTITUTO FEDERAL DE EDUCAÇÃO, CIÊNCIA E TECNOLOGIA DE MATO GROSSO;IFMT;Pública Federal;Ifet/Cefet;5102637;CAMPO NOVO DO PARECIS;MT;CENTRO-OESTE;1;122749;34;34;49,9853;2,9732;60,4559;3,2520;3,1823;4;
2013;17;AGRONOMIA;3164;INSTITUTO FEDERAL DE EDUCAÇÃO, CIÊNCIA E TECNOLOGIA DE MATO GROSSO;IFMT;Pública Federal;Ifet/Cefet;5107800;SANTO ANTONIO DO LEVERGER;MT;CENTRO-OESTE;1;115054;20;20;51,7950;3,2912;64,9050;3,8267;3,6928;4;
2013;17;AGRONOMIA;3165;INSTITUTO FEDERAL DE EDUCAÇÃO, CIÊNCIA E TECNOLOGIA  DO TRIÂNGULO MINEIRO;;Pública Federal;Ifet/Cefet;3170107;UBERABA;MG;SUDESTE;1;1102068;31;31;55,0903;3,8703;64,0387;3,7148;3,7537;4;
2013;17;AGRONOMIA;3188;INSTITUTO FEDERAL DE EDUCAÇÃO, CIÊNCIA E TECNOLOGIA DO NORTE DE MINAS GERAIS;IFNMG;Pública Federal;Ifet/Cefet;3135209;JANUARIA;MG;SUDESTE;1;107476;32;30;49,8000;2,9406;63,2167;3,6086;3,4416;4;
2013;17;AGRONOMIA;3189;INSTITUTO FEDERAL DE EDUCAÇÃO, CIÊNCIA E TECNOLOGIA DE MINAS GERAIS;IFMG;Pública Federal;Ifet/Cefet;3105103;BAMBUI;MG;SUDESTE;1;105662;12;12;52,5083;3,4166;57,7917;2,9078;3,0350;4;
2013;17;AGRONOMIA;3193;FACULDADES INTEGRADAS DOS CAMPOS GERAIS;CESCAGE;Privada com fins lucrativos;Faculdade;4119905;PONTA GROSSA;PR;SUL;1;51906;46;42;43,1500;1,7720;51,6905;2,1197;2,0327;3;
2013;17;AGRONOMIA;3339;FACULDADE DE GETÚLIO VARGAS;FACULDADE IDEAU;Privada com fins lucrativos;Faculdade;4308904;GETULIO VARGAS;RS;SUL;1;110278;28;28;51,4393;3,2287;58,2250;2,9638;3,0300;4;
2013;17;AGRONOMIA;3460;INSTITUTO SUPERIOR DE ENSINO E PESQUISA DE ITUIUTABA;ISEPI;Privada sem fins lucrativos;Faculdade;3134202;ITUIUTABA;MG;SUDESTE;1;11657;27;27;43,1704;1,7756;47,4815;1,5760;1,6259;2;
2013;17;AGRONOMIA;3464;FACULDADE DE ENGENHARIA DE PASSOS;FEP;Privada sem fins lucrativos;Faculdade;3147907;PASSOS;MG;SUDESTE;1;20853;21;15;45,3267;2,1545;40,0200;0,6121;0,9977;2;
2013;17;AGRONOMIA;3610;FACULDADES INTEGRADAS PROMOVE DE BRASILIA;;Privada sem fins lucrativos;Faculdade;5300108;BRASILIA;DF;CENTRO-OESTE;1;5000788;12;11;52,2818;3,3768;54,7273;2,5120;2,7282;3;
2013;17;AGRONOMIA;3641;CENTRO UNIVERSITÁRIO DA FUNDAÇÃO EDUCACIONAL DE BARRETOS;UNIFEB;Privada sem fins lucrativos;Centro Universitário;3505500;BARRETOS;SP;SUDESTE;1;107283;13;11;43,0455;1,7536;50,6000;1,9788;1,9225;2;
2013;17;AGRONOMIA;3849;FUNDAÇÃO UNIVERSIDADE FEDERAL DO TOCANTINS;UFT;Pública Federal;Universidade;1709500;GURUPI;TO;NORTE;1;17149;77;69;48,0464;2,6324;55,4000;2,5989;2,6073;3;
2013;17;AGRONOMIA;3921;FACULDADE ARNALDO HORÁCIO FERREIRA;FAAHF;Privada com fins lucrativos;Faculdade;2919553;LUIS EDUARDO MAGALHAES;BA;NORDESTE;1;91095;34;26;52,7962;3,4671;59,5423;3,1340;3,2173;4;
2013;17;AGRONOMIA;3940;FACULDADE DE ENSINO SUPERIOR SANTA BARBARA;FAESB;Privada sem fins lucrativos;Faculdade;3554003;TATUI;SP;SUDESTE;1;110560;9;8;43,7125;1,8708;47,6625;1,5993;1,6672;2;
2013;17;AGRONOMIA;3972;CENTRO SUPERIOR DE ENSINO E PESQUISA DE MACHADO;CESEP;Privada sem fins lucrativos;Faculdade;3139003;MACHADO;MG;SUDESTE;1;4144;7;6;39,1500;1,0690;45,8333;1,3630;1,2895;2;
2013;17;AGRONOMIA;3974;UNIVERSIDADE DE RIO VERDE;FESURV;Pública Municipal;Universidade;5218805;RIO VERDE;GO;CENTRO-OESTE;1;4068;63;48;44,8625;2,0729;52,9562;2,2832;2,2306;3;
2013;17;AGRONOMIA;3984;FUNDAÇÃO UNIVERSIDADE FEDERAL DO VALE DO SÃO FRANCISCO;UNIVASF;Pública Federal;Universidade;2611101;PETROLINA;PE;NORDESTE;1;116926;8;8;64,4875;5,0000;73,9875;5,0000;5,0000;5;
2013;17;AGRONOMIA;4358;INSTITUTO FEDERAL DE EDUCAÇÃO, CIÊNCIA E TECNOLOGIA DO SUL DE MINAS GERAIS;IF SUL DE MINAS;Pública Federal;Ifet/Cefet;3139003;MACHADO;MG;SUDESTE;1;1102496;38;38;49,7132;2,9254;61,7579;3,4202;3,2965;4;
2013;17;AGRONOMIA;4358;INSTITUTO FEDERAL DE EDUCAÇÃO, CIÊNCIA E TECNOLOGIA DO SUL DE MINAS GERAIS;IF SUL DE MINAS;Pública Federal;Ifet/Cefet;3144102;MUZAMBINHO;MG;SUDESTE;1;1106312;32;32;50,1031;2,9939;63,7031;3,6715;3,5021;4;
2013;17;AGRONOMIA;4396;CENTRO UNIVERSITÁRIO DE MINEIROS;UNIFIMES;Pública Municipal;Centro Universitário;5213103;MINEIROS;GO;CENTRO-OESTE;1;17075;26;25;43,5600;1,8440;40,8560;0,7201;1,0011;2;
2013;17;AGRONOMIA;4503;UNIVERSIDADE FEDERAL DO RECÔNCAVO DA BAHIA;UFRB;Pública Federal;Universidade;2909802;CRUZ DAS ALMAS;BA;NORDESTE;1;13282;55;46;52,6130;3,4350;55,7804;2,6480;2,8447;3;
2013;17;AGRONOMIA;4504;FUNDAÇÃO UNIVERSIDADE FEDERAL DA GRANDE DOURADOS;UFGD;Pública Federal;Universidade;5003702;DOURADOS;MS;CENTRO-OESTE;1;15853;61;51;49,9725;2,9709;58,5745;3,0089;2,9994;4;
2013;17;AGRONOMIA;4567;FACULDADE CENTRO MATO-GROSSENSE;;Privada sem fins lucrativos;Faculdade;5107925;SORRISO;MT;CENTRO-OESTE;1;107564;36;35;50,9571;3,1440;53,4343;2,3449;2,5447;3;
2013;17;AGRONOMIA;4846;FACULDADE VÉRTICE;VÉRTICE;Privada com fins lucrativos;Faculdade;3140902;MATIPO;MG;SUDESTE;1;109582;13;13;57,3231;4,2627;50,9000;2,0176;2,5788;3;
2013;17;AGRONOMIA;5077;UNIVERSIDADE ESTADUAL DE RORAIMA;UERR;Pública Estadual;Universidade;1400100;BOA VISTA;RR;NORTE;1;98657;44;33;37,2030;0,7269;35,2818;0,0000;0,1817;1;
2013;17;AGRONOMIA;5303;FACULDADE ANHANGÜERA DE DOURADOS;FAD;Privada com fins lucrativos;Faculdade;5003702;DOURADOS;MS;CENTRO-OESTE;1;47040;37;37;39,4405;1,1201;41,1568;0,7589;0,8492;1;
2013;17;AGRONOMIA;5322;FUNDAÇÃO UNIVERSIDADE FEDERAL DO PAMPA - UNIPAMPA;UNIPAMPA;Pública Federal;Universidade;4310603;ITAQUI;RS;SUL;1;103449;29;27;51,6815;3,2713;62,9222;3,5706;3,4958;4;
2013;17;AGRONOMIA;5511;FACULDADE CAMPO REAL;CAMPO REAL;Privada com fins lucrativos;Faculdade;4109401;GUARAPUAVA;PR;SUL;1;118718;58;56;47,6357;2,5603;55,6732;2,6342;2,6157;3;
2013;17;AGRONOMIA;14156;Faculdade Presidente Antônio Carlos de Teófilo Otoni;FUNEES Teófilo Otoni;Privada sem fins lucrativos;Faculdade;3168606;TEOFILO OTONI;MG;SUDESTE;1;91959;17;17;43,2000;1,7808;46,9588;1,5084;1,5765;2;
2013;17;AGRONOMIA;14248;Faculdade Presidente Antônio Carlos de Uberlândia;;Privada sem fins lucrativos;Faculdade;3170206;UBERLANDIA;MG;SUDESTE;1;79866;38;35;45,4571;2,1774;50,4829;1,9637;2,0171;3;
2013;17;AGRONOMIA;14724;INSTITUTO FEDERAL DE EDUCAÇÃO, CIÊNCIA E TECNOLOGIA DO PARANÁ;IFPR;Pública Federal;Ifet/Cefet;4117602;PALMAS;PR;SUL;1;120110;8;8;54,1250;3,7007;58,1625;2,9557;3,1420;4;
2013;17;AGRONOMIA;15015;Universidade Estadual do Norte do Paraná;UENP;Pública Estadual;Universidade;4102406;BANDEIRANTES;PR;SUL;1;4056;45;44;46,0591;2,2832;50,4841;1,9638;2,0437;3;
2013;17;AGRONOMIA;15032;UNIVERSIDADE ALTO VALE DO RIO DO PEIXE;UNIARP;Privada sem fins lucrativos;Universidade;4203006;CACADOR;SC;SUL;1;92908;24;22;45,7909;2,2361;53,6864;2,3775;2,3421;3;
2013;17;AGRONOMIA;15452;Faculdade Presidente Antônio Carlos de Bom Despacho;;Privada sem fins lucrativos;Faculdade;3107406;BOM DESPACHO;MG;SUDESTE;1;84757;48;32;46,5625;2,3717;49,6219;1,8524;1,9823;3;
2013;17;AGRONOMIA;18440;UNIVERSIDADE FEDERAL DO SUL E SUDESTE DO PARÁ;UNIFESSPA;Pública Federal;Universidade;1504208;MARABA;PA;NORTE;1;53243;35;30;33,0667;0,0000;39,5800;0,5552;0,4164;1;
2013;17;AGRONOMIA;18759;UNIVERSIDADE FEDERAL DO CARIRI;UFCA;Pública Federal;Universidade;2307304;JUAZEIRO DO NORTE;CE;NORDESTE;1;107892;42;39;46,4872;2,3584;53,3615;2,3355;2,3413;3;
2013;19;FARMÁCIA;1;UNIVERSIDADE FEDERAL DE MATO GROSSO;UFMT;Pública Federal;Universidade;5106653;PONTAL DO ARAGUAIA;MT;CENTRO-OESTE;1;21442;35;33;53,9939;3,4089;48,0030;3,4665;3,4521;4;
2013;19;FARMÁCIA;1;UNIVERSIDADE FEDERAL DE MATO GROSSO;UFMT;Pública Federal;Universidade;5107909;SINOP;MT;CENTRO-OESTE;1;116720;38;34;51,3500;2,9652;52,3882;4,0911;3,8096;4;
2013;19;FARMÁCIA;2;UNIVERSIDADE DE BRASÍLIA;UNB;Pública Federal;Universidade;5300108;BRASILIA;DF;CENTRO-OESTE;3;18030 - 112794 - 1140088;56;51;50,8373;2,8792;51,2706;3,9319;3,6687;4;
2013;19;FARMÁCIA;3;UNIVERSIDADE FEDERAL DE SERGIPE;UFS;Pública Federal;Universidade;2806701;SAO CRISTOVAO;SE;NORDESTE;1;98609;55;54;40,4537;1,1367;39,6130;2,2714;1,9877;3;
2013;19;FARMÁCIA;4;UNIVERSIDADE FEDERAL DO AMAZONAS;UFAM;Pública Federal;Universidade;1301902;ITACOATIARA;AM;NORTE;1;112090;10;10;48,1600;2,4299;39,9700;2,3222;2,3492;3;
2013;19;FARMÁCIA;4;UNIVERSIDADE FEDERAL DO AMAZONAS;UFAM;Pública Federal;Universidade;1302603;MANAUS;AM;NORTE;1;390;17;17;52,6471;3,1829;46,8824;3,3068;3,2759;4;
2013;19;FARMÁCIA;5;UNIVERSIDADE FEDERAL DO PIAUÍ;UFPI;Pública Federal;Universidade;2211001;TERESINA;PI;NORDESTE;1;516;28;24;56,9167;3,8994;51,1750;3,9183;3,9136;4;
2013;19;FARMÁCIA;6;UNIVERSIDADE FEDERAL DE OURO PRETO;UFOP;Pública Federal;Universidade;3146107;OURO PRETO;MG;SUDESTE;1;590;104;88;57,7943;4,0467;52,3330;4,0832;4,0741;5;
2013;19;FARMÁCIA;9;UNIVERSIDADE ESTADUAL DE LONDRINA;UEL;Pública Estadual;Universidade;4113700;LONDRINA;PR;SUL;1;761;55;51;53,4686;3,3208;53,7706;4,2880;4,0462;5;
2013;19;FARMÁCIA;10;PONTIFÍCIA UNIVERSIDADE CATÓLICA DO PARANÁ;PUCPR;Privada sem fins lucrativos;Universidade;4106902;CURITIBA;PR;SUL;1;61826;62;56;44,3143;1,7845;39,6696;2,2795;2,1557;3;
2013;19;FARMÁCIA;10;PONTIFÍCIA UNIVERSIDADE CATÓLICA DO PARANÁ;PUCPR;Privada sem fins lucrativos;Universidade;4127700;TOLEDO;PR;SUL;1;118912;15;15;47,3000;2,2856;42,3733;2,6646;2,5698;3;
2013;19;FARMÁCIA;13;UNIVERSIDADE DE CAXIAS DO SUL;UCS;Privada sem fins lucrativos;Universidade;4305108;CAXIAS DO SUL;RS;SUL;1;70604;51;51;50,2412;2,7792;48,7373;3,5710;3,3731;4;
2013;19;FARMÁCIA;14;UNIVERSIDADE DO VALE DO RIO DOS SINOS;UNISINOS;Privada sem fins lucrativos;Universidade;4318705;SAO LEOPOLDO;RS;SUL;1;116200;3;3;57,6333;4,0197;50,7333;3,8554;3,8964;4;
2013;19;FARMÁCIA;16;UNIVERSIDADE GAMA FILHO - Descredenciada (Despacho SERES nº 2 de 13/01/2014);UGF;Privada com fins lucrativos;Universidade;3304557;RIO DE JANEIRO;RJ;SUDESTE;1;54948;76;71;42,1761;1,4257;32,1239;1,2047;1,2599;2;
2013;19;FARMÁCIA;18;UNIVERSIDADE CATÓLICA DE PELOTAS;UCPEL;Privada sem fins lucrativos;Universidade;4314407;PELOTAS;RS;SUL;1;90207;32;30;49,3333;2,6268;45,0933;3,0520;2,9457;4;
2013;19;FARMÁCIA;19;PONTIFÍCIA UNIVERSIDADE CATÓLICA DE CAMPINAS;PUC-CAMPINAS;Privada sem fins lucrativos;Universidade;3509502;CAMPINAS;SP;SUDESTE;1;52589;53;53;52,1057;3,0920;43,6906;2,8522;2,9122;3;
2013;19;FARMÁCIA;20;UNIVERSIDADE DE PASSO FUNDO;UPF;Privada sem fins lucrativos;Universidade;4314100;PASSO FUNDO;RS;SUL;1;18483;33;32;47,5344;2,3249;38,6250;2,1307;2,1792;3;
2013;19;FARMÁCIA;21;PONTIFÍCIA UNIVERSIDADE CATÓLICA DO RIO GRANDE DO SUL;PUCRS;Privada sem fins lucrativos;Universidade;4314902;PORTO ALEGRE;RS;SUL;1;1924;52;52;46,0327;2,0729;46,3942;3,2373;2,9462;4;
2013;19;FARMÁCIA;22;UNIVERSIDADE PRESBITERIANA MACKENZIE;MACKENZIE;Privada sem fins lucrativos;Universidade;3550308;SAO PAULO;SP;SUDESTE;1;79574;84;78;56,2949;3,7951;52,4397;4,0984;4,0226;5;
2013;19;FARMÁCIA;23;UNIVERSIDADE FEEVALE;FEEVALE;Privada sem fins lucrativos;Universidade;4313409;NOVO HAMBURGO;RS;SUL;1;39975;41;41;48,3561;2,4628;42,3220;2,6573;2,6086;3;
2013;19;FARMÁCIA;30;UNIVERSIDADE JOSÉ DO ROSÁRIO VELLANO;UNIFENAS;Privada sem fins lucrativos;Universidade;3101607;ALFENAS;MG;SUDESTE;1;110659;35;35;52,4143;3,1438;45,7486;3,1453;3,1450;4;
2013;19;FARMÁCIA;30;UNIVERSIDADE JOSÉ DO ROSÁRIO VELLANO;UNIFENAS;Privada sem fins lucrativos;Universidade;3106200;BELO HORIZONTE;MG;SUDESTE;1;64912;19;17;39,0059;0,8937;33,2647;1,3671;1,2488;2;
2013;19;FARMÁCIA;30;UNIVERSIDADE JOSÉ DO ROSÁRIO VELLANO;UNIFENAS;Privada sem fins lucrativos;Universidade;3122306;DIVINOPOLIS;MG;SUDESTE;1;41031;9;8;40,4750;1,1402;27,2750;0,5140;0,6705;1;
2013;19;FARMÁCIA;30;UNIVERSIDADE JOSÉ DO ROSÁRIO VELLANO;UNIFENAS;Privada sem fins lucrativos;Universidade;3151800;POCOS DE CALDAS;MG;SUDESTE;1;20816;24;7;38,3429;0,7824;25,6714;0,2856;0,4098;1;
2013;19;FARMÁCIA;30;UNIVERSIDADE JOSÉ DO ROSÁRIO VELLANO;UNIFENAS;Privada sem fins lucrativos;Universidade;3170701;VARGINHA;MG;SUDESTE;1;20814;1;1;.;.;.;.;.;SC;
2013;19;FARMÁCIA;40;UNIVERSIDADE DO ESTADO DA BAHIA;UNEB;Pública Estadual;Universidade;2927408;SALVADOR;BA;NORDESTE;1;91531;9;9;55,8444;3,7195;46,3556;3,2318;3,3537;4;
2013;19;FARMÁCIA;47;UNIVERSIDADE ESTADUAL DE GOIÁS;UEG;Pública Estadual;Universidade;5201108;ANAPOLIS;GO;CENTRO-OESTE;1;21868;63;58;56,3586;3,8058;47,5948;3,4083;3,5077;4;
2013;19;FARMÁCIA;54;UNIVERSIDADE ESTADUAL DE CAMPINAS;UNICAMP;Pública Estadual;Universidade;3509502;CAMPINAS;SP;SUDESTE;1;68829;49;47;51,9745;3,0700;50,4745;3,8185;3,6314;4;
2013;19;FARMÁCIA;56;UNIVERSIDADE ESTADUAL PAULISTA JÚLIO DE MESQUITA FILHO;UNESP;Pública Estadual;Universidade;3503208;ARARAQUARA;SP;SUDESTE;1;3128;197;193;50,1736;2,7678;46,6912;3,2796;3,1517;4;
2013;19;FARMÁCIA;57;UNIVERSIDADE ESTADUAL DE MARINGÁ;UEM;Pública Estadual;Universidade;4115200;MARINGA;PR;SUL;1;27980;61;58;51,4345;2,9794;47,8517;3,4449;3,3285;4;
2013;19;FARMÁCIA;76;UNIVERSIDADE REGIONAL DE BLUMENAU;FURB;Pública Municipal;Universidade;4202404;BLUMENAU;SC;SUL;1;20229;21;21;39,7667;1,0214;30,1714;0,9265;0,9502;2;
2013;19;FARMÁCIA;78;FACULDADE DE FILOSOFIA CIÊNCIAS E LETRAS DE ALEGRE;FAFIA;Pública Municipal;Faculdade;3200201;ALEGRE;ES;SUDESTE;1;37963;16;14;34,4929;0,1363;35,0143;1,6164;1,2463;2;
2013;19;FARMÁCIA;81;UNIVERSIDADE DA REGIÃO DE JOINVILLE;UNIVILLE;Privada sem fins lucrativos;Universidade;4209102;JOINVILLE;SC;SUL;1;19126;39;39;48,5718;2,4990;41,8051;2,5836;2,5625;3;
2013;19;FARMÁCIA;82;UNIVERSIDADE DO OESTE DE SANTA CATARINA;UNOESC;Pública Municipal;Universidade;4219309;VIDEIRA;SC;SUL;1;40366;15;14;50,0143;2,7411;42,0429;2,6175;2,6484;3;
2013;19;FARMÁCIA;83;UNIVERSIDADE DO VALE DO ITAJAÍ;UNIVALI;Privada sem fins lucrativos;Universidade;4208203;ITAJAI;SC;SUL;1;72459;44;42;51,6381;3,0136;46,9929;3,3226;3,2453;4;
2013;19;FARMÁCIA;107;UNIVERSIDADE FEDERAL DE SÃO JOÃO DEL REI;UFSJ;Pública Federal;Universidade;3122306;DIVINOPOLIS;MG;SUDESTE;1;114095;70;69;53,7406;3,3664;50,4667;3,8174;3,7046;4;
2013;19;FARMÁCIA;124;CENTRO UNIVERSITÁRIO DE ARARAQUARA;UNIARA;Privada sem fins lucrativos;Centro Universitário;3503208;ARARAQUARA;SP;SUDESTE;1;49754;54;49;48,9347;2,5599;43,0429;2,7599;2,7099;3;
2013;19;FARMÁCIA;137;UNIVERSIDADE DO SAGRADO CORAÇÃO;USC;Privada sem fins lucrativos;Universidade;3506003;BAURU;SP;SUDESTE;1;4399;12;12;48,0667;2,4142;36,1167;1,7734;1,9336;2;
2013;19;FARMÁCIA;138;CENTRO UNIVERSITÁRIO BARÃO DE MAUÁ;CBM;Privada sem fins lucrativos;Centro Universitário;3543402;RIBEIRAO PRETO;SP;SUDESTE;2;20621 - 92959;23;23;41,9826;1,3932;36,4957;1,8274;1,7188;2;
2013;19;FARMÁCIA;142;CENTRO UNIVERSITÁRIO DO TRIÂNGULO;UNITRI;Privada sem fins lucrativos;Centro Universitário;3170206;UBERLANDIA;MG;SUDESTE;1;18980;48;34;46,6000;2,1681;35,9559;1,7505;1,8549;2;
2013;19;FARMÁCIA;143;UNIVERSIDADE DE UBERABA;UNIUBE;Privada sem fins lucrativos;Universidade;3170107;UBERABA;MG;SUDESTE;1;18573;52;51;45,5784;1,9967;34,1784;1,4973;1,6221;2;
2013;19;FARMÁCIA;146;CENTRO UNIVERSITÁRIO DE RIO PRETO;UNIRP;Privada com fins lucrativos;Centro Universitário;3549805;SAO JOSE DO RIO PRETO;SP;SUDESTE;1;92769;33;33;41,4545;1,3046;33,1121;1,3454;1,3352;2;
2013;19;FARMÁCIA;150;UNIVERSIDADE DE SOROCABA;UNISO;Privada sem fins lucrativos;Universidade;3552205;SOROCABA;SP;SUDESTE;1;28663;36;33;48,8515;2,5459;39,8242;2,3015;2,3626;3;
2013;19;FARMÁCIA;163;UNIVERSIDADE ESTÁCIO DE SÁ;UNESA;Privada com fins lucrativos;Universidade;3301009;CAMPOS DO GOYTACAZES;RJ;SUDESTE;1;73113;8;6;38,2833;0,7724;25,5500;0,2683;0,3943;1;
2013;19;FARMÁCIA;163;UNIVERSIDADE ESTÁCIO DE SÁ;UNESA;Privada com fins lucrativos;Universidade;3303401;NOVA FRIBURGO;RJ;SUDESTE;1;111136;26;26;49,4885;2,6528;32,9692;1,3251;1,6570;2;
2013;19;FARMÁCIA;163;UNIVERSIDADE ESTÁCIO DE SÁ;UNESA;Privada com fins lucrativos;Universidade;3303906;PETROPOLIS;RJ;SUDESTE;1;119862;7;6;43,2500;1,6059;25,3667;0,2421;0,5831;1;
2013;19;FARMÁCIA;163;UNIVERSIDADE ESTÁCIO DE SÁ;UNESA;Privada com fins lucrativos;Universidade;3304557;RIO DE JANEIRO;RJ;SUDESTE;2;41987 - 42005;80;73;46,3712;2,1297;35,0082;1,6155;1,7440;2;
2013;19;FARMÁCIA;167;UNIVERSIDADE METODISTA DE SÃO PAULO;UMESP;Privada sem fins lucrativos;Universidade;3548708;SAO BERNARDO DO CAMPO;SP;SUDESTE;1;49831;56;55;41,5927;1,3278;29,0836;0,7716;0,9106;1;
2013;19;FARMÁCIA;203;UNIVERSIDADE SÃO JUDAS TADEU;USJT;Privada com fins lucrativos;Universidade;3550308;SAO PAULO;SP;SUDESTE;1;94906;90;80;50,8488;2,8811;42,3937;2,6675;2,7209;3;
2013;19;FARMÁCIA;208;UNIVERSIDADE DE RIBEIRÃO PRETO;UNAERP;Privada sem fins lucrativos;Universidade;3543402;RIBEIRAO PRETO;SP;SUDESTE;1;105606;47;46;49,0783;2,5840;44,5609;2,9762;2,8781;3;
2013;19;FARMÁCIA;221;UNIVERSIDADE CRUZEIRO DO SUL;UNICSUL;Privada com fins lucrativos;Universidade;3550308;SAO PAULO;SP;SUDESTE;1;81386;76;72;44,3000;1,7821;35,9472;1,7492;1,7575;2;
2013;19;FARMÁCIA;222;CENTRO UNIVERSITÁRIO DE VOTUPORANGA;UNIFEV;Privada sem fins lucrativos;Centro Universitário;3557105;VOTUPORANGA;SP;SUDESTE;1;20417;65;65;51,4446;2,9811;44,8785;3,0214;3,0113;4;
2013;19;FARMÁCIA;224;FACULDADE DE MEDICINA DO ABC;FMABC;Privada sem fins lucrativos;Faculdade;3547809;SANTO ANDRE;SP;SUDESTE;1;40430;34;34;51,4059;2,9746;48,2412;3,5004;3,3689;4;
2013;19;FARMÁCIA;227;UNIVERSIDADE CATÓLICA DE SANTOS;UNISANTOS;Privada sem fins lucrativos;Universidade;3548500;SANTOS;SP;SUDESTE;1;5966;34;28;51,4893;2,9886;45,8393;3,1583;3,1158;4;
2013;19;FARMÁCIA;234;FACULDADES OSWALDO CRUZ;FOC;Privada com fins lucrativos;Faculdade;3550308;SAO PAULO;SP;SUDESTE;1;6063;112;90;47,7533;2,3617;47,7900;3,4361;3,1675;4;
2013;19;FARMÁCIA;244;CENTRO UNIVERSITÁRIO FIEO;UNIFIEO;Privada sem fins lucrativos;Centro Universitário;3534401;OSASCO;SP;SUDESTE;1;63750;34;30;48,1767;2,4327;37,1500;1,9206;2,0486;3;
2013;19;FARMÁCIA;265;FACULDADES INTEGRADAS DE OURINHOS;FIO;Privada sem fins lucrativos;Faculdade;3534708;OURINHOS;SP;SUDESTE;1;106020;11;11;43,1091;1,5823;48,2364;3,4997;3,0203;4;
2013;19;FARMÁCIA;266;UNIVERSIDADE METODISTA DE PIRACICABA;UNIMEP;Privada sem fins lucrativos;Universidade;3538709;PIRACICABA;SP;SUDESTE;2;6411 - 116018;17;12;38,9833;0,8899;33,6083;1,4161;1,2845;2;
2013;19;FARMÁCIA;271;UNIVERSIDADE DO OESTE PAULISTA;UNOESTE;Privada sem fins lucrativos;Universidade;3541406;PRESIDENTE PRUDENTE;SP;SUDESTE;1;6486;48;47;49,9511;2,7305;40,9234;2,4580;2,5262;3;
2013;19;FARMÁCIA;275;UNIVERSIDADE DO VALE DO PARAÍBA;UNIVAP;Privada sem fins lucrativos;Universidade;3549904;SAO JOSE DOS CAMPOS;SP;SUDESTE;1;74930;9;9;55,8111;3,7139;42,5333;2,6874;2,9440;3;
2013;19;FARMÁCIA;277;CENTRO UNIVERSITÁRIO AUGUSTO MOTTA;UNISUAM;Privada sem fins lucrativos;Centro Universitário;3304557;RIO DE JANEIRO;RJ;SUDESTE;3;54382 - 1153660 - 1153688;228;198;38,6086;0,8270;30,3960;0,9585;0,9256;1;
2013;19;FARMÁCIA;295;UNIVERSIDADE DE SANTA CRUZ DO SUL;UNISC;Privada sem fins lucrativos;Universidade;4316808;SANTA CRUZ DO SUL;RS;SUL;1;38525;33;32;48,0750;2,4156;38,2313;2,0746;2,1598;3;
2013;19;FARMÁCIA;296;UNIVERSIDADE DA REGIÃO DA CAMPANHA;URCAMP;Privada sem fins lucrativos;Universidade;4301602;BAGE;RS;SUL;1;43088;21;21;47,6238;2,3399;38,6952;2,1407;2,1905;3;
2013;19;FARMÁCIA;308;UNIVERSIDADE PRESIDENTE ANTÔNIO CARLOS;UNIPAC;Privada sem fins lucrativos;Universidade;3103504;ARAGUARI;MG;SUDESTE;1;110436;31;30;44,0167;1,7346;38,0900;2,0545;1,9745;3;
2013;19;FARMÁCIA;308;UNIVERSIDADE PRESIDENTE ANTÔNIO CARLOS;UNIPAC;Privada sem fins lucrativos;Universidade;3105608;BARBACENA;MG;SUDESTE;1;51244;31;30;49,0967;2,5871;37,8967;2,0269;2,1670;3;
2013;19;FARMÁCIA;308;UNIVERSIDADE PRESIDENTE ANTÔNIO CARLOS;UNIPAC;Privada sem fins lucrativos;Universidade;3136702;JUIZ DE FORA;MG;SUDESTE;1;51352;41;37;48,2865;2,4511;38,1919;2,0690;2,1645;3;
2013;19;FARMÁCIA;316;UNIVERSIDADE NOVE DE JULHO;UNINOVE;Privada sem fins lucrativos;Universidade;3550308;SAO PAULO;SP;SUDESTE;4;21344 - 66275 - 72321 - 112340;302;266;46,7011;2,1851;41,0763;2,4798;2,4061;3;
2013;19;FARMÁCIA;319;UNIVERSIDADE CAMILO CASTELO BRANCO;UNICASTELO;Privada sem fins lucrativos;Universidade;3550308;SAO PAULO;SP;SUDESTE;1;7196;10;7;.;.;.;.;.;SC;Conforme Nota Técnica Daes/Inep nº 90/2014
2013;19;FARMÁCIA;322;UNIVERSIDADE PAULISTA;UNIP;Privada sem fins lucrativos;Universidade;1302603;MANAUS;AM;NORTE;1;60034;9;9;47,3889;2,3005;38,4889;2,1113;2,1586;3;
2013;19;FARMÁCIA;322;UNIVERSIDADE PAULISTA;UNIP;Privada sem fins lucrativos;Universidade;3502804;ARACATUBA;SP;SUDESTE;1;18754;45;45;51,5267;2,9949;43,3889;2,8092;2,8556;3;
2013;19;FARMÁCIA;322;UNIVERSIDADE PAULISTA;UNIP;Privada sem fins lucrativos;Universidade;3503208;ARARAQUARA;SP;SUDESTE;1;59588;12;12;47,2583;2,2786;41,1333;2,4879;2,4356;3;
2013;19;FARMÁCIA;322;UNIVERSIDADE PAULISTA;UNIP;Privada sem fins lucrativos;Universidade;3504008;ASSIS;SP;SUDESTE;1;59602;12;12;61,5083;4,6700;50,7250;3,8542;4,0581;5;
2013;19;FARMÁCIA;322;UNIVERSIDADE PAULISTA;UNIP;Privada sem fins lucrativos;Universidade;3506003;BAURU;SP;SUDESTE;1;18753;15;15;52,2400;3,1146;46,8000;3,2951;3,2500;4;
2013;19;FARMÁCIA;322;UNIVERSIDADE PAULISTA;UNIP;Privada sem fins lucrativos;Universidade;3509502;CAMPINAS;SP;SUDESTE;1;18750;17;17;54,7118;3,5294;45,8412;3,1585;3,2512;4;
2013;19;FARMÁCIA;322;UNIVERSIDADE PAULISTA;UNIP;Privada sem fins lucrativos;Universidade;3525904;JUNDIAI;SP;SUDESTE;1;73408;11;11;55,7636;3,7059;45,4364;3,1009;3,2521;4;
2013;19;FARMÁCIA;322;UNIVERSIDADE PAULISTA;UNIP;Privada sem fins lucrativos;Universidade;3526902;LIMEIRA;SP;SUDESTE;1;115468;7;6;54,7000;3,5274;45,5167;3,1123;3,2161;4;
2013;19;FARMÁCIA;322;UNIVERSIDADE PAULISTA;UNIP;Privada sem fins lucrativos;Universidade;3543402;RIBEIRAO PRETO;SP;SUDESTE;1;18751;12;12;56,8167;3,8826;51,3167;3,9385;3,9245;4;
2013;19;FARMÁCIA;322;UNIVERSIDADE PAULISTA;UNIP;Privada sem fins lucrativos;Universidade;3547304;SANTANA DE PARNAIBA;SP;SUDESTE;1;73364;18;18;53,6333;3,3484;41,5722;2,5505;2,7499;3;
2013;19;FARMÁCIA;322;UNIVERSIDADE PAULISTA;UNIP;Privada sem fins lucrativos;Universidade;3548500;SANTOS;SP;SUDESTE;1;115590;14;14;49,0929;2,5864;42,9571;2,7477;2,7074;3;
2013;19;FARMÁCIA;322;UNIVERSIDADE PAULISTA;UNIP;Privada sem fins lucrativos;Universidade;3549706;SAO JOSE DO RIO PARDO;SP;SUDESTE;1;76566;28;27;51,2889;2,9550;40,3370;2,3745;2,5196;3;
2013;19;FARMÁCIA;322;UNIVERSIDADE PAULISTA;UNIP;Privada sem fins lucrativos;Universidade;3549805;SAO JOSE DO RIO PRETO;SP;SUDESTE;1;17283;21;21;54,7476;3,5354;46,9571;3,3175;3,3720;4;
2013;19;FARMÁCIA;322;UNIVERSIDADE PAULISTA;UNIP;Privada sem fins lucrativos;Universidade;3549904;SAO JOSE DOS CAMPOS;SP;SUDESTE;1;59983;28;27;59,8370;4,3895;47,8519;3,4449;3,6811;4;
2013;19;FARMÁCIA;322;UNIVERSIDADE PAULISTA;UNIP;Privada sem fins lucrativos;Universidade;3550308;SAO PAULO;SP;SUDESTE;7;19540 - 38771 - 69819 - 69855 - 73386 - 76387 - 76391;95;90;55,3811;3,6417;50,5422;3,8281;3,7815;4;
2013;19;FARMÁCIA;322;UNIVERSIDADE PAULISTA;UNIP;Privada sem fins lucrativos;Universidade;3552205;SOROCABA;SP;SUDESTE;1;18752;16;16;56,8688;3,8914;55,1125;4,4791;4,3322;5;
2013;19;FARMÁCIA;322;UNIVERSIDADE PAULISTA;UNIP;Privada sem fins lucrativos;Universidade;5208707;GOIANIA;GO;CENTRO-OESTE;1;60026;56;55;55,6491;3,6867;44,5564;2,9755;3,1533;4;
2013;19;FARMÁCIA;322;UNIVERSIDADE PAULISTA;UNIP;Privada sem fins lucrativos;Universidade;5300108;BRASILIA;DF;CENTRO-OESTE;1;51400;22;21;58,8429;4,2227;50,4381;3,8133;3,9156;4;
2013;19;FARMÁCIA;330;UNIVERSIDADE IGUAÇU;UNIG;Privada sem fins lucrativos;Universidade;3302205;ITAPERUNA;RJ;SUDESTE;1;61185;55;46;48,8109;2,5391;33,2152;1,3601;1,6549;2;
2013;19;FARMÁCIA;330;UNIVERSIDADE IGUAÇU;UNIG;Privada sem fins lucrativos;Universidade;3303500;NOVA IGUACU;RJ;SUDESTE;1;80028;60;57;42,5789;1,4933;32,9526;1,3227;1,3653;2;
2013;19;FARMÁCIA;343;CENTRO UNIVERSITÁRIO NEWTON PAIVA;NEWTON PAIVA;Privada com fins lucrativos;Centro Universitário;3106200;BELO HORIZONTE;MG;SUDESTE;1;18984;39;37;45,3784;1,9631;41,1784;2,4944;2,3615;3;
2013;19;FARMÁCIA;344;CENTRO UNIVERSITÁRIO UNA;UNA;Privada com fins lucrativos;Centro Universitário;3106200;BELO HORIZONTE;MG;SUDESTE;1;72935;59;54;48,5333;2,4925;49,2241;3,6404;3,3534;4;
2013;19;FARMÁCIA;355;UNIVERSIDADE TUIUTI DO PARANÁ;UTP;Privada com fins lucrativos;Universidade;4106902;CURITIBA;PR;SUL;1;19212;13;13;55,2308;3,6165;43,3538;2,8042;3,0073;4;
2013;19;FARMÁCIA;374;CENTRO UNIVERSITÁRIO DAS FACULDADES METROPOLITANAS UNIDAS;FMU;Privada sem fins lucrativos;Centro Universitário;3550308;SAO PAULO;SP;SUDESTE;2;37983 - 114523;164;145;48,1172;2,4227;35,7890;1,7267;1,9007;2;
2013;19;FARMÁCIA;375;UNIVERSIDADE DE SANTO AMARO;UNISA;Privada sem fins lucrativos;Universidade;3550308;SAO PAULO;SP;SUDESTE;1;74633;66;55;50,2036;2,7729;37,0945;1,9127;2,1277;3;
2013;19;FARMÁCIA;384;CENTRO UNIVERSITÁRIO DE ANÁPOLIS;UNIEVANGÉLICA;Privada sem fins lucrativos;Centro Universitário;5201108;ANAPOLIS;GO;CENTRO-OESTE;1;81384;43;41;49,3659;2,6323;38,1073;2,0569;2,2008;3;
2013;19;FARMÁCIA;387;UNIVERSIDADE CATÓLICA DOM BOSCO;UCDB;Privada sem fins lucrativos;Universidade;5002704;CAMPO GRANDE;MS;CENTRO-OESTE;1;21696;15;12;50,2833;2,7862;40,8667;2,4500;2,5340;3;
2013;19;FARMÁCIA;398;UNIVERSIDADE TIRADENTES;UNIT;Privada com fins lucrativos;Universidade;2800308;ARACAJU;SE;NORDESTE;1;74178;19;19;45,6000;2,0003;33,7316;1,4336;1,5753;2;
2013;19;FARMÁCIA;403;UNIVERSIDADE CATÓLICA DE BRASÍLIA;UCB;Privada sem fins lucrativos;Universidade;5300108;BRASILIA;DF;CENTRO-OESTE;1;72945;54;51;50,2059;2,7732;44,3471;2,9457;2,9026;3;
2013;19;FARMÁCIA;420;UNIVERSIDADE DE MARÍLIA;UNIMAR;Privada com fins lucrativos;Universidade;3529005;MARILIA;SP;SUDESTE;1;24821;3;3;41,8667;1,3738;26,9667;0,4701;0,6960;1;
2013;19;FARMÁCIA;423;UNIVERSIDADE REGIONAL INTEGRADA DO ALTO URUGUAI E DAS MISSÕES;URI;Privada sem fins lucrativos;Universidade;4307005;ERECHIM;RS;SUL;1;20106;19;19;49,2368;2,6106;46,2526;3,2171;3,0655;4;
2013;19;FARMÁCIA;423;UNIVERSIDADE REGIONAL INTEGRADA DO ALTO URUGUAI E DAS MISSÕES;URI;Privada sem fins lucrativos;Universidade;4308508;FREDERICO WESTPHALEN;RS;SUL;1;38026;10;10;55,2700;3,6231;51,9100;4,0230;3,9230;4;
2013;19;FARMÁCIA;423;UNIVERSIDADE REGIONAL INTEGRADA DO ALTO URUGUAI E DAS MISSÕES;URI;Privada sem fins lucrativos;Universidade;4317400;SANTIAGO;RS;SUL;1;115370;26;26;46,8346;2,2075;38,6731;2,1375;2,1550;3;
2013;19;FARMÁCIA;423;UNIVERSIDADE REGIONAL INTEGRADA DO ALTO URUGUAI E DAS MISSÕES;URI;Privada sem fins lucrativos;Universidade;4317509;SANTO ANGELO;RS;SUL;1;38028;36;36;43,8833;1,7122;40,4361;2,3886;2,2195;3;
2013;19;FARMÁCIA;426;CENTRO UNIVERSITÁRIO FRANCISCANO;UNIFRA;Privada sem fins lucrativos;Centro Universitário;4316907;SANTA MARIA;RS;SUL;1;38054;21;21;53,5857;3,3404;40,0429;2,3326;2,5846;3;
2013;19;FARMÁCIA;437;UNIVERSIDADE PARANAENSE;UNIPAR;Privada sem fins lucrativos;Universidade;4118402;PARANAVAI;PR;SUL;1;53165;34;34;49,5118;2,6567;36,6765;1,8531;2,0540;3;
2013;19;FARMÁCIA;437;UNIVERSIDADE PARANAENSE;UNIPAR;Privada sem fins lucrativos;Universidade;4127700;TOLEDO;PR;SUL;1;53167;32;32;46,3344;2,1235;45,4562;3,1037;2,8587;3;
2013;19;FARMÁCIA;437;UNIVERSIDADE PARANAENSE;UNIPAR;Privada sem fins lucrativos;Universidade;4128104;UMUARAMA;PR;SUL;1;53177;60;60;46,7167;2,1877;39,3933;2,2401;2,2270;3;
2013;19;FARMÁCIA;441;UNIVERSIDADE DO CONTESTADO;UNC;Privada sem fins lucrativos;Universidade;4203808;CANOINHAS;SC;SUL;1;64524;44;43;36,7744;0,5192;31,8349;1,1635;1,0024;2;
2013;19;FARMÁCIA;441;UNIVERSIDADE DO CONTESTADO;UNC;Privada sem fins lucrativos;Universidade;4204301;CONCORDIA;SC;SUL;1;70144;15;13;38,9385;0,8824;32,4077;1,2451;1,1544;2;
2013;19;FARMÁCIA;446;UNIVERSIDADE DE CRUZ ALTA;UNICRUZ;Privada sem fins lucrativos;Universidade;4306106;CRUZ ALTA;RS;SUL;1;18053;22;22;46,5545;2,1605;41,1091;2,4845;2,4035;3;
2013;19;FARMÁCIA;449;UNIVERSIDADE LUTERANA DO BRASIL;ULBRA;Privada sem fins lucrativos;Universidade;4304606;CANOAS;RS;SUL;1;9301;26;26;45,9385;2,0571;39,0423;2,1901;2,1568;3;
2013;19;FARMÁCIA;450;CENTRO UNIVERSITÁRIO LUTERANO DE JI-PARANÁ;CEULJI/ULBRA;Privada sem fins lucrativos;Centro Universitário;1100122;JI-PARANA;RO;NORTE;1;118390;41;41;33,6805;0,0000;33,0317;1,3340;1,0005;2;
2013;19;FARMÁCIA;453;CENTRO UNIVERSITÁRIO LUTERANO DE PALMAS;CEULP;Privada sem fins lucrativos;Centro Universitário;1721000;PALMAS;TO;NORTE;1;52465;26;25;49,4960;2,6541;36,8760;1,8815;2,0747;3;
2013;19;FARMÁCIA;457;UNIVERSIDADE ANHANGUERA DE SÃO PAULO - UNIAN-SP;UNIAN - SP;Privada com fins lucrativos;Universidade;3534401;OSASCO;SP;SUDESTE;1;44510;91;80;44,2337;1,7710;32,2238;1,2189;1,3569;2;
2013;19;FARMÁCIA;457;UNIVERSIDADE ANHANGUERA DE SÃO PAULO - UNIAN-SP;UNIAN - SP;Privada com fins lucrativos;Universidade;3547809;SANTO ANDRE;SP;SUDESTE;1;18450;19;18;54,5444;3,5013;40,9056;2,4555;2,7170;3;
2013;19;FARMÁCIA;457;UNIVERSIDADE ANHANGUERA DE SÃO PAULO - UNIAN-SP;UNIAN - SP;Privada com fins lucrativos;Universidade;3548708;SAO BERNARDO DO CAMPO;SP;SUDESTE;1;44508;150;145;42,2786;1,4429;29,3166;0,8048;0,9643;2;
2013;19;FARMÁCIA;457;UNIVERSIDADE ANHANGUERA DE SÃO PAULO - UNIAN-SP;UNIAN - SP;Privada com fins lucrativos;Universidade;3550308;SAO PAULO;SP;SUDESTE;1;44936;23;21;41,6000;1,3290;33,8571;1,4515;1,4209;2;
2013;19;FARMÁCIA;466;UNIVERSIDADE ANHEMBI MORUMBI;UAM;Privada com fins lucrativos;Universidade;3550308;SAO PAULO;SP;SUDESTE;1;55840;53;42;48,1738;2,4322;40,7929;2,4395;2,4376;3;
2013;19;FARMÁCIA;472;UNIVERSIDADE DO GRANDE RIO PROFESSOR JOSÉ DE SOUZA HERDY;UNIGRANRIO;Privada sem fins lucrativos;Universidade;3301702;DUQUE DE CAXIAS;RJ;SUDESTE;1;9724;257;218;48,3743;2,4659;36,0876;1,7692;1,9434;2;
2013;19;FARMÁCIA;480;CENTRO UNIVERSITÁRIO SERRA DOS ÓRGÃOS;UNIFESO;Privada sem fins lucrativos;Centro Universitário;3305802;TERESOPOLIS;RJ;SUDESTE;1;107550;43;42;51,0310;2,9117;37,9810;2,0389;2,2571;3;
2013;19;FARMÁCIA;481;UNIVERSIDADE GUARULHOS;UNG;Privada sem fins lucrativos;Universidade;3518800;GUARULHOS;SP;SUDESTE;1;9848;57;55;46,1927;2,0998;38,5436;2,1191;2,1142;3;
2013;19;FARMÁCIA;482;UNIVERSIDADE DO EXTREMO SUL CATARINENSE;UNESC;Privada sem fins lucrativos;Universidade;4204608;CRICIUMA;SC;SUL;1;21891;40;40;45,9650;2,0615;41,8775;2,5939;2,4608;3;
2013;19;FARMÁCIA;494;UNIVERSIDADE DO SUL DE SANTA CATARINA;UNISUL;Privada sem fins lucrativos;Universidade;4218707;TUBARAO;SC;SUL;1;46244;21;20;45,9600;2,0607;44,2400;2,9305;2,7130;3;
2013;19;FARMÁCIA;496;UNIVERSIDADE DE FRANCA;UNIFRAN;Privada com fins lucrativos;Universidade;3516200;FRANCA;SP;SUDESTE;1;21592;27;27;52,9852;3,2396;41,5074;2,5412;2,7158;3;
2013;19;FARMÁCIA;501;ESCOLA SUPERIOR DE CIÊNCIAS DA SANTA CASA DE MISERICÓRDIA DE VITÓRIA;EMESCAM;Privada sem fins lucrativos;Faculdade;3205309;VITORIA;ES;SUDESTE;1;21250;37;37;45,5054;1,9844;35,4216;1,6744;1,7519;2;
2013;19;FARMÁCIA;506;FACULDADE DE MEDICINA DE CAMPOS;FMC;Privada sem fins lucrativos;Faculdade;3301009;CAMPOS DO GOYTACAZES;RJ;SUDESTE;1;55099;24;21;36,8952;0,5395;31,2238;1,0764;0,9422;1;
2013;19;FARMÁCIA;515;CENTRO UNIVERSITÁRIO ANHANGUERA DE NITERÓI;UNIAN;Privada com fins lucrativos;Centro Universitário;3303302;NITEROI;RJ;SUDESTE;1;62198;50;45;48,8911;2,5526;35,2378;1,6482;1,8743;2;
2013;19;FARMÁCIA;521;UNIVERSIDADE DE MOGI DAS CRUZES;UMC;Privada com fins lucrativos;Universidade;3530607;MOGI DAS CRUZES;SP;SUDESTE;1;10606;65;48;52,9458;3,2330;45,5313;3,1144;3,1440;4;
2013;19;FARMÁCIA;521;UNIVERSIDADE DE MOGI DAS CRUZES;UMC;Privada com fins lucrativos;Universidade;3550308;SAO PAULO;SP;SUDESTE;1;121054;91;57;51,6000;3,0072;39,7702;2,2938;2,4721;3;Divulgação com base no Processo Administrativo Inep nº 23036.000209/2015-56
2013;19;FARMÁCIA;522;CENTRO UNIVERSITÁRIO CELSO LISBOA;UCL;Privada sem fins lucrativos;Centro Universitário;3304557;RIO DE JANEIRO;RJ;SUDESTE;1;86701;26;25;52,7680;3,2032;35,3120;1,6588;2,0449;3;
2013;19;FARMÁCIA;526;UNIVERSIDADE BRAZ CUBAS;UBC;Privada com fins lucrativos;Universidade;3530607;MOGI DAS CRUZES;SP;SUDESTE;1;54726;19;19;49,0737;2,5832;40,2895;2,3677;2,4216;3;
2013;19;FARMÁCIA;532;UNIVERSIDADE REGIONAL DO NOROESTE DO ESTADO DO RIO GRANDE DO SUL;UNIJUI;Privada sem fins lucrativos;Universidade;4310207;IJUI;RS;SUL;1;18509;35;35;48,3371;2,4596;38,5771;2,1238;2,2078;3;
2013;19;FARMÁCIA;545;FACULDADE DE CIÊNCIAS ADMINISTRATIVAS E CONTÁBEIS DE ITABIRA;FACCI;Privada sem fins lucrativos;Faculdade;3131703;ITABIRA;MG;SUDESTE;1;68592;2;2;48,3500;2,4618;42,0500;2,6185;2,5793;3;
2013;19;FARMÁCIA;548;UNIVERSIDADE FEDERAL DO MARANHÃO;UFMA;Pública Federal;Universidade;2111300;SAO LUIS;MA;NORDESTE;1;11437;59;58;48,6810;2,5173;50,0724;3,7612;3,4503;4;
2013;19;FARMÁCIA;550;UNIVERSIDADE ESTADUAL DA PARAÍBA;UEPB;Pública Estadual;Universidade;2504009;CAMPINA GRANDE;PB;NORDESTE;1;11607;51;51;52,3843;3,1388;48,9608;3,6029;3,4869;4;
2013;19;FARMÁCIA;555;UNIVERSIDADE DE FORTALEZA;UNIFOR;Privada sem fins lucrativos;Universidade;2304400;FORTALEZA;CE;NORDESTE;1;18325;104;101;47,2931;2,2844;40,1574;2,3489;2,3328;3;
2013;19;FARMÁCIA;569;UNIVERSIDADE FEDERAL DO PARÁ;UFPA;Pública Federal;Universidade;1501402;BELEM;PA;NORTE;2;30176 - 52003;122;102;37,0039;0,5577;38,3010;2,0845;1,7028;2;
2013;19;FARMÁCIA;570;UNIVERSIDADE FEDERAL DO RIO GRANDE DO NORTE;UFRN;Pública Federal;Universidade;2408102;NATAL;RN;NORDESTE;2;12328 - 23793;101;101;51,0723;2,9186;47,6822;3,4208;3,2952;4;
2013;19;FARMÁCIA;571;UNIVERSIDADE FEDERAL DO PARANÁ;UFPR;Pública Federal;Universidade;4106902;CURITIBA;PR;SUL;1;12582;63;62;54,2113;3,4454;54,0387;4,3262;4,1060;5;
2013;19;FARMÁCIA;572;UNIVERSIDADE FEDERAL FLUMINENSE;UFF;Pública Federal;Universidade;3303302;NITEROI;RJ;SUDESTE;1;12695;20;18;44,7556;1,8586;40,0056;2,3273;2,2101;3;
2013;19;FARMÁCIA;573;UNIVERSIDADE FEDERAL DO ESPÍRITO SANTO;UFES;Pública Federal;Universidade;3200201;ALEGRE;ES;SUDESTE;1;116866;23;21;55,7524;3,7040;50,3095;3,7950;3,7723;4;
2013;19;FARMÁCIA;573;UNIVERSIDADE FEDERAL DO ESPÍRITO SANTO;UFES;Pública Federal;Universidade;3204906;SAO MATEUS;ES;SUDESTE;1;99098;15;15;53,7333;3,3652;51,2800;3,9332;3,7912;4;
2013;19;FARMÁCIA;573;UNIVERSIDADE FEDERAL DO ESPÍRITO SANTO;UFES;Pública Federal;Universidade;3205309;VITORIA;ES;SUDESTE;1;21460;66;53;48,3849;2,4676;48,3962;3,5225;3,2588;4;
2013;19;FARMÁCIA;575;UNIVERSIDADE FEDERAL DE MINAS GERAIS;UFMG;Pública Federal;Universidade;3106200;BELO HORIZONTE;MG;SUDESTE;5;38599 - 50483 - 50484 - 1113164 - 1113165;132;118;52,2814;3,1215;54,8678;4,4443;4,1136;5;
2013;19;FARMÁCIA;576;UNIVERSIDADE FEDERAL DE JUIZ DE FORA;UFJF;Pública Federal;Universidade;3136702;JUIZ DE FORA;MG;SUDESTE;1;38509;91;91;61,3593;4,6450;58,7692;5,0000;4,9112;5;
2013;19;FARMÁCIA;577;UNIVERSIDADE FEDERAL DE ALAGOAS;UFAL;Pública Federal;Universidade;2704302;MACEIO;AL;NORDESTE;1;20560;60;55;47,6509;2,3445;41,6709;2,5645;2,5095;3;
2013;19;FARMÁCIA;578;UNIVERSIDADE FEDERAL DA BAHIA;UFBA;Pública Federal;Universidade;2927408;SALVADOR;BA;NORDESTE;2;13285 - 117068;45;35;49,9943;2,7377;47,8314;3,4420;3,2659;4;
2013;19;FARMÁCIA;578;UNIVERSIDADE FEDERAL DA BAHIA;UFBA;Pública Federal;Universidade;2933307;VITORIA DA CONQUISTA;BA;NORDESTE;1;99036;25;25;54,7400;3,5341;52,8320;4,1543;3,9993;5;
2013;19;FARMÁCIA;579;UNIVERSIDADE FEDERAL DA PARAÍBA;UFPB;Pública Federal;Universidade;2507507;JOAO PESSOA;PB;NORDESTE;3;13421 - 44133 - 44134;61;49;46,6673;2,1794;43,3612;2,8053;2,6488;3;
2013;19;FARMÁCIA;580;UNIVERSIDADE FEDERAL DE PERNAMBUCO;UFPE;Pública Federal;Universidade;2611606;RECIFE;PE;NORDESTE;1;13600;11;11;48,0364;2,4091;45,9545;3,1747;2,9833;4;
2013;19;FARMÁCIA;581;UNIVERSIDADE FEDERAL DO RIO GRANDE DO SUL;UFRGS;Pública Federal;Universidade;4314902;PORTO ALEGRE;RS;SUL;1;13718;105;97;46,6557;2,1774;51,6691;3,9887;3,5359;4;
2013;19;FARMÁCIA;582;UNIVERSIDADE FEDERAL DE SANTA MARIA;UFSM;Pública Federal;Universidade;4316907;SANTA MARIA;RS;SUL;1;13868;118;103;45,4320;1,9721;48,0408;3,4718;3,0969;4;
2013;19;FARMÁCIA;583;UNIVERSIDADE FEDERAL DO CEARÁ;UFC;Pública Federal;Universidade;2304400;FORTALEZA;CE;NORDESTE;1;13995;94;90;52,2478;3,1159;49,9967;3,7504;3,5918;4;
2013;19;FARMÁCIA;584;UNIVERSIDADE FEDERAL DE GOIÁS;UFG;Pública Federal;Universidade;5208707;GOIANIA;GO;CENTRO-OESTE;1;14092;59;53;52,9170;3,2282;51,8151;4,0095;3,8141;4;
2013;19;FARMÁCIA;585;UNIVERSIDADE FEDERAL DE SANTA CATARINA;UFSC;Pública Federal;Universidade;4205407;FLORIANOPOLIS;SC;SUL;3;14227 - 28434 - 35551;240;204;46,6495;2,1764;47,1412;3,3437;3,0519;4;
2013;19;FARMÁCIA;586;UNIVERSIDADE FEDERAL DO RIO DE JANEIRO;UFRJ;Pública Federal;Universidade;3302403;MACAE;RJ;SUDESTE;1;120922;40;35;52,8143;3,2110;46,7686;3,2906;3,2707;4;
2013;19;FARMÁCIA;586;UNIVERSIDADE FEDERAL DO RIO DE JANEIRO;UFRJ;Pública Federal;Universidade;3304557;RIO DE JANEIRO;RJ;SUDESTE;5;14369 - 30279 - 35560 - 35563 - 1116958;73;53;52,2264;3,1123;49,2887;3,6496;3,5153;4;
2013;19;FARMÁCIA;591;UNIVERSIDADE FEDERAL DE SÃO PAULO;UNIFESP;Pública Federal;Universidade;3513801;DIADEMA;SP;SUDESTE;2;101215 - 1103258;164;149;55,3638;3,6388;49,0148;3,6106;3,6176;4;
2013;19;FARMÁCIA;595;UNIVERSIDADE FEDERAL DE ALFENAS;UNIFAL-MG;Pública Federal;Universidade;3101607;ALFENAS;MG;SUDESTE;1;14606;81;77;55,8792;3,7253;54,1351;4,3399;4,1863;5;
2013;19;FARMÁCIA;596;UNIVERSIDADE FEDERAL DOS VALES DO JEQUITINHONHA E MUCURI;UFVJM;Pública Federal;Universidade;3121605;DIAMANTINA;MG;SUDESTE;1;48923;53;49;52,4286;3,1462;47,8347;3,4425;3,3684;4;
2013;19;FARMÁCIA;609;UNIVERSIDADE ESTADUAL DO OESTE DO PARANÁ;UNIOESTE;Pública Estadual;Universidade;4104808;CASCAVEL;PR;SUL;1;70298;38;32;56,9875;3,9113;56,1312;4,6242;4,4460;5;
2013;19;FARMÁCIA;621;CENTRO UNIVERSITÁRIO CESMAC;CESMAC;Privada sem fins lucrativos;Centro Universitário;2704302;MACEIO;AL;NORDESTE;1;18089;70;69;41,4971;1,3118;34,2623;1,5092;1,4599;2;
2013;19;FARMÁCIA;663;UNIVERSIDADE SALGADO DE OLIVEIRA;UNIVERSO;Privada sem fins lucrativos;Universidade;3303302;NITEROI;RJ;SUDESTE;1;65901;49;42;38,0952;0,7409;27,6571;0,5684;0,6115;1;
2013;19;FARMÁCIA;663;UNIVERSIDADE SALGADO DE OLIVEIRA;UNIVERSO;Privada sem fins lucrativos;Universidade;3304904;SAO GONCALO;RJ;SUDESTE;1;65861;61;61;41,6918;1,3444;30,2033;0,9311;1,0344;2;
2013;19;FARMÁCIA;664;UNIVERSIDADE VILA VELHA;UVV;Privada sem fins lucrativos;Universidade;3205200;VILA VELHA;ES;SUDESTE;1;49533;12;11;57,7000;4,0309;45,5545;3,1177;3,3460;4;
2013;19;FARMÁCIA;666;UNIVERSIDADE ESTADUAL DE FEIRA DE SANTANA;UEFS;Pública Estadual;Universidade;2910800;FEIRA DE SANTANA;BA;NORDESTE;1;21112;19;11;43,0545;1,5731;38,8727;2,1659;2,0177;3;
2013;19;FARMÁCIA;669;UNIVERSIDADE NILTON LINS;UNINILTONLINS;Privada sem fins lucrativos;Universidade;1302603;MANAUS;AM;NORTE;1;20459;10;10;47,5000;2,3191;32,1800;1,2126;1,4893;2;
2013;19;FARMÁCIA;670;UNIVERSIDADE SÃO FRANCISCO;USF;Privada sem fins lucrativos;Universidade;3507605;BRAGANCA PAULISTA;SP;SUDESTE;1;15480;44;42;53,4833;3,3232;38,6071;2,1281;2,4269;3;
2013;19;FARMÁCIA;670;UNIVERSIDADE SÃO FRANCISCO;USF;Privada sem fins lucrativos;Universidade;3509502;CAMPINAS;SP;SUDESTE;1;85011;68;67;51,4940;2,9894;38,5209;2,1158;2,3342;3;
2013;19;FARMÁCIA;673;CENTRO UNIVERSITÁRIO DA GRANDE DOURADOS;UNIGRAN;Privada sem fins lucrativos;Centro Universitário;5003702;DOURADOS;MS;CENTRO-OESTE;1;63962;28;26;54,3192;3,4635;44,8654;3,0195;3,1305;4;
2013;19;FARMÁCIA;688;UNIVERSIDADE ESTADUAL DO SUDOESTE DA BAHIA;UESB;Pública Estadual;Universidade;2918001;JEQUIE;BA;NORDESTE;1;104584;44;43;53,0302;3,2472;47,9977;3,4657;3,4111;4;
2013;19;FARMÁCIA;694;UNIVERSIDADE FEDERAL DE MATO GROSSO DO SUL;UFMS;Pública Federal;Universidade;5002704;CAMPO GRANDE;MS;CENTRO-OESTE;1;15838;32;32;48,7781;2,5336;46,9063;3,3102;3,1161;4;
2013;19;FARMÁCIA;707;CENTRO UNIVERSITÁRIO CENTRAL PAULISTA;UNICEP;Privada com fins lucrativos;Centro Universitário;3548906;SAO CARLOS;SP;SUDESTE;1;63606;43;40;41,1475;1,2531;32,4275;1,2479;1,2492;2;
2013;19;FARMÁCIA;718;UNIVERSIDADE POTIGUAR;UNP;Privada com fins lucrativos;Universidade;2408102;NATAL;RN;NORDESTE;1;41800;1;1;.;.;.;.;.;SC;
2013;19;FARMÁCIA;730;UNIVERSIDADE ESTADUAL DE PONTA GROSSA;UEPG;Pública Estadual;Universidade;4119905;PONTA GROSSA;PR;SUL;1;16391;34;34;55,7441;3,7026;54,0353;4,3257;4,1699;5;
2013;19;FARMÁCIA;736;FACULDADE PITÁGORAS DE LINHARES;;Privada com fins lucrativos;Faculdade;3203205;LINHARES;ES;SUDESTE;1;68383;2;2;41,9500;1,3878;35,3000;1,6570;1,5897;2;
2013;19;FARMÁCIA;737;CENTRO UNIVERSITÁRIO SÃO CAMILO;SAO CAMILO;Privada sem fins lucrativos;Centro Universitário;3550308;SAO PAULO;SP;SUDESTE;1;21356;86;63;.;.;.;.;.;SC;Conforme Nota Técnica Daes/Inep nº 90/2014
2013;19;FARMÁCIA;739;CENTRO UNIVERSITÁRIO SÃO CAMILO - ESPÍRITO SANTO;SÃO CAMILO-ES;Privada sem fins lucrativos;Centro Universitário;3201209;CACHOEIRO DE ITAPEMIRIM;ES;SUDESTE;1;123555;50;49;43,5020;1,6482;31,9408;1,1786;1,2960;2;
2013;19;FARMÁCIA;750;CENTRO UNIVERSITÁRIO UNIRG;UNIRG;Pública Municipal;Centro Universitário;1709500;GURUPI;TO;NORTE;1;98134;51;51;40,1706;1,0891;27,0588;0,4832;0,6347;1;
2013;19;FARMÁCIA;763;INSTITUTO UNIFICADO DE ENSINO SUPERIOR OBJETIVO;IUESO;Privada sem fins lucrativos;Faculdade;5208707;GOIANIA;GO;CENTRO-OESTE;1;16739;43;43;52,5023;3,1586;38,5605;2,1215;2,3808;3;
2013;19;FARMÁCIA;780;UNIVERSIDADE DE CUIABÁ;UNIC / PITÁGORAS;Privada com fins lucrativos;Universidade;5103403;CUIABA;MT;CENTRO-OESTE;1;16826;21;21;45,1333;1,9220;42,3619;2,6629;2,4777;3;
2013;19;FARMÁCIA;792;CENTRO UNIVERSITÁRIO DO ESTADO DO PARÁ;CESUPA;Privada sem fins lucrativos;Centro Universitário;1501402;BELEM;PA;NORTE;1;62191;43;43;41,8419;1,3696;39,1465;2,2049;1,9961;3;
2013;19;FARMÁCIA;823;UNIVERSIDADE DO CEUMA - UNICEUMA;UNICEUMA;Privada sem fins lucrativos;Universidade;2111300;SAO LUIS;MA;NORDESTE;1;43986;99;98;45,5173;1,9864;33,4367;1,3916;1,5403;2;
2013;19;FARMÁCIA;826;CENTRO UNIVERSITÁRIO DE DESENVOLVIMENTO DO CENTRO-OESTE;UNIDESC;Privada sem fins lucrativos;Centro Universitário;5212501;LUZIANIA;GO;CENTRO-OESTE;1;107102;17;16;48,5250;2,4911;29,6437;0,8514;1,2613;2;
2013;19;FARMÁCIA;862;FACULDADE ESTÁCIO DE SÁ DE CAMPO GRANDE;FESCG;Privada com fins lucrativos;Faculdade;5002704;CAMPO GRANDE;MS;CENTRO-OESTE;1;46917;10;10;42,4700;1,4750;34,5000;1,5431;1,5261;2;
2013;19;FARMÁCIA;878;CENTRO UNIVERSITÁRIO DO LESTE DE MINAS GERAIS;UNILESTEMG;Privada sem fins lucrativos;Centro Universitário;3131307;IPATINGA;MG;SUDESTE;1;62472;1;1;.;.;.;.;.;SC;
2013;19;FARMÁCIA;952;UNIVERSIDADE SANTA CECÍLIA;UNISANTA;Privada sem fins lucrativos;Universidade;3548500;SANTOS;SP;SUDESTE;1;50033;25;24;44,0500;1,7402;39,4542;2,2488;2,1216;3;
2013;19;FARMÁCIA;1041;CENTRO UNIVERSITÁRIO UNIVATES;UNIVATES;Privada sem fins lucrativos;Centro Universitário;4311403;LAJEADO;RS;SUL;1;51068;37;37;49,4054;2,6389;41,1432;2,4894;2,5267;3;
2013;19;FARMÁCIA;1042;UNIVERSIDADE POSITIVO;UP;Privada com fins lucrativos;Universidade;4106902;CURITIBA;PR;SUL;1;73011;30;26;43,8731;1,7105;37,1962;1,9271;1,8730;2;
2013;19;FARMÁCIA;1043;CENTRO UNIVERSITÁRIO HERMINIO OMETTO;UNIARARAS;Privada sem fins lucrativos;Centro Universitário;3503307;ARARAS;SP;SUDESTE;1;14857;43;23;50,7304;2,8613;38,6478;2,1339;2,3157;3;
2013;19;FARMÁCIA;1046;UNIÃO DAS FACULDADES DOS GRANDES LAGOS;UNILAGO;Privada sem fins lucrativos;Faculdade;3549805;SAO JOSE DO RIO PRETO;SP;SUDESTE;1;118858;9;9;52,1889;3,1060;38,5556;2,1208;2,3671;3;
2013;19;FARMÁCIA;1058;Estácio FIB - Centro Universitário Estácio da Bahia;Estácio FIB;Privada com fins lucrativos;Centro Universitário;2927408;SALVADOR;BA;NORDESTE;1;90329;47;41;46,4098;2,1362;30,9220;1,0334;1,3091;2;
2013;19;FARMÁCIA;1078;FACULDADE INTEGRADO DE CAMPO MOURÃO;CEI;Privada com fins lucrativos;Faculdade;4104303;CAMPO MOURAO;PR;SUL;1;81098;39;29;53,6379;3,3492;40,9517;2,4621;2,6839;3;
2013;19;FARMÁCIA;1087;FACULDADES INTEGRADAS APARÍCIO CARVALHO;FIMCA;Privada sem fins lucrativos;Faculdade;1100205;PORTO VELHO;RO;NORTE;1;73755;50;47;44,9638;1,8935;33,8149;1,4455;1,5575;2;
2013;19;FARMÁCIA;1113;CENTRO UNIVERSITÁRIO EURO-AMERICANO;UNIEURO;Privada sem fins lucrativos;Centro Universitário;5300108;BRASILIA;DF;CENTRO-OESTE;2;73535 - 90467;38;37;44,9946;1,8987;36,4892;1,8264;1,8445;2;
2013;19;FARMÁCIA;1126;UNIVERSIDADE ESTADUAL DO CENTRO OESTE;UNICENTRO;Pública Estadual;Universidade;4109401;GUARAPUAVA;PR;SUL;1;64153;25;25;55,2320;3,6167;53,0440;4,1845;4,0425;5;
2013;19;FARMÁCIA;1128;UNIVERSIDADE DE ITAÚNA;UI;Privada sem fins lucrativos;Universidade;3133808;ITAUNA;MG;SUDESTE;1;70940;64;63;50,5683;2,8340;37,5397;1,9761;2,1906;3;
2013;19;FARMÁCIA;1129;CENTRO UNIVERSITÁRIO DO NORTE PAULISTA;UNORP;Privada sem fins lucrativos;Centro Universitário;3549805;SAO JOSE DO RIO PRETO;SP;SUDESTE;1;121095;40;39;41,1462;1,2529;29,9513;0,8952;0,9846;2;
2013;19;FARMÁCIA;1131;FACULDADE SANTO AGOSTINHO;FSA;Privada com fins lucrativos;Faculdade;2211001;TERESINA;PI;NORDESTE;1;108702;51;48;47,7438;2,3600;32,7625;1,2956;1,5617;2;
2013;19;FARMÁCIA;1149;CENTRO UNIVERSITÁRIO NOSSA SENHORA DO PATROCÍNIO;CEUNSP;Privada com fins lucrativos;Centro Universitário;3523909;ITU;SP;SUDESTE;1;89088;8;0;.;.;.;.;.;SC;
2013;19;FARMÁCIA;1157;ESCOLA SUPERIOR SÃO FRANCISCO DE ASSIS;ESFA;Privada sem fins lucrativos;Faculdade;3204609;SANTA TERESA;ES;SUDESTE;1;20468;20;18;51,3389;2,9634;43,0389;2,7594;2,8104;3;
2013;19;FARMÁCIA;1196;CENTRO UNIVERSITÁRIO DE MARINGÁ - UNICESUMAR;UNICESUMAR;Privada com fins lucrativos;Centro Universitário;4115200;MARINGA;PR;SUL;2;20735 - 89261;36;35;51,2400;2,9468;47,0457;3,3301;3,2343;4;
2013;19;FARMÁCIA;1224;CENTRO UNIVERSITÁRIO DE JALES;UNIJALES;Privada sem fins lucrativos;Centro Universitário;3524808;JALES;SP;SUDESTE;1;1113966;25;24;38,4375;0,7983;23,7208;0,0077;0,2054;1;
2013;19;FARMÁCIA;1230;CENTRO REGIONAL UNIVERSITÁRIO DE ESPÍRITO SANTO DO PINHAL;UNIPINHAL;Privada sem fins lucrativos;Centro Universitário;3515186;ESPIRITO SANTO DO PINHAL;SP;SUDESTE;1;21567;82;74;42,7270;1,5182;29,8000;0,8736;1,0348;2;
2013;19;FARMÁCIA;1232;CENTRO UNIVERSITÁRIO CAMPOS DE ANDRADE;UNIANDRADE;Privada sem fins lucrativos;Centro Universitário;4106902;CURITIBA;PR;SUL;1;44283;55;54;43,2407;1,6044;32,6315;1,2769;1,3588;2;
2013;19;FARMÁCIA;1244;FACULDADE BRASILEIRA;MULTIVIX VITÓRIA;Privada com fins lucrativos;Faculdade;3205309;VITORIA;ES;SUDESTE;1;19750;15;15;47,7667;2,3639;43,7267;2,8573;2,7340;3;
2013;19;FARMÁCIA;1263;FACULDADE BEZERRA DE ARAÚJO;FABA;Privada com fins lucrativos;Faculdade;3304557;RIO DE JANEIRO;RJ;SUDESTE;1;49322;28;20;46,4350;2,1404;39,1050;2,1990;2,1844;3;
2013;19;FARMÁCIA;1273;FACULDADE CAMPO LIMPO PAULISTA;FACCAMP;Privada com fins lucrativos;Faculdade;3509601;CAMPO LIMPO PAULISTA;SP;SUDESTE;1;90756;45;44;44,6205;1,8359;28,5955;0,7021;0,9855;2;
2013;19;FARMÁCIA;1281;FACULDADE DE CIÊNCIAS SOCIAIS E AGRÁRIAS DE ITAPEVA;FAIT;Privada com fins lucrativos;Faculdade;3522406;ITAPEVA;SP;SUDESTE;1;88938;18;18;35,9833;0,3865;26,9333;0,4653;0,4456;1;
2013;19;FARMÁCIA;1292;FACULDADES ADAMANTINENSES INTEGRADAS;FAI;Pública Municipal;Faculdade;3500105;ADAMANTINA;SP;SUDESTE;1;21101;58;43;41,2814;1,2756;32,6093;1,2738;1,2742;2;
2013;19;FARMÁCIA;1299;FACULDADES INTEGRADAS DE FERNANDÓPOLIS;FIFE;Privada sem fins lucrativos;Faculdade;3515509;FERNANDOPOLIS;SP;SUDESTE;1;19864;24;24;53,9583;3,4029;46,3625;3,2328;3,2753;4;
2013;19;FARMÁCIA;1336;FACULDADE ASSIS GURGACZ;FAG;Privada sem fins lucrativos;Faculdade;4104808;CASCAVEL;PR;SUL;1;67223;23;21;46,8619;2,2121;48,3810;3,5203;3,1932;4;
2013;19;FARMÁCIA;1422;CENTRO UNIVERSITÁRIO DO NORTE;UNINORTE;Privada com fins lucrativos;Centro Universitário;1302603;MANAUS;AM;NORTE;1;75106;89;70;40,1214;1,0809;33,3714;1,3823;1,3070;2;
2013;19;FARMÁCIA;1430;FACULDADE INGÁ;;Privada sem fins lucrativos;Faculdade;4115200;MARINGA;PR;SUL;1;59488;51;51;47,6255;2,3402;39,6922;2,2827;2,2970;3;
2013;19;FARMÁCIA;1461;FACULDADE DE TECNOLOGIA E CIÊNCIAS;FTC SALVADOR;Privada com fins lucrativos;Faculdade;2927408;SALVADOR;BA;NORDESTE;1;63082;50;47;49,5319;2,6601;39,9894;2,3250;2,4088;3;
2013;19;FARMÁCIA;1494;FACULDADE CATÓLICA SALESIANA DO ESPÍRITO SANTO;;Privada sem fins lucrativos;Faculdade;3205309;VITORIA;ES;SUDESTE;1;80093;18;16;41,7125;1,3479;34,6875;1,5698;1,5143;2;
2013;19;FARMÁCIA;1504;FACULDADE MAURÍCIO DE NASSAU DE MACEIÓ;;Privada sem fins lucrativos;Faculdade;2704302;MACEIO;AL;NORDESTE;1;5000196;97;96;37,6604;0,6679;29,3052;0,8032;0,7693;1;
2013;19;FARMÁCIA;1510;CENTRO UNIVERSITÁRIO ESTÁCIO DE SÁ DE SANTA CATARINA;FESSC;Privada com fins lucrativos;Centro Universitário;4216602;SAO JOSE;SC;SUL;1;112938;24;23;50,9043;2,8904;41,6435;2,5606;2,6431;3;
2013;19;FARMÁCIA;1559;CENTRO UNIVERSITÁRIO DO ESPÍRITO SANTO;UNESC;Privada sem fins lucrativos;Centro Universitário;3201506;COLATINA;ES;SUDESTE;1;119684;27;27;56,4815;3,8264;47,1926;3,3510;3,4699;4;
2013;19;FARMÁCIA;1573;FACULDADE ALFREDO NASSER;FAN;Privada sem fins lucrativos;Faculdade;5201405;APARECIDA DE GOIANIA;GO;CENTRO-OESTE;1;113228;161;153;44,3667;1,7933;31,8791;1,1698;1,3257;2;
2013;19;FARMÁCIA;1580;FACULDADE DE CIÊNCIAS E EDUCAÇÃO SENA AIRES;FACESA;Privada com fins lucrativos;Faculdade;5221858;VALPARAISO DE GOIAS;GO;CENTRO-OESTE;1;86608;49;48;44,4333;1,8045;34,4000;1,5289;1,5978;2;
2013;19;FARMÁCIA;1581;FACULDADE DA CIDADE DE SANTA LUZIA;FACSAL;Privada sem fins lucrativos;Faculdade;3157807;SANTA LUZIA;MG;SUDESTE;1;106137;26;23;46,1913;2,0995;30,5739;0,9839;1,2628;2;
2013;19;FARMÁCIA;1647;FACULDADE DE ENSINO E CULTURA DO CEARÁ;FAECE;Privada sem fins lucrativos;Faculdade;2304400;FORTALEZA;CE;NORDESTE;1;1076715;23;23;54,9043;3,5617;40,5913;2,4107;2,6985;3;
2013;19;FARMÁCIA;1657;FACULDADE EDUCACIONAL DE DOIS VIZINHOS;FAED;Privada com fins lucrativos;Faculdade;4107207;DOIS VIZINHOS;PR;SUL;1;68616;25;22;41,7273;1,3504;37,9909;2,0403;1,8679;2;
2013;19;FARMÁCIA;1672;INSTITUTO ESPERANÇA DE ENSINO SUPERIOR;IESPES;Privada sem fins lucrativos;Faculdade;1506807;SANTAREM;PA;NORTE;1;104536;99;87;46,8011;2,2019;33,8828;1,4552;1,6418;2;
2013;19;FARMÁCIA;1717;FACULDADE DE IMPERATRIZ;FACIMP;Privada com fins lucrativos;Faculdade;2105302;IMPERATRIZ;MA;NORDESTE;1;68411;71;68;45,4632;1,9773;37,1838;1,9254;1,9384;2;
2013;19;FARMÁCIA;1734;FACULDADE INTEGRAL DIFERENCIAL;FACID;Privada com fins lucrativos;Faculdade;2211001;TERESINA;PI;NORDESTE;1;119806;15;15;55,6533;3,6874;41,3667;2,5212;2,8127;3;
2013;19;FARMÁCIA;1758;FACULDADE INDEPENDENTE DO NORDESTE;FAINOR;Privada com fins lucrativos;Faculdade;2933307;VITORIA DA CONQUISTA;BA;NORDESTE;1;117018;77;76;46,4618;2,1449;35,7921;1,7271;1,8316;2;
2013;19;FARMÁCIA;1767;FACULDADE DE CIÊNCIAS SOCIAIS APLICADAS;;Privada com fins lucrativos;Faculdade;5107958;TANGARA DA SERRA;MT;CENTRO-OESTE;1;83372;16;15;52,4600;3,1515;37,2467;1,9343;2,2386;3;
2013;19;FARMÁCIA;1785;FACULDADE DE COLIDER;FACIDER;Privada sem fins lucrativos;Faculdade;5103205;COLIDER;MT;CENTRO-OESTE;1;109282;8;8;42,2250;1,4339;29,4750;0,8273;0,9790;2;
2013;19;FARMÁCIA;1815;FACULDADE DO INSTITUTO BRASIL;FIBRA;Privada com fins lucrativos;Faculdade;5201108;ANAPOLIS;GO;CENTRO-OESTE;1;87244;19;14;39,4786;0,9730;28,6929;0,7159;0,7802;1;
2013;19;FARMÁCIA;1818;FACULDADE PITÁGORAS DE BELO HORIZONTE;FPAS;Privada com fins lucrativos;Faculdade;3106200;BELO HORIZONTE;MG;SUDESTE;1;94313;120;95;45,9400;2,0573;37,2347;1,9326;1,9638;3;
2013;19;FARMÁCIA;1869;CENTRO UNIVERSITÁRIO DE ITAJUBÁ;FEPI;Privada sem fins lucrativos;Centro Universitário;3132404;ITAJUBA;MG;SUDESTE;1;67795;7;6;46,2167;2,1038;31,7667;1,1538;1,3913;2;
2013;19;FARMÁCIA;1883;FACULDADE DE CIÊNCIAS AGRÁRIAS E DA SAÚDE;FAS;Privada com fins lucrativos;Faculdade;2919207;LAURO DE FREITAS;BA;NORDESTE;1;56170;21;19;42,0421;1,4032;38,4947;2,1121;1,9349;2;
2013;19;FARMÁCIA;1913;FACULDADE DE MINAS;FAMINAS;Privada com fins lucrativos;Faculdade;3143906;MURIAE;MG;SUDESTE;1;67799;1;1;.;.;.;.;.;SC;
2013;19;FARMÁCIA;1917;FACULDADE DE CIÊNCIAS BIOMÉDICAS DE CACOAL;FACIMED;Privada com fins lucrativos;Faculdade;1100049;CACOAL;RO;NORTE;1;119996;57;57;46,9596;2,2285;34,3053;1,5154;1,6936;2;
2013;19;FARMÁCIA;1939;INSTITUTO DE ENSINO SUPERIOR DE LONDRINA - INESUL;INESUL;Privada com fins lucrativos;Faculdade;4113700;LONDRINA;PR;SUL;1;90689;44;42;46,5500;2,1597;29,8310;0,8780;1,1985;2;
2013;19;FARMÁCIA;2005;FACULDADE DE CIÊNCIAS SOCIAIS APLICADAS DE SINOP;FACISAS;Privada com fins lucrativos;Faculdade;5107909;SINOP;MT;CENTRO-OESTE;1;88488;6;6;47,5167;2,3219;44,6167;2,9841;2,8186;3;
2013;19;FARMÁCIA;2009;FACULDADE DE TAQUARITINGA;FTGA;Privada sem fins lucrativos;Faculdade;3553708;TAQUARITINGA;SP;SUDESTE;1;58862;21;17;42,9588;1,5571;26,3882;0,3877;0,6800;1;
2013;19;FARMÁCIA;2077;FACULDADE ANGLO-AMERICANO;FAA;Privada com fins lucrativos;Faculdade;4108304;FOZ DO IGUACU;PR;SUL;1;91189;45;41;49,6927;2,6871;39,8829;2,3098;2,4042;3;
2013;19;FARMÁCIA;2086;INSTITUTO DE ENSINO SUPERIOR DE FOZ DO IGUAÇU;IESFI;Privada sem fins lucrativos;Faculdade;4108304;FOZ DO IGUACU;PR;SUL;1;5000365;15;13;39,3769;0,9560;29,8154;0,8758;0,8959;1;
2013;19;FARMÁCIA;2111;INSTITUTO SUPERIOR DE TEOLOGIA APLICADA;INTA;Privada sem fins lucrativos;Faculdade;2312908;SOBRAL;CE;NORDESTE;1;118958;60;57;51,8035;3,0413;36,6158;1,8445;2,1437;3;
2013;19;FARMÁCIA;2135;FACULDADE CATÓLICA RAINHA DO SERTÃO;FCRS;Privada sem fins lucrativos;Faculdade;2311306;QUIXADA;CE;NORDESTE;1;71599;16;16;47,6813;2,3496;36,3812;1,8111;1,9457;3;
2013;19;FARMÁCIA;2158;FACULDADE SANTA MARIA;FSM;Privada com fins lucrativos;Faculdade;2503704;CAJAZEIRAS;PB;NORDESTE;1;105916;58;57;47,0404;2,2420;34,0351;1,4769;1,6682;2;
2013;19;FARMÁCIA;2271;FACULDADE PITÁGORAS DE IPATINGA;FPI;Privada com fins lucrativos;Faculdade;3131307;IPATINGA;MG;SUDESTE;1;94248;30;27;49,0222;2,5746;36,1704;1,7810;1,9794;3;
2013;19;FARMÁCIA;2336;FACULDADE MONTES BELOS;FMB;Privada com fins lucrativos;Faculdade;5220108;SAO LUIS DE MONTES BELOS;GO;CENTRO-OESTE;1;96365;89;69;44,1812;1,7622;34,0145;1,4739;1,5460;2;
2013;19;FARMÁCIA;2409;FACULDADE ASCES;ASCES;Privada sem fins lucrativos;Faculdade;2604106;CARUARU;PE;NORDESTE;1;89996;45;43;52,6744;3,1875;41,1209;2,4862;2,6615;3;
2013;19;FARMÁCIA;2413;FACULDADE DE ENSINO SUPERIOR DE FLORIANO;FAESF;Privada com fins lucrativos;Faculdade;2203909;FLORIANO;PI;NORDESTE;1;94211;4;4;63,4750;5,0000;47,5500;3,4019;3,8015;4;
2013;19;FARMÁCIA;2428;FACULDADE DE CIÊNCIAS E TECNOLOGIAS DE CAMPOS GERAIS;FACICA;Privada com fins lucrativos;Faculdade;3111606;CAMPOS GERAIS;MG;SUDESTE;1;118748;14;14;41,6857;1,3434;33,9071;1,4587;1,4298;2;
2013;19;FARMÁCIA;2437;FACULDADE PITÁGORAS DE TEIXEIRA DE FREITAS;PIT TEIXEIRA;Privada com fins lucrativos;Faculdade;2931350;TEIXEIRA DE FREITAS;BA;NORDESTE;1;91007;19;17;42,6824;1,5107;33,9118;1,4593;1,4721;2;
2013;19;FARMÁCIA;2474;FACULDADE MARIA MILZA;FAMAM;Privada com fins lucrativos;Faculdade;2909802;CRUZ DAS ALMAS;BA;NORDESTE;1;94909;22;22;52,0364;3,0804;41,8682;2,5926;2,7146;3;
2013;19;FARMÁCIA;2494;FACULDADE DE PINDAMONHANGABA;FAPI;Privada sem fins lucrativos;Faculdade;3538006;PINDAMONHANGABA;SP;SUDESTE;1;55288;65;63;47,0968;2,2515;37,7048;1,9996;2,0626;3;
2013;19;FARMÁCIA;2501;FACULDADE ESTÁCIO DE SÁ DE GOIÁS;FESGO;Privada com fins lucrativos;Faculdade;5208707;GOIANIA;GO;CENTRO-OESTE;1;109303;46;40;39,7075;1,0114;30,0775;0,9132;0,9377;1;
2013;19;FARMÁCIA;2564;UNIVERSIDADE FEDERAL DE CAMPINA GRANDE;UFCG;Pública Federal;Universidade;2505105;CUITE;PB;NORDESTE;1;107495;46;44;49,0182;2,5739;43,3000;2,7966;2,7409;3;
2013;19;FARMÁCIA;2565;ABEU - CENTRO UNIVERSITÁRIO;UNIABEU;Privada sem fins lucrativos;Centro Universitário;3300456;BELFORD ROXO;RJ;SUDESTE;1;108474;27;20;44,5350;1,8216;30,5900;0,9862;1,1950;2;
2013;19;FARMÁCIA;2636;FACULDADE DINÂMICA DO VALE DO PIRANGA;FADIP;Privada com fins lucrativos;Faculdade;3152105;PONTE NOVA;MG;SUDESTE;1;118990;1;0;.;.;.;.;.;SC;
2013;19;FARMÁCIA;2745;ESCOLA SUPERIOR DA AMAZÔNIA;ESAMAZ;Privada com fins lucrativos;Faculdade;1501402;BELEM;PA;NORTE;1;117960;65;0;.;.;.;.;.;SC;
2013;19;FARMÁCIA;2835;CENTRO UNIVERSITÁRIO MAURÍCIO DE NASSAU;UNINASSAU;Privada com fins lucrativos;Centro Universitário;2611606;RECIFE;PE;NORDESTE;1;74317;138;127;41,7937;1,3615;34,1331;1,4908;1,4585;2;
2013;19;FARMÁCIA;2843;FACULDADE DE CIÊNCIAS MÉDICAS E DA SAÚDE DE JUIZ DE FORA;FCMS/JF;Privada com fins lucrativos;Faculdade;3136702;JUIZ DE FORA;MG;SUDESTE;1;90939;22;18;48,7944;2,5364;41,1278;2,4872;2,4995;3;
2013;19;FARMÁCIA;2915;FACULDADE CIDADE DE PATOS DE MINAS;FPM;Privada sem fins lucrativos;Faculdade;3148004;PATOS DE MINAS;MG;SUDESTE;1;101174;30;30;42,6733;1,5091;31,1867;1,0711;1,1806;2;
2013;19;FARMÁCIA;2944;FACULDADE DO SUL;FACSUL;Privada com fins lucrativos;Faculdade;2914802;ITABUNA;BA;NORDESTE;1;91677;105;90;46,9767;2,2313;37,5322;1,9750;2,0391;3;
2013;19;FARMÁCIA;2973;FACULDADE DE CIÊNCIAS HUMANAS E BIOLÓGICAS E DA SAÚDE;;Privada com fins lucrativos;Faculdade;5107040;PRIMAVERA DO LESTE;MT;CENTRO-OESTE;1;80362;18;17;52,9588;3,2352;37,3941;1,9553;2,2753;3;
2013;19;FARMÁCIA;3034;FACULDADE DELTA;FACDELTA;Privada com fins lucrativos;Faculdade;2927408;SALVADOR;BA;NORDESTE;1;91161;95;65;49,8938;2,7209;35,6800;1,7112;1,9636;3;
2013;19;FARMÁCIA;3117;FACULDADE DE SAÚDE E DESENVOLVIMENTO HUMANO SANTO AGOSTINHO;FS;Privada com fins lucrativos;Faculdade;3143302;MONTES CLAROS;MG;SUDESTE;1;88588;13;5;55,2000;3,6113;42,2400;2,6456;2,8870;3;
2013;19;FARMÁCIA;3149;FACULDADE PITÁGORAS DE DIVINÓPOLIS - FPD;FPD;Privada com fins lucrativos;Faculdade;3122306;DIVINOPOLIS;MG;SUDESTE;1;118778;9;9;41,5000;1,3122;35,2333;1,6476;1,5637;2;
2013;19;FARMÁCIA;3151;UNIVERSIDADE COMUNITÁRIA DA REGIÃO DE CHAPECÓ;UNOCHAPECÓ;Privada sem fins lucrativos;Universidade;4204202;CHAPECO;SC;SUL;1;20999;55;55;43,6036;1,6653;36,2400;1,7909;1,7595;2;
2013;19;FARMÁCIA;3163;INSTITUTO FEDERAL DE EDUCAÇÃO, CIÊNCIA E TECNOLOGIA DO RIO DE JANEIRO;IFRJ;Pública Federal;Ifet/Cefet;3304557;RIO DE JANEIRO;RJ;SUDESTE;1;113500;49;43;54,0163;3,4127;43,6116;2,8410;2,9839;4;
2013;19;FARMÁCIA;3193;FACULDADES INTEGRADAS DOS CAMPOS GERAIS;CESCAGE;Privada com fins lucrativos;Faculdade;4119905;PONTA GROSSA;PR;SUL;1;73964;49;46;40,6783;1,1743;36,2870;1,7976;1,6418;2;
2013;19;FARMÁCIA;3204;FACULDADE DE QUATRO MARCOS;FQM;Privada com fins lucrativos;Faculdade;5107107;SAO JOSE DO QUATRO MARCOS;MT;CENTRO-OESTE;1;91358;31;31;41,7677;1,3572;27,0548;0,4826;0,7013;1;
2013;19;FARMÁCIA;3205;FACULDADE DE CIÊNCIAS BIOLÓGICAS E DA SAÚDE;FACISA;Privada com fins lucrativos;Faculdade;3171303;VICOSA;MG;SUDESTE;1;73908;26;23;48,8087;2,5388;41,6522;2,5619;2,5561;3;
2013;19;FARMÁCIA;3371;CENTRO UNIVERSITÁRIO DE PATOS DE MINAS;UNIPAM;Privada sem fins lucrativos;Centro Universitário;3148004;PATOS DE MINAS;MG;SUDESTE;1;32532;14;14;43,8286;1,7030;37,7214;2,0020;1,9272;2;
2013;19;FARMÁCIA;3372;CENTRO UNIVERSITÁRIO DE LAVRAS;UNILAVRAS;Privada sem fins lucrativos;Centro Universitário;3138203;LAVRAS;MG;SUDESTE;1;60344;6;6;30,6333;0,0000;23,6667;0,0000;0,0000;1;
2013;19;FARMÁCIA;3393;FACULDADE DE ENSINO SUPERIOR DOM BOSCO;FACDOMBOSCO;Privada com fins lucrativos;Faculdade;4106407;CORNELIO PROCOPIO;PR;SUL;1;105870;28;21;47,5095;2,3207;33,4333;1,3912;1,6236;2;
2013;19;FARMÁCIA;3434;FACULDADE DE SAÚDE IBITURUNA;FASI;Privada sem fins lucrativos;Faculdade;3143302;MONTES CLAROS;MG;SUDESTE;1;74280;75;72;48,3792;2,4667;35,0583;1,6226;1,8336;2;
2013;19;FARMÁCIA;3515;FACULDADES INTEGRADAS DA VITÓRIA DE SANTO ANTÃO;FAINTVISA;Privada com fins lucrativos;Faculdade;2616407;VITORIA DE SANTO ANTAO;PE;NORDESTE;1;83024;55;53;45,3943;1,9658;32,9434;1,3214;1,4825;2;
2013;19;FARMÁCIA;3602;FACULDADES INTEGRADAS DO BRASIL;FACBRASIL;Privada com fins lucrativos;Faculdade;4106902;CURITIBA;PR;SUL;1;89484;43;43;49,9814;2,7356;42,3744;2,6647;2,6824;3;
2013;19;FARMÁCIA;3603;FACULDADE ANHANGUERA DE GUARULHOS;;Privada com fins lucrativos;Faculdade;3518800;GUARULHOS;SP;SUDESTE;1;109298;10;10;53,2900;3,2908;31,0900;1,0574;1,6157;2;
2013;19;FARMÁCIA;3615;FACULDADE PERNAMBUCANA DE SAÚDE;FPS;Privada sem fins lucrativos;Faculdade;2611606;RECIFE;PE;NORDESTE;1;106024;16;16;50,6375;2,8457;36,0375;1,7621;2,0330;3;
2013;19;FARMÁCIA;3641;CENTRO UNIVERSITÁRIO DA FUNDAÇÃO EDUCACIONAL DE BARRETOS;UNIFEB;Privada sem fins lucrativos;Centro Universitário;3505500;BARRETOS;SP;SUDESTE;2;85504 - 115890;51;48;48,8167;2,5401;41,0229;2,4722;2,4892;3;
2013;19;FARMÁCIA;3840;CENTRO UNIVERSITÁRIO FACVEST;FACVEST;Privada com fins lucrativos;Centro Universitário;4209300;LAGES;SC;SUL;1;90726;16;16;47,4875;2,3170;36,8250;1,8743;1,9850;3;
2013;19;FARMÁCIA;3869;INSTITUTO FLORENCE DE ENSINO SUPERIOR;IFES;Privada com fins lucrativos;Faculdade;2111300;SAO LUIS;MA;NORDESTE;1;98138;49;42;47,6405;2,3427;30,5976;0,9872;1,3261;2;
2013;19;FARMÁCIA;3974;UNIVERSIDADE DE RIO VERDE;FESURV;Pública Municipal;Universidade;5218805;RIO VERDE;GO;CENTRO-OESTE;1;69326;30;26;46,5885;2,1662;34,5846;1,5551;1,7079;2;
2013;19;FARMÁCIA;3984;FUNDAÇÃO UNIVERSIDADE FEDERAL DO VALE DO SÃO FRANCISCO;UNIVASF;Pública Federal;Universidade;2611101;PETROLINA;PE;NORDESTE;1;116914;6;6;63,2000;4,9539;61,2500;5,0000;4,9885;5;
2013;19;FARMÁCIA;3987;FACULDADE UNIÃO DE GOYAZES;FUG;Privada com fins lucrativos;Faculdade;5221403;TRINDADE;GO;CENTRO-OESTE;1;104606;41;40;46,1775;2,0972;30,4425;0,9651;1,2482;2;
2013;19;FARMÁCIA;4010;CENTRO UNIVERSITÁRIO METODISTA;IPA;Privada sem fins lucrativos;Centro Universitário;4314902;PORTO ALEGRE;RS;SUL;1;75717;24;24;41,5500;1,3206;44,3708;2,9491;2,5420;3;
2013;19;FARMÁCIA;4017;CENTRO UNIVERSITÁRIO PADRE ANCHIETA;UNIANCHIETA;Privada com fins lucrativos;Centro Universitário;3525904;JUNDIAI;SP;SUDESTE;1;97023;54;51;47,4039;2,3030;35,9882;1,7551;1,8921;2;
2013;19;FARMÁCIA;4113;FACULDADE DE CERES;FACER;Privada com fins lucrativos;Faculdade;5205406;CERES;GO;CENTRO-OESTE;1;108454;65;64;46,8516;2,2103;36,0656;1,7661;1,8772;2;
2013;19;FARMÁCIA;4163;CENTRO UNIVERSITÁRIO BARRIGA VERDE;UNIBAVE;Privada sem fins lucrativos;Centro Universitário;4211702;ORLEANS;SC;SUL;1;103178;30;30;50,4100;2,8075;37,9100;2,0288;2,2235;3;
2013;19;FARMÁCIA;4198;FACULDADE MINEIRENSE;FAMA;Privada com fins lucrativos;Faculdade;5213103;MINEIROS;GO;CENTRO-OESTE;1;103506;28;28;46,8214;2,2053;37,3071;1,9429;2,0085;3;
2013;19;FARMÁCIA;4256;FACULDADES INTEGRADAS PITÁGORAS;FIP-MOC;Privada com fins lucrativos;Faculdade;3143302;MONTES CLAROS;MG;SUDESTE;1;91013;68;65;47,2508;2,2773;38,0815;2,0533;2,1093;3;
2013;19;FARMÁCIA;4362;FACULDADE PITÁGORAS DE BETIM;PITÁGORAS-BETIM;Privada com fins lucrativos;Faculdade;3106705;BETIM;MG;SUDESTE;1;108752;59;49;45,4204;1,9701;33,5327;1,4053;1,5465;2;
2013;19;FARMÁCIA;4613;FACULDADE DE EDUCAÇÃO E MEIO AMBIENTE;FAEMA;Privada com fins lucrativos;Faculdade;1100023;ARIQUEMES;RO;NORTE;1;104308;15;15;44,8867;1,8806;33,3200;1,3750;1,5014;2;
2013;19;FARMÁCIA;4849;FACULDADE DE CIÊNCIAS HUMANAS, ECONÔMICAS E DA SAÚDE DE ARAGUAÍNA;FAHESA / ITPAC;Privada com fins lucrativos;Faculdade;1702109;ARAGUAINA;TO;NORTE;1;92219;55;55;41,7745;1,3583;35,2891;1,6555;1,5812;2;
2013;19;FARMÁCIA;4865;FACULDADE PITÁGORAS DE SÃO LUIZ;;Privada com fins lucrativos;Faculdade;2111300;SAO LUIS;MA;NORDESTE;1;112534;27;26;44,4038;1,7996;29,7308;0,8638;1,0977;2;
2013;19;FARMÁCIA;5013;CENTRO UNIVERSITÁRIO ESTADUAL DA ZONA OESTE;UEZO;Pública Estadual;Centro Universitário;3304557;RIO DE JANEIRO;RJ;SUDESTE;1;150085;14;13;61,1385;4,6079;42,7769;2,7221;3,1935;4;
2013;19;FARMÁCIA;5322;FUNDAÇÃO UNIVERSIDADE FEDERAL DO PAMPA - UNIPAMPA;UNIPAMPA;Pública Federal;Universidade;4322400;URUGUAIANA;RS;SUL;1;103459;48;46;47,5283;2,3239;41,2804;2,5089;2,4626;3;
2013;19;FARMÁCIA;5439;FACULDADES INTEGRADAS DA UNIÃO EDUCACIONAL DO PLANALTO CENTRAL - FACIPLAC;FACIPLAC;Privada com fins lucrativos;Faculdade;5300108;BRASILIA;DF;CENTRO-OESTE;1;51281;62;58;43,2948;1,6134;31,5207;1,1187;1,2424;2;
2013;19;FARMÁCIA;5520;FACULDADE CATHEDRAL;FACES;Privada com fins lucrativos;Faculdade;1400100;BOA VISTA;RR;NORTE;1;67586;13;12;43,3583;1,6241;36,3917;1,8125;1,7654;2;
2013;19;FARMÁCIA;5550;FACULDADE ANHANGUERA DE ANÁPOLIS;FAAA;Privada com fins lucrativos;Faculdade;5201108;ANAPOLIS;GO;CENTRO-OESTE;1;105866;6;0;.;.;.;.;.;SC;
2013;19;FARMÁCIA;5592;FACULDADES INTEGRADAS DO NORTE DE MINAS - FUNORTE;FUNORTE;Privada sem fins lucrativos;Faculdade;3143302;MONTES CLAROS;MG;SUDESTE;1;81102;76;70;46,6686;2,1796;28,9771;0,7564;1,1122;2;
2013;19;FARMÁCIA;5670;FACULDADES UNIDAS DO VALE DO ARAGUAIA;UNIVAR;Privada sem fins lucrativos;Faculdade;5101803;BARRA DO GARCAS;MT;CENTRO-OESTE;1;118659;62;62;48,0323;2,4085;37,6323;1,9893;2,0941;3;
2013;19;FARMÁCIA;12847;FACULDADE EDUCACIONAL DE FRANCISCO BELTRÃO;FEFB;Privada com fins lucrativos;Faculdade;4108403;FRANCISCO BELTRAO;PR;SUL;1;1050051;30;27;46,0111;2,0693;42,3407;2,6599;2,5123;3;
2013;19;FARMÁCIA;14029;Faculdade Presidente Antônio Carlos de Aimorés;FUNEC Aimorés;Privada sem fins lucrativos;Faculdade;3101102;AIMORES;MG;SUDESTE;1;94489;24;23;43,2522;1,6063;32,4739;1,2545;1,3424;2;
2013;19;FARMÁCIA;14156;Faculdade Presidente Antônio Carlos de Teófilo Otoni;FUNEES Teófilo Otoni;Privada sem fins lucrativos;Faculdade;3168606;TEOFILO OTONI;MG;SUDESTE;1;86536;59;59;48,8034;2,5379;33,4288;1,3905;1,6774;2;
2013;19;FARMÁCIA;14162;Faculdade Presidente Antônio Carlos de Governador Valadares;FAU G. Valadares;Privada sem fins lucrativos;Faculdade;3127701;GOVERNADOR VALADARES;MG;SUDESTE;1;112992;39;37;43,7486;1,6896;28,3541;0,6677;0,9232;1;
2013;19;FARMÁCIA;14248;Faculdade Presidente Antônio Carlos de Uberlândia;;Privada sem fins lucrativos;Faculdade;3170206;UBERLANDIA;MG;SUDESTE;1;84790;47;36;44,8694;1,8777;33,0611;1,3381;1,4730;2;
2013;19;FARMÁCIA;14724;INSTITUTO FEDERAL DE EDUCAÇÃO, CIÊNCIA E TECNOLOGIA DO PARANÁ;IFPR;Pública Federal;Ifet/Cefet;4117602;PALMAS;PR;SUL;1;71157;30;26;37,8962;0,7075;33,2423;1,3640;1,1998;2;
2013;19;FARMÁCIA;15032;UNIVERSIDADE ALTO VALE DO RIO DO PEIXE;UNIARP;Privada sem fins lucrativos;Universidade;4203006;CACADOR;SC;SUL;1;52163;12;12;49,5333;2,6604;34,5000;1,5431;1,8224;2;
2013;19;FARMÁCIA;15450;Faculdade Presidente Antônio Carlos de Ipatinga;;Privada sem fins lucrativos;Faculdade;3131307;IPATINGA;MG;SUDESTE;1;84829;24;23;52,3348;3,1305;35,8304;1,7326;2,0821;3;
2013;19;FARMÁCIA;15452;Faculdade Presidente Antônio Carlos de Bom Despacho;;Privada sem fins lucrativos;Faculdade;3107406;BOM DESPACHO;MG;SUDESTE;1;73184;33;25;46,1040;2,0849;40,2600;2,3635;2,2939;3;
2013;23;ENFERMAGEM;1;UNIVERSIDADE FEDERAL DE MATO GROSSO;UFMT;Pública Federal;Universidade;5103403;CUIABA;MT;CENTRO-OESTE;1;17;47;42;50,7524;3,2799;62,8952;3,2264;3,2398;4;
2013;23;ENFERMAGEM;1;UNIVERSIDADE FEDERAL DE MATO GROSSO;UFMT;Pública Federal;Universidade;5106653;PONTAL DO ARAGUAIA;MT;CENTRO-OESTE;1;100928;27;27;57,5185;4,3280;62,8444;3,2211;3,4979;4;
2013;23;ENFERMAGEM;1;UNIVERSIDADE FEDERAL DE MATO GROSSO;UFMT;Pública Federal;Universidade;5107602;RONDONOPOLIS;MT;CENTRO-OESTE;1;100804;29;29;57,4793;4,3220;66,3586;3,5848;3,7691;4;
2013;23;ENFERMAGEM;1;UNIVERSIDADE FEDERAL DE MATO GROSSO;UFMT;Pública Federal;Universidade;5107909;SINOP;MT;CENTRO-OESTE;1;100770;78;71;50,0437;3,1701;61,7028;3,1030;3,1198;4;
2013;23;ENFERMAGEM;2;UNIVERSIDADE DE BRASÍLIA;UNB;Pública Federal;Universidade;5300108;BRASILIA;DF;CENTRO-OESTE;2;143 - 112818;34;31;50,5903;3,2548;68,0000;3,7547;3,6297;4;
2013;23;ENFERMAGEM;3;UNIVERSIDADE FEDERAL DE SERGIPE;UFS;Pública Federal;Universidade;2800308;ARACAJU;SE;NORDESTE;1;302;24;23;50,7391;3,2778;69,0043;3,8586;3,7134;4;
2013;23;ENFERMAGEM;4;UNIVERSIDADE FEDERAL DO AMAZONAS;UFAM;Pública Federal;Universidade;1301209;COARI;AM;NORTE;1;101653;20;20;44,0850;2,2470;51,9650;2,0953;2,1332;3;
2013;23;ENFERMAGEM;4;UNIVERSIDADE FEDERAL DO AMAZONAS;UFAM;Pública Federal;Universidade;1302603;MANAUS;AM;NORTE;1;2133;18;15;50,6267;3,2604;58,4000;2,7612;2,8860;3;
2013;23;ENFERMAGEM;5;UNIVERSIDADE FEDERAL DO PIAUÍ;UFPI;Pública Federal;Universidade;2203909;FLORIANO;PI;NORDESTE;1;116632;38;38;53,1368;3,6493;60,8368;3,0134;3,1724;4;
2013;23;ENFERMAGEM;5;UNIVERSIDADE FEDERAL DO PIAUÍ;UFPI;Pública Federal;Universidade;2208007;PICOS;PI;NORDESTE;1;99864;60;55;53,2018;3,6593;61,6527;3,0978;3,2382;4;
2013;23;ENFERMAGEM;5;UNIVERSIDADE FEDERAL DO PIAUÍ;UFPI;Pública Federal;Universidade;2211001;TERESINA;PI;NORDESTE;1;486;48;44;56,5545;4,1787;72,0750;4,1764;4,1770;5;
2013;23;ENFERMAGEM;7;UNIVERSIDADE FEDERAL DE SÃO CARLOS;UFSCAR;Pública Federal;Universidade;3548906;SAO CARLOS;SP;SUDESTE;1;626;23;23;34,0957;0,6995;48,7174;1,7592;1,4943;2;
2013;23;ENFERMAGEM;8;UNIVERSIDADE FEDERAL DE VIÇOSA;UFV;Pública Federal;Universidade;3171303;VICOSA;MG;SUDESTE;1;120830;28;28;56,5964;4,1852;73,3536;4,3087;4,2778;5;
2013;23;ENFERMAGEM;9;UNIVERSIDADE ESTADUAL DE LONDRINA;UEL;Pública Estadual;Universidade;4113700;LONDRINA;PR;SUL;1;763;47;46;50,7087;3,2731;69,2739;3,8865;3,7332;4;
2013;23;ENFERMAGEM;10;PONTIFÍCIA UNIVERSIDADE CATÓLICA DO PARANÁ;PUCPR;Privada sem fins lucrativos;Universidade;4106902;CURITIBA;PR;SUL;1;867;80;71;47,0408;2,7049;58,4789;2,7694;2,7532;3;
2013;23;ENFERMAGEM;10;PONTIFÍCIA UNIVERSIDADE CATÓLICA DO PARANÁ;PUCPR;Privada sem fins lucrativos;Universidade;4127700;TOLEDO;PR;SUL;1;80608;27;25;44,3520;2,2884;51,5880;2,0562;2,1143;3;
2013;23;ENFERMAGEM;12;UNIVERSIDADE FEDERAL DO RIO GRANDE;FURG;Pública Federal;Universidade;4315602;RIO GRANDE;RS;SUL;1;1043;35;35;45,9114;2,5299;65,3914;3,4847;3,2460;4;
2013;23;ENFERMAGEM;13;UNIVERSIDADE DE CAXIAS DO SUL;UCS;Privada sem fins lucrativos;Universidade;4305108;CAXIAS DO SUL;RS;SUL;1;45693;61;52;37,8442;1,2802;53,0692;2,2095;1,9772;3;
2013;23;ENFERMAGEM;14;UNIVERSIDADE DO VALE DO RIO DOS SINOS;UNISINOS;Privada sem fins lucrativos;Universidade;4318705;SAO LEOPOLDO;RS;SUL;1;1225;80;78;47,8680;2,8330;62,9218;3,2292;3,1301;4;
2013;23;ENFERMAGEM;16;UNIVERSIDADE GAMA FILHO - Descredenciada (Despacho SERES nº 2 de 13/01/2014);UGF;Privada com fins lucrativos;Universidade;3304557;RIO DE JANEIRO;RJ;SUDESTE;1;1375;208;158;39,0709;1,4703;43,8165;1,2520;1,3065;2;
2013;23;ENFERMAGEM;17;UNIVERSIDADE FEDERAL DE UBERLÂNDIA;UFU;Pública Federal;Universidade;3170206;UBERLANDIA;MG;SUDESTE;1;20604;32;30;46,5567;2,6299;59,1400;2,8378;2,7858;3;
2013;23;ENFERMAGEM;18;UNIVERSIDADE CATÓLICA DE PELOTAS;UCPEL;Privada sem fins lucrativos;Universidade;4314407;PELOTAS;RS;SUL;1;89467;36;35;46,4543;2,6140;54,1257;2,3189;2,3927;3;
2013;23;ENFERMAGEM;19;PONTIFÍCIA UNIVERSIDADE CATÓLICA DE CAMPINAS;PUC-CAMPINAS;Privada sem fins lucrativos;Universidade;3509502;CAMPINAS;SP;SUDESTE;2;1627 - 52505;99;96;44,3083;2,2816;58,5760;2,7794;2,6550;3;
2013;23;ENFERMAGEM;20;UNIVERSIDADE DE PASSO FUNDO;UPF;Privada sem fins lucrativos;Universidade;4314100;PASSO FUNDO;RS;SUL;1;1727;23;22;42,9545;2,0719;61,4591;3,0778;2,8263;3;
2013;23;ENFERMAGEM;21;PONTIFÍCIA UNIVERSIDADE CATÓLICA DO RIO GRANDE DO SUL;PUCRS;Privada sem fins lucrativos;Universidade;4314902;PORTO ALEGRE;RS;SUL;1;19334;34;33;39,6758;1,5640;58,9364;2,8167;2,5035;3;
2013;23;ENFERMAGEM;23;UNIVERSIDADE FEEVALE;FEEVALE;Privada sem fins lucrativos;Universidade;4313409;NOVO HAMBURGO;RS;SUL;1;39925;91;90;45,6278;2,4860;62,6311;3,1991;3,0208;4;
2013;23;ENFERMAGEM;24;UNIVERSIDADE ESTADUAL DE SANTA CRUZ;UESC;Pública Estadual;Universidade;2913606;ILHEUS;BA;NORDESTE;1;2112;61;59;47,8356;2,8280;68,1763;3,7729;3,5367;4;
2013;23;ENFERMAGEM;27;UNIVERSIDADE VALE DO RIO VERDE;UNINCOR;Privada sem fins lucrativos;Universidade;3106705;BETIM;MG;SUDESTE;1;55750;1;1;.;.;.;.;.;SC;
2013;23;ENFERMAGEM;29;UNIVERSIDADE ESTADUAL DO CEARÁ;UECE;Pública Estadual;Universidade;2304400;FORTALEZA;CE;NORDESTE;1;2192;46;41;56,0927;4,1072;69,7073;3,9314;3,9753;5;
2013;23;ENFERMAGEM;30;UNIVERSIDADE JOSÉ DO ROSÁRIO VELLANO;UNIFENAS;Privada sem fins lucrativos;Universidade;3101607;ALFENAS;MG;SUDESTE;1;21613;9;9;47,6222;2,7950;52,9222;2,1943;2,3445;3;
2013;23;ENFERMAGEM;30;UNIVERSIDADE JOSÉ DO ROSÁRIO VELLANO;UNIFENAS;Privada sem fins lucrativos;Universidade;3106200;BELO HORIZONTE;MG;SUDESTE;1;64916;57;49;46,0082;2,5449;53,4367;2,2476;2,3219;3;
2013;23;ENFERMAGEM;32;UNIVERSIDADE ESTADUAL DE CIÊNCIAS DA SAÚDE DE ALAGOAS - UNCISAL;UNCISAL;Pública Estadual;Universidade;2704302;MACEIO;AL;NORDESTE;1;1122371;29;28;47,9643;2,8480;71,0750;4,0729;3,7667;4;
2013;23;ENFERMAGEM;40;UNIVERSIDADE DO ESTADO DA BAHIA;UNEB;Pública Estadual;Universidade;2911709;GUANAMBI;BA;NORDESTE;1;91801;48;44;48,6068;2,9475;61,8727;3,1206;3,0773;4;
2013;23;ENFERMAGEM;40;UNIVERSIDADE DO ESTADO DA BAHIA;UNEB;Pública Estadual;Universidade;2927408;SALVADOR;BA;NORDESTE;1;20784;18;16;51,2000;3,3492;71,4875;4,1156;3,9240;4;
2013;23;ENFERMAGEM;40;UNIVERSIDADE DO ESTADO DA BAHIA;UNEB;Pública Estadual;Universidade;2930105;SENHOR DO BONFIM;BA;NORDESTE;1;112478;53;50;46,9760;2,6949;59,3140;2,8558;2,8156;3;
2013;23;ENFERMAGEM;43;FUNDAÇÃO UNIVERSIDADE DO ESTADO DE SANTA CATARINA;UDESC;Pública Estadual;Universidade;4204202;CHAPECO;SC;SUL;1;74136;55;54;52,3389;3,5256;67,1074;3,6623;3,6281;4;
2013;23;ENFERMAGEM;54;UNIVERSIDADE ESTADUAL DE CAMPINAS;UNICAMP;Pública Estadual;Universidade;3509502;CAMPINAS;SP;SUDESTE;1;47407;39;38;43,7342;2,1927;57,4711;2,6651;2,5470;3;
2013;23;ENFERMAGEM;56;UNIVERSIDADE ESTADUAL PAULISTA JÚLIO DE MESQUITA FILHO;UNESP;Pública Estadual;Universidade;3507506;BOTUCATU;SP;SUDESTE;1;3215;19;19;46,7368;2,6578;62,2684;3,1615;3,0356;4;
2013;23;ENFERMAGEM;57;UNIVERSIDADE ESTADUAL DE MARINGÁ;UEM;Pública Estadual;Universidade;4115200;MARINGA;PR;SUL;1;46742;28;27;47,3407;2,7514;63,9037;3,3308;3,1859;4;
2013;23;ENFERMAGEM;71;UNIVERSIDADE DO ESTADO DO RIO GRANDE DO NORTE;UERN;Pública Estadual;Universidade;2402006;CAICO;RN;NORDESTE;1;100071;23;22;59,4636;4,6294;64,6773;3,4108;3,7155;4;
2013;23;ENFERMAGEM;71;UNIVERSIDADE DO ESTADO DO RIO GRANDE DO NORTE;UERN;Pública Estadual;Universidade;2408003;MOSSORO;RN;NORDESTE;1;3564;24;24;51,2500;3,3570;64,4167;3,3839;3,3771;4;
2013;23;ENFERMAGEM;71;UNIVERSIDADE DO ESTADO DO RIO GRANDE DO NORTE;UERN;Pública Estadual;Universidade;2409407;PAU DO FERROS;RN;NORDESTE;1;72429;21;21;52,4905;3,5491;54,7238;2,3808;2,6728;3;
2013;23;ENFERMAGEM;76;UNIVERSIDADE REGIONAL DE BLUMENAU;FURB;Pública Municipal;Universidade;4202404;BLUMENAU;SC;SUL;1;64642;47;46;41,4348;1,8365;58,5717;2,7790;2,5433;3;
2013;23;ENFERMAGEM;78;FACULDADE DE FILOSOFIA CIÊNCIAS E LETRAS DE ALEGRE;FAFIA;Pública Municipal;Faculdade;3200201;ALEGRE;ES;SUDESTE;1;88196;12;12;44,8583;2,3668;42,3500;1,1002;1,4169;2;
2013;23;ENFERMAGEM;83;UNIVERSIDADE DO VALE DO ITAJAÍ;UNIVALI;Privada sem fins lucrativos;Universidade;4208203;ITAJAI;SC;SUL;1;303930;13;13;46,4385;2,6116;67,5231;3,7053;3,4319;4;
2013;23;ENFERMAGEM;93;FACULDADE DE MEDICINA DE JUNDIAÍ;FMJ;Pública Municipal;Faculdade;3525904;JUNDIAI;SP;SUDESTE;1;72997;1;1;.;.;.;.;.;SC;
2013;23;ENFERMAGEM;95;UNIVERSIDADE ESTADUAL DO VALE DO ACARAÚ;UVA;Pública Estadual;Universidade;2312908;SOBRAL;CE;NORDESTE;1;4087;31;30;56,8967;4,2317;62,6767;3,2038;3,4608;4;
2013;23;ENFERMAGEM;107;UNIVERSIDADE FEDERAL DE SÃO JOÃO DEL REI;UFSJ;Pública Federal;Universidade;3122306;DIVINOPOLIS;MG;SUDESTE;1;114101;50;49;53,0633;3,6379;63,4714;3,2860;3,3740;4;
2013;23;ENFERMAGEM;124;CENTRO UNIVERSITÁRIO DE ARARAQUARA;UNIARA;Privada sem fins lucrativos;Centro Universitário;3503208;ARARAQUARA;SP;SUDESTE;1;49732;33;32;44,8688;2,3684;62,5625;3,1920;2,9861;4;
2013;23;ENFERMAGEM;138;CENTRO UNIVERSITÁRIO BARÃO DE MAUÁ;CBM;Privada sem fins lucrativos;Centro Universitário;3543402;RIBEIRAO PRETO;SP;SUDESTE;3;92965 - 117337 - 117340;49;47;50,0660;3,1735;57,5340;2,6716;2,7971;3;
2013;23;ENFERMAGEM;140;UNIVERSIDADE SEVERINO SOMBRA;USS;Privada sem fins lucrativos;Universidade;3306206;VASSOURAS;RJ;SUDESTE;1;102995;15;15;47,8400;2,8287;56,2400;2,5377;2,6104;3;
2013;23;ENFERMAGEM;142;CENTRO UNIVERSITÁRIO DO TRIÂNGULO;UNITRI;Privada sem fins lucrativos;Centro Universitário;3170206;UBERLANDIA;MG;SUDESTE;1;18979;55;35;45,6657;2,4919;51,3571;2,0323;2,1472;3;
2013;23;ENFERMAGEM;143;UNIVERSIDADE DE UBERABA;UNIUBE;Privada sem fins lucrativos;Universidade;3170107;UBERABA;MG;SUDESTE;1;20091;51;50;38,9980;1,4590;46,2720;1,5061;1,4943;2;
2013;23;ENFERMAGEM;144;FACULDADE DE CIÊNCIAS HUMANAS DE OLINDA;FACHO;Privada sem fins lucrativos;Faculdade;2609600;OLINDA;PE;NORDESTE;1;96707;34;33;37,6091;1,2438;46,9788;1,5792;1,4954;2;
2013;23;ENFERMAGEM;149;FACULDADE DE MEDICINA DE SÃO JOSÉ DO RIO PRETO;FAMERP;Pública Estadual;Faculdade;3549805;SAO JOSE DO RIO PRETO;SP;SUDESTE;1;4721;44;44;53,3386;3,6805;68,2182;3,7773;3,7531;4;
2013;23;ENFERMAGEM;163;UNIVERSIDADE ESTÁCIO DE SÁ;UNESA;Privada com fins lucrativos;Universidade;3301009;CAMPOS DO GOYTACAZES;RJ;SUDESTE;1;49889;18;15;29,5800;0,0000;41,6867;1,0316;0,7737;1;
2013;23;ENFERMAGEM;163;UNIVERSIDADE ESTÁCIO DE SÁ;UNESA;Privada com fins lucrativos;Universidade;3302403;MACAE;RJ;SUDESTE;1;102375;27;25;41,8560;1,9017;49,9840;1,8902;1,8931;2;
2013;23;ENFERMAGEM;163;UNIVERSIDADE ESTÁCIO DE SÁ;UNESA;Privada com fins lucrativos;Universidade;3303302;NITEROI;RJ;SUDESTE;1;55129;6;6;41,5667;1,8569;58,0167;2,7215;2,5054;3;
2013;23;ENFERMAGEM;163;UNIVERSIDADE ESTÁCIO DE SÁ;UNESA;Privada com fins lucrativos;Universidade;3303401;NOVA FRIBURGO;RJ;SUDESTE;1;49897;16;16;46,6625;2,6463;55,2500;2,4352;2,4880;3;
2013;23;ENFERMAGEM;163;UNIVERSIDADE ESTÁCIO DE SÁ;UNESA;Privada com fins lucrativos;Universidade;3304201;RESENDE;RJ;SUDESTE;1;111162;3;3;48,6333;2,9516;48,9333;1,7815;2,0740;3;
2013;23;ENFERMAGEM;163;UNIVERSIDADE ESTÁCIO DE SÁ;UNESA;Privada com fins lucrativos;Universidade;3304557;RIO DE JANEIRO;RJ;SUDESTE;6;41980 - 49994 - 55151 - 58435 - 102403 - 1175853;100;92;40,0815;1,6268;45,9348;1,4712;1,5101;2;
2013;23;ENFERMAGEM;165;UNIVERSIDADE VEIGA DE ALMEIDA;UVA;Privada com fins lucrativos;Universidade;3300704;CABO FRIO;RJ;SUDESTE;1;65190;16;15;58,1200;4,4212;61,4533;3,0772;3,4132;4;
2013;23;ENFERMAGEM;165;UNIVERSIDADE VEIGA DE ALMEIDA;UVA;Privada com fins lucrativos;Universidade;3304557;RIO DE JANEIRO;RJ;SUDESTE;1;61603;11;11;56,8818;4,2294;67,5364;3,7067;3,8374;4;
2013;23;ENFERMAGEM;176;UNIVERSIDADE CASTELO BRANCO;UCB;Privada sem fins lucrativos;Universidade;3304557;RIO DE JANEIRO;RJ;SUDESTE;1;66349;89;57;41,3000;1,8156;44,9298;1,3672;1,4793;2;
2013;23;ENFERMAGEM;194;ESCOLA DE ENFERMAGEM DA FUNDAÇÃO TÉCNICO EDUCACIONAL SOUZA MARQUES;EEFTESM;Privada sem fins lucrativos;Faculdade;3304557;RIO DE JANEIRO;RJ;SUDESTE;1;28072;42;27;46,1037;2,5597;44,3889;1,3112;1,6233;2;
2013;23;ENFERMAGEM;206;CENTRO UNIVERSITÁRIO ÍTALO-BRASILEIRO;UNIÍTALO;Privada sem fins lucrativos;Centro Universitário;3550308;SAO PAULO;SP;SUDESTE;1;50965;224;138;39,3464;1,5129;47,6754;1,6513;1,6167;2;Divulgação com base no Processo Administrativo Inep nº 23036.003868/2014-63
2013;23;ENFERMAGEM;208;UNIVERSIDADE DE RIBEIRÃO PRETO;UNAERP;Privada sem fins lucrativos;Universidade;3518701;GUARUJA;SP;SUDESTE;1;49572;17;16;48,4000;2,9155;54,2313;2,3298;2,4762;3;
2013;23;ENFERMAGEM;208;UNIVERSIDADE DE RIBEIRÃO PRETO;UNAERP;Privada sem fins lucrativos;Universidade;3543402;RIBEIRAO PRETO;SP;SUDESTE;1;49564;21;20;43,1150;2,0967;57,9400;2,7136;2,5594;3;
2013;23;ENFERMAGEM;216;CENTRO UNIVERSITÁRIO METODISTA IZABELA HENDRIX;CEUNIH;Privada sem fins lucrativos;Centro Universitário;3106200;BELO HORIZONTE;MG;SUDESTE;1;64559;90;70;42,6457;2,0240;49,6400;1,8546;1,8970;2;
2013;23;ENFERMAGEM;221;UNIVERSIDADE CRUZEIRO DO SUL;UNICSUL;Privada com fins lucrativos;Universidade;3550308;SAO PAULO;SP;SUDESTE;3;18440 - 81108 - 81111;138;89;.;.;.;.;.;SC;Conforme Nota Técnica Daes/Inep nº 90/2014
2013;23;ENFERMAGEM;222;CENTRO UNIVERSITÁRIO DE VOTUPORANGA;UNIFEV;Privada sem fins lucrativos;Centro Universitário;3557105;VOTUPORANGA;SP;SUDESTE;1;20419;52;52;45,4212;2,4540;59,0769;2,8313;2,7369;3;
2013;23;ENFERMAGEM;224;FACULDADE DE MEDICINA DO ABC;FMABC;Privada sem fins lucrativos;Faculdade;3547809;SANTO ANDRE;SP;SUDESTE;1;40425;28;25;57,4400;4,3159;70,2960;3,9923;4,0732;5;
2013;23;ENFERMAGEM;242;CENTRO UNIVERSITÁRIO ANHANGUERA;UNIA;Privada com fins lucrativos;Centro Universitário;3547809;SANTO ANDRE;SP;SUDESTE;1;53916;100;86;43,6000;2,1719;49,0895;1,7977;1,8912;2;
2013;23;ENFERMAGEM;265;FACULDADES INTEGRADAS DE OURINHOS;FIO;Privada sem fins lucrativos;Faculdade;3534708;OURINHOS;SP;SUDESTE;1;79833;7;2;21,1500;0,0000;40,4500;0,9036;0,6777;1;
2013;23;ENFERMAGEM;266;UNIVERSIDADE METODISTA DE PIRACICABA;UNIMEP;Privada sem fins lucrativos;Universidade;3538709;PIRACICABA;SP;SUDESTE;1;72540;3;2;61,3500;4,9216;55,5000;2,4611;3,0762;4;
2013;23;ENFERMAGEM;270;FACULDADES ESEFAP;;Privada com fins lucrativos;Faculdade;3555000;TUPA;SP;SUDESTE;1;71155;22;21;46,7524;2,6602;50,2238;1,9151;2,1013;3;
2013;23;ENFERMAGEM;271;UNIVERSIDADE DO OESTE PAULISTA;UNOESTE;Privada sem fins lucrativos;Universidade;3541406;PRESIDENTE PRUDENTE;SP;SUDESTE;1;6489;85;83;48,7434;2,9686;60,0590;2,9329;2,9418;3;
2013;23;ENFERMAGEM;275;UNIVERSIDADE DO VALE DO PARAÍBA;UNIVAP;Privada sem fins lucrativos;Universidade;3549904;SAO JOSE DOS CAMPOS;SP;SUDESTE;1;18452;7;1;.;.;.;.;.;SC;
2013;23;ENFERMAGEM;277;CENTRO UNIVERSITÁRIO AUGUSTO MOTTA;UNISUAM;Privada sem fins lucrativos;Centro Universitário;3304557;RIO DE JANEIRO;RJ;SUDESTE;2;54385 - 1153685;174;166;38,1175;1,3226;42,1717;1,0818;1,1420;2;
2013;23;ENFERMAGEM;295;UNIVERSIDADE DE SANTA CRUZ DO SUL;UNISC;Privada sem fins lucrativos;Universidade;4316808;SANTA CRUZ DO SUL;RS;SUL;1;64474;41;41;42,7488;2,0400;58,9390;2,8170;2,6227;3;
2013;23;ENFERMAGEM;296;UNIVERSIDADE DA REGIÃO DA CAMPANHA;URCAMP;Privada sem fins lucrativos;Universidade;4301602;BAGE;RS;SUL;1;6848;26;24;31,6875;0,3265;47,8083;1,6651;1,3304;2;
2013;23;ENFERMAGEM;308;UNIVERSIDADE PRESIDENTE ANTÔNIO CARLOS;UNIPAC;Privada sem fins lucrativos;Universidade;3103504;ARAGUARI;MG;SUDESTE;1;62081;3;1;.;.;.;.;.;SC;
2013;23;ENFERMAGEM;308;UNIVERSIDADE PRESIDENTE ANTÔNIO CARLOS;UNIPAC;Privada sem fins lucrativos;Universidade;3105608;BARBACENA;MG;SUDESTE;1;59344;31;28;43,5357;2,1619;51,5643;2,0538;2,0808;3;
2013;23;ENFERMAGEM;308;UNIVERSIDADE PRESIDENTE ANTÔNIO CARLOS;UNIPAC;Privada sem fins lucrativos;Universidade;3136702;JUIZ DE FORA;MG;SUDESTE;1;51343;5;2;33,7500;0,6460;38,4000;0,6914;0,6801;1;
2013;23;ENFERMAGEM;316;UNIVERSIDADE NOVE DE JULHO;UNINOVE;Privada sem fins lucrativos;Universidade;3550308;SAO PAULO;SP;SUDESTE;4;19197 - 66288 - 72319 - 112002;678;422;45,3512;2,4432;56,7104;2,5863;2,5506;3;Divulgação com base no Processo Administrativo Inep nº 23036.003874/2014-11
2013;23;ENFERMAGEM;319;UNIVERSIDADE CAMILO CASTELO BRANCO;UNICASTELO;Privada sem fins lucrativos;Universidade;3550308;SAO PAULO;SP;SUDESTE;1;21698;17;9;.;.;.;.;.;SC;Conforme Nota Técnica Daes/Inep nº 90/2014
2013;23;ENFERMAGEM;322;UNIVERSIDADE PAULISTA;UNIP;Privada sem fins lucrativos;Universidade;1302603;MANAUS;AM;NORTE;1;60030;11;11;44,3727;2,2916;54,6909;2,3774;2,3559;3;
2013;23;ENFERMAGEM;322;UNIVERSIDADE PAULISTA;UNIP;Privada sem fins lucrativos;Universidade;3502804;ARACATUBA;SP;SUDESTE;1;59510;5;5;61,6200;4,9634;78,0200;4,7916;4,8346;5;
2013;23;ENFERMAGEM;322;UNIVERSIDADE PAULISTA;UNIP;Privada sem fins lucrativos;Universidade;3504008;ASSIS;SP;SUDESTE;1;59598;6;6;54,4000;3,8449;80,0333;5,0000;4,7112;5;
2013;23;ENFERMAGEM;322;UNIVERSIDADE PAULISTA;UNIP;Privada sem fins lucrativos;Universidade;3509502;CAMPINAS;SP;SUDESTE;1;59634;20;20;54,6400;3,8821;73,3800;4,3115;4,2041;5;
2013;23;ENFERMAGEM;322;UNIVERSIDADE PAULISTA;UNIP;Privada sem fins lucrativos;Universidade;3543402;RIBEIRAO PRETO;SP;SUDESTE;1;59666;13;13;54,4154;3,8473;73,3000;4,3032;4,1892;5;
2013;23;ENFERMAGEM;322;UNIVERSIDADE PAULISTA;UNIP;Privada sem fins lucrativos;Universidade;3547304;SANTANA DE PARNAIBA;SP;SUDESTE;1;73362;10;10;55,9000;4,0773;68,9800;3,8561;3,9114;4;
2013;23;ENFERMAGEM;322;UNIVERSIDADE PAULISTA;UNIP;Privada sem fins lucrativos;Universidade;3548500;SANTOS;SP;SUDESTE;1;73410;35;33;53,4455;3,6971;68,9212;3,8500;3,8118;4;
2013;23;ENFERMAGEM;322;UNIVERSIDADE PAULISTA;UNIP;Privada sem fins lucrativos;Universidade;3549805;SAO JOSE DO RIO PRETO;SP;SUDESTE;1;59686;7;7;52,3000;3,5196;64,1286;3,3540;3,3954;4;
2013;23;ENFERMAGEM;322;UNIVERSIDADE PAULISTA;UNIP;Privada sem fins lucrativos;Universidade;3549904;SAO JOSE DOS CAMPOS;SP;SUDESTE;1;59690;16;16;61,8563;5,0000;77,0500;4,6913;4,7684;5;
2013;23;ENFERMAGEM;322;UNIVERSIDADE PAULISTA;UNIP;Privada sem fins lucrativos;Universidade;3550308;SAO PAULO;SP;SUDESTE;8;18747 - 66514 - 73370 - 73374 - 73378 - 73384 - 73390 - 76381;72;50;55,9660;4,0875;68,4320;3,7994;3,8714;4;Divulgação com base no Processo Administrativo Inep nº 23036.003875/2014-65
2013;23;ENFERMAGEM;322;UNIVERSIDADE PAULISTA;UNIP;Privada sem fins lucrativos;Universidade;3552205;SOROCABA;SP;SUDESTE;1;59717;25;24;53,2750;3,6707;67,0458;3,6559;3,6596;4;
2013;23;ENFERMAGEM;322;UNIVERSIDADE PAULISTA;UNIP;Privada sem fins lucrativos;Universidade;5208707;GOIANIA;GO;CENTRO-OESTE;1;60024;13;13;51,7615;3,4362;61,3692;3,0685;3,1604;4;
2013;23;ENFERMAGEM;322;UNIVERSIDADE PAULISTA;UNIP;Privada sem fins lucrativos;Universidade;5300108;BRASILIA;DF;CENTRO-OESTE;1;60014;27;27;47,8037;2,8231;62,2778;3,1625;3,0777;4;
2013;23;ENFERMAGEM;330;UNIVERSIDADE IGUAÇU;UNIG;Privada sem fins lucrativos;Universidade;3302205;ITAPERUNA;RJ;SUDESTE;1;19295;49;40;45,7375;2,5030;41,7575;1,0389;1,4049;2;
2013;23;ENFERMAGEM;338;PONTIFÍCIA UNIVERSIDADE CATÓLICA DE MINAS GERAIS;PUC MINAS;Privada sem fins lucrativos;Universidade;3104205;ARCOS;MG;SUDESTE;1;97119;32;31;38,4258;1,3703;46,1936;1,4980;1,4661;2;
2013;23;ENFERMAGEM;338;PONTIFÍCIA UNIVERSIDADE CATÓLICA DE MINAS GERAIS;PUC MINAS;Privada sem fins lucrativos;Universidade;3106200;BELO HORIZONTE;MG;SUDESTE;2;7491 - 97127;169;153;46,2765;2,5865;59,3647;2,8610;2,7924;3;
2013;23;ENFERMAGEM;338;PONTIFÍCIA UNIVERSIDADE CATÓLICA DE MINAS GERAIS;PUC MINAS;Privada sem fins lucrativos;Universidade;3106705;BETIM;MG;SUDESTE;1;21621;66;66;43,3015;2,1256;53,3227;2,2358;2,2082;3;
2013;23;ENFERMAGEM;338;PONTIFÍCIA UNIVERSIDADE CATÓLICA DE MINAS GERAIS;PUC MINAS;Privada sem fins lucrativos;Universidade;3151800;POCOS DE CALDAS;MG;SUDESTE;1;75740;51;49;52,2449;3,5111;55,2816;2,4385;2,7066;3;
2013;23;ENFERMAGEM;339;FACULDADE SANTA EMÍLIA DE RODAT;FASER;Privada sem fins lucrativos;Faculdade;2507507;JOAO PESSOA;PB;NORDESTE;1;7571;43;40;44,5375;2,3171;52,4000;2,1403;2,1845;3;
2013;23;ENFERMAGEM;343;CENTRO UNIVERSITÁRIO NEWTON PAIVA;NEWTON PAIVA;Privada com fins lucrativos;Centro Universitário;3106200;BELO HORIZONTE;MG;SUDESTE;1;99200;16;15;42,0467;1,9312;56,8000;2,5956;2,4295;3;
2013;23;ENFERMAGEM;344;CENTRO UNIVERSITÁRIO UNA;UNA;Privada com fins lucrativos;Centro Universitário;3106200;BELO HORIZONTE;MG;SUDESTE;1;72933;71;64;47,9297;2,8426;60,2609;2,9538;2,9260;3;
2013;23;ENFERMAGEM;349;CENTRO UNIVERSITÁRIO DE BELO HORIZONTE;UNI-BH;Privada com fins lucrativos;Centro Universitário;3106200;BELO HORIZONTE;MG;SUDESTE;1;106760;9;8;47,8625;2,8322;56,3125;2,5452;2,6169;3;
2013;23;ENFERMAGEM;351;FACULDADE DE CIÊNCIAS MÉDICAS DE MINAS GERAIS;FCMMG;Privada sem fins lucrativos;Faculdade;3106200;BELO HORIZONTE;MG;SUDESTE;1;110578;3;2;42,7500;2,0402;46,4500;1,5245;1,6534;2;
2013;23;ENFERMAGEM;352;CENTRO UNIVERSITÁRIO DE JOÃO PESSOA;UNIPÊ;Privada sem fins lucrativos;Centro Universitário;2507507;JOAO PESSOA;PB;NORDESTE;1;97323;50;48;45,0021;2,3891;55,7271;2,4846;2,4607;3;
2013;23;ENFERMAGEM;353;FACULDADE EVANGÉLICA DO PARANÁ;FEPAR;Privada sem fins lucrativos;Faculdade;4106902;CURITIBA;PR;SUL;1;45537;39;37;46,9757;2,6948;59,7838;2,9044;2,8520;3;
2013;23;ENFERMAGEM;355;UNIVERSIDADE TUIUTI DO PARANÁ;UTP;Privada com fins lucrativos;Universidade;4106902;CURITIBA;PR;SUL;1;19213;12;11;41,2545;1,8085;55,6909;2,4808;2,3128;3;
2013;23;ENFERMAGEM;367;UNIVERSIDADE ESTADUAL DE MONTES CLAROS;UNIMONTES;Pública Estadual;Universidade;3143302;MONTES CLAROS;MG;SUDESTE;1;7841;45;39;52,7795;3,5939;66,2128;3,5697;3,5758;4;
2013;23;ENFERMAGEM;374;CENTRO UNIVERSITÁRIO DAS FACULDADES METROPOLITANAS UNIDAS;FMU;Privada sem fins lucrativos;Centro Universitário;3550308;SAO PAULO;SP;SUDESTE;2;37985 - 114521;424;269;45,5108;2,4679;54,4829;2,3558;2,3838;3;Divulgação com base no Processo Administrativo Inep nº 23036.000163/2015-75
2013;23;ENFERMAGEM;375;UNIVERSIDADE DE SANTO AMARO;UNISA;Privada sem fins lucrativos;Universidade;3550308;SAO PAULO;SP;SUDESTE;1;74651;42;21;42,6190;2,0199;56,1238;2,5256;2,3992;3;Divulgação com base no Processo Administrativo Inep nº 23036.000074/2015-29
2013;23;ENFERMAGEM;383;UNIVERSIDADE DA AMAZÔNIA;UNAMA;Privada com fins lucrativos;Universidade;1501402;BELEM;PA;NORTE;1;107224;171;157;38,1771;1,3318;51,5847;2,0559;1,8749;2;
2013;23;ENFERMAGEM;385;UNIVERSIDADE SALVADOR;UNIFACS;Privada com fins lucrativos;Universidade;2927408;SALVADOR;BA;NORDESTE;1;115302;73;69;45,6783;2,4938;54,6159;2,3696;2,4007;3;
2013;23;ENFERMAGEM;387;UNIVERSIDADE CATÓLICA DOM BOSCO;UCDB;Privada sem fins lucrativos;Universidade;5002704;CAMPO GRANDE;MS;CENTRO-OESTE;1;62236;36;35;47,3057;2,7459;58,2486;2,7455;2,7456;3;
2013;23;ENFERMAGEM;398;UNIVERSIDADE TIRADENTES;UNIT;Privada com fins lucrativos;Universidade;2800308;ARACAJU;SE;NORDESTE;1;58043;145;138;46,0638;2,5535;55,6623;2,4779;2,4968;3;
2013;23;ENFERMAGEM;402;CENTRO UNIVERSITÁRIO DE BRASÍLIA;UNICEUB;Privada sem fins lucrativos;Centro Universitário;5300108;BRASILIA;DF;CENTRO-OESTE;1;60822;41;35;40,9743;1,7651;52,1914;2,1187;2,0303;3;
2013;23;ENFERMAGEM;403;UNIVERSIDADE CATÓLICA DE BRASÍLIA;UCB;Privada sem fins lucrativos;Universidade;5300108;BRASILIA;DF;CENTRO-OESTE;1;65212;65;62;41,0564;1,7778;57,5081;2,6689;2,4461;3;
2013;23;ENFERMAGEM;409;UNIVERSIDADE DE PERNAMBUCO;UPE;Pública Estadual;Universidade;2611101;PETROLINA;PE;NORDESTE;1;103498;30;29;53,0379;3,6339;66,1034;3,5584;3,5773;4;
2013;23;ENFERMAGEM;409;UNIVERSIDADE DE PERNAMBUCO;UPE;Pública Estadual;Universidade;2611606;RECIFE;PE;NORDESTE;1;8427;48;48;52,0313;3,4780;67,8375;3,7379;3,6729;4;
2013;23;ENFERMAGEM;415;FACULDADE DE CIÊNCIAS MÉDICAS DA SANTA CASA SÃO PAULO;FCMSCSP;Privada sem fins lucrativos;Faculdade;3550308;SAO PAULO;SP;SUDESTE;1;46875;38;24;48,9125;2,9948;61,7833;3,1113;3,0822;4;Divulgação com base no Processo Administrativo Inep nº 23036.003876/2014-18
2013;23;ENFERMAGEM;416;FACULDADE DE SÃO PAULO;FASP;Privada sem fins lucrativos;Faculdade;3550308;SAO PAULO;SP;SUDESTE;1;91129;33;0;.;.;.;.;.;SC;Conforme Nota Técnica Daes/Inep nº 90/2014
2013;23;ENFERMAGEM;417;UNIVERSIDADE CIDADE DE SÃO PAULO;UNICID;Privada com fins lucrativos;Universidade;3550308;SAO PAULO;SP;SUDESTE;1;8582;52;36;41,9389;1,9145;49,4917;1,8393;1,8581;2;Divulgação com base no Processo Administrativo Inep nº 23036.003870/2014-32
2013;23;ENFERMAGEM;420;UNIVERSIDADE DE MARÍLIA;UNIMAR;Privada com fins lucrativos;Universidade;3529005;MARILIA;SP;SUDESTE;1;8689;21;19;45,3421;2,4417;50,2421;1,9170;2,0482;3;
2013;23;ENFERMAGEM;423;UNIVERSIDADE REGIONAL INTEGRADA DO ALTO URUGUAI E DAS MISSÕES;URI;Privada sem fins lucrativos;Universidade;4317400;SANTIAGO;RS;SUL;1;57072;1;1;.;.;.;.;.;SC;
2013;23;ENFERMAGEM;426;CENTRO UNIVERSITÁRIO FRANCISCANO;UNIFRA;Privada sem fins lucrativos;Centro Universitário;4316907;SANTA MARIA;RS;SUL;1;8929;50;50;44,0900;2,2478;55,8920;2,5017;2,4382;3;
2013;23;ENFERMAGEM;430;CENTRO UNIVERSITÁRIO FILADÉLFIA;UNIFIL;Privada sem fins lucrativos;Centro Universitário;4113700;LONDRINA;PR;SUL;1;8940;25;23;49,7217;3,1202;60,0217;2,9290;2,9768;4;
2013;23;ENFERMAGEM;431;FACULDADE DE MEDICINA DE MARÍLIA;FAMEMA;Pública Estadual;Faculdade;3529005;MARILIA;SP;SUDESTE;1;8961;22;22;56,2409;4,1301;67,7682;3,7307;3,8306;4;
2013;23;ENFERMAGEM;434;FACULDADE SANTA MARCELINA;FASM;Privada sem fins lucrativos;Faculdade;3550308;SAO PAULO;SP;SUDESTE;1;18734;102;69;.;.;.;.;.;SC;Conforme Nota Técnica Daes/Inep nº 90/2014
2013;23;ENFERMAGEM;437;UNIVERSIDADE PARANAENSE;UNIPAR;Privada sem fins lucrativos;Universidade;4104808;CASCAVEL;PR;SUL;1;53163;28;26;44,1269;2,2535;55,1923;2,4292;2,3853;3;
2013;23;ENFERMAGEM;437;UNIVERSIDADE PARANAENSE;UNIPAR;Privada sem fins lucrativos;Universidade;4108403;FRANCISCO BELTRAO;PR;SUL;1;61775;30;30;45,2933;2,4342;55,6867;2,4804;2,4689;3;
2013;23;ENFERMAGEM;437;UNIVERSIDADE PARANAENSE;UNIPAR;Privada sem fins lucrativos;Universidade;4108809;GUAIRA;PR;SUL;1;92135;35;35;48,3971;2,9150;46,8657;1,5675;1,9044;2;
2013;23;ENFERMAGEM;437;UNIVERSIDADE PARANAENSE;UNIPAR;Privada sem fins lucrativos;Universidade;4118402;PARANAVAI;PR;SUL;1;72802;24;24;50,5333;3,2459;49,6167;1,8522;2,2007;3;
2013;23;ENFERMAGEM;437;UNIVERSIDADE PARANAENSE;UNIPAR;Privada sem fins lucrativos;Universidade;4127700;TOLEDO;PR;SUL;1;72799;28;28;48,7071;2,9630;52,8500;2,1868;2,3809;3;
2013;23;ENFERMAGEM;437;UNIVERSIDADE PARANAENSE;UNIPAR;Privada sem fins lucrativos;Universidade;4128104;UMUARAMA;PR;SUL;1;53175;35;33;40,5939;1,7062;49,4394;1,8339;1,8020;2;
2013;23;ENFERMAGEM;446;UNIVERSIDADE DE CRUZ ALTA;UNICRUZ;Privada sem fins lucrativos;Universidade;4306106;CRUZ ALTA;RS;SUL;1;18052;19;17;49,8471;3,1396;63,9294;3,3334;3,2850;4;
2013;23;ENFERMAGEM;449;UNIVERSIDADE LUTERANA DO BRASIL;ULBRA;Privada sem fins lucrativos;Universidade;4304606;CANOAS;RS;SUL;1;9278;47;47;44,6362;2,3324;55,7426;2,4862;2,4477;3;
2013;23;ENFERMAGEM;449;UNIVERSIDADE LUTERANA DO BRASIL;ULBRA;Privada sem fins lucrativos;Universidade;4304705;CARAZINHO;RS;SUL;1;52667;2;1;.;.;.;.;.;SC;
2013;23;ENFERMAGEM;449;UNIVERSIDADE LUTERANA DO BRASIL;ULBRA;Privada sem fins lucrativos;Universidade;4309209;GRAVATAI;RS;SUL;1;75336;33;32;50,2687;3,2049;58,9813;2,8214;2,9173;3;
2013;23;ENFERMAGEM;449;UNIVERSIDADE LUTERANA DO BRASIL;ULBRA;Privada sem fins lucrativos;Universidade;4321501;TORRES;RS;SUL;1;71333;20;18;47,8056;2,8234;65,1722;3,4620;3,3024;4;
2013;23;ENFERMAGEM;450;CENTRO UNIVERSITÁRIO LUTERANO DE JI-PARANÁ;CEULJI/ULBRA;Privada sem fins lucrativos;Centro Universitário;1100122;JI-PARANA;RO;NORTE;1;72115;27;26;40,6192;1,7101;51,3731;2,0340;1,9530;3;
2013;23;ENFERMAGEM;452;CENTRO UNIVERSITÁRIO LUTERANO DE MANAUS;CEULM/ULBRA;Privada sem fins lucrativos;Centro Universitário;1302603;MANAUS;AM;NORTE;1;101949;6;6;55,7167;4,0489;56,6333;2,5784;2,9460;4;
2013;23;ENFERMAGEM;453;CENTRO UNIVERSITÁRIO LUTERANO DE PALMAS;CEULP;Privada sem fins lucrativos;Centro Universitário;1721000;PALMAS;TO;NORTE;1;39365;63;61;42,9525;2,0716;52,4967;2,1503;2,1306;3;
2013;23;ENFERMAGEM;456;CENTRO UNIVERSITÁRIO SANT´ANNA;UNISANT'ANNA;Privada sem fins lucrativos;Centro Universitário;3550308;SAO PAULO;SP;SUDESTE;1;21716;23;6;.;.;.;.;.;SC;Conforme Nota Técnica Daes/Inep nº 90/2014
2013;23;ENFERMAGEM;457;UNIVERSIDADE ANHANGUERA DE SÃO PAULO - UNIAN-SP;UNIAN - SP;Privada com fins lucrativos;Universidade;3534401;OSASCO;SP;SUDESTE;1;44664;178;163;42,0914;1,9382;45,5558;1,4320;1,5585;2;
2013;23;ENFERMAGEM;457;UNIVERSIDADE ANHANGUERA DE SÃO PAULO - UNIAN-SP;UNIAN - SP;Privada com fins lucrativos;Universidade;3547809;SANTO ANDRE;SP;SUDESTE;1;5741;52;49;46,6510;2,6445;57,8939;2,7088;2,6927;3;
2013;23;ENFERMAGEM;457;UNIVERSIDADE ANHANGUERA DE SÃO PAULO - UNIAN-SP;UNIAN - SP;Privada com fins lucrativos;Universidade;3548708;SAO BERNARDO DO CAMPO;SP;SUDESTE;1;44662;182;174;45,9052;2,5290;50,3557;1,9287;2,0788;3;
2013;23;ENFERMAGEM;457;UNIVERSIDADE ANHANGUERA DE SÃO PAULO - UNIAN-SP;UNIAN - SP;Privada com fins lucrativos;Universidade;3550308;SAO PAULO;SP;SUDESTE;4;44967 - 55048 - 116159 - 1122561;322;196;.;.;.;.;.;SC;Conforme Nota Técnica Daes/Inep nº 90/2014
2013;23;ENFERMAGEM;458;UNIVERSIDADE IBIRAPUERA;UNIB;Privada sem fins lucrativos;Universidade;3550308;SAO PAULO;SP;SUDESTE;1;73793;61;37;.;.;.;.;.;SC;Conforme Nota Técnica Daes/Inep nº 90/2014
2013;23;ENFERMAGEM;466;UNIVERSIDADE ANHEMBI MORUMBI;UAM;Privada com fins lucrativos;Universidade;3550308;SAO PAULO;SP;SUDESTE;1;21352;99;61;42,1361;1,9451;57,6098;2,6794;2,4958;3;Divulgação com base no Processo Administrativo Inep nº 23036.000195/2015-71
2013;23;ENFERMAGEM;472;UNIVERSIDADE DO GRANDE RIO PROFESSOR JOSÉ DE SOUZA HERDY;UNIGRANRIO;Privada sem fins lucrativos;Universidade;3301702;DUQUE DE CAXIAS;RJ;SUDESTE;1;9723;284;259;44,8560;2,3664;58,1819;2,7386;2,6456;3;
2013;23;ENFERMAGEM;472;UNIVERSIDADE DO GRANDE RIO PROFESSOR JOSÉ DE SOUZA HERDY;UNIGRANRIO;Privada sem fins lucrativos;Universidade;3304557;RIO DE JANEIRO;RJ;SUDESTE;2;74148 - 123184;75;70;47,7214;2,8103;57,8986;2,7093;2,7346;3;
2013;23;ENFERMAGEM;480;CENTRO UNIVERSITÁRIO SERRA DOS ÓRGÃOS;UNIFESO;Privada sem fins lucrativos;Centro Universitário;3305802;TERESOPOLIS;RJ;SUDESTE;1;9808;37;34;44,1382;2,2553;49,1794;1,8070;1,9190;2;
2013;23;ENFERMAGEM;481;UNIVERSIDADE GUARULHOS;UNG;Privada sem fins lucrativos;Universidade;3518800;GUARULHOS;SP;SUDESTE;1;9818;88;86;45,1140;2,4064;49,6512;1,8558;1,9934;3;
2013;23;ENFERMAGEM;482;UNIVERSIDADE DO EXTREMO SUL CATARINENSE;UNESC;Privada sem fins lucrativos;Universidade;4204608;CRICIUMA;SC;SUL;1;58337;57;57;44,7509;2,3502;55,9070;2,5032;2,4649;3;
2013;23;ENFERMAGEM;489;CENTRO UNIVERSITÁRIO DE VOLTA REDONDA;UNIFOA;Privada sem fins lucrativos;Centro Universitário;3306305;VOLTA REDONDA;RJ;SUDESTE;1;22082;23;23;52,7783;3,5937;54,9261;2,4017;2,6997;3;
2013;23;ENFERMAGEM;494;UNIVERSIDADE DO SUL DE SANTA CATARINA;UNISUL;Privada sem fins lucrativos;Universidade;4201406;ARARANGUA;SC;SUL;1;19457;13;13;43,1077;2,0956;41,4154;1,0035;1,2765;2;
2013;23;ENFERMAGEM;494;UNIVERSIDADE DO SUL DE SANTA CATARINA;UNISUL;Privada sem fins lucrativos;Universidade;4211900;PALHOCA;SC;SUL;1;310080;15;15;44,9400;2,3795;53,8667;2,2921;2,3139;3;
2013;23;ENFERMAGEM;494;UNIVERSIDADE DO SUL DE SANTA CATARINA;UNISUL;Privada sem fins lucrativos;Universidade;4218707;TUBARAO;SC;SUL;1;310056;28;27;39,2481;1,4977;47,7333;1,6573;1,6174;2;
2013;23;ENFERMAGEM;496;UNIVERSIDADE DE FRANCA;UNIFRAN;Privada com fins lucrativos;Universidade;3516200;FRANCA;SP;SUDESTE;1;69459;19;18;45,5778;2,4783;51,2944;2,0259;2,1390;3;
2013;23;ENFERMAGEM;501;ESCOLA SUPERIOR DE CIÊNCIAS DA SANTA CASA DE MISERICÓRDIA DE VITÓRIA;EMESCAM;Privada sem fins lucrativos;Faculdade;3205309;VITORIA;ES;SUDESTE;1;54981;42;40;42,4025;1,9864;55,0900;2,4187;2,3106;3;
2013;23;ENFERMAGEM;502;CENTRO UNIVERSITÁRIO MONTE SERRAT;UNIMONTE;Privada com fins lucrativos;Centro Universitário;3548500;SANTOS;SP;SUDESTE;1;38297;36;31;49,9161;3,1503;50,1968;1,9123;2,2218;3;
2013;23;ENFERMAGEM;513;UNIVERSIDADE VALE DO RIO DOCE;UNIVALE;Privada sem fins lucrativos;Universidade;3127701;GOVERNADOR VALADARES;MG;SUDESTE;1;52283;27;27;47,8556;2,8311;63,7111;3,3108;3,1909;4;
2013;23;ENFERMAGEM;515;CENTRO UNIVERSITÁRIO ANHANGUERA DE NITERÓI;UNIAN;Privada com fins lucrativos;Centro Universitário;3303302;NITEROI;RJ;SUDESTE;1;69197;296;214;37,4799;1,2238;43,7056;1,2405;1,2363;2;
2013;23;ENFERMAGEM;517;FACULDADE DE EDUCAÇÃO SÃO LUÍS;FESL;Privada sem fins lucrativos;Faculdade;3524303;JABOTICABAL;SP;SUDESTE;1;50526;7;5;44,4600;2,3051;48,1400;1,6994;1,8508;2;
2013;23;ENFERMAGEM;519;UNIVERSIDADE CATÓLICA DO SALVADOR;UCSAL;Privada sem fins lucrativos;Universidade;2927408;SALVADOR;BA;NORDESTE;1;10505;194;175;41,0514;1,7771;48,6194;1,7490;1,7560;2;
2013;23;ENFERMAGEM;521;UNIVERSIDADE DE MOGI DAS CRUZES;UMC;Privada com fins lucrativos;Universidade;3530607;MOGI DAS CRUZES;SP;SUDESTE;1;10594;99;72;50,6167;3,2588;56,4597;2,5604;2,7350;3;
2013;23;ENFERMAGEM;521;UNIVERSIDADE DE MOGI DAS CRUZES;UMC;Privada com fins lucrativos;Universidade;3550308;SAO PAULO;SP;SUDESTE;1;106372;125;36;43,7167;2,1899;53,5028;2,2544;2,2383;3;Divulgação com base no Processo Administrativo Inep nº 23036.000209/2015-56
2013;23;ENFERMAGEM;522;CENTRO UNIVERSITÁRIO CELSO LISBOA;UCL;Privada sem fins lucrativos;Centro Universitário;3304557;RIO DE JANEIRO;RJ;SUDESTE;1;40736;62;47;39,8872;1,5967;49,8915;1,8807;1,8097;2;
2013;23;ENFERMAGEM;526;UNIVERSIDADE BRAZ CUBAS;UBC;Privada com fins lucrativos;Universidade;3530607;MOGI DAS CRUZES;SP;SUDESTE;1;70678;10;7;53,0429;3,6347;57,4429;2,6621;2,9053;3;
2013;23;ENFERMAGEM;527;PONTIFÍCIA UNIVERSIDADE CATÓLICA DE GOIÁS;PUC GOIÁS;Privada sem fins lucrativos;Universidade;5208707;GOIANIA;GO;CENTRO-OESTE;1;10808;100;83;45,7084;2,4985;59,9494;2,9215;2,8158;3;
2013;23;ENFERMAGEM;532;UNIVERSIDADE REGIONAL DO NOROESTE DO ESTADO DO RIO GRANDE DO SUL;UNIJUI;Privada sem fins lucrativos;Universidade;4310207;IJUI;RS;SUL;1;10967;13;13;45,4462;2,4579;58,6308;2,7851;2,7033;3;
2013;23;ENFERMAGEM;534;ESCOLA BAHIANA DE MEDICINA E SAÚDE PÚBLICA;EBMSP;Privada sem fins lucrativos;Faculdade;2927408;SALVADOR;BA;NORDESTE;1;100893;78;74;48,8351;2,9829;65,6541;3,5119;3,3796;4;
2013;23;ENFERMAGEM;535;CENTRO UNIVERSITÁRIO DE MANDAGUARI - UNIMAN;FAFIMAN;Pública Municipal;Faculdade;4114203;MANDAGUARI;PR;SUL;1;118648;20;19;43,6737;2,1833;50,6842;1,9627;2,0179;3;
2013;23;ENFERMAGEM;545;FACULDADE DE CIÊNCIAS ADMINISTRATIVAS E CONTÁBEIS DE ITABIRA;FACCI;Privada sem fins lucrativos;Faculdade;3131703;ITABIRA;MG;SUDESTE;1;85730;6;6;33,6000;0,6227;39,6833;0,8242;0,7739;1;
2013;23;ENFERMAGEM;546;PONTIFÍCIA UNIVERSIDADE CATÓLICA DE SÃO PAULO;PUCSP;Privada sem fins lucrativos;Universidade;3552205;SOROCABA;SP;SUDESTE;1;11234;39;34;50,7118;3,2736;64,7500;3,4184;3,3822;4;
2013;23;ENFERMAGEM;547;UNIVERSIDADE DO ESTADO DO RIO DE JANEIRO;UERJ;Pública Estadual;Universidade;3304557;RIO DE JANEIRO;RJ;SUDESTE;1;11299;22;20;46,0950;2,5584;63,9250;3,3330;3,1393;4;
2013;23;ENFERMAGEM;548;UNIVERSIDADE FEDERAL DO MARANHÃO;UFMA;Pública Federal;Universidade;2105302;IMPERATRIZ;MA;NORDESTE;1;103309;113;95;49,5526;3,0940;58,7105;2,7933;2,8685;3;
2013;23;ENFERMAGEM;548;UNIVERSIDADE FEDERAL DO MARANHÃO;UFMA;Pública Federal;Universidade;2111300;SAO LUIS;MA;NORDESTE;1;11436;56;55;52,8545;3,6055;66,2636;3,5750;3,5826;4;
2013;23;ENFERMAGEM;549;UNIVERSIDADE FEDERAL DO ACRE;UFAC;Pública Federal;Universidade;1200203;CRUZEIRO DO SUL;AC;NORTE;1;99843;23;17;53,0588;3,6372;67,9588;3,7504;3,7221;4;
2013;23;ENFERMAGEM;549;UNIVERSIDADE FEDERAL DO ACRE;UFAC;Pública Federal;Universidade;1200401;RIO BRANCO;AC;NORTE;1;11533;21;21;54,4524;3,8530;69,7762;3,9385;3,9171;4;
2013;23;ENFERMAGEM;550;UNIVERSIDADE ESTADUAL DA PARAÍBA;UEPB;Pública Estadual;Universidade;2504009;CAMPINA GRANDE;PB;NORDESTE;1;311610;51;49;53,0408;3,6344;67,2775;3,6799;3,6685;4;
2013;23;ENFERMAGEM;555;UNIVERSIDADE DE FORTALEZA;UNIFOR;Privada sem fins lucrativos;Universidade;2304400;FORTALEZA;CE;NORDESTE;1;11719;308;295;44,3376;2,2861;54,7258;2,3810;2,3573;3;
2013;23;ENFERMAGEM;568;UNIVERSIDADE ESTADUAL DO MARANHÃO;UEMA;Pública Estadual;Universidade;2101202;BACABAL;MA;NORDESTE;1;11883;22;20;53,2700;3,6699;50,6700;1,9612;2,3884;3;
2013;23;ENFERMAGEM;568;UNIVERSIDADE ESTADUAL DO MARANHÃO;UEMA;Pública Estadual;Universidade;2101400;BALSAS;MA;NORDESTE;1;81923;44;42;48,2762;2,8963;58,5738;2,7792;2,8085;3;
2013;23;ENFERMAGEM;568;UNIVERSIDADE ESTADUAL DO MARANHÃO;UEMA;Pública Estadual;Universidade;2103000;CAXIAS;MA;NORDESTE;1;62406;27;24;52,5375;3,5564;62,2917;3,1639;3,2621;4;
2013;23;ENFERMAGEM;568;UNIVERSIDADE ESTADUAL DO MARANHÃO;UEMA;Pública Estadual;Universidade;2104800;GRAJAU;MA;NORDESTE;1;95424;48;46;42,7804;2,0449;47,5522;1,6386;1,7402;2;
2013;23;ENFERMAGEM;568;UNIVERSIDADE ESTADUAL DO MARANHÃO;UEMA;Pública Estadual;Universidade;2109908;SANTA INES;MA;NORDESTE;1;104808;44;43;53,1186;3,6464;55,4023;2,4510;2,7498;3;
2013;23;ENFERMAGEM;568;UNIVERSIDADE ESTADUAL DO MARANHÃO;UEMA;Pública Estadual;Universidade;2114007;ZE DOCA;MA;NORDESTE;1;121683;1;1;.;.;.;.;.;SC;
2013;23;ENFERMAGEM;569;UNIVERSIDADE FEDERAL DO PARÁ;UFPA;Pública Federal;Universidade;1501402;BELEM;PA;NORTE;1;12013;89;75;42,2413;1,9614;58,5667;2,7784;2,5742;3;
2013;23;ENFERMAGEM;570;UNIVERSIDADE FEDERAL DO RIO GRANDE DO NORTE;UFRN;Pública Federal;Universidade;2408102;NATAL;RN;NORDESTE;1;12326;63;59;54,8610;3,9163;74,0983;4,3858;4,2684;5;
2013;23;ENFERMAGEM;570;UNIVERSIDADE FEDERAL DO RIO GRANDE DO NORTE;UFRN;Pública Federal;Universidade;2411205;SANTA CRUZ;RN;NORDESTE;1;108486;29;28;51,4464;3,3874;68,9536;3,8534;3,7369;4;
2013;23;ENFERMAGEM;571;UNIVERSIDADE FEDERAL DO PARANÁ;UFPR;Pública Federal;Universidade;4106902;CURITIBA;PR;SUL;1;312585;15;14;37,2786;1,1926;61,2643;3,0576;2,5914;3;
2013;23;ENFERMAGEM;572;UNIVERSIDADE FEDERAL FLUMINENSE;UFF;Pública Federal;Universidade;3303302;NITEROI;RJ;SUDESTE;1;12708;95;90;38,6411;1,4037;56,3311;2,5471;2,2612;3;
2013;23;ENFERMAGEM;572;UNIVERSIDADE FEDERAL FLUMINENSE;UFF;Pública Federal;Universidade;3304524;RIO DAS OSTRAS;RJ;SUDESTE;1;82840;52;49;39,8490;1,5908;56,1347;2,5268;2,2928;3;
2013;23;ENFERMAGEM;573;UNIVERSIDADE FEDERAL DO ESPÍRITO SANTO;UFES;Pública Federal;Universidade;3204906;SAO MATEUS;ES;SUDESTE;1;99088;20;20;48,1450;2,8760;63,4100;3,2797;3,1787;4;
2013;23;ENFERMAGEM;573;UNIVERSIDADE FEDERAL DO ESPÍRITO SANTO;UFES;Pública Federal;Universidade;3205309;VITORIA;ES;SUDESTE;1;12815;201;60;35,1883;0,8688;50,3467;1,9278;1,6630;2;
2013;23;ENFERMAGEM;575;UNIVERSIDADE FEDERAL DE MINAS GERAIS;UFMG;Pública Federal;Universidade;3106200;BELO HORIZONTE;MG;SUDESTE;1;12953;74;68;52,7015;3,5818;69,0368;3,8620;3,7919;4;
2013;23;ENFERMAGEM;576;UNIVERSIDADE FEDERAL DE JUIZ DE FORA;UFJF;Pública Federal;Universidade;3136702;JUIZ DE FORA;MG;SUDESTE;1;38994;57;56;55,9571;4,0862;70,0536;3,9672;3,9969;5;
2013;23;ENFERMAGEM;577;UNIVERSIDADE FEDERAL DE ALAGOAS;UFAL;Pública Federal;Universidade;2700300;ARAPIRACA;AL;NORDESTE;1;101938;68;68;52,3544;3,5280;65,4368;3,4894;3,4991;4;
2013;23;ENFERMAGEM;577;UNIVERSIDADE FEDERAL DE ALAGOAS;UFAL;Pública Federal;Universidade;2704302;MACEIO;AL;NORDESTE;1;13199;45;43;51,4930;3,3946;69,2837;3,8875;3,7643;4;
2013;23;ENFERMAGEM;578;UNIVERSIDADE FEDERAL DA BAHIA;UFBA;Pública Federal;Universidade;2927408;SALVADOR;BA;NORDESTE;1;13284;67;65;47,0000;2,6986;67,5477;3,7079;3,4556;4;
2013;23;ENFERMAGEM;578;UNIVERSIDADE FEDERAL DA BAHIA;UFBA;Pública Federal;Universidade;2933307;VITORIA DA CONQUISTA;BA;NORDESTE;1;99032;26;25;56,1640;4,1182;73,2360;4,2966;4,2520;5;
2013;23;ENFERMAGEM;579;UNIVERSIDADE FEDERAL DA PARAÍBA;UFPB;Pública Federal;Universidade;2507507;JOAO PESSOA;PB;NORDESTE;1;44258;37;36;52,1361;3,4942;71,1167;4,0772;3,9315;4;
2013;23;ENFERMAGEM;580;UNIVERSIDADE FEDERAL DE PERNAMBUCO;UFPE;Pública Federal;Universidade;2611606;RECIFE;PE;NORDESTE;1;13599;48;42;49,1476;3,0313;69,3905;3,8986;3,6818;4;
2013;23;ENFERMAGEM;580;UNIVERSIDADE FEDERAL DE PERNAMBUCO;UFPE;Pública Federal;Universidade;2616407;VITORIA DE SANTO ANTAO;PE;NORDESTE;1;101153;16;15;51,7533;3,4349;65,8067;3,5277;3,5045;4;
2013;23;ENFERMAGEM;581;UNIVERSIDADE FEDERAL DO RIO GRANDE DO SUL;UFRGS;Pública Federal;Universidade;4314902;PORTO ALEGRE;RS;SUL;1;45018;82;80;43,2612;2,1194;61,9712;3,1308;2,8779;3;
2013;23;ENFERMAGEM;582;UNIVERSIDADE FEDERAL DE SANTA MARIA;UFSM;Pública Federal;Universidade;4313706;PALMEIRA DAS MISSOES;RS;SUL;1;103406;39;39;51,0590;3,3274;66,2179;3,5703;3,5095;4;
2013;23;ENFERMAGEM;582;UNIVERSIDADE FEDERAL DE SANTA MARIA;UFSM;Pública Federal;Universidade;4316907;SANTA MARIA;RS;SUL;1;13865;51;45;44,8756;2,3695;64,7889;3,4224;3,1592;4;
2013;23;ENFERMAGEM;583;UNIVERSIDADE FEDERAL DO CEARÁ;UFC;Pública Federal;Universidade;2304400;FORTALEZA;CE;NORDESTE;1;13994;61;61;58,7066;4,5121;74,8623;4,4649;4,4767;5;
2013;23;ENFERMAGEM;584;UNIVERSIDADE FEDERAL DE GOIÁS;UFG;Pública Federal;Universidade;5205109;CATALAO;GO;CENTRO-OESTE;1;121704;27;26;53,6346;3,7264;67,1538;3,6671;3,6819;4;
2013;23;ENFERMAGEM;584;UNIVERSIDADE FEDERAL DE GOIÁS;UFG;Pública Federal;Universidade;5208707;GOIANIA;GO;CENTRO-OESTE;1;14091;53;52;54,6269;3,8801;74,7192;4,4501;4,3076;5;
2013;23;ENFERMAGEM;584;UNIVERSIDADE FEDERAL DE GOIÁS;UFG;Pública Federal;Universidade;5211909;JATAI;GO;CENTRO-OESTE;1;107896;33;33;54,8879;3,9205;64,7909;3,4226;3,5471;4;
2013;23;ENFERMAGEM;585;UNIVERSIDADE FEDERAL DE SANTA CATARINA;UFSC;Pública Federal;Universidade;4205407;FLORIANOPOLIS;SC;SUL;1;14225;75;72;41,2986;1,8154;62,9944;3,2367;2,8813;3;
2013;23;ENFERMAGEM;586;UNIVERSIDADE FEDERAL DO RIO DE JANEIRO;UFRJ;Pública Federal;Universidade;3302403;MACAE;RJ;SUDESTE;1;121848;4;4;63,2500;5,0000;75,1000;4,4895;4,6171;5;
2013;23;ENFERMAGEM;586;UNIVERSIDADE FEDERAL DO RIO DE JANEIRO;UFRJ;Pública Federal;Universidade;3304557;RIO DE JANEIRO;RJ;SUDESTE;1;26611;107;104;50,2644;3,2043;63,2904;3,2673;3,2515;4;
2013;23;ENFERMAGEM;591;UNIVERSIDADE FEDERAL DE SÃO PAULO;UNIFESP;Pública Federal;Universidade;3550308;SAO PAULO;SP;SUDESTE;1;14567;68;44;.;.;.;.;.;SC;Conforme Nota Técnica Daes/Inep nº 90/2014
2013;23;ENFERMAGEM;595;UNIVERSIDADE FEDERAL DE ALFENAS;UNIFAL-MG;Pública Federal;Universidade;3101607;ALFENAS;MG;SUDESTE;1;14608;30;30;56,2200;4,1269;72,4733;4,2176;4,1949;5;
2013;23;ENFERMAGEM;596;UNIVERSIDADE FEDERAL DOS VALES DO JEQUITINHONHA E MUCURI;UFVJM;Pública Federal;Universidade;3121605;DIAMANTINA;MG;SUDESTE;1;18235;5;4;60,3000;4,7589;61,7250;3,1053;3,5187;4;
2013;23;ENFERMAGEM;608;"ESCOLA SUPERIOR DE CRUZEIRO ""PREFEITO HAMILTON VIEIRA MENDES""";ESEFIC;Pública Municipal;Faculdade;3513405;CRUZEIRO;SP;SUDESTE;1;114360;5;3;36,4000;1,0565;42,9667;1,1640;1,1371;2;
2013;23;ENFERMAGEM;609;UNIVERSIDADE ESTADUAL DO OESTE DO PARANÁ;UNIOESTE;Pública Estadual;Universidade;4104808;CASCAVEL;PR;SUL;1;14703;32;31;55,2452;3,9759;69,8258;3,9436;3,9517;5;
2013;23;ENFERMAGEM;609;UNIVERSIDADE ESTADUAL DO OESTE DO PARANÁ;UNIOESTE;Pública Estadual;Universidade;4108304;FOZ DO IGUACU;PR;SUL;1;20899;17;16;51,2687;3,3599;63,9562;3,3362;3,3421;4;
2013;23;ENFERMAGEM;621;CENTRO UNIVERSITÁRIO CESMAC;CESMAC;Privada sem fins lucrativos;Centro Universitário;2704302;MACEIO;AL;NORDESTE;1;18899;185;178;41,1652;1,7947;54,5949;2,3674;2,2242;3;
2013;23;ENFERMAGEM;634;UNIVERSIDADE FEDERAL DE PELOTAS;UFPEL;Pública Federal;Universidade;4314407;PELOTAS;RS;SUL;1;14980;70;67;44,4433;2,3025;62,8194;3,2186;2,9895;4;
2013;23;ENFERMAGEM;641;CENTRO UNIVERSITÁRIO LA SALLE;UNILASALLE;Privada sem fins lucrativos;Centro Universitário;4304606;CANOAS;RS;SUL;1;56664;63;61;47,4672;2,7710;59,5180;2,8769;2,8504;3;
2013;23;ENFERMAGEM;647;FACULDADE DE ENFERMAGEM LUIZA DE MARILLAC;FELM;Privada sem fins lucrativos;Faculdade;3304557;RIO DE JANEIRO;RJ;SUDESTE;1;15156;60;57;44,5930;2,3257;50,4544;1,9389;2,0356;3;
2013;23;ENFERMAGEM;663;UNIVERSIDADE SALGADO DE OLIVEIRA;UNIVERSO;Privada sem fins lucrativos;Universidade;2611606;RECIFE;PE;NORDESTE;1;73458;122;114;41,9570;1,9174;48,0377;1,6888;1,7460;2;
2013;23;ENFERMAGEM;663;UNIVERSIDADE SALGADO DE OLIVEIRA;UNIVERSO;Privada sem fins lucrativos;Universidade;2927408;SALVADOR;BA;NORDESTE;1;109028;71;66;40,3015;1,6609;43,2697;1,1954;1,3118;2;
2013;23;ENFERMAGEM;663;UNIVERSIDADE SALGADO DE OLIVEIRA;UNIVERSO;Privada sem fins lucrativos;Universidade;3106200;BELO HORIZONTE;MG;SUDESTE;1;70550;52;47;46,3830;2,6030;49,8574;1,8771;2,0586;3;
2013;23;ENFERMAGEM;663;UNIVERSIDADE SALGADO DE OLIVEIRA;UNIVERSO;Privada sem fins lucrativos;Universidade;3136702;JUIZ DE FORA;MG;SUDESTE;1;73456;30;28;42,1214;1,9428;50,2821;1,9211;1,9265;2;
2013;23;ENFERMAGEM;663;UNIVERSIDADE SALGADO DE OLIVEIRA;UNIVERSO;Privada sem fins lucrativos;Universidade;3301009;CAMPOS DO GOYTACAZES;RJ;SUDESTE;1;19247;68;67;38,9791;1,4560;38,0448;0,6547;0,8550;1;
2013;23;ENFERMAGEM;663;UNIVERSIDADE SALGADO DE OLIVEIRA;UNIVERSO;Privada sem fins lucrativos;Universidade;3303302;NITEROI;RJ;SUDESTE;1;70610;44;40;41,1550;1,7931;41,8875;1,0523;1,2375;2;
2013;23;ENFERMAGEM;663;UNIVERSIDADE SALGADO DE OLIVEIRA;UNIVERSO;Privada sem fins lucrativos;Universidade;3304904;SAO GONCALO;RJ;SUDESTE;1;150304;115;110;45,7109;2,4989;49,3627;1,8259;1,9942;3;
2013;23;ENFERMAGEM;663;UNIVERSIDADE SALGADO DE OLIVEIRA;UNIVERSO;Privada sem fins lucrativos;Universidade;5208707;GOIANIA;GO;CENTRO-OESTE;1;73415;170;162;40,4623;1,6858;45,3951;1,4153;1,4830;2;
2013;23;ENFERMAGEM;664;UNIVERSIDADE VILA VELHA;UVV;Privada sem fins lucrativos;Universidade;3205200;VILA VELHA;ES;SUDESTE;1;56085;19;18;36,8444;1,1254;52,5111;2,1518;1,8952;2;
2013;23;ENFERMAGEM;665;UNIVERSIDADE DE TAUBATÉ;UNITAU;Pública Municipal;Universidade;3554102;TAUBATE;SP;SUDESTE;2;15344 - 1153188;4;4;49,9750;3,1594;55,5250;2,4637;2,6376;3;
2013;23;ENFERMAGEM;666;UNIVERSIDADE ESTADUAL DE FEIRA DE SANTANA;UEFS;Pública Estadual;Universidade;2910800;FEIRA DE SANTANA;BA;NORDESTE;1;15403;51;51;25,4882;0,0000;39,1078;0,7647;0,5735;1;
2013;23;ENFERMAGEM;667;FACULDADES INTEGRADAS DE JACAREPAGUÁ;FIJ;Privada sem fins lucrativos;Faculdade;3304557;RIO DE JANEIRO;RJ;SUDESTE;1;118706;66;56;42,3839;1,9835;43,0250;1,1701;1,3734;2;
2013;23;ENFERMAGEM;669;UNIVERSIDADE NILTON LINS;UNINILTONLINS;Privada sem fins lucrativos;Universidade;1302603;MANAUS;AM;NORTE;1;47706;11;9;40,2444;1,6521;42,0333;1,0674;1,2136;2;
2013;23;ENFERMAGEM;670;UNIVERSIDADE SÃO FRANCISCO;USF;Privada sem fins lucrativos;Universidade;3507605;BRAGANCA PAULISTA;SP;SUDESTE;1;21606;1;1;.;.;.;.;.;SC;
2013;23;ENFERMAGEM;673;CENTRO UNIVERSITÁRIO DA GRANDE DOURADOS;UNIGRAN;Privada sem fins lucrativos;Centro Universitário;5003702;DOURADOS;MS;CENTRO-OESTE;1;71355;47;47;43,1340;2,0997;59,7766;2,9037;2,7027;3;
2013;23;ENFERMAGEM;688;UNIVERSIDADE ESTADUAL DO SUDOESTE DA BAHIA;UESB;Pública Estadual;Universidade;2918001;JEQUIE;BA;NORDESTE;1;15742;34;31;49,9871;3,1613;68,2516;3,7807;3,6259;4;
2013;23;ENFERMAGEM;693;UNIVERSIDADE FEDERAL DO ESTADO DO RIO DE JANEIRO;UNIRIO;Pública Federal;Universidade;3304557;RIO DE JANEIRO;RJ;SUDESTE;1;15782;37;34;41,8147;1,8953;60,9441;3,0245;2,7422;3;
2013;23;ENFERMAGEM;694;UNIVERSIDADE FEDERAL DE MATO GROSSO DO SUL;UFMS;Pública Federal;Universidade;5008305;TRES LAGOAS;MS;CENTRO-OESTE;1;21826;8;6;33,3000;0,5763;35,0333;0,3430;0,4013;1;
2013;23;ENFERMAGEM;699;FUNDAÇÃO UNIVERSIDADE FEDERAL DE RONDÔNIA;UNIR;Pública Federal;Universidade;1100205;PORTO VELHO;RO;NORTE;1;15998;23;18;55,3000;3,9844;63,1778;3,2556;3,4378;4;
2013;23;ENFERMAGEM;707;CENTRO UNIVERSITÁRIO CENTRAL PAULISTA;UNICEP;Privada com fins lucrativos;Centro Universitário;3548906;SAO CARLOS;SP;SUDESTE;1;74870;31;30;46,6667;2,6469;59,4500;2,8699;2,8141;3;
2013;23;ENFERMAGEM;717;FUNDAÇÃO UNIVERSIDADE FEDERAL DE CIÊNCIAS DA SAÚDE DE PORTO ALEGRE;UFCSPA;Pública Federal;Universidade;4314902;PORTO ALEGRE;RS;SUL;1;116588;20;20;58,6600;4,5049;73,0550;4,2778;4,3346;5;
2013;23;ENFERMAGEM;718;UNIVERSIDADE POTIGUAR;UNP;Privada com fins lucrativos;Universidade;2408003;MOSSORO;RN;NORDESTE;1;98090;5;5;33,5400;0,6135;44,1200;1,2834;1,1159;2;
2013;23;ENFERMAGEM;718;UNIVERSIDADE POTIGUAR;UNP;Privada com fins lucrativos;Universidade;2408102;NATAL;RN;NORDESTE;1;69874;16;11;37,9636;1,2987;41,3909;1,0010;1,0754;2;
2013;23;ENFERMAGEM;719;UNIVERSIDADE DO ESTADO DE MATO GROSSO;UNEMAT;Pública Estadual;Universidade;5102504;CACERES;MT;CENTRO-OESTE;1;51558;4;3;54,4333;3,8501;51,3667;2,0333;2,4875;3;
2013;23;ENFERMAGEM;719;UNIVERSIDADE DO ESTADO DE MATO GROSSO;UNEMAT;Pública Estadual;Universidade;5107958;TANGARA DA SERRA;MT;CENTRO-OESTE;1;105575;13;13;45,4077;2,4519;45,9538;1,4732;1,7179;2;
2013;23;ENFERMAGEM;728;FACULDADE DE CIÊNCIAS HUMANAS DE CURVELO;FACIC;Privada sem fins lucrativos;Faculdade;3120904;CURVELO;MG;SUDESTE;1;117648;26;26;41,2269;1,8043;55,5692;2,4682;2,3023;3;
2013;23;ENFERMAGEM;730;UNIVERSIDADE ESTADUAL DE PONTA GROSSA;UEPG;Pública Estadual;Universidade;4119905;PONTA GROSSA;PR;SUL;1;60438;30;30;44,9000;2,3733;65,7333;3,5201;3,2334;4;
2013;23;ENFERMAGEM;736;FACULDADE PITÁGORAS DE LINHARES;;Privada com fins lucrativos;Faculdade;3203205;LINHARES;ES;SUDESTE;1;68380;15;13;41,3538;1,8239;54,8538;2,3942;2,2516;3;
2013;23;ENFERMAGEM;737;CENTRO UNIVERSITÁRIO SÃO CAMILO;SAO CAMILO;Privada sem fins lucrativos;Centro Universitário;3550308;SAO PAULO;SP;SUDESTE;2;16510 - 58354;264;164;.;.;.;.;.;SC;Conforme Nota Técnica Daes/Inep nº 90/2014
2013;23;ENFERMAGEM;739;CENTRO UNIVERSITÁRIO SÃO CAMILO - ESPÍRITO SANTO;SÃO CAMILO-ES;Privada sem fins lucrativos;Centro Universitário;3201209;CACHOEIRO DE ITAPEMIRIM;ES;SUDESTE;1;46909;8;8;52,0500;3,4809;62,6625;3,2023;3,2720;4;
2013;23;ENFERMAGEM;746;UNIVERSIDADE REGIONAL DO CARIRI;URCA;Pública Estadual;Universidade;2304202;CRATO;CE;NORDESTE;1;18948;112;109;54,4046;3,8456;65,2128;3,4663;3,5611;4;
2013;23;ENFERMAGEM;750;CENTRO UNIVERSITÁRIO UNIRG;UNIRG;Pública Municipal;Centro Universitário;1709500;GURUPI;TO;NORTE;1;57849;41;34;46,8412;2,6740;52,3265;2,1327;2,2680;3;
2013;23;ENFERMAGEM;752;FACULDADE DE PARÁ DE MINAS;FAPAM;Privada sem fins lucrativos;Faculdade;3147105;PARA DE MINAS;MG;SUDESTE;1;79351;3;1;.;.;.;.;.;SC;
2013;23;ENFERMAGEM;756;UNIVERSIDADE ESTADUAL DO PIAUÍ;UESPI;Pública Estadual;Universidade;2203909;FLORIANO;PI;NORDESTE;1;20384;22;20;51,8200;3,4453;58,0150;2,7214;2,9023;3;
2013;23;ENFERMAGEM;756;UNIVERSIDADE ESTADUAL DO PIAUÍ;UESPI;Pública Estadual;Universidade;2207702;PARNAIBA;PI;NORDESTE;1;19090;19;19;56,1158;4,1107;70,6000;4,0238;4,0455;5;
2013;23;ENFERMAGEM;756;UNIVERSIDADE ESTADUAL DO PIAUÍ;UESPI;Pública Estadual;Universidade;2208007;PICOS;PI;NORDESTE;1;62822;16;15;50,9200;3,3058;61,3133;3,0627;3,1235;4;
2013;23;ENFERMAGEM;756;UNIVERSIDADE ESTADUAL DO PIAUÍ;UESPI;Pública Estadual;Universidade;2211001;TERESINA;PI;NORDESTE;1;85332;53;49;54,4204;3,8481;65,6633;3,5129;3,5967;4;
2013;23;ENFERMAGEM;757;FACULDADES INTEGRADAS DO TAPAJÓS;ISES;Privada com fins lucrativos;Faculdade;1506807;SANTAREM;PA;NORTE;1;17046;17;15;39,2067;1,4913;45,1267;1,3876;1,4135;2;
2013;23;ENFERMAGEM;775;FACULDADE ALVORADA DE EDUCAÇÃO FÍSICA E DESPORTO - Descredenciada - Despacho nº 165, de 6 de setembro de 2013, descredencia a IES.DOU 09/09/2013.;FAEFD;Privada sem fins lucrativos;Faculdade;5300108;BRASILIA;DF;CENTRO-OESTE;1;82094;183;47;38,6255;1,4013;49,0979;1,7985;1,6992;2;
2013;23;ENFERMAGEM;780;UNIVERSIDADE DE CUIABÁ;UNIC / PITÁGORAS;Privada com fins lucrativos;Universidade;5103403;CUIABA;MT;CENTRO-OESTE;1;18473;26;20;48,9250;2,9968;64,4500;3,3873;3,2897;4;
2013;23;ENFERMAGEM;788;FACULDADE DE RONDÔNIA;FARO;Privada sem fins lucrativos;Faculdade;1100205;PORTO VELHO;RO;NORTE;1;95912;36;36;38,9111;1,4455;51,6500;2,0627;1,9084;2;
2013;23;ENFERMAGEM;790;Faculdade Israelita de Ciências da Saúde Einstein;FICSAE;Privada sem fins lucrativos;Faculdade;3550308;SAO PAULO;SP;SUDESTE;1;16929;36;24;50,4167;3,2279;69,7083;3,9315;3,7556;4;Divulgação com base no Processo Administrativo Inep nº 23036.003869/2014-16
2013;23;ENFERMAGEM;792;CENTRO UNIVERSITÁRIO DO ESTADO DO PARÁ;CESUPA;Privada sem fins lucrativos;Centro Universitário;1501402;BELEM;PA;NORTE;1;92284;46;44;41,3750;1,8272;53,5864;2,2630;2,1541;3;
2013;23;ENFERMAGEM;794;CENTRO UNIVERSITÁRIO DE VÁRZEA GRANDE;UNIVAG;Privada sem fins lucrativos;Centro Universitário;5108402;VARZEA GRANDE;MT;CENTRO-OESTE;1;70338;142;126;40,8357;1,7437;46,9770;1,5791;1,6202;2;
2013;23;ENFERMAGEM;823;UNIVERSIDADE DO CEUMA - UNICEUMA;UNICEUMA;Privada sem fins lucrativos;Universidade;2111300;SAO LUIS;MA;NORDESTE;2;55388 - 96713;120;98;44,5020;2,3116;48,3337;1,7195;1,8675;2;
2013;23;ENFERMAGEM;824;FACULDADE DE FILOSOFIA E CIÊNCIAS HUMANAS DE GOIATUBA;FAFICH;Pública Municipal;Faculdade;5209101;GOIATUBA;GO;CENTRO-OESTE;1;123863;87;80;37,2137;1,1826;42,4225;1,1077;1,1264;2;
2013;23;ENFERMAGEM;826;CENTRO UNIVERSITÁRIO DE DESENVOLVIMENTO DO CENTRO-OESTE;UNIDESC;Privada sem fins lucrativos;Centro Universitário;5212501;LUZIANIA;GO;CENTRO-OESTE;1;111280;18;16;42,0625;1,9337;45,3812;1,4139;1,5439;2;
2013;23;ENFERMAGEM;828;FACULDADE DE SÃO LOURENÇO;FASAMA;Privada com fins lucrativos;Faculdade;3163706;SAO LOURENCO;MG;SUDESTE;1;5000173;38;38;43,2895;2,1238;51,3447;2,0311;2,0542;3;
2013;23;ENFERMAGEM;830;UNIVERSIDADE FEDERAL DO AMAPÁ;UNIFAP;Pública Federal;Universidade;1600303;MACAPA;AP;NORTE;1;17201;53;52;47,2885;2,7433;59,5192;2,8770;2,8436;3;
2013;23;ENFERMAGEM;878;CENTRO UNIVERSITÁRIO DO LESTE DE MINAS GERAIS;UNILESTEMG;Privada sem fins lucrativos;Centro Universitário;3131307;IPATINGA;MG;SUDESTE;1;44027;8;8;49,0625;3,0181;47,8500;1,6694;2,0066;3;
2013;23;ENFERMAGEM;898;FACULDADE DE CIÊNCIAS ECONÔMICAS E ADMINISTRATIVAS SANTA RITA DE CÁSSIA;FACEAS;Privada sem fins lucrativos;Faculdade;3550308;SAO PAULO;SP;SUDESTE;1;53397;31;26;39,6731;1,5635;42,4423;1,1098;1,2232;2;
2013;23;ENFERMAGEM;916;FACULDADE DE CIÊNCIAS, SAÚDE, EXATAS E JURÍDICAS DE TERESINA;FACULDADE CEUT;Privada com fins lucrativos;Faculdade;2211001;TERESINA;PI;NORDESTE;1;95194;78;71;45,5887;2,4800;48,0239;1,6874;1,8855;2;
2013;23;ENFERMAGEM;926;CENTRO UNIVERSITÁRIO ANHANGUERA DE CAMPO GRANDE;;Privada com fins lucrativos;Centro Universitário;5002704;CAMPO GRANDE;MS;CENTRO-OESTE;1;107126;28;26;49,9038;3,1484;56,1654;2,5299;2,6846;3;
2013;23;ENFERMAGEM;953;UNIVERSIDADE METROPOLITANA DE SANTOS;UNIMES;Privada sem fins lucrativos;Universidade;3548500;SANTOS;SP;SUDESTE;1;63968;18;18;39,8667;1,5935;48,3889;1,7252;1,6923;2;
2013;23;ENFERMAGEM;977;FACULDADE SÃO CAMILO;;Privada sem fins lucrativos;Faculdade;2927408;SALVADOR;BA;NORDESTE;1;99625;80;64;43,9719;2,2295;49,9938;1,8913;1,9758;3;
2013;23;ENFERMAGEM;1019;FACULDADE DE CIÊNCIAS E TECNOLOGIA DE UNAÍ - FACTU;FACTU;Privada sem fins lucrativos;Faculdade;3170404;UNAI;MG;SUDESTE;1;92973;33;32;44,6312;2,3316;50,6375;1,9579;2,0513;3;
2013;23;ENFERMAGEM;1028;UNIVERSIDADE ESTADUAL DE MATO GROSSO DO SUL;UEMS;Pública Estadual;Universidade;5003702;DOURADOS;MS;CENTRO-OESTE;1;17768;29;29;47,9172;2,8407;63,5483;3,2940;3,1807;4;
2013;23;ENFERMAGEM;1034;UNIÃO DE ESCOLAS SUPERIORES DA FUNESO;UNESF;Privada sem fins lucrativos;Faculdade;2609600;OLINDA;PE;NORDESTE;1;8407;177;163;43,7712;2,1984;53,8337;2,2886;2,2661;3;
2013;23;ENFERMAGEM;1038;FACULDADES INTEGRADAS DE TRÊS LAGOAS;AEMS;Privada sem fins lucrativos;Faculdade;5008305;TRES LAGOAS;MS;CENTRO-OESTE;1;119341;39;39;39,7333;1,5729;46,7051;1,5509;1,5564;2;
2013;23;ENFERMAGEM;1041;CENTRO UNIVERSITÁRIO UNIVATES;UNIVATES;Privada sem fins lucrativos;Centro Universitário;4311403;LAJEADO;RS;SUL;1;38264;37;37;44,5838;2,3243;57,6703;2,6857;2,5953;3;
2013;23;ENFERMAGEM;1042;UNIVERSIDADE POSITIVO;UP;Privada com fins lucrativos;Universidade;4106902;CURITIBA;PR;SUL;1;119918;31;30;51,0567;3,3270;63,4567;3,2845;3,2951;4;
2013;23;ENFERMAGEM;1043;CENTRO UNIVERSITÁRIO HERMINIO OMETTO;UNIARARAS;Privada sem fins lucrativos;Centro Universitário;3503307;ARARAS;SP;SUDESTE;1;14863;70;50;48,8480;2,9849;58,9600;2,8192;2,8606;3;
2013;23;ENFERMAGEM;1046;UNIÃO DAS FACULDADES DOS GRANDES LAGOS;UNILAGO;Privada sem fins lucrativos;Faculdade;3549805;SAO JOSE DO RIO PRETO;SP;SUDESTE;1;99224;9;7;54,6429;3,8826;59,8286;2,9090;3,1524;4;
2013;23;ENFERMAGEM;1051;FACULDADE DA SEUNE;SEUNE;Privada com fins lucrativos;Faculdade;2704302;MACEIO;AL;NORDESTE;1;117947;8;6;37,0000;1,1495;43,6500;1,2347;1,2134;2;
2013;23;ENFERMAGEM;1053;FACULDADE DE TECNOLOGIA E CIÊNCIAS DE FEIRA DE SANTANA;FTC;Privada com fins lucrativos;Faculdade;2910800;FEIRA DE SANTANA;BA;NORDESTE;1;69062;100;86;39,5837;1,5497;51,8663;2,0850;1,9512;3;
2013;23;ENFERMAGEM;1058;Estácio FIB - Centro Universitário Estácio da Bahia;Estácio FIB;Privada com fins lucrativos;Centro Universitário;2927408;SALVADOR;BA;NORDESTE;1;84453;162;114;41,4246;1,8349;43,0579;1,1735;1,3388;2;
2013;23;ENFERMAGEM;1075;INSTITUTO DE EDUCAÇÃO SUPERIOR DA PARAÍBA;IESP;Privada com fins lucrativos;Faculdade;2507507;JOAO PESSOA;PB;NORDESTE;1;96446;65;60;40,4333;1,6813;45,1333;1,3883;1,4615;2;
2013;23;ENFERMAGEM;1077;Faculdade Estácio do Recife - Estácio FIR;Estácio FIR;Privada com fins lucrativos;Faculdade;2611606;RECIFE;PE;NORDESTE;1;116508;25;22;36,1364;1,0157;47,4955;1,6327;1,4784;2;
2013;23;ENFERMAGEM;1078;FACULDADE INTEGRADO DE CAMPO MOURÃO;CEI;Privada com fins lucrativos;Faculdade;4104303;CAMPO MOURAO;PR;SUL;1;81096;33;27;36,9481;1,1414;55,2259;2,4327;2,1099;3;
2013;23;ENFERMAGEM;1080;FACULDADE ARTHUR SÁ EARP NETO;FASE;Privada sem fins lucrativos;Faculdade;3303906;PETROPOLIS;RJ;SUDESTE;1;350819;13;13;54,8769;3,9188;65,7308;3,5199;3,6196;4;
2013;23;ENFERMAGEM;1084;FACULDADE CENECISTA DE BENTO GONÇALVES;FACEBG;Privada sem fins lucrativos;Faculdade;4302105;BENTO GONCALVES;RS;SUL;1;68953;36;35;47,6829;2,8044;56,6457;2,5797;2,6358;3;
2013;23;ENFERMAGEM;1087;FACULDADES INTEGRADAS APARÍCIO CARVALHO;FIMCA;Privada sem fins lucrativos;Faculdade;1100205;PORTO VELHO;RO;NORTE;1;73751;47;45;38,3289;1,3553;51,7978;2,0779;1,8973;2;
2013;23;ENFERMAGEM;1113;CENTRO UNIVERSITÁRIO EURO-AMERICANO;UNIEURO;Privada sem fins lucrativos;Centro Universitário;5300108;BRASILIA;DF;CENTRO-OESTE;3;73537 - 90455 - 115984;31;30;38,6267;1,4014;53,5633;2,2607;2,0459;3;
2013;23;ENFERMAGEM;1126;UNIVERSIDADE ESTADUAL DO CENTRO OESTE;UNICENTRO;Pública Estadual;Universidade;4109401;GUARAPUAVA;PR;SUL;1;19331;3;3;60,9333;4,8570;71,4333;4,1100;4,2968;5;
2013;23;ENFERMAGEM;1128;UNIVERSIDADE DE ITAÚNA;UI;Privada sem fins lucrativos;Universidade;3133808;ITAUNA;MG;SUDESTE;1;79225;63;58;50,3500;3,2175;57,8690;2,7062;2,8341;3;
2013;23;ENFERMAGEM;1129;CENTRO UNIVERSITÁRIO DO NORTE PAULISTA;UNORP;Privada sem fins lucrativos;Centro Universitário;3549805;SAO JOSE DO RIO PRETO;SP;SUDESTE;1;121121;13;13;44,4385;2,3018;42,5692;1,1229;1,4176;2;
2013;23;ENFERMAGEM;1131;FACULDADE SANTO AGOSTINHO;FSA;Privada com fins lucrativos;Faculdade;2211001;TERESINA;PI;NORDESTE;1;86830;231;197;45,1416;2,4107;50,6132;1,9554;2,0692;3;
2013;23;ENFERMAGEM;1149;CENTRO UNIVERSITÁRIO NOSSA SENHORA DO PATROCÍNIO;CEUNSP;Privada com fins lucrativos;Centro Universitário;3523909;ITU;SP;SUDESTE;1;72407;37;32;49,2062;3,0404;60,3844;2,9666;2,9850;4;
2013;23;ENFERMAGEM;1170;FACULDADE METROPOLITANA DE CAMAÇARI;FAMEC;Privada sem fins lucrativos;Faculdade;2905701;CAMACARI;BA;NORDESTE;1;90947;18;15;42,5867;2,0149;55,0733;2,4169;2,3164;3;
2013;23;ENFERMAGEM;1185;CENTRO UNIVERSITÁRIO JORGE AMADO;UNIJORGE;Privada com fins lucrativos;Centro Universitário;2927408;SALVADOR;BA;NORDESTE;1;68941;224;201;44,7607;2,3517;52,9522;2,1974;2,2360;3;
2013;23;ENFERMAGEM;1196;CENTRO UNIVERSITÁRIO DE MARINGÁ - UNICESUMAR;UNICESUMAR;Privada com fins lucrativos;Centro Universitário;4115200;MARINGA;PR;SUL;1;57386;24;23;44,7043;2,3430;63,5826;3,2975;3,0589;4;
2013;23;ENFERMAGEM;1224;CENTRO UNIVERSITÁRIO DE JALES;UNIJALES;Privada sem fins lucrativos;Centro Universitário;3524808;JALES;SP;SUDESTE;1;90331;23;21;39,3381;1,5117;45,0333;1,3779;1,4113;2;
2013;23;ENFERMAGEM;1227;FACULDADE SÃO FRANCISCO DE BARREIRAS - FASB;FASB;Privada sem fins lucrativos;Faculdade;2903201;BARREIRAS;BA;NORDESTE;1;69308;71;67;41,4209;1,8343;53,1746;2,2204;2,1239;3;
2013;23;ENFERMAGEM;1232;CENTRO UNIVERSITÁRIO CAMPOS DE ANDRADE;UNIANDRADE;Privada sem fins lucrativos;Centro Universitário;4106902;CURITIBA;PR;SUL;1;44281;96;94;40,1340;1,6350;47,9894;1,6838;1,6716;2;
2013;23;ENFERMAGEM;1233;CENTRO UNIVERSITÁRIO CÂNDIDO RONDON;UNIRONDON;Privada sem fins lucrativos;Centro Universitário;5103403;CUIABA;MT;CENTRO-OESTE;1;92777;54;54;46,8185;2,6705;52,8815;2,1901;2,3102;3;
2013;23;ENFERMAGEM;1239;FACULDADE PADRÃO;PADRAO;Privada com fins lucrativos;Faculdade;5208707;GOIANIA;GO;CENTRO-OESTE;1;68153;91;86;44,0756;2,2455;45,1442;1,3894;1,6034;2;
2013;23;ENFERMAGEM;1244;FACULDADE BRASILEIRA;MULTIVIX VITÓRIA;Privada com fins lucrativos;Faculdade;3205309;VITORIA;ES;SUDESTE;1;50051;12;12;59,1833;4,5859;60,9583;3,0260;3,4160;4;
2013;23;ENFERMAGEM;1263;FACULDADE BEZERRA DE ARAÚJO;FABA;Privada com fins lucrativos;Faculdade;3304557;RIO DE JANEIRO;RJ;SUDESTE;1;19779;160;116;37,4845;1,2245;46,9905;1,5805;1,4915;2;
2013;23;ENFERMAGEM;1264;CENTRO UNIVERSITÁRIO DO RIO GRANDE DO NORTE;UNI-RN;Privada sem fins lucrativos;Centro Universitário;2408102;NATAL;RN;NORDESTE;1;87929;73;66;43,7470;2,1946;53,0636;2,2089;2,2054;3;
2013;23;ENFERMAGEM;1273;FACULDADE CAMPO LIMPO PAULISTA;FACCAMP;Privada com fins lucrativos;Faculdade;3509601;CAMPO LIMPO PAULISTA;SP;SUDESTE;1;97083;47;44;37,8500;1,2811;48,4977;1,7364;1,6226;2;
2013;23;ENFERMAGEM;1281;FACULDADE DE CIÊNCIAS SOCIAIS E AGRÁRIAS DE ITAPEVA;FAIT;Privada com fins lucrativos;Faculdade;3522406;ITAPEVA;SP;SUDESTE;1;80324;22;19;48,6263;2,9505;51,6789;2,0656;2,2869;3;
2013;23;ENFERMAGEM;1292;FACULDADES ADAMANTINENSES INTEGRADAS;FAI;Pública Municipal;Faculdade;3500105;ADAMANTINA;SP;SUDESTE;1;19831;17;13;38,1769;1,3318;49,7462;1,8656;1,7322;2;
2013;23;ENFERMAGEM;1298;Faculdade Estácio de Alagoas - Estácio FAL;ESTÁCIO FAL;Privada com fins lucrativos;Faculdade;2704302;MACEIO;AL;NORDESTE;1;1103168;62;59;45,2610;2,4292;50,6051;1,9545;2,0732;3;
2013;23;ENFERMAGEM;1299;FACULDADES INTEGRADAS DE FERNANDÓPOLIS;FIFE;Privada sem fins lucrativos;Faculdade;3515509;FERNANDOPOLIS;SP;SUDESTE;1;19863;11;10;39,9700;1,6095;52,4000;2,1403;2,0076;3;
2013;23;ENFERMAGEM;1308;FACULDADE NOVO MILÊNIO;FNM;Privada com fins lucrativos;Faculdade;3205200;VILA VELHA;ES;SUDESTE;1;49105;23;19;43,9895;2,2322;54,6632;2,3745;2,3389;3;
2013;23;ENFERMAGEM;1319;FACULDADE TECSOMA;FATEC;Privada com fins lucrativos;Faculdade;3147006;PARACATU;MG;SUDESTE;1;51127;30;29;47,3931;2,7595;54,9207;2,4011;2,4907;3;
2013;23;ENFERMAGEM;1322;FACULDADE EDUVALE DE AVARÉ;EDUVALE;Privada sem fins lucrativos;Faculdade;3504503;AVARE;SP;SUDESTE;1;98730;12;11;43,8545;2,2113;53,0727;2,2099;2,2102;3;
2013;23;ENFERMAGEM;1325;FACULDADE DE APUCARANA;FAP;Privada sem fins lucrativos;Faculdade;4101408;APUCARANA;PR;SUL;1;49088;15;14;41,6571;1,8709;58,9429;2,8174;2,5808;3;
2013;23;ENFERMAGEM;1336;FACULDADE ASSIS GURGACZ;FAG;Privada sem fins lucrativos;Faculdade;4104808;CASCAVEL;PR;SUL;1;66759;35;34;43,3324;2,1304;54,5794;2,3658;2,3070;3;
2013;23;ENFERMAGEM;1360;FACULDADE SÃO GABRIEL;FSG;Privada com fins lucrativos;Faculdade;2211001;TERESINA;PI;NORDESTE;1;110580;25;25;44,4080;2,2970;44,9600;1,3703;1,6020;2;
2013;23;ENFERMAGEM;1364;FACULDADE DE TECNOLOGIA E CIÊNCIAS DE VITÓRIA DA CONQUISTA;FTC;Privada com fins lucrativos;Faculdade;2933307;VITORIA DA CONQUISTA;BA;NORDESTE;1;58816;111;105;43,9438;2,2251;50,9495;1,9902;2,0489;3;
2013;23;ENFERMAGEM;1365;CENTRO UNIVERSITÁRIO ADVENTISTA DE SÃO PAULO;UNASP;Privada sem fins lucrativos;Centro Universitário;3550308;SAO PAULO;SP;SUDESTE;1;20407;1;0;.;.;.;.;.;SC;
2013;23;ENFERMAGEM;1379;FACULDADES INTEGRADAS SÃO PEDRO;FAESA;Privada sem fins lucrativos;Faculdade;3205309;VITORIA;ES;SUDESTE;1;21721;50;46;48,1435;2,8757;58,5457;2,7763;2,8011;3;
2013;23;ENFERMAGEM;1414;FACULDADE SÃO LUCAS;FSL;Privada com fins lucrativos;Faculdade;1100205;PORTO VELHO;RO;NORTE;1;352123;85;82;37,4866;1,2248;47,0683;1,5885;1,4976;2;
2013;23;ENFERMAGEM;1420;FACULDADES DE DRACENA;;Privada sem fins lucrativos;Faculdade;3514403;DRACENA;SP;SUDESTE;1;91951;39;39;44,4897;2,3097;48,7769;1,7653;1,9014;2;
2013;23;ENFERMAGEM;1422;CENTRO UNIVERSITÁRIO DO NORTE;UNINORTE;Privada com fins lucrativos;Centro Universitário;1302603;MANAUS;AM;NORTE;1;73259;192;103;41,0689;1,7798;44,1126;1,2826;1,4069;2;
2013;23;ENFERMAGEM;1430;FACULDADE INGÁ;;Privada sem fins lucrativos;Faculdade;4115200;MARINGA;PR;SUL;1;48207;43;42;46,1952;2,5739;58,4000;2,7612;2,7144;3;
2013;23;ENFERMAGEM;1434;INSTITUTO DE ENSINO SUPERIOR DE ITAPIRA;IESI;Privada sem fins lucrativos;Faculdade;3522604;ITAPIRA;SP;SUDESTE;1;5000226;17;17;43,9529;2,2266;54,4118;2,3485;2,3180;3;
2013;23;ENFERMAGEM;1444;FACULDADES INTEGRADAS EINSTEIN DE LIMEIRA;FIEL;Privada sem fins lucrativos;Faculdade;3526902;LIMEIRA;SP;SUDESTE;1;50449;19;16;49,9313;3,1527;50,6813;1,9624;2,2600;3;
2013;23;ENFERMAGEM;1446;CENTRO UNIVERSITÁRIO PLANALTO DO DISTRITO FEDERAL - UNIPLAN;UNIPLAN;Privada sem fins lucrativos;Centro Universitário;5300108;BRASILIA;DF;CENTRO-OESTE;1;121421;36;35;41,5200;1,8497;48,2629;1,7121;1,7465;2;
2013;23;ENFERMAGEM;1450;CENTRO UNIVERSITÁRIO DO CERRADO-PATROCÍNIO;UNICERP;Privada sem fins lucrativos;Centro Universitário;3148103;PATROCINIO;MG;SUDESTE;1;88298;6;6;39,8833;1,5961;27,4333;0,0000;0,3990;1;
2013;23;ENFERMAGEM;1461;FACULDADE DE TECNOLOGIA E CIÊNCIAS;FTC SALVADOR;Privada com fins lucrativos;Faculdade;2927408;SALVADOR;BA;NORDESTE;1;60094;118;104;44,4250;2,2997;54,1731;2,3238;2,3177;3;
2013;23;ENFERMAGEM;1487;FACULDADE DOM BOSCO;FDB;Privada com fins lucrativos;Faculdade;4106902;CURITIBA;PR;SUL;1;1074145;30;28;43,0464;2,0861;55,3857;2,4493;2,3585;3;
2013;23;ENFERMAGEM;1494;FACULDADE CATÓLICA SALESIANA DO ESPÍRITO SANTO;;Privada sem fins lucrativos;Faculdade;3205309;VITORIA;ES;SUDESTE;1;67582;53;41;41,7878;1,8911;57,9659;2,7163;2,5100;3;
2013;23;ENFERMAGEM;1499;FACULDADE ANHANGUERA DE TABOÃO DA SERRA;FATS;Privada com fins lucrativos;Faculdade;3552809;TABOAO DA SERRA;SP;SUDESTE;1;96687;89;21;44,8619;2,3674;47,7571;1,6598;1,8367;2;
2013;23;ENFERMAGEM;1509;FACULDADE ESTÁCIO DE SÁ DE BELO HORIZONTE;FESBH;Privada com fins lucrativos;Centro Universitário;3106200;BELO HORIZONTE;MG;SUDESTE;1;66627;11;9;51,7000;3,4267;49,7778;1,8689;2,2583;3;
2013;23;ENFERMAGEM;1510;CENTRO UNIVERSITÁRIO ESTÁCIO DE SÁ DE SANTA CATARINA;FESSC;Privada com fins lucrativos;Centro Universitário;4216602;SAO JOSE;SC;SUL;1;105868;33;26;50,8885;3,3010;61,8692;3,1202;3,1654;4;
2013;23;ENFERMAGEM;1519;FACULDADE DE PATO BRANCO;FADEP;Privada com fins lucrativos;Faculdade;4118501;PATO BRANCO;PR;SUL;1;49084;1;0;.;.;.;.;.;SC;
2013;23;ENFERMAGEM;1542;CENTRO UNIVERSITÁRIO GERALDO DI BIASE;UGB;Privada sem fins lucrativos;Centro Universitário;3300308;BARRA DO PIRAI;RJ;SUDESTE;1;111016;22;21;42,9905;2,0775;42,1952;1,0842;1,3325;2;
2013;23;ENFERMAGEM;1546;FACULDADE DE EDUCAÇÃO SÃO FRANCISCO;FAESF;Privada sem fins lucrativos;Faculdade;2108207;PEDREIRAS;MA;NORDESTE;1;67498;30;28;40,4429;1,6828;39,9214;0,8489;1,0574;2;
2013;23;ENFERMAGEM;1552;FACULDADE PIAUIENSE;FAP;Privada com fins lucrativos;Faculdade;2207702;PARNAIBA;PI;NORDESTE;1;117106;95;95;43,8842;2,2159;54,1695;2,3234;2,2965;3;
2013;23;ENFERMAGEM;1557;UNIVERSIDADE FUMEC;FUMEC;Privada sem fins lucrativos;Universidade;3144805;NOVA LIMA;MG;SUDESTE;1;73150;45;35;37,2429;1,1871;48,3829;1,7245;1,5902;2;
2013;23;ENFERMAGEM;1559;CENTRO UNIVERSITÁRIO DO ESPÍRITO SANTO;UNESC;Privada sem fins lucrativos;Centro Universitário;3201506;COLATINA;ES;SUDESTE;2;51601 - 119120;30;30;54,6900;3,8899;69,4733;3,9072;3,9028;4;
2013;23;ENFERMAGEM;1563;CENTRO UNIVERSITÁRIO DA FACULDADE DE SAÚDE, CIÊNCIAS HUMANAS E TECNOLÓGICAS DO PIAUÍ;NOVAFAPI;Privada com fins lucrativos;Centro Universitário;2211001;TERESINA;PI;NORDESTE;1;38315;82;82;50,0439;3,1701;52,4073;2,1410;2,3983;3;
2013;23;ENFERMAGEM;1572;FACULDADE DE CIÊNCIAS SOCIAIS APLICADAS;FACISA;Privada com fins lucrativos;Faculdade;2915601;ITAMARAJU;BA;NORDESTE;1;71207;23;20;37,7350;1,2633;40,0150;0,8586;0,9598;2;
2013;23;ENFERMAGEM;1573;FACULDADE ALFREDO NASSER;FAN;Privada sem fins lucrativos;Faculdade;5201405;APARECIDA DE GOIANIA;GO;CENTRO-OESTE;1;118924;108;97;39,2577;1,4992;44,8907;1,3631;1,3972;2;
2013;23;ENFERMAGEM;1577;FACULDADE INTERMUNICIPAL DO NOROESTE DO PARANÁ;FACINOR;Privada sem fins lucrativos;Faculdade;4113502;LOANDA;PR;SUL;1;62104;10;9;45,5667;2,4765;49,5000;1,8402;1,9992;3;
2013;23;ENFERMAGEM;1580;FACULDADE DE CIÊNCIAS E EDUCAÇÃO SENA AIRES;FACESA;Privada com fins lucrativos;Faculdade;5221858;VALPARAISO DE GOIAS;GO;CENTRO-OESTE;1;46871;73;68;46,5676;2,6316;51,3956;2,0363;2,1851;3;
2013;23;ENFERMAGEM;1581;FACULDADE DA CIDADE DE SANTA LUZIA;FACSAL;Privada sem fins lucrativos;Faculdade;3157807;SANTA LUZIA;MG;SUDESTE;1;91141;9;8;38,4875;1,3799;41,5000;1,0122;1,1042;2;
2013;23;ENFERMAGEM;1590;FACULDADE ESTÁCIO DE SÃO LUÍS;ESTÁCIO SÃO LUÍS;Privada com fins lucrativos;Faculdade;2111300;SAO LUIS;MA;NORDESTE;1;118744;1;0;.;.;.;.;.;SC;
2013;23;ENFERMAGEM;1591;FACULDADE SEAMA;SEAMA;Privada sem fins lucrativos;Faculdade;1600303;MACAPA;AP;NORTE;1;98620;19;18;36,3111;1,0427;43,1167;1,1796;1,1453;2;
2013;23;ENFERMAGEM;1600;INSTITUTO DE CIÊNCIAS DA SAÚDE;ICS;Privada sem fins lucrativos;Faculdade;3143302;MONTES CLAROS;MG;SUDESTE;2;67235 - 82633;112;101;44,7634;2,3521;55,1129;2,4210;2,4038;3;
2013;23;ENFERMAGEM;1613;FACULDADE ADVENTISTA PARANAENSE;IAP;Privada sem fins lucrativos;Faculdade;4111605;IVATUBA;PR;SUL;1;82984;23;23;45,5522;2,4743;59,5696;2,8822;2,7803;3;
2013;23;ENFERMAGEM;1624;FACULDADE MARECHAL RONDON;FMR;Privada sem fins lucrativos;Faculdade;3550100;SAO MANUEL;SP;SUDESTE;1;53414;24;24;43,6583;2,1809;54,8417;2,3930;2,3399;3;
2013;23;ENFERMAGEM;1632;FACULDADE PITÁGORAS DE LONDRINA;;Privada com fins lucrativos;Faculdade;4113700;LONDRINA;PR;SUL;1;100882;26;25;48,8160;2,9799;60,4040;2,9686;2,9714;4;
2013;23;ENFERMAGEM;1640;FACULDADE DE CIÊNCIAS HUMANAS E SOCIAIS;FACULDADE AGES;Privada com fins lucrativos;Faculdade;2923803;PARIPIRANGA;BA;NORDESTE;1;108708;63;60;45,0700;2,3996;55,9200;2,5045;2,4783;3;
2013;23;ENFERMAGEM;1642;FACULDADE DE TECNOLOGIA E CIÊNCIAS DE ITABUNA;FTC;Privada com fins lucrativos;Faculdade;2914802;ITABUNA;BA;NORDESTE;1;58834;116;103;43,3922;2,1397;51,9563;2,0944;2,1057;3;
2013;23;ENFERMAGEM;1643;FACULDADE ANÍSIO TEIXEIRA DE FEIRA DE SANTANA;FAT;Privada sem fins lucrativos;Faculdade;2910800;FEIRA DE SANTANA;BA;NORDESTE;1;107044;111;61;44,8410;2,3641;53,7164;2,2765;2,2984;3;
2013;23;ENFERMAGEM;1645;FACULDADE DE TECNOLOGIA E CIÊNCIAS DE JEQUIÉ;FTC;Privada com fins lucrativos;Faculdade;2918001;JEQUIE;BA;NORDESTE;1;58813;91;80;42,3225;1,9740;50,3700;1,9302;1,9411;2;
2013;23;ENFERMAGEM;1647;FACULDADE DE ENSINO E CULTURA DO CEARÁ;FAECE;Privada sem fins lucrativos;Faculdade;2304400;FORTALEZA;CE;NORDESTE;1;109576;61;54;49,0852;3,0216;54,6648;2,3747;2,5364;3;
2013;23;ENFERMAGEM;1656;INSTITUTO DE ENSINO SUPERIOR DE TERESINA;IEST;Privada sem fins lucrativos;Faculdade;2211001;TERESINA;PI;NORDESTE;1;109574;65;52;44,8192;2,3607;48,9154;1,7797;1,9249;2;
2013;23;ENFERMAGEM;1658;FACULDADE INTEGRADA DA GRANDE FORTALEZA;FGF;Privada com fins lucrativos;Faculdade;2304400;FORTALEZA;CE;NORDESTE;1;71267;54;53;40,5189;1,6946;54,9641;2,4056;2,2279;3;
2013;23;ENFERMAGEM;1659;FACULDADE ESTÁCIO DE SÁ DE OURINHOS;FAESO;Privada com fins lucrativos;Faculdade;3534708;OURINHOS;SP;SUDESTE;1;74920;1;0;.;.;.;.;.;SC;
2013;23;ENFERMAGEM;1664;FACULDADE DA SAÚDE E ECOLOGIA HUMANA;FASEH;Privada com fins lucrativos;Faculdade;3171204;VESPASIANO;MG;SUDESTE;1;50823;30;28;37,6000;1,2424;51,5429;2,0516;1,8493;2;
2013;23;ENFERMAGEM;1672;INSTITUTO ESPERANÇA DE ENSINO SUPERIOR;IESPES;Privada sem fins lucrativos;Faculdade;1506807;SANTAREM;PA;NORTE;1;104534;140;136;43,5485;2,1639;46,4934;1,5290;1,6877;2;
2013;23;ENFERMAGEM;1676;FACULDADE SÃO MIGUEL;FACULDADE SÃO MIGUEL;Privada com fins lucrativos;Faculdade;2611606;RECIFE;PE;NORDESTE;1;79840;179;161;38,6478;1,4047;45,7839;1,4556;1,4429;2;
2013;23;ENFERMAGEM;1694;ESCOLA SUPERIOR DE CRICIÚMA - ESUCRI;ESUCRI;Privada com fins lucrativos;Faculdade;4204608;CRICIUMA;SC;SUL;1;80214;55;52;48,7154;2,9643;57,6135;2,6798;2,7509;3;
2013;23;ENFERMAGEM;1703;INSTITUTO DE ENSINO SUPERIOR DE RIO VERDE;IESRIVER;Privada sem fins lucrativos;Faculdade;5218805;RIO VERDE;GO;CENTRO-OESTE;1;69060;40;37;43,7189;2,1903;46,9541;1,5767;1,7301;2;
2013;23;ENFERMAGEM;1708;INSTITUTO PERNAMBUCANO DE ENSINO SUPERIOR;IPESU;Privada sem fins lucrativos;Faculdade;2611606;RECIFE;PE;NORDESTE;1;109578;41;38;38,0132;1,3064;45,7947;1,4567;1,4191;2;
2013;23;ENFERMAGEM;1709;FACULDADE INTEGRADA DE PERNAMBUCO;FACIPE;Privada com fins lucrativos;Faculdade;2611606;RECIFE;PE;NORDESTE;1;118710;142;139;37,5252;1,2308;41,6475;1,0275;1,0783;2;
2013;23;ENFERMAGEM;1716;FACULDADE UNIÃO DAS AMÉRICAS;;Privada com fins lucrativos;Faculdade;4108304;FOZ DO IGUACU;PR;SUL;1;47852;27;25;37,1120;1,1668;42,8640;1,1534;1,1568;2;
2013;23;ENFERMAGEM;1717;FACULDADE DE IMPERATRIZ;FACIMP;Privada com fins lucrativos;Faculdade;2105302;IMPERATRIZ;MA;NORDESTE;1;68949;69;68;42,1515;1,9475;44,5221;1,3250;1,4806;2;
2013;23;ENFERMAGEM;1718;FACULDADE NOBRE DE FEIRA DE SANTANA;FAN;Privada com fins lucrativos;Faculdade;2910800;FEIRA DE SANTANA;BA;NORDESTE;1;80328;76;29;51,2517;3,3572;65,2103;3,4660;3,4388;4;
2013;23;ENFERMAGEM;1728;FACULDADE INTERAMERICANA DE PORTO VELHO;UNIRON;Privada com fins lucrativos;Faculdade;1100205;PORTO VELHO;RO;NORTE;1;118774;73;71;39,7085;1,5690;44,7338;1,3469;1,4024;2;
2013;23;ENFERMAGEM;1734;FACULDADE INTEGRAL DIFERENCIAL;FACID;Privada com fins lucrativos;Faculdade;2211001;TERESINA;PI;NORDESTE;1;71161;39;39;52,0769;3,4851;55,9385;2,5065;2,7511;3;
2013;23;ENFERMAGEM;1735;FACULDADE DE CIÊNCIAS APLICADAS DOUTOR LEÃO SAMPAIO;FLS;Privada com fins lucrativos;Faculdade;2307304;JUAZEIRO DO NORTE;CE;NORDESTE;1;90529;65;58;46,9293;2,6876;57,3172;2,6491;2,6588;3;
2013;23;ENFERMAGEM;1753;FACULDADE DE ENFERMAGEM NOVA ESPERANÇA;FACENE;Privada com fins lucrativos;Faculdade;2507507;JOAO PESSOA;PB;NORDESTE;1;48022;142;139;42,2511;1,9629;47,2950;1,6120;1,6997;2;
2013;23;ENFERMAGEM;1758;FACULDADE INDEPENDENTE DO NORDESTE;FAINOR;Privada com fins lucrativos;Faculdade;2933307;VITORIA DA CONQUISTA;BA;NORDESTE;1;118754;92;91;43,6407;2,1782;57,1495;2,6318;2,5184;3;
2013;23;ENFERMAGEM;1772;FACULDADE NORDESTE;FANOR;Privada com fins lucrativos;Faculdade;2304400;FORTALEZA;CE;NORDESTE;1;106820;38;28;48,4143;2,9177;58,8750;2,8104;2,8372;3;
2013;23;ENFERMAGEM;1775;CENTRO UNIVERSITÁRIO DO VALE DO IPOJUCA;UNIVIP;Privada com fins lucrativos;Centro Universitário;2604106;CARUARU;PE;NORDESTE;1;99849;84;78;48,0577;2,8624;56,3141;2,5453;2,6246;3;
2013;23;ENFERMAGEM;1785;FACULDADE DE COLIDER;FACIDER;Privada sem fins lucrativos;Faculdade;5103205;COLIDER;MT;CENTRO-OESTE;1;98760;6;6;36,2333;1,0307;43,5333;1,2227;1,1747;2;
2013;23;ENFERMAGEM;1790;FACULDADE DO SUL DA BAHIA;ISESB;Privada sem fins lucrativos;Faculdade;2931350;TEIXEIRA DE FREITAS;BA;NORDESTE;1;105906;40;33;40,8788;1,7503;42,1788;1,0825;1,2495;2;
2013;23;ENFERMAGEM;1814;FACULDADE DE CIÊNCIAS SOCIAIS E APLICADAS DE DIAMANTINO;UNED;Privada com fins lucrativos;Faculdade;5103502;DIAMANTINO;MT;CENTRO-OESTE;1;90004;28;27;47,4815;2,7732;46,6778;1,5481;1,8544;2;
2013;23;ENFERMAGEM;1815;FACULDADE DO INSTITUTO BRASIL;FIBRA;Privada com fins lucrativos;Faculdade;5201108;ANAPOLIS;GO;CENTRO-OESTE;1;107627;31;25;43,5720;2,1675;45,9560;1,4734;1,6469;2;
2013;23;ENFERMAGEM;1818;FACULDADE PITÁGORAS DE BELO HORIZONTE;FPAS;Privada com fins lucrativos;Faculdade;3106200;BELO HORIZONTE;MG;SUDESTE;1;83918;109;87;45,5103;2,4678;52,8299;2,1848;2,2555;3;
2013;23;ENFERMAGEM;1836;CENTRO UNIVERSITÁRIO FUNDAÇÃO DE ENSINO OCTÁVIO BASTOS - FEOB;UNIFEOB;Privada sem fins lucrativos;Centro Universitário;3549102;SAO JOAO DA BOA VISTA;SP;SUDESTE;1;49006;35;33;45,1394;2,4103;50,0424;1,8963;2,0248;3;
2013;23;ENFERMAGEM;1846;CENTRO UNIVERSITÁRIO DE LINS;UNILINS;Privada sem fins lucrativos;Centro Universitário;3527108;LINS;SP;SUDESTE;1;85252;7;5;43,9000;2,2183;48,6600;1,7532;1,8695;2;
2013;23;ENFERMAGEM;1879;FACULDADE EDUCACIONAL DE ARAUCÁRIA;FACEAR;Privada com fins lucrativos;Faculdade;4101804;ARAUCARIA;PR;SUL;1;109541;23;22;46,1500;2,5669;58,7318;2,7955;2,7384;3;
2013;23;ENFERMAGEM;1883;FACULDADE DE CIÊNCIAS AGRÁRIAS E DA SAÚDE;FAS;Privada com fins lucrativos;Faculdade;2919207;LAURO DE FREITAS;BA;NORDESTE;1;109309;55;55;42,8345;2,0533;58,8182;2,8045;2,6167;3;
2013;23;ENFERMAGEM;1906;INSTITUTO DE ENSINO SUPERIOR MATERDEI;IES-MATERDEI;Privada com fins lucrativos;Faculdade;1302603;MANAUS;AM;NORTE;1;51218;24;24;39,0292;1,4638;46,3125;1,5103;1,4987;2;
2013;23;ENFERMAGEM;1917;FACULDADE DE CIÊNCIAS BIOMÉDICAS DE CACOAL;FACIMED;Privada com fins lucrativos;Faculdade;1100049;CACOAL;RO;NORTE;1;51270;41;40;38,1275;1,3241;54,6475;2,3729;2,1107;3;
2013;23;ENFERMAGEM;1939;INSTITUTO DE ENSINO SUPERIOR DE LONDRINA - INESUL;INESUL;Privada com fins lucrativos;Faculdade;4113700;LONDRINA;PR;SUL;1;90691;25;24;43,5125;2,1583;49,6500;1,8557;1,9313;2;
2013;23;ENFERMAGEM;1945;FACULDADE DE SORRISO;FAIS;Privada com fins lucrativos;Faculdade;5107925;SORRISO;MT;CENTRO-OESTE;1;116428;18;17;43,6118;2,1737;55,4000;2,4507;2,3815;3;
2013;23;ENFERMAGEM;1961;INSTITUTO TECNOLÓGICO E DAS CIÊNCIAS SOCIAIS APLICADAS E DA SAÚDE DO CENTRO EDUC. N. SRª AUXILIADORA;ITCSAS/CENSA;Privada sem fins lucrativos;Faculdade;3301009;CAMPOS DO GOYTACAZES;RJ;SUDESTE;1;117465;20;12;53,5333;3,7107;59,2750;2,8518;3,0665;4;
2013;23;ENFERMAGEM;1978;FACULDADE METROPOLITANA DA GRANDE FORTALEZA;FAMETRO;Privada com fins lucrativos;Faculdade;2304400;FORTALEZA;CE;NORDESTE;1;86392;171;158;43,3595;2,1346;56,9854;2,6148;2,4948;3;
2013;23;ENFERMAGEM;1986;FACULDADE ESTÁCIO DE SÁ DE JUIZ DE FORA;FESJF;Privada com fins lucrativos;Faculdade;3136702;JUIZ DE FORA;MG;SUDESTE;1;71475;18;18;41,7389;1,8836;48,1556;1,7010;1,7467;2;
2013;23;ENFERMAGEM;2005;FACULDADE DE CIÊNCIAS SOCIAIS APLICADAS DE SINOP;FACISAS;Privada com fins lucrativos;Faculdade;5107909;SINOP;MT;CENTRO-OESTE;1;118888;24;24;38,6000;1,3973;56,1000;2,5232;2,2417;3;
2013;23;ENFERMAGEM;2009;FACULDADE DE TAQUARITINGA;FTGA;Privada sem fins lucrativos;Faculdade;3553708;TAQUARITINGA;SP;SUDESTE;1;58870;6;6;40,1667;1,6400;44,0667;1,2779;1,3684;2;
2013;23;ENFERMAGEM;2023;FACULDADE DE GUANAMBI;;Privada com fins lucrativos;Faculdade;2911709;GUANAMBI;BA;NORDESTE;1;80124;75;71;43,6958;2,1867;49,4549;1,8355;1,9233;2;
2013;23;ENFERMAGEM;2027;FACULDADE DE CAMPINA GRANDE;FAC-CG;Privada com fins lucrativos;Faculdade;2504009;CAMPINA GRANDE;PB;NORDESTE;1;71396;16;16;32,8688;0,5095;31,7188;0,0000;0,1274;1;
2013;23;ENFERMAGEM;2043;FACULDADE VALE DO SALGADO;FVS;Privada com fins lucrativos;Faculdade;2305407;ICO;CE;NORDESTE;1;120418;41;41;41,9390;1,9146;54,2415;2,3308;2,2268;3;
2013;23;ENFERMAGEM;2056;FACULDADE DA ALTA PAULISTA;FAP;Privada com fins lucrativos;Faculdade;3555000;TUPA;SP;SUDESTE;1;59743;30;27;46,3852;2,6033;50,1556;1,9080;2,0818;3;
2013;23;ENFERMAGEM;2076;FACULDADE REGIONAL DA BAHIA;FARB;Privada com fins lucrativos;Faculdade;2927408;SALVADOR;BA;NORDESTE;1;98339;31;27;45,1333;2,4094;52,5667;2,1575;2,2205;3;
2013;23;ENFERMAGEM;2082;FACULDADE DE CIÊNCIAS MÉDICAS DA PARAÍBA;FCM-PB;Privada com fins lucrativos;Faculdade;2507507;JOAO PESSOA;PB;NORDESTE;1;110584;23;22;49,0545;3,0169;50,6500;1,9592;2,2236;3;
2013;23;ENFERMAGEM;2086;INSTITUTO DE ENSINO SUPERIOR DE FOZ DO IGUAÇU;IESFI;Privada sem fins lucrativos;Faculdade;4108304;FOZ DO IGUACU;PR;SUL;1;117790;21;21;41,6048;1,8628;48,7095;1,7583;1,7845;2;
2013;23;ENFERMAGEM;2111;INSTITUTO SUPERIOR DE TEOLOGIA APLICADA;INTA;Privada sem fins lucrativos;Faculdade;2312908;SOBRAL;CE;NORDESTE;1;108690;168;154;50,6714;3,2673;50,4935;1,9430;2,2741;3;
2013;23;ENFERMAGEM;2122;Estácio FASE - Faculdade Estácio de Sergipe;Estácio FASE;Privada com fins lucrativos;Faculdade;2800308;ARACAJU;SE;NORDESTE;1;118882;17;15;39,8600;1,5925;48,9533;1,7836;1,7358;2;
2013;23;ENFERMAGEM;2132;FACULDADE BARÃO DO RIO BRANCO;FAB;Privada com fins lucrativos;Faculdade;1200401;RIO BRANCO;AC;NORTE;1;98738;121;109;42,1963;1,9544;49,0505;1,7936;1,8338;2;
2013;23;ENFERMAGEM;2135;FACULDADE CATÓLICA RAINHA DO SERTÃO;FCRS;Privada sem fins lucrativos;Faculdade;2311306;QUIXADA;CE;NORDESTE;1;68998;60;58;48,1448;2,8759;49,8310;1,8744;2,1248;3;
2013;23;ENFERMAGEM;2147;FACULDADE METROPOLITANA DE MANAUS;FAMETRO;Privada com fins lucrativos;Faculdade;1302603;MANAUS;AM;NORTE;1;104478;48;46;39,9696;1,6095;46,2804;1,5070;1,5326;2;
2013;23;ENFERMAGEM;2149;FACULDADE MATO GROSSO DO SUL;FACSUL;Privada sem fins lucrativos;Faculdade;5002704;CAMPO GRANDE;MS;CENTRO-OESTE;1;1107133;19;18;45,9833;2,5411;52,6611;2,1673;2,2607;3;
2013;23;ENFERMAGEM;2158;FACULDADE SANTA MARIA;FSM;Privada com fins lucrativos;Faculdade;2503704;CAJAZEIRAS;PB;NORDESTE;1;54975;53;51;43,4353;2,1464;50,6176;1,9558;2,0035;3;
2013;23;ENFERMAGEM;2175;FACULDADE METROPOLITANA DE BLUMENAU;FAMEBLU;Privada com fins lucrativos;Faculdade;4202404;BLUMENAU;SC;SUL;1;117775;17;15;47,4467;2,7678;55,7800;2,4901;2,5595;3;
2013;23;ENFERMAGEM;2189;FACULDADE DO MARANHÃO;FACAM-MA;Privada com fins lucrativos;Faculdade;2111300;SAO LUIS;MA;NORDESTE;1;98061;136;125;49,1936;3,0384;48,0176;1,6867;2,0247;3;
2013;23;ENFERMAGEM;2242;FACULDADE DO RECIFE;FAREC;Privada sem fins lucrativos;Faculdade;2611606;RECIFE;PE;NORDESTE;1;5000317;60;58;37,8707;1,2843;44,2672;1,2986;1,2951;2;
2013;23;ENFERMAGEM;2271;FACULDADE PITÁGORAS DE IPATINGA;FPI;Privada com fins lucrativos;Faculdade;3131307;IPATINGA;MG;SUDESTE;1;88484;48;34;44,0324;2,2389;50,4853;1,9421;2,0163;3;
2013;23;ENFERMAGEM;2336;FACULDADE MONTES BELOS;FMB;Privada com fins lucrativos;Faculdade;5220108;SAO LUIS DE MONTES BELOS;GO;CENTRO-OESTE;1;88918;47;38;43,6684;2,1825;46,3184;1,5109;1,6788;2;
2013;23;ENFERMAGEM;2341;FACULDADE DA ALDEIA DE CARAPICUÍBA;FALC;Privada com fins lucrativos;Faculdade;3510609;CARAPICUIBA;SP;SUDESTE;1;5000222;50;43;38,3814;1,3634;44,3279;1,3049;1,3195;2;
2013;23;ENFERMAGEM;2362;FACULDADE DE CIÊNCIAS MÉDICAS DE CAMPINA GRANDE;FCM;Privada com fins lucrativos;Faculdade;2504009;CAMPINA GRANDE;PB;NORDESTE;1;80865;22;20;39,4300;1,5259;54,1300;2,3193;2,1210;3;
2013;23;ENFERMAGEM;2409;FACULDADE ASCES;ASCES;Privada sem fins lucrativos;Faculdade;2604106;CARUARU;PE;NORDESTE;1;89994;85;81;48,6728;2,9577;58,7901;2,8016;2,8406;3;
2013;23;ENFERMAGEM;2420;FACULDADE PARANAENSE;FAPAR;Privada sem fins lucrativos;Faculdade;4106902;CURITIBA;PR;SUL;1;1069967;37;36;42,2056;1,9559;52,8972;2,1917;2,1328;3;
2013;23;ENFERMAGEM;2428;FACULDADE DE CIÊNCIAS E TECNOLOGIAS DE CAMPOS GERAIS;FACICA;Privada com fins lucrativos;Faculdade;3111606;CAMPOS GERAIS;MG;SUDESTE;1;71029;34;33;45,5939;2,4808;50,8848;1,9835;2,1078;3;
2013;23;ENFERMAGEM;2437;FACULDADE PITÁGORAS DE TEIXEIRA DE FREITAS;PIT TEIXEIRA;Privada com fins lucrativos;Faculdade;2931350;TEIXEIRA DE FREITAS;BA;NORDESTE;1;73517;23;22;40,1909;1,6438;42,7182;1,1383;1,2647;2;
2013;23;ENFERMAGEM;2440;FACULDADE CIDADE DE JOÃO PINHEIRO;FCJP;Privada sem fins lucrativos;Faculdade;3136306;JOAO PINHEIRO;MG;SUDESTE;1;56496;12;11;51,6909;3,4253;50,7182;1,9662;2,3310;3;
2013;23;ENFERMAGEM;2474;FACULDADE MARIA MILZA;FAMAM;Privada com fins lucrativos;Faculdade;2909802;CRUZ DAS ALMAS;BA;NORDESTE;1;71095;61;57;49,1544;3,0323;59,4333;2,8681;2,9092;3;
2013;23;ENFERMAGEM;2501;FACULDADE ESTÁCIO DE SÁ DE GOIÁS;FESGO;Privada com fins lucrativos;Faculdade;5208707;GOIANIA;GO;CENTRO-OESTE;1;91031;77;54;35,0389;0,8457;38,7815;0,7309;0,7596;1;
2013;23;ENFERMAGEM;2530;FACULDADE DE CIÊNCIAS DE GUARULHOS;FACIG;Privada com fins lucrativos;Faculdade;3518800;GUARULHOS;SP;SUDESTE;1;118918;4;4;39,5250;1,5406;44,6500;1,3382;1,3888;2;
2013;23;ENFERMAGEM;2564;UNIVERSIDADE FEDERAL DE CAMPINA GRANDE;UFCG;Pública Federal;Universidade;2503704;CAJAZEIRAS;PB;NORDESTE;1;79572;37;36;49,1694;3,0347;58,1583;2,7362;2,8108;3;
2013;23;ENFERMAGEM;2564;UNIVERSIDADE FEDERAL DE CAMPINA GRANDE;UFCG;Pública Federal;Universidade;2504009;CAMPINA GRANDE;PB;NORDESTE;1;1134328;78;75;54,5040;3,8610;68,7813;3,8355;3,8419;4;
2013;23;ENFERMAGEM;2564;UNIVERSIDADE FEDERAL DE CAMPINA GRANDE;UFCG;Pública Federal;Universidade;2505105;CUITE;PB;NORDESTE;1;107492;63;63;49,0730;3,0197;62,2810;3,1628;3,1271;4;
2013;23;ENFERMAGEM;2565;ABEU - CENTRO UNIVERSITÁRIO;UNIABEU;Privada sem fins lucrativos;Centro Universitário;3300456;BELFORD ROXO;RJ;SUDESTE;1;73655;65;53;38,7925;1,4271;43,8943;1,2600;1,3018;2;
2013;23;ENFERMAGEM;2568;FACULDADE ZACARIAS DE GÓES;FAZAG;Privada com fins lucrativos;Faculdade;2932903;VALENCA;BA;NORDESTE;1;109322;220;96;37,0021;1,1498;36,2854;0,4726;0,6419;1;
2013;23;ENFERMAGEM;2571;FACULDADE REDENTOR;FACREDENTOR;Privada sem fins lucrativos;Faculdade;3302205;ITAPERUNA;RJ;SUDESTE;1;119052;20;19;48,0789;2,8657;55,1211;2,4219;2,5328;3;
2013;23;ENFERMAGEM;2581;FACULDADE SÃO SALVADOR;FSS;Privada com fins lucrativos;Faculdade;2927408;SALVADOR;BA;NORDESTE;1;81194;93;80;34,7325;0,7982;42,7188;1,1384;1,0533;2;
2013;23;ENFERMAGEM;2593;FACULDADE DE JUAZEIRO DO NORTE;FJN;Privada com fins lucrativos;Faculdade;2307304;JUAZEIRO DO NORTE;CE;NORDESTE;1;95191;35;34;42,4206;1,9892;45,6706;1,4439;1,5802;2;
2013;23;ENFERMAGEM;2616;FACULDADE SANTO ANTÔNIO DE PÁDUA;FASAP;Privada com fins lucrativos;Faculdade;3304706;SANTO ANTONIO DE PADUA;RJ;SUDESTE;1;120591;48;47;50,1489;3,1864;56,3277;2,5467;2,7067;3;
2013;23;ENFERMAGEM;2640;Faculdade Doctum de Saúde da Serra;DOCTUM;Privada sem fins lucrativos;Faculdade;3205002;SERRA;ES;SUDESTE;1;79963;25;22;41,8818;1,9057;45,6909;1,4460;1,5609;2;
2013;23;ENFERMAGEM;2642;FACULDADE SÃO VICENTE;FASVIPA;Privada sem fins lucrativos;Faculdade;2706406;PAO DE ACUCAR;AL;NORDESTE;1;99780;128;116;36,8552;1,1270;41,7526;1,0384;1,0605;2;
2013;23;ENFERMAGEM;2647;FACULDADE INTEGRADA DE SANTA MARIA;FISMA;Privada com fins lucrativos;Faculdade;4316907;SANTA MARIA;RS;SUL;1;67569;31;31;43,3097;2,1269;51,6194;2,0595;2,0763;3;
2013;23;ENFERMAGEM;2724;INSTITUTO DE ENSINO SUPERIOR DO SUL DO MARANHÃO;IESMA;Privada com fins lucrativos;Faculdade;2105302;IMPERATRIZ;MA;NORDESTE;1;80212;27;26;47,1346;2,7194;46,4231;1,5217;1,8212;2;
2013;23;ENFERMAGEM;2745;ESCOLA SUPERIOR DA AMAZÔNIA;ESAMAZ;Privada com fins lucrativos;Faculdade;1501402;BELEM;PA;NORTE;1;90615;58;0;.;.;.;.;.;SC;
2013;23;ENFERMAGEM;2770;FACULDADE UNIDA DE CAMPINAS;FACUNICAMPS;Privada com fins lucrativos;Faculdade;5208707;GOIANIA;GO;CENTRO-OESTE;1;121158;8;8;44,9375;2,3791;64,9500;3,4390;3,1741;4;
2013;23;ENFERMAGEM;2771;CENTRO DE ENSINO SUPERIOR DE ILHÉUS;CESUPI;Privada com fins lucrativos;Faculdade;2913606;ILHEUS;BA;NORDESTE;1;109288;104;103;46,5583;2,6301;55,9388;2,5065;2,5374;3;
2013;23;ENFERMAGEM;2773;FACULDADE DE MACAPÁ;FAMA;Privada sem fins lucrativos;Faculdade;1600303;MACAPA;AP;NORTE;1;100120;64;46;40,6652;1,7172;46,0130;1,4793;1,5388;2;
2013;23;ENFERMAGEM;2774;Centro Universitário UNIFAFIBE;FAFIBE;Privada sem fins lucrativos;Centro Universitário;3506102;BEBEDOURO;SP;SUDESTE;1;347613;45;45;47,4156;2,7630;52,2422;2,1239;2,2837;3;
2013;23;ENFERMAGEM;2787;FACULDADES PEQUENO PRÍNCIPE;FPP;Privada sem fins lucrativos;Faculdade;4106902;CURITIBA;PR;SUL;1;67989;26;24;47,7583;2,8161;63,0458;3,2420;3,1355;4;
2013;23;ENFERMAGEM;2794;FACULDADE DE CIÊNCIAS SOCIAIS E HUMANAS SOBRAL PINTO;FAIESP;Privada com fins lucrativos;Faculdade;5107602;RONDONOPOLIS;MT;CENTRO-OESTE;1;104051;75;68;46,0368;2,5494;47,2897;1,6114;1,8459;2;
2013;23;ENFERMAGEM;2826;FACULDADE NOSSA SENHORA DE FÁTIMA;FACULDADE FÁTIMA;Privada sem fins lucrativos;Faculdade;4305108;CAXIAS DO SUL;RS;SUL;1;67647;38;36;43,8667;2,2132;50,0167;1,8936;1,9735;3;
2013;23;ENFERMAGEM;2835;CENTRO UNIVERSITÁRIO MAURÍCIO DE NASSAU;UNINASSAU;Privada com fins lucrativos;Centro Universitário;2611606;RECIFE;PE;NORDESTE;1;74315;375;333;41,9886;1,9222;49,0982;1,7986;1,8295;2;
2013;23;ENFERMAGEM;2843;FACULDADE DE CIÊNCIAS MÉDICAS E DA SAÚDE DE JUIZ DE FORA;FCMS/JF;Privada com fins lucrativos;Faculdade;3136702;JUIZ DE FORA;MG;SUDESTE;1;59754;25;24;52,8792;3,6093;62,4208;3,1773;3,2853;4;
2013;23;ENFERMAGEM;2915;FACULDADE CIDADE DE PATOS DE MINAS;FPM;Privada sem fins lucrativos;Faculdade;3148004;PATOS DE MINAS;MG;SUDESTE;1;89784;18;15;39,0400;1,4655;48,0200;1,6870;1,6316;2;
2013;23;ENFERMAGEM;2973;FACULDADE DE CIÊNCIAS HUMANAS E BIOLÓGICAS E DA SAÚDE;;Privada com fins lucrativos;Faculdade;5107040;PRIMAVERA DO LESTE;MT;CENTRO-OESTE;1;118852;68;67;48,2955;2,8993;51,5373;2,0510;2,2631;3;
2013;23;ENFERMAGEM;3042;CHRISTUS FACULDADE DO PIAUÍ;CHRISFAPI;Privada com fins lucrativos;Faculdade;2208403;PIRIPIRI;PI;NORDESTE;1;116816;54;51;49,6471;3,1086;58,4706;2,7685;2,8535;3;
2013;23;ENFERMAGEM;3099;FACULDADE INTERNACIONAL DA PARAÍBA;FPB;Privada com fins lucrativos;Faculdade;2507507;JOAO PESSOA;PB;NORDESTE;1;91027;43;41;39,1439;1,4816;45,7439;1,4514;1,4590;2;
2013;23;ENFERMAGEM;3117;FACULDADE DE SAÚDE E DESENVOLVIMENTO HUMANO SANTO AGOSTINHO;FS;Privada com fins lucrativos;Faculdade;3143302;MONTES CLAROS;MG;SUDESTE;1;99776;50;39;43,1256;2,0984;49,8410;1,8754;1,9312;2;
2013;23;ENFERMAGEM;3149;FACULDADE PITÁGORAS DE DIVINÓPOLIS - FPD;FPD;Privada com fins lucrativos;Faculdade;3122306;DIVINOPOLIS;MG;SUDESTE;1;118676;25;24;46,3250;2,5940;50,3500;1,9281;2,0946;3;
2013;23;ENFERMAGEM;3151;UNIVERSIDADE COMUNITÁRIA DA REGIÃO DE CHAPECÓ;UNOCHAPECÓ;Privada sem fins lucrativos;Universidade;4204202;CHAPECO;SC;SUL;1;21962;25;25;45,1960;2,4191;60,4760;2,9760;2,8368;3;
2013;23;ENFERMAGEM;3172;UNIVERSIDADE DO ESTADO DO AMAZONAS;UEA;Pública Estadual;Universidade;1302603;MANAUS;AM;NORTE;1;60656;71;71;48,9070;2,9940;59,7901;2,9051;2,9273;3;
2013;23;ENFERMAGEM;3193;FACULDADES INTEGRADAS DOS CAMPOS GERAIS;CESCAGE;Privada com fins lucrativos;Faculdade;4119905;PONTA GROSSA;PR;SUL;1;321759;33;33;47,7909;2,8211;58,3697;2,7581;2,7738;3;
2013;23;ENFERMAGEM;3204;FACULDADE DE QUATRO MARCOS;FQM;Privada com fins lucrativos;Faculdade;5107107;SAO JOSE DO QUATRO MARCOS;MT;CENTRO-OESTE;1;91360;1;1;.;.;.;.;.;SC;
2013;23;ENFERMAGEM;3205;FACULDADE DE CIÊNCIAS BIOLÓGICAS E DA SAÚDE;FACISA;Privada com fins lucrativos;Faculdade;3171303;VICOSA;MG;SUDESTE;1;73976;18;15;43,6867;2,1853;50,4933;1,9430;2,0035;3;
2013;23;ENFERMAGEM;3223;ESCOLA SUPERIOR DE CIÊNCIAS DA SAÚDE;ESCS;Pública Estadual;Faculdade;5300108;BRASILIA;DF;CENTRO-OESTE;1;123083;51;50;51,8940;3,4567;74,0680;4,3827;4,1512;5;
2013;23;ENFERMAGEM;3252;FACULDADE QUIRINÓPOLIS;FAQUI;Privada com fins lucrativos;Faculdade;5218508;QUIRINOPOLIS;GO;CENTRO-OESTE;1;104648;31;30;40,6100;1,7087;42,2933;1,0943;1,2479;2;
2013;23;ENFERMAGEM;3268;FACULDADE MADRE THAIS;FMT;Privada com fins lucrativos;Faculdade;2913606;ILHEUS;BA;NORDESTE;1;105982;52;51;38,5706;1,3928;45,0333;1,3779;1,3816;2;
2013;23;ENFERMAGEM;3285;FACULDADE SANTO ANTONIO;FSA;Privada com fins lucrativos;Faculdade;2900702;ALAGOINHAS;BA;NORDESTE;1;86600;48;39;37,9308;1,2936;45,6128;1,4379;1,4018;2;
2013;23;ENFERMAGEM;3304;FACULDADES INTEGRADAS DE PATOS;FIP;Privada sem fins lucrativos;Faculdade;2510808;PATOS;PB;NORDESTE;1;51948;79;77;44,1013;2,2495;47,8792;1,6724;1,8167;2;
2013;23;ENFERMAGEM;3337;FACULDADE DE TECNOLOGIA DE TERESINA;FACULDADE CET;Privada com fins lucrativos;Faculdade;2211001;TERESINA;PI;NORDESTE;1;114356;67;58;41,7500;1,8853;46,9431;1,5755;1,6530;2;
2013;23;ENFERMAGEM;3363;FACULDADE GUARAÍ;FAG;Privada com fins lucrativos;Faculdade;1709302;GUARAI;TO;NORTE;1;69285;55;50;42,4940;2,0005;38,9960;0,7531;1,0650;2;
2013;23;ENFERMAGEM;3372;CENTRO UNIVERSITÁRIO DE LAVRAS;UNILAVRAS;Privada sem fins lucrativos;Centro Universitário;3138203;LAVRAS;MG;SUDESTE;2;60335 - 96741;43;42;41,1452;1,7916;49,6071;1,8512;1,8363;2;
2013;23;ENFERMAGEM;3400;FACULDADE DE SAÚDE DE SÃO PAULO;FASSP;Privada com fins lucrativos;Faculdade;3537305;PENAPOLIS;SP;SUDESTE;1;91015;21;20;43,6950;2,1866;43,2600;1,1944;1,4424;2;
2013;23;ENFERMAGEM;3432;FACULDADES INTEGRADAS DE CIÊNCIAS HUMANAS, SAÚDE E EDUCAÇÃO DE GUARULHOS;FG;Privada sem fins lucrativos;Faculdade;3518800;GUARULHOS;SP;SUDESTE;1;14847;36;35;44,5029;2,3117;47,2114;1,6033;1,7804;2;
2013;23;ENFERMAGEM;3434;FACULDADE DE SAÚDE IBITURUNA;FASI;Privada sem fins lucrativos;Faculdade;3143302;MONTES CLAROS;MG;SUDESTE;1;107073;49;46;49,1174;3,0266;55,1087;2,4206;2,5721;3;
2013;23;ENFERMAGEM;3462;FACULDADE DE ENFERMAGEM DE PASSOS;FAENPA;Privada sem fins lucrativos;Faculdade;3147907;PASSOS;MG;SUDESTE;1;11154;22;16;45,2250;2,4236;43,5875;1,2283;1,5271;2;
2013;23;ENFERMAGEM;3516;FACULDADE DE CIÊNCIAS DA SAÚDE ARCHIMEDES THEODORO;FAC - SAUDE ARTHE;Pública Municipal;Faculdade;3101508;ALEM PARAIBA;MG;SUDESTE;1;91939;4;4;27,1250;0,0000;24,3000;0,0000;0,0000;1;
2013;23;ENFERMAGEM;3518;FACULDADE JANGADA;FJ;Privada com fins lucrativos;Faculdade;4208906;JARAGUA DO SUL;SC;SUL;1;95147;34;32;47,7062;2,8080;55,9906;2,5119;2,5859;3;
2013;23;ENFERMAGEM;3533;FACULDADE CERES;FACERES;Privada com fins lucrativos;Faculdade;3549805;SAO JOSE DO RIO PRETO;SP;SUDESTE;1;99798;1;1;.;.;.;.;.;SC;
2013;23;ENFERMAGEM;3588;FACULDADE DOM PEDRO II;FDPII;Privada com fins lucrativos;Faculdade;2927408;SALVADOR;BA;NORDESTE;1;98750;75;45;46,2133;2,5767;49,9511;1,8868;2,0593;3;
2013;23;ENFERMAGEM;3590;FACULDADE DE ENFERMAGEM SÃO VICENTE DE PAULA;FESVIP;Privada com fins lucrativos;Faculdade;2507507;JOAO PESSOA;PB;NORDESTE;1;91354;25;25;36,1400;1,0162;44,8640;1,3604;1,2743;2;
2013;23;ENFERMAGEM;3602;FACULDADES INTEGRADAS DO BRASIL;FACBRASIL;Privada com fins lucrativos;Faculdade;4106902;CURITIBA;PR;SUL;1;86902;44;41;45,4854;2,4639;58,5610;2,7779;2,6994;3;
2013;23;ENFERMAGEM;3603;FACULDADE ANHANGUERA DE GUARULHOS;;Privada com fins lucrativos;Faculdade;3518800;GUARULHOS;SP;SUDESTE;1;100053;3;0;.;.;.;.;.;SC;
2013;23;ENFERMAGEM;3610;FACULDADES INTEGRADAS PROMOVE DE BRASILIA;;Privada sem fins lucrativos;Faculdade;5300108;BRASILIA;DF;CENTRO-OESTE;1;105312;199;177;43,4367;2,1466;48,7057;1,7579;1,8551;2;
2013;23;ENFERMAGEM;3613;FACULDADES INTEGRADAS IESGO;IESGO;Privada com fins lucrativos;Faculdade;5208004;FORMOSA;GO;CENTRO-OESTE;1;94246;12;12;25,6250;0,0000;37,8417;0,6337;0,4752;1;
2013;23;ENFERMAGEM;3615;FACULDADE PERNAMBUCANA DE SAÚDE;FPS;Privada sem fins lucrativos;Faculdade;2611606;RECIFE;PE;NORDESTE;1;87705;74;70;42,1729;1,9508;52,9957;2,2019;2,1391;3;
2013;23;ENFERMAGEM;3716;FACULDADE CIÊNCIAS DA VIDA;FCV;Privada com fins lucrativos;Faculdade;3167202;SETE LAGOAS;MG;SUDESTE;1;97453;12;12;46,3000;2,5901;47,2583;1,6082;1,8537;2;
2013;23;ENFERMAGEM;3741;FACULDADE DE EDUCAÇÃO DE BACABAL - FEBAC;FEBAC;Privada com fins lucrativos;Faculdade;2101202;BACABAL;MA;NORDESTE;1;104180;42;40;39,2025;1,4906;39,0075;0,7543;0,9384;1;
2013;23;ENFERMAGEM;3769;FACULDADE MADRE TEREZA;FAMAT;Privada com fins lucrativos;Faculdade;1600600;SANTANA;AP;NORTE;1;88578;26;26;41,1731;1,7959;49,5000;1,8402;1,8291;2;
2013;23;ENFERMAGEM;3774;FACULDADE SÃO TOMAZ DE AQUINO;FSTA;Privada com fins lucrativos;Faculdade;2927408;SALVADOR;BA;NORDESTE;1;79972;37;31;39,8064;1,5842;39,6710;0,8230;1,0133;2;
2013;23;ENFERMAGEM;3776;INSTITUTO DE ENSINO SUPERIOR DE MATO GROSSO;IESMT;Privada sem fins lucrativos;Faculdade;5103403;CUIABA;MT;CENTRO-OESTE;1;1069962;3;2;44,1000;2,2493;50,5500;1,9488;2,0239;3;
2013;23;ENFERMAGEM;3797;FACULDADE GUAIRACÁ;FAG;Privada com fins lucrativos;Faculdade;4109401;GUARAPUAVA;PR;SUL;1;98740;35;32;43,9562;2,2271;54,3094;2,3379;2,3102;3;
2013;23;ENFERMAGEM;3840;CENTRO UNIVERSITÁRIO FACVEST;FACVEST;Privada com fins lucrativos;Centro Universitário;4209300;LAGES;SC;SUL;1;90730;26;24;47,9083;2,8393;57,2250;2,6396;2,6895;3;
2013;23;ENFERMAGEM;3849;FUNDAÇÃO UNIVERSIDADE FEDERAL DO TOCANTINS;UFT;Pública Federal;Universidade;1721000;PALMAS;TO;NORTE;1;1100876;65;59;51,1831;3,3466;61,8508;3,1183;3,1754;4;
2013;23;ENFERMAGEM;3864;FACULDADE REGIONAL DE ALAGOINHAS;FARAL;Privada com fins lucrativos;Faculdade;2900702;ALAGOINHAS;BA;NORDESTE;1;99644;44;38;42,9211;2,0667;48,8132;1,7691;1,8435;2;
2013;23;ENFERMAGEM;3869;INSTITUTO FLORENCE DE ENSINO SUPERIOR;IFES;Privada com fins lucrativos;Faculdade;2111300;SAO LUIS;MA;NORDESTE;1;98136;98;87;42,3149;1,9728;42,8667;1,1537;1,3585;2;
2013;23;ENFERMAGEM;3875;CENTRO UNIVERSITÁRIO DA FUNDAÇÃO EDUCACIONAL GUAXUPÉ;UNIFEG;Privada sem fins lucrativos;Centro Universitário;3128709;GUAXUPE;MG;SUDESTE;1;101170;25;23;44,8217;2,3611;55,0435;2,4138;2,4007;3;
2013;23;ENFERMAGEM;3879;FACULDADE MAURÍCIO DE NASSAU DE CAMPINA GRANDE;FMN CG;Privada com fins lucrativos;Faculdade;2504009;CAMPINA GRANDE;PB;NORDESTE;1;109881;78;78;41,6141;1,8642;49,4231;1,8322;1,8402;2;
2013;23;ENFERMAGEM;3881;FACULDADE DE INTEGRAÇÃO DO SERTÃO;FIS;Privada com fins lucrativos;Faculdade;2613909;SERRA TALHADA;PE;NORDESTE;1;99509;90;85;40,7941;1,7372;44,8459;1,3585;1,4532;2;
2013;23;ENFERMAGEM;3966;CENTRO UNIVERSITÁRIO DE CARATINGA;UNEC;Privada sem fins lucrativos;Centro Universitário;3113404;CARATINGA;MG;SUDESTE;1;61298;13;12;50,5750;3,2524;61,0333;3,0337;3,0884;4;
2013;23;ENFERMAGEM;3974;UNIVERSIDADE DE RIO VERDE;FESURV;Pública Municipal;Universidade;5206206;CRISTALINA;GO;CENTRO-OESTE;1;1150508;7;5;48,5200;2,9340;56,5400;2,5687;2,6600;3;
2013;23;ENFERMAGEM;3974;UNIVERSIDADE DE RIO VERDE;FESURV;Pública Municipal;Universidade;5218805;RIO VERDE;GO;CENTRO-OESTE;1;82032;25;19;45,8632;2,5225;47,8579;1,6702;1,8833;2;
2013;23;ENFERMAGEM;3984;FUNDAÇÃO UNIVERSIDADE FEDERAL DO VALE DO SÃO FRANCISCO;UNIVASF;Pública Federal;Universidade;2611101;PETROLINA;PE;NORDESTE;1;74060;17;17;59,3176;4,6067;72,9706;4,2691;4,3535;5;
2013;23;ENFERMAGEM;3987;FACULDADE UNIÃO DE GOYAZES;FUG;Privada com fins lucrativos;Faculdade;5221403;TRINDADE;GO;CENTRO-OESTE;1;104600;39;39;42,6051;2,0178;43,3615;1,2049;1,4081;2;
2013;23;ENFERMAGEM;4010;CENTRO UNIVERSITÁRIO METODISTA;IPA;Privada sem fins lucrativos;Centro Universitário;4314902;PORTO ALEGRE;RS;SUL;1;75705;90;89;43,8899;2,2168;58,1157;2,7318;2,6030;3;
2013;23;ENFERMAGEM;4017;CENTRO UNIVERSITÁRIO PADRE ANCHIETA;UNIANCHIETA;Privada com fins lucrativos;Centro Universitário;3525904;JUNDIAI;SP;SUDESTE;1;88662;92;87;42,1931;1,9539;51,1023;2,0060;1,9930;3;
2013;23;ENFERMAGEM;4113;FACULDADE DE CERES;FACER;Privada com fins lucrativos;Faculdade;5205406;CERES;GO;CENTRO-OESTE;1;108458;52;50;45,4640;2,4606;56,4340;2,5577;2,5335;3;
2013;23;ENFERMAGEM;4197;FACULDADE ALIANÇA;FACE;Privada com fins lucrativos;Faculdade;2211001;TERESINA;PI;NORDESTE;1;101504;46;46;41,7109;1,8792;46,7261;1,5531;1,6346;2;
2013;23;ENFERMAGEM;4198;FACULDADE MINEIRENSE;FAMA;Privada com fins lucrativos;Faculdade;5213103;MINEIROS;GO;CENTRO-OESTE;1;103504;24;23;44,2522;2,2729;49,8913;1,8806;1,9787;3;
2013;23;ENFERMAGEM;4256;FACULDADES INTEGRADAS PITÁGORAS;FIP-MOC;Privada com fins lucrativos;Faculdade;3143302;MONTES CLAROS;MG;SUDESTE;1;51264;29;25;50,6440;3,2631;54,1720;2,3237;2,5585;3;
2013;23;ENFERMAGEM;4259;FACULDADE DE INHUMAS - FAC-MAIS;FACMAIS;Privada com fins lucrativos;Faculdade;5210000;INHUMAS;GO;CENTRO-OESTE;1;107038;1;0;.;.;.;.;.;SC;
2013;23;ENFERMAGEM;4277;FACULDADE LITERATUS;FAL;Privada com fins lucrativos;Faculdade;1302603;MANAUS;AM;NORTE;1;104252;33;24;47,8833;2,8354;49,1708;1,8061;2,0634;3;
2013;23;ENFERMAGEM;4293;FACULDADE INTEGRAÇÃO TIETE;FIT;Privada com fins lucrativos;Faculdade;3554508;TIETE;SP;SUDESTE;1;91123;21;18;41,2722;1,8113;44,8333;1,3572;1,4707;2;
2013;23;ENFERMAGEM;4362;FACULDADE PITÁGORAS DE BETIM;PITÁGORAS-BETIM;Privada com fins lucrativos;Faculdade;3106705;BETIM;MG;SUDESTE;1;100662;87;83;47,5072;2,7772;55,8783;2,5002;2,5695;3;
2013;23;ENFERMAGEM;4367;FACULDADE TERRA NORDESTE;FATENE;Privada com fins lucrativos;Faculdade;2303709;CAUCAIA;CE;NORDESTE;1;117282;136;81;37,3617;1,2055;44,6012;1,3332;1,3013;2;
2013;23;ENFERMAGEM;4417;FACULDADE DE ENFERMAGEM DE BELO JARDIM;FAEB;Pública Municipal;Faculdade;2601706;BELO JARDIM;PE;NORDESTE;1;85348;9;9;43,7333;2,1925;37,2556;0,5730;0,9779;2;
2013;23;ENFERMAGEM;4429;FACULDADE UNIGRAN CAPITAL;UNIGRAN CAPITAL;Privada sem fins lucrativos;Faculdade;5002704;CAMPO GRANDE;MS;CENTRO-OESTE;1;108124;37;37;43,5054;2,1572;56,4676;2,5612;2,4602;3;
2013;23;ENFERMAGEM;4431;FACULDADE DE ENFERMAGEM NOVA ESPERANÇA DE MOSSORÓ - FACENE/RN;FACENE/RN;Privada com fins lucrativos;Faculdade;2408003;MOSSORO;RN;NORDESTE;1;98116;46;45;45,6044;2,4824;45,8178;1,4591;1,7149;2;
2013;23;ENFERMAGEM;4503;UNIVERSIDADE FEDERAL DO RECÔNCAVO DA BAHIA;UFRB;Pública Federal;Universidade;2928703;SANTO ANTONIO DE JESUS;BA;NORDESTE;1;100452;4;2;26,2500;0,0000;48,6000;1,7470;1,3103;2;
2013;23;ENFERMAGEM;4522;CENTRO UNIVERSITÁRIO CATÓLICO SALESIANO AUXILIUM;UNISALESIANO;Privada sem fins lucrativos;Centro Universitário;3502804;ARACATUBA;SP;SUDESTE;1;67465;46;38;42,6711;2,0280;50,0974;1,9020;1,9335;2;
2013;23;ENFERMAGEM;4522;CENTRO UNIVERSITÁRIO CATÓLICO SALESIANO AUXILIUM;UNISALESIANO;Privada sem fins lucrativos;Centro Universitário;3527108;LINS;SP;SUDESTE;1;88076;1;1;.;.;.;.;.;SC;
2013;23;ENFERMAGEM;4530;FACULDADE INTEGRADA TIRADENTES;FITS;Privada com fins lucrativos;Faculdade;2704302;MACEIO;AL;NORDESTE;1;101135;75;73;41,2603;1,8094;51,9822;2,0970;2,0251;3;
2013;23;ENFERMAGEM;4534;FACULDADE HERRERO;FATEC;Privada com fins lucrativos;Faculdade;4106902;CURITIBA;PR;SUL;1;120635;2;2;48,4500;2,9232;52,4500;2,1454;2,3399;3;
2013;23;ENFERMAGEM;4566;ESTÁCIO FATERN - FACULDADE ESTÁCIO DO RIO GRANDE DO NORTE;ESTÁCIO FATERN;Privada com fins lucrativos;Faculdade;2408102;NATAL;RN;NORDESTE;1;101922;111;107;45,7869;2,5107;51,9262;2,0912;2,1961;3;
2013;23;ENFERMAGEM;4586;FACULDADE DO NORTE GOIANO;FNG;Privada com fins lucrativos;Faculdade;5218003;PORANGATU;GO;CENTRO-OESTE;1;118364;21;20;44,0250;2,2377;43,9950;1,2704;1,5123;2;
2013;23;ENFERMAGEM;4605;FACULDADE DE ENSINO SUPERIOR KM 125;;Privada com fins lucrativos;Faculdade;4106407;CORNELIO PROCOPIO;PR;SUL;1;117312;27;25;41,8400;1,8992;45,9840;1,4763;1,5820;2;
2013;23;ENFERMAGEM;4613;FACULDADE DE EDUCAÇÃO E MEIO AMBIENTE;FAEMA;Privada com fins lucrativos;Faculdade;1100023;ARIQUEMES;RO;NORTE;1;104306;12;12;38,7917;1,4270;53,6250;2,2670;2,0570;3;
2013;23;ENFERMAGEM;4655;FACULDADE ANHANGÜERA DE SOROCABA;FSO;Privada com fins lucrativos;Faculdade;3552205;SOROCABA;SP;SUDESTE;1;107614;198;3;43,8333;2,2080;34,9667;0,3361;0,8041;1;
2013;23;ENFERMAGEM;4780;FACISA-UNAI FACULDADE DE CIÊNCIAS DA SAÚDE DE UNAÍ;FACISA-UNAI;Privada sem fins lucrativos;Faculdade;3170404;UNAI;MG;SUDESTE;1;117787;26;26;44,8885;2,3715;48,9000;1,7781;1,9264;2;
2013;23;ENFERMAGEM;4849;FACULDADE DE CIÊNCIAS HUMANAS, ECONÔMICAS E DA SAÚDE DE ARAGUAÍNA;FAHESA / ITPAC;Privada com fins lucrativos;Faculdade;1702109;ARAGUAINA;TO;NORTE;1;92215;95;94;47,0138;2,7007;51,1426;2,0101;2,1828;3;
2013;23;ENFERMAGEM;4858;ESCOLA SUPERIOR DE SAÚDE DE ARCOVERDE;ESSA;Pública Municipal;Faculdade;2601201;ARCOVERDE;PE;NORDESTE;1;74042;101;94;41,6968;1,8770;48,6138;1,7484;1,7806;2;
2013;23;ENFERMAGEM;4863;FACULDADE PITÁGORAS DE POÇOS DE CALDAS;;Privada com fins lucrativos;Faculdade;3151800;POCOS DE CALDAS;MG;SUDESTE;1;117259;29;28;43,0429;2,0856;59,1821;2,8421;2,6530;3;
2013;23;ENFERMAGEM;4865;FACULDADE PITÁGORAS DE SÃO LUIZ;;Privada com fins lucrativos;Faculdade;2111300;SAO LUIS;MA;NORDESTE;1;114612;273;225;42,0356;1,9295;43,7107;1,2410;1,4131;2;
2013;23;ENFERMAGEM;4899;FACULDADE DE CIÊNCIAS MÉDICAS DA BAHIA;CIENCIAS MEDICAS;Privada com fins lucrativos;Faculdade;2927705;SANTA CRUZ CABRALIA;BA;NORDESTE;1;111188;16;12;52,8167;3,5997;53,7500;2,2800;2,6099;3;
2013;23;ENFERMAGEM;4901;FACULDADE FASIPE;FASIPE;Privada com fins lucrativos;Faculdade;5107909;SINOP;MT;CENTRO-OESTE;1;108441;49;44;44,3295;2,2849;54,4159;2,3489;2,3329;3;
2013;23;ENFERMAGEM;4910;FACULDADE DO TRABALHO;FATRA;Privada com fins lucrativos;Faculdade;3170206;UBERLANDIA;MG;SUDESTE;1;112304;45;42;42,6476;2,0243;49,9667;1,8884;1,9224;2;
2013;23;ENFERMAGEM;4950;FACULDADE AUM;;Privada com fins lucrativos;Faculdade;5103403;CUIABA;MT;CENTRO-OESTE;1;118764;98;91;39,7978;1,5829;45,5330;1,4296;1,4679;2;
2013;23;ENFERMAGEM;4962;CENTRO UNIVERSITÁRIO DE SETE LAGOAS;UNIFEMM;Privada sem fins lucrativos;Centro Universitário;3167202;SETE LAGOAS;MG;SUDESTE;1;121344;4;0;.;.;.;.;.;SC;
2013;23;ENFERMAGEM;5077;UNIVERSIDADE ESTADUAL DE RORAIMA;UERR;Pública Estadual;Universidade;1400050;ALTO ALEGRE;RR;NORTE;1;98667;21;17;56,8824;4,2295;62,3176;3,1666;3,4323;4;
2013;23;ENFERMAGEM;5215;FACULDADES INTEGRADAS PADRE ALBINO;FIPA;Privada sem fins lucrativos;Faculdade;3511102;CATANDUVA;SP;SUDESTE;1;21669;46;44;38,3068;1,3519;43,6273;1,2324;1,2623;2;
2013;23;ENFERMAGEM;5290;FACULDADE ANHANGUERA DE CIÊNCIAS E TECNOLOGIA DE BRASÍLIA;;Privada com fins lucrativos;Faculdade;5300108;BRASILIA;DF;CENTRO-OESTE;1;114224;16;0;.;.;.;.;.;SC;
2013;23;ENFERMAGEM;5322;FUNDAÇÃO UNIVERSIDADE FEDERAL DO PAMPA - UNIPAMPA;UNIPAMPA;Pública Federal;Universidade;4322400;URUGUAIANA;RS;SUL;1;103457;11;11;49,6818;3,1140;59,6455;2,8901;2,9461;4;
2013;23;ENFERMAGEM;5369;FACULDADES INTEGRADAS ASMEC;ASMEC;Privada com fins lucrativos;Faculdade;3146008;OURO FINO;MG;SUDESTE;1;109300;1;0;.;.;.;.;.;SC;
2013;23;ENFERMAGEM;5439;FACULDADES INTEGRADAS DA UNIÃO EDUCACIONAL DO PLANALTO CENTRAL - FACIPLAC;FACIPLAC;Privada com fins lucrativos;Faculdade;5300108;BRASILIA;DF;CENTRO-OESTE;1;21995;111;105;39,7048;1,5685;51,0495;2,0005;1,8925;2;
2013;23;ENFERMAGEM;5511;FACULDADE CAMPO REAL;CAMPO REAL;Privada com fins lucrativos;Faculdade;4109401;GUARAPUAVA;PR;SUL;1;108138;34;32;45,4844;2,4638;55,7000;2,4818;2,4773;3;
2013;23;ENFERMAGEM;5544;FACULDADE PRESIDENTE ANTÔNIO CARLOS;FAPAC;Privada com fins lucrativos;Faculdade;1718204;PORTO NACIONAL;TO;NORTE;1;72769;96;92;40,3587;1,6698;46,8011;1,5608;1,5881;2;
2013;23;ENFERMAGEM;5550;FACULDADE ANHANGUERA DE ANÁPOLIS;FAAA;Privada com fins lucrativos;Faculdade;5201108;ANAPOLIS;GO;CENTRO-OESTE;1;68967;2;0;.;.;.;.;.;SC;
2013;23;ENFERMAGEM;5670;FACULDADES UNIDAS DO VALE DO ARAGUAIA;UNIVAR;Privada sem fins lucrativos;Faculdade;5101803;BARRA DO GARCAS;MT;CENTRO-OESTE;1;108710;88;85;43,9671;2,2287;52,1259;2,1119;2,1411;3;
2013;23;ENFERMAGEM;10836;FACULDADE UNIÃO ARARUAMA DE ENSINO S/S Ltda.;FAC-UNILAGOS;Privada com fins lucrativos;Faculdade;3300209;ARARUAMA;RJ;SUDESTE;1;1049656;52;42;45,5833;2,4791;43,2000;1,1882;1,5109;2;
2013;23;ENFERMAGEM;14029;Faculdade Presidente Antônio Carlos de Aimorés;FUNEC Aimorés;Privada sem fins lucrativos;Faculdade;3101102;AIMORES;MG;SUDESTE;1;84741;24;24;46,1125;2,5611;47,5292;1,6362;1,8674;2;
2013;23;ENFERMAGEM;14153;Faculdade Presidente Antônio Carlos de Porteirinha;FUNEES Porteirinha;Privada sem fins lucrativos;Faculdade;3152204;PORTEIRINHA;MG;SUDESTE;1;96399;16;16;38,6625;1,4070;48,5125;1,7380;1,6552;2;
2013;23;ENFERMAGEM;14156;Faculdade Presidente Antônio Carlos de Teófilo Otoni;FUNEES Teófilo Otoni;Privada sem fins lucrativos;Faculdade;3168606;TEOFILO OTONI;MG;SUDESTE;1;84648;26;21;39,2571;1,4991;40,2190;0,8797;1,0345;2;
2013;23;ENFERMAGEM;14161;Faculdade Presidente Antônio Carlos de Contagem;FACEC Contagem;Privada sem fins lucrativos;Faculdade;3118601;CONTAGEM;MG;SUDESTE;1;102238;36;31;42,2806;1,9675;48,8323;1,7710;1,8202;2;
2013;23;ENFERMAGEM;14162;Faculdade Presidente Antônio Carlos de Governador Valadares;FAU G. Valadares;Privada sem fins lucrativos;Faculdade;3127701;GOVERNADOR VALADARES;MG;SUDESTE;1;101992;59;56;43,2357;2,1154;47,5214;1,6354;1,7554;2;
2013;23;ENFERMAGEM;14248;Faculdade Presidente Antônio Carlos de Uberlândia;;Privada sem fins lucrativos;Faculdade;3170206;UBERLANDIA;MG;SUDESTE;1;79872;25;20;42,2600;1,9643;49,4800;1,8381;1,8696;2;
2013;23;ENFERMAGEM;14724;INSTITUTO FEDERAL DE EDUCAÇÃO, CIÊNCIA E TECNOLOGIA DO PARANÁ;IFPR;Pública Federal;Ifet/Cefet;4117602;PALMAS;PR;SUL;1;83532;18;17;41,6118;1,8639;51,4000;2,0368;1,9936;3;
2013;23;ENFERMAGEM;15015;Universidade Estadual do Norte do Paraná;UENP;Pública Estadual;Universidade;4102406;BANDEIRANTES;PR;SUL;1;62779;49;47;43,7532;2,1956;55,7936;2,4915;2,4175;3;
2013;23;ENFERMAGEM;15032;UNIVERSIDADE ALTO VALE DO RIO DO PEIXE;UNIARP;Privada sem fins lucrativos;Universidade;4203006;CACADOR;SC;SUL;1;52153;13;12;44,1000;2,2493;50,3750;1,9307;2,0104;3;
2013;23;ENFERMAGEM;15357;Faculdade Presidente Antônio Carlos de Ubá;;Privada sem fins lucrativos;Faculdade;3169901;UBA;MG;SUDESTE;1;64496;13;12;45,9333;2,5333;58,4917;2,7707;2,7113;3;
2013;23;ENFERMAGEM;15450;Faculdade Presidente Antônio Carlos de Ipatinga;;Privada sem fins lucrativos;Faculdade;3131307;IPATINGA;MG;SUDESTE;1;64463;15;12;41,0250;1,7730;47,0833;1,5901;1,6358;2;
2013;23;ENFERMAGEM;15452;Faculdade Presidente Antônio Carlos de Bom Despacho;;Privada sem fins lucrativos;Faculdade;3107406;BOM DESPACHO;MG;SUDESTE;1;59363;31;22;46,0864;2,5570;53,8318;2,2884;2,3556;3;
2013;23;ENFERMAGEM;16759;Faculdade do Bico do Papagaio;FABIC;Privada sem fins lucrativos;Faculdade;1702554;AUGUSTINOPOLIS;TO;NORTE;1;5000774;76;67;43,3851;2,1386;42,9985;1,1673;1,4101;2;
2013;23;ENFERMAGEM;18492;Universidade Estadual do Paraná;UNESPAR;Pública Estadual;Faculdade;4118402;PARANAVAI;PR;SUL;1;3641;40;39;50,3590;3,2189;63,7846;3,3184;3,2936;4;
2013;27;FONOAUDIOLOGIA;3;UNIVERSIDADE FEDERAL DE SERGIPE;UFS;Pública Federal;Universidade;2800308;ARACAJU;SE;NORDESTE;1;99413;45;45;48,7511;3,4242;62,2822;3,3871;3,3964;4;
2013;27;FONOAUDIOLOGIA;19;PONTIFÍCIA UNIVERSIDADE CATÓLICA DE CAMPINAS;PUC-CAMPINAS;Privada sem fins lucrativos;Universidade;3509502;CAMPINAS;SP;SUDESTE;1;1644;67;67;41,9209;2,0545;59,5045;2,9673;2,7391;3;
2013;27;FONOAUDIOLOGIA;20;UNIVERSIDADE DE PASSO FUNDO;UPF;Privada sem fins lucrativos;Universidade;4314100;PASSO FUNDO;RS;SUL;1;64832;33;33;45,6879;2,8099;51,9091;1,8194;2,0670;3;
2013;27;FONOAUDIOLOGIA;32;UNIVERSIDADE ESTADUAL DE CIÊNCIAS DA SAÚDE DE ALAGOAS - UNCISAL;UNCISAL;Pública Estadual;Universidade;2704302;MACEIO;AL;NORDESTE;1;2350;28;28;37,0250;1,0726;58,0286;2,7443;2,3263;3;
2013;27;FONOAUDIOLOGIA;40;UNIVERSIDADE DO ESTADO DA BAHIA;UNEB;Pública Estadual;Universidade;2927408;SALVADOR;BA;NORDESTE;1;20783;27;26;37,6500;1,1980;55,3885;2,3452;2,0584;3;
2013;27;FONOAUDIOLOGIA;54;UNIVERSIDADE ESTADUAL DE CAMPINAS;UNICAMP;Pública Estadual;Universidade;3509502;CAMPINAS;SP;SUDESTE;1;51046;31;27;55,0222;4,6818;69,5148;4,4803;4,5306;5;
2013;27;FONOAUDIOLOGIA;56;UNIVERSIDADE ESTADUAL PAULISTA JÚLIO DE MESQUITA FILHO;UNESP;Pública Estadual;Universidade;3529005;MARILIA;SP;SUDESTE;1;3220;36;36;43,1778;2,3065;55,8889;2,4209;2,3923;3;
2013;27;FONOAUDIOLOGIA;83;UNIVERSIDADE DO VALE DO ITAJAÍ;UNIVALI;Privada sem fins lucrativos;Universidade;4208203;ITAJAI;SC;SUL;1;3936;14;13;52,0615;4,0880;64,3077;3,6933;3,7920;4;
2013;27;FONOAUDIOLOGIA;143;UNIVERSIDADE DE UBERABA;UNIUBE;Privada sem fins lucrativos;Universidade;3170107;UBERABA;MG;SUDESTE;1;18574;2;2;43,4500;2,3611;54,7000;2,2412;2,2712;3;
2013;27;FONOAUDIOLOGIA;163;UNIVERSIDADE ESTÁCIO DE SÁ;UNESA;Privada com fins lucrativos;Universidade;3304557;RIO DE JANEIRO;RJ;SUDESTE;1;1183780;3;3;40,6000;1,7896;47,6000;1,1681;1,3235;2;
2013;27;FONOAUDIOLOGIA;165;UNIVERSIDADE VEIGA DE ALMEIDA;UVA;Privada com fins lucrativos;Universidade;3304557;RIO DE JANEIRO;RJ;SUDESTE;1;5075;51;47;47,8851;3,2505;50,2936;1,5752;1,9940;3;
2013;27;FONOAUDIOLOGIA;216;CENTRO UNIVERSITÁRIO METODISTA IZABELA HENDRIX;CEUNIH;Privada sem fins lucrativos;Centro Universitário;3106200;BELO HORIZONTE;MG;SUDESTE;1;5781;70;65;46,0138;2,8752;54,3154;2,1830;2,3561;3;
2013;27;FONOAUDIOLOGIA;266;UNIVERSIDADE METODISTA DE PIRACICABA;UNIMEP;Privada sem fins lucrativos;Universidade;3538709;PIRACICABA;SP;SUDESTE;1;6424;16;16;48,5812;3,3901;57,3500;2,6417;2,8288;3;
2013;27;FONOAUDIOLOGIA;271;UNIVERSIDADE DO OESTE PAULISTA;UNOESTE;Privada sem fins lucrativos;Universidade;3541406;PRESIDENTE PRUDENTE;SP;SUDESTE;1;20587;8;8;48,5125;3,3763;40,4500;0,0874;0,9097;1;
2013;27;FONOAUDIOLOGIA;338;PONTIFÍCIA UNIVERSIDADE CATÓLICA DE MINAS GERAIS;PUC MINAS;Privada sem fins lucrativos;Universidade;3106200;BELO HORIZONTE;MG;SUDESTE;1;49984;21;20;48,1150;3,2966;55,1750;2,3130;2,5589;3;
2013;27;FONOAUDIOLOGIA;355;UNIVERSIDADE TUIUTI DO PARANÁ;UTP;Privada com fins lucrativos;Universidade;4106902;CURITIBA;PR;SUL;1;7712;12;12;42,6083;2,1923;53,5417;2,0661;2,0977;3;
2013;27;FONOAUDIOLOGIA;374;CENTRO UNIVERSITÁRIO DAS FACULDADES METROPOLITANAS UNIDAS;FMU;Privada sem fins lucrativos;Centro Universitário;3550308;SAO PAULO;SP;SUDESTE;1;49697;41;38;43,1211;2,2951;53,4079;2,0459;2,1082;3;
2013;27;FONOAUDIOLOGIA;383;UNIVERSIDADE DA AMAZÔNIA;UNAMA;Privada com fins lucrativos;Universidade;1501402;BELEM;PA;NORTE;1;18309;15;14;35,9286;0,8528;48,1071;1,2447;1,1467;2;
2013;27;FONOAUDIOLOGIA;415;FACULDADE DE CIÊNCIAS MÉDICAS DA SANTA CASA SÃO PAULO;FCMSCSP;Privada sem fins lucrativos;Faculdade;3550308;SAO PAULO;SP;SUDESTE;1;46877;9;9;49,1333;3,5008;63,4667;3,5662;3,5498;4;
2013;27;FONOAUDIOLOGIA;449;UNIVERSIDADE LUTERANA DO BRASIL;ULBRA;Privada sem fins lucrativos;Universidade;4304606;CANOAS;RS;SUL;1;9321;13;13;41,5385;1,9778;61,6769;3,2957;2,9662;4;
2013;27;FONOAUDIOLOGIA;481;UNIVERSIDADE GUARULHOS;UNG;Privada sem fins lucrativos;Universidade;3518800;GUARULHOS;SP;SUDESTE;1;9847;23;21;37,7143;1,2109;39,8714;0,0000;0,3027;1;
2013;27;FONOAUDIOLOGIA;496;UNIVERSIDADE DE FRANCA;UNIFRAN;Privada com fins lucrativos;Universidade;3516200;FRANCA;SP;SUDESTE;1;10150;25;24;47,0667;3,0864;47,0750;1,0887;1,5881;2;
2013;27;FONOAUDIOLOGIA;522;CENTRO UNIVERSITÁRIO CELSO LISBOA;UCL;Privada sem fins lucrativos;Centro Universitário;3304557;RIO DE JANEIRO;RJ;SUDESTE;1;86699;1;0;.;.;.;.;.;SC;
2013;27;FONOAUDIOLOGIA;527;PONTIFÍCIA UNIVERSIDADE CATÓLICA DE GOIÁS;PUC GOIÁS;Privada sem fins lucrativos;Universidade;5208707;GOIANIA;GO;CENTRO-OESTE;1;10796;27;24;46,4792;2,9686;60,5042;3,1184;3,0809;4;
2013;27;FONOAUDIOLOGIA;546;PONTIFÍCIA UNIVERSIDADE CATÓLICA DE SÃO PAULO;PUCSP;Privada sem fins lucrativos;Universidade;3550308;SAO PAULO;SP;SUDESTE;1;11232;17;14;46,5000;2,9727;58,3143;2,7874;2,8338;3;
2013;27;FONOAUDIOLOGIA;555;UNIVERSIDADE DE FORTALEZA;UNIFOR;Privada sem fins lucrativos;Universidade;2304400;FORTALEZA;CE;NORDESTE;1;11727;56;47;41,8979;2,0498;51,8766;1,8144;1,8733;2;
2013;27;FONOAUDIOLOGIA;570;UNIVERSIDADE FEDERAL DO RIO GRANDE DO NORTE;UFRN;Pública Federal;Universidade;2408102;NATAL;RN;NORDESTE;1;116764;36;36;49,6917;3,6128;61,9361;3,3348;3,4043;4;
2013;27;FONOAUDIOLOGIA;572;UNIVERSIDADE FEDERAL FLUMINENSE;UFF;Pública Federal;Universidade;3303401;NOVA FRIBURGO;RJ;SUDESTE;1;1100007;11;11;56,6091;5,0000;67,1909;4,1290;4,3468;5;
2013;27;FONOAUDIOLOGIA;573;UNIVERSIDADE FEDERAL DO ESPÍRITO SANTO;UFES;Pública Federal;Universidade;3205309;VITORIA;ES;SUDESTE;1;1112912;17;17;53,9706;4,4709;59,1824;2,9186;3,3067;4;
2013;27;FONOAUDIOLOGIA;575;UNIVERSIDADE FEDERAL DE MINAS GERAIS;UFMG;Pública Federal;Universidade;3106200;BELO HORIZONTE;MG;SUDESTE;1;21598;8;8;49,0125;3,4766;61,1000;3,2085;3,2755;4;
2013;27;FONOAUDIOLOGIA;578;UNIVERSIDADE FEDERAL DA BAHIA;UFBA;Pública Federal;Universidade;2927408;SALVADOR;BA;NORDESTE;1;20426;49;43;0,0000;0,0000;0,0000;0,0000;0,0000;1;
2013;27;FONOAUDIOLOGIA;579;UNIVERSIDADE FEDERAL DA PARAÍBA;UFPB;Pública Federal;Universidade;2507507;JOAO PESSOA;PB;NORDESTE;1;122918;30;28;51,0071;3,8766;67,9679;4,2465;4,1540;5;
2013;27;FONOAUDIOLOGIA;580;UNIVERSIDADE FEDERAL DE PERNAMBUCO;UFPE;Pública Federal;Universidade;2611606;RECIFE;PE;NORDESTE;1;20306;28;28;43,1500;2,3009;59,1714;2,9170;2,7630;3;
2013;27;FONOAUDIOLOGIA;581;UNIVERSIDADE FEDERAL DO RIO GRANDE DO SUL;UFRGS;Pública Federal;Universidade;4314902;PORTO ALEGRE;RS;SUL;1;110280;20;20;53,9000;4,4567;66,0700;3,9596;4,0839;5;
2013;27;FONOAUDIOLOGIA;582;UNIVERSIDADE FEDERAL DE SANTA MARIA;UFSM;Pública Federal;Universidade;4316907;SANTA MARIA;RS;SUL;1;13864;22;21;31,6762;0,0000;51,6762;1,7842;1,3381;2;
2013;27;FONOAUDIOLOGIA;585;UNIVERSIDADE FEDERAL DE SANTA CATARINA;UFSC;Pública Federal;Universidade;4205407;FLORIANOPOLIS;SC;SUL;1;122343;32;30;46,9900;3,0710;65,4133;3,8604;3,6630;4;
2013;27;FONOAUDIOLOGIA;586;UNIVERSIDADE FEDERAL DO RIO DE JANEIRO;UFRJ;Pública Federal;Universidade;3304557;RIO DE JANEIRO;RJ;SUDESTE;1;14376;28;27;50,2519;3,7251;59,8889;3,0254;3,2003;4;
2013;27;FONOAUDIOLOGIA;591;UNIVERSIDADE FEDERAL DE SÃO PAULO;UNIFESP;Pública Federal;Universidade;3550308;SAO PAULO;SP;SUDESTE;1;14565;30;30;50,8167;3,8384;63,7767;3,6130;3,6694;4;
2013;27;FONOAUDIOLOGIA;664;UNIVERSIDADE VILA VELHA;UVV;Privada sem fins lucrativos;Universidade;3205200;VILA VELHA;ES;SUDESTE;1;18093;18;18;43,8333;2,4380;60,1778;3,0691;2,9113;3;
2013;27;FONOAUDIOLOGIA;669;UNIVERSIDADE NILTON LINS;UNINILTONLINS;Privada sem fins lucrativos;Universidade;1302603;MANAUS;AM;NORTE;1;47712;16;16;39,4938;1,5677;43,0125;0,4747;0,7480;1;
2013;27;FONOAUDIOLOGIA;717;FUNDAÇÃO UNIVERSIDADE FEDERAL DE CIÊNCIAS DA SAÚDE DE PORTO ALEGRE;UFCSPA;Pública Federal;Universidade;4314902;PORTO ALEGRE;RS;SUL;1;97221;29;28;56,1929;4,9165;72,9536;5,0000;4,9791;5;
2013;27;FONOAUDIOLOGIA;718;UNIVERSIDADE POTIGUAR;UNP;Privada com fins lucrativos;Universidade;2408102;NATAL;RN;NORDESTE;1;18677;22;19;50,4895;3,7728;53,1842;2,0121;2,4523;3;
2013;27;FONOAUDIOLOGIA;794;CENTRO UNIVERSITÁRIO DE VÁRZEA GRANDE;UNIVAG;Privada sem fins lucrativos;Centro Universitário;5108402;VARZEA GRANDE;MT;CENTRO-OESTE;1;60582;6;6;46,2667;2,9259;58,2667;2,7802;2,8167;3;
2013;27;FONOAUDIOLOGIA;823;UNIVERSIDADE DO CEUMA - UNICEUMA;UNICEUMA;Privada sem fins lucrativos;Universidade;2111300;SAO LUIS;MA;NORDESTE;1;50928;19;17;48,1412;3,3019;54,4235;2,1994;2,4750;3;
2013;27;FONOAUDIOLOGIA;1034;UNIÃO DE ESCOLAS SUPERIORES DA FUNESO;UNESF;Privada sem fins lucrativos;Faculdade;2609600;OLINDA;PE;NORDESTE;1;19894;27;23;38,3043;1,3292;43,8739;0,6049;0,7860;1;
2013;27;FONOAUDIOLOGIA;1072;FACULDADE AFIRMATIVO;FAFI;Privada com fins lucrativos;Faculdade;5103403;CUIABA;MT;CENTRO-OESTE;1;21260;12;8;40,6125;1,7921;41,4750;0,2424;0,6298;1;
2013;27;FONOAUDIOLOGIA;1115;FACULDADE SANTA TEREZINHA;CEST;Privada sem fins lucrativos;Faculdade;2111300;SAO LUIS;MA;NORDESTE;1;19958;29;28;47,8179;3,2370;56,2893;2,4814;2,6703;3;
2013;27;FONOAUDIOLOGIA;1126;UNIVERSIDADE ESTADUAL DO CENTRO OESTE;UNICENTRO;Pública Estadual;Universidade;4110706;IRATI;PR;SUL;1;61066;24;24;43,3000;2,3310;60,3667;3,0976;2,9060;3;
2013;27;FONOAUDIOLOGIA;1149;CENTRO UNIVERSITÁRIO NOSSA SENHORA DO PATROCÍNIO;CEUNSP;Privada com fins lucrativos;Centro Universitário;3523909;ITU;SP;SUDESTE;1;48367;19;18;50,3778;3,7504;55,2722;2,3277;2,6833;3;
2013;27;FONOAUDIOLOGIA;1185;CENTRO UNIVERSITÁRIO JORGE AMADO;UNIJORGE;Privada com fins lucrativos;Centro Universitário;2927408;SALVADOR;BA;NORDESTE;1;74775;32;29;46,5724;2,9873;51,1793;1,7091;2,0286;3;
2013;27;FONOAUDIOLOGIA;1196;CENTRO UNIVERSITÁRIO DE MARINGÁ - UNICESUMAR;UNICESUMAR;Privada com fins lucrativos;Centro Universitário;4115200;MARINGA;PR;SUL;1;20528;13;13;47,5308;3,1794;61,1615;3,2178;3,2082;4;
2013;27;FONOAUDIOLOGIA;1299;FACULDADES INTEGRADAS DE FERNANDÓPOLIS;FIFE;Privada sem fins lucrativos;Faculdade;3515509;FERNANDOPOLIS;SP;SUDESTE;1;47675;48;46;36,5587;0,9791;42,5652;0,4071;0,5501;1;
2013;27;FONOAUDIOLOGIA;1414;FACULDADE SÃO LUCAS;FSL;Privada com fins lucrativos;Faculdade;1100205;PORTO VELHO;RO;NORTE;1;50992;26;25;47,5080;3,1749;57,1840;2,6166;2,7562;3;
2013;27;FONOAUDIOLOGIA;1422;CENTRO UNIVERSITÁRIO DO NORTE;UNINORTE;Privada com fins lucrativos;Centro Universitário;1302603;MANAUS;AM;NORTE;1;73262;107;80;41,1400;1,8979;44,8387;0,7508;1,0375;2;
2013;27;FONOAUDIOLOGIA;1557;UNIVERSIDADE FUMEC;FUMEC;Privada sem fins lucrativos;Universidade;3144805;NOVA LIMA;MG;SUDESTE;1;73156;4;1;.;.;.;.;.;SC;
2013;27;FONOAUDIOLOGIA;1563;CENTRO UNIVERSITÁRIO DA FACULDADE DE SAÚDE, CIÊNCIAS HUMANAS E TECNOLÓGICAS DO PIAUÍ;NOVAFAPI;Privada com fins lucrativos;Centro Universitário;2211001;TERESINA;PI;NORDESTE;1;50815;37;36;46,3917;2,9510;53,0694;1,9947;2,2338;3;
2013;27;FONOAUDIOLOGIA;1677;FACULDADE DE ENSINO SUPERIOR DO PIAUÍ;FAESPI;Privada com fins lucrativos;Faculdade;2211001;TERESINA;PI;NORDESTE;1;48614;32;27;41,4185;1,9537;47,7815;1,1955;1,3851;2;
2013;27;FONOAUDIOLOGIA;1883;FACULDADE DE CIÊNCIAS AGRÁRIAS E DA SAÚDE;FAS;Privada com fins lucrativos;Faculdade;2919207;LAURO DE FREITAS;BA;NORDESTE;1;51108;5;4;39,9750;1,6642;52,2250;1,8671;1,8164;2;
2013;27;FONOAUDIOLOGIA;1938;FACULDADE GLOBAL DE UMUARAMA;FGU;Privada com fins lucrativos;Faculdade;4128104;UMUARAMA;PR;SUL;1;88910;13;13;49,0308;3,4803;45,4308;0,8402;1,5002;2;
2013;27;FONOAUDIOLOGIA;2571;FACULDADE REDENTOR;FACREDENTOR;Privada sem fins lucrativos;Faculdade;3302205;ITAPERUNA;RJ;SUDESTE;1;54861;13;12;49,7500;3,6245;58,5500;2,8231;3,0234;4;
2013;27;FONOAUDIOLOGIA;2745;ESCOLA SUPERIOR DA AMAZÔNIA;ESAMAZ;Privada com fins lucrativos;Faculdade;1501402;BELEM;PA;NORTE;1;117970;1;0;.;.;.;.;.;SC;
2013;27;FONOAUDIOLOGIA;2826;FACULDADE NOSSA SENHORA DE FÁTIMA;FACULDADE FÁTIMA;Privada sem fins lucrativos;Faculdade;4305108;CAXIAS DO SUL;RS;SUL;1;81068;19;19;50,4211;3,7591;62,4579;3,4137;3,5000;4;
2013;27;FONOAUDIOLOGIA;4010;CENTRO UNIVERSITÁRIO METODISTA;IPA;Privada sem fins lucrativos;Centro Universitário;4314902;PORTO ALEGRE;RS;SUL;1;15763;16;16;42,9375;2,2583;44,3563;0,6778;1,0730;2;
2013;27;FONOAUDIOLOGIA;4037;FACULDADE DE TECNOLOGIA INTENSIVA;FATECI;Privada com fins lucrativos;Faculdade;2304400;FORTALEZA;CE;NORDESTE;1;99220;8;8;43,0250;2,2759;48,0250;1,2323;1,4932;2;
2013;28;NUTRIÇÃO;1;UNIVERSIDADE FEDERAL DE MATO GROSSO;UFMT;Pública Federal;Universidade;5103403;CUIABA;MT;CENTRO-OESTE;1;20;29;29;50,6793;3,2284;52,2103;3,3479;3,3180;4;
2013;28;NUTRIÇÃO;2;UNIVERSIDADE DE BRASÍLIA;UNB;Pública Federal;Universidade;5300108;BRASILIA;DF;CENTRO-OESTE;1;144;41;36;53,7111;3,6886;56,8722;3,9580;3,8906;4;
2013;28;NUTRIÇÃO;3;UNIVERSIDADE FEDERAL DE SERGIPE;UFS;Pública Federal;Universidade;2806701;SAO CRISTOVAO;SE;NORDESTE;1;99404;37;35;49,6486;3,0719;57,3400;4,0192;3,7823;4;
2013;28;NUTRIÇÃO;4;UNIVERSIDADE FEDERAL DO AMAZONAS;UFAM;Pública Federal;Universidade;1301209;COARI;AM;NORTE;1;101645;38;34;43,3294;2,1126;34,8265;1,0732;1,3330;2;
2013;28;NUTRIÇÃO;5;UNIVERSIDADE FEDERAL DO PIAUÍ;UFPI;Pública Federal;Universidade;2208007;PICOS;PI;NORDESTE;1;102580;48;45;52,5133;3,5068;42,9600;2,1375;2,4798;3;
2013;28;NUTRIÇÃO;5;UNIVERSIDADE FEDERAL DO PIAUÍ;UFPI;Pública Federal;Universidade;2211001;TERESINA;PI;NORDESTE;1;488;61;59;51,1203;3,2953;50,1203;3,0744;3,1297;4;
2013;28;NUTRIÇÃO;6;UNIVERSIDADE FEDERAL DE OURO PRETO;UFOP;Pública Federal;Universidade;3146107;OURO PRETO;MG;SUDESTE;1;591;24;23;45,9261;2,5068;56,4000;3,8962;3,5488;4;
2013;28;NUTRIÇÃO;8;UNIVERSIDADE FEDERAL DE VIÇOSA;UFV;Pública Federal;Universidade;3155504;RIO PARANAIBA;MG;SUDESTE;1;1112821;14;14;53,0071;3,5817;53,4214;3,5064;3,5252;4;
2013;28;NUTRIÇÃO;8;UNIVERSIDADE FEDERAL DE VIÇOSA;UFV;Pública Federal;Universidade;3171303;VICOSA;MG;SUDESTE;1;698;62;61;55,8803;4,0179;59,5951;4,3142;4,2402;5;
2013;28;NUTRIÇÃO;10;PONTIFÍCIA UNIVERSIDADE CATÓLICA DO PARANÁ;PUCPR;Privada sem fins lucrativos;Universidade;4106902;CURITIBA;PR;SUL;1;38409;36;36;50,1000;3,1404;46,8083;2,6411;2,7659;3;
2013;28;NUTRIÇÃO;10;PONTIFÍCIA UNIVERSIDADE CATÓLICA DO PARANÁ;PUCPR;Privada sem fins lucrativos;Universidade;4115200;MARINGA;PR;SUL;1;65720;16;16;43,9000;2,1992;42,5375;2,0822;2,1115;3;
2013;28;NUTRIÇÃO;13;UNIVERSIDADE DE CAXIAS DO SUL;UCS;Privada sem fins lucrativos;Universidade;4305108;CAXIAS DO SUL;RS;SUL;1;72777;49;49;45,6102;2,4589;44,7367;2,3700;2,3922;3;
2013;28;NUTRIÇÃO;14;UNIVERSIDADE DO VALE DO RIO DOS SINOS;UNISINOS;Privada sem fins lucrativos;Universidade;4318705;SAO LEOPOLDO;RS;SUL;1;1227;68;60;37,7133;1,2601;43,6550;2,2284;1,9863;3;
2013;28;NUTRIÇÃO;16;UNIVERSIDADE GAMA FILHO - Descredenciada (Despacho SERES nº 2 de 13/01/2014);UGF;Privada com fins lucrativos;Universidade;3304557;RIO DE JANEIRO;RJ;SUDESTE;1;1374;38;34;40,6618;1,7077;36,5059;1,2929;1,3966;2;
2013;28;NUTRIÇÃO;17;UNIVERSIDADE FEDERAL DE UBERLÂNDIA;UFU;Pública Federal;Universidade;3170206;UBERLANDIA;MG;SUDESTE;1;115726;36;36;51,4556;3,3462;56,8417;3,9540;3,8020;4;
2013;28;NUTRIÇÃO;19;PONTIFÍCIA UNIVERSIDADE CATÓLICA DE CAMPINAS;PUC-CAMPINAS;Privada sem fins lucrativos;Universidade;3509502;CAMPINAS;SP;SUDESTE;1;1630;44;42;50,5452;3,2080;50,5476;3,1304;3,1498;4;
2013;28;NUTRIÇÃO;20;UNIVERSIDADE DE PASSO FUNDO;UPF;Privada sem fins lucrativos;Universidade;4314100;PASSO FUNDO;RS;SUL;1;64836;22;21;38,0238;1,3072;35,2952;1,1345;1,1777;2;
2013;28;NUTRIÇÃO;21;PONTIFÍCIA UNIVERSIDADE CATÓLICA DO RIO GRANDE DO SUL;PUCRS;Privada sem fins lucrativos;Universidade;4314902;PORTO ALEGRE;RS;SUL;1;56696;63;63;37,1778;1,1788;44,1444;2,2925;2,0141;3;
2013;28;NUTRIÇÃO;22;UNIVERSIDADE PRESBITERIANA MACKENZIE;MACKENZIE;Privada sem fins lucrativos;Universidade;3550308;SAO PAULO;SP;SUDESTE;1;98389;34;32;52,0375;3,4345;42,3375;2,0560;2,4007;3;
2013;28;NUTRIÇÃO;23;UNIVERSIDADE FEEVALE;FEEVALE;Privada sem fins lucrativos;Universidade;4313409;NOVO HAMBURGO;RS;SUL;1;39745;24;24;47,1458;2,6920;41,5958;1,9590;2,1422;3;
2013;28;NUTRIÇÃO;29;UNIVERSIDADE ESTADUAL DO CEARÁ;UECE;Pública Estadual;Universidade;2304400;FORTALEZA;CE;NORDESTE;1;2202;77;49;53,1939;3,6101;61,3694;4,5464;4,3123;5;
2013;28;NUTRIÇÃO;30;UNIVERSIDADE JOSÉ DO ROSÁRIO VELLANO;UNIFENAS;Privada sem fins lucrativos;Universidade;3101607;ALFENAS;MG;SUDESTE;1;18402;28;28;38,7071;1,4110;39,7964;1,7235;1,6454;2;
2013;28;NUTRIÇÃO;30;UNIVERSIDADE JOSÉ DO ROSÁRIO VELLANO;UNIFENAS;Privada sem fins lucrativos;Universidade;3122306;DIVINOPOLIS;MG;SUDESTE;1;54342;1;1;.;.;.;.;.;SC;
2013;28;NUTRIÇÃO;40;UNIVERSIDADE DO ESTADO DA BAHIA;UNEB;Pública Estadual;Universidade;2927408;SALVADOR;BA;NORDESTE;1;2451;40;35;40,7657;1,7234;45,7971;2,5087;2,3124;3;
2013;28;NUTRIÇÃO;54;UNIVERSIDADE ESTADUAL DE CAMPINAS;UNICAMP;Pública Estadual;Universidade;3526902;LIMEIRA;SP;SUDESTE;1;122957;55;54;56,1481;4,0585;50,2685;3,0938;3,3350;4;
2013;28;NUTRIÇÃO;56;UNIVERSIDADE ESTADUAL PAULISTA JÚLIO DE MESQUITA FILHO;UNESP;Pública Estadual;Universidade;3507506;BOTUCATU;SP;SUDESTE;1;21244;28;28;58,8393;4,4671;58,1179;4,1209;4,2075;5;
2013;28;NUTRIÇÃO;76;UNIVERSIDADE REGIONAL DE BLUMENAU;FURB;Pública Municipal;Universidade;4202404;BLUMENAU;SC;SUL;1;70777;23;23;45,4174;2,4296;48,5217;2,8653;2,7563;3;
2013;28;NUTRIÇÃO;79;INSTITUTO MUNICIPAL DE ENSINO SUPERIOR DE CATANDUVA;IMES CATANDUVA;Pública Municipal;Faculdade;3511102;CATANDUVA;SP;SUDESTE;1;116596;18;16;40,8812;1,7410;33,7562;0,9331;1,1351;2;
2013;28;NUTRIÇÃO;82;UNIVERSIDADE DO OESTE DE SANTA CATARINA;UNOESC;Pública Municipal;Universidade;4219309;VIDEIRA;SC;SUL;1;91653;14;13;47,2923;2,7142;42,0538;2,0189;2,1927;3;
2013;28;NUTRIÇÃO;83;UNIVERSIDADE DO VALE DO ITAJAÍ;UNIVALI;Privada sem fins lucrativos;Universidade;4208203;ITAJAI;SC;SUL;1;3949;24;23;44,8304;2,3405;46,0478;2,5415;2,4913;3;
2013;28;NUTRIÇÃO;124;CENTRO UNIVERSITÁRIO DE ARARAQUARA;UNIARA;Privada sem fins lucrativos;Centro Universitário;3503208;ARARAQUARA;SP;SUDESTE;1;38560;28;27;38,5037;1,3801;36,3037;1,2665;1,2949;2;
2013;28;NUTRIÇÃO;135;CENTRO UNIVERSITÁRIO CLARETIANO;CEUCLAR;Privada sem fins lucrativos;Centro Universitário;3505906;BATATAIS;SP;SUDESTE;1;370686;37;36;47,4611;2,7398;37,0750;1,3674;1,7105;2;
2013;28;NUTRIÇÃO;137;UNIVERSIDADE DO SAGRADO CORAÇÃO;USC;Privada sem fins lucrativos;Universidade;3506003;BAURU;SP;SUDESTE;1;4408;18;18;41,4778;1,8315;43,8556;2,2547;2,1489;3;
2013;28;NUTRIÇÃO;142;CENTRO UNIVERSITÁRIO DO TRIÂNGULO;UNITRI;Privada sem fins lucrativos;Centro Universitário;3170206;UBERLANDIA;MG;SUDESTE;1;18981;39;28;47,1143;2,6872;39,2429;1,6511;1,9101;2;
2013;28;NUTRIÇÃO;143;UNIVERSIDADE DE UBERABA;UNIUBE;Privada sem fins lucrativos;Universidade;3170107;UBERABA;MG;SUDESTE;1;18575;38;38;50,8500;3,2543;39,7474;1,7171;2,1014;3;
2013;28;NUTRIÇÃO;146;CENTRO UNIVERSITÁRIO DE RIO PRETO;UNIRP;Privada com fins lucrativos;Centro Universitário;3549805;SAO JOSE DO RIO PRETO;SP;SUDESTE;1;20294;48;43;43,0233;2,0661;48,0000;2,7970;2,6143;3;
2013;28;NUTRIÇÃO;150;UNIVERSIDADE DE SOROCABA;UNISO;Privada sem fins lucrativos;Universidade;3552205;SOROCABA;SP;SUDESTE;1;52208;20;20;49,5100;3,0509;39,3600;1,6664;2,0125;3;
2013;28;NUTRIÇÃO;163;UNIVERSIDADE ESTÁCIO DE SÁ;UNESA;Privada com fins lucrativos;Universidade;3304557;RIO DE JANEIRO;RJ;SUDESTE;3;19317 - 73111 - 1119432;30;26;44,4808;2,2874;39,0654;1,6279;1,7928;2;
2013;28;NUTRIÇÃO;165;UNIVERSIDADE VEIGA DE ALMEIDA;UVA;Privada com fins lucrativos;Universidade;3304557;RIO DE JANEIRO;RJ;SUDESTE;1;51564;86;77;48,0909;2,8354;39,7597;1,7187;1,9979;3;
2013;28;NUTRIÇÃO;167;UNIVERSIDADE METODISTA DE SÃO PAULO;UMESP;Privada sem fins lucrativos;Universidade;3548708;SAO BERNARDO DO CAMPO;SP;SUDESTE;1;20051;41;35;51,2371;3,3130;45,5171;2,4721;2,6823;3;
2013;28;NUTRIÇÃO;176;UNIVERSIDADE CASTELO BRANCO;UCB;Privada sem fins lucrativos;Universidade;3304557;RIO DE JANEIRO;RJ;SUDESTE;1;103265;27;21;44,9143;2,3532;33,3000;0,8734;1,2434;2;
2013;28;NUTRIÇÃO;203;UNIVERSIDADE SÃO JUDAS TADEU;USJT;Privada com fins lucrativos;Universidade;3550308;SAO PAULO;SP;SUDESTE;1;5496;44;42;43,8167;2,1866;40,6476;1,8349;1,9228;2;
2013;28;NUTRIÇÃO;208;UNIVERSIDADE DE RIBEIRÃO PRETO;UNAERP;Privada sem fins lucrativos;Universidade;3543402;RIBEIRAO PRETO;SP;SUDESTE;1;92491;18;18;44,8056;2,3367;46,2000;2,5615;2,5053;3;
2013;28;NUTRIÇÃO;216;CENTRO UNIVERSITÁRIO METODISTA IZABELA HENDRIX;CEUNIH;Privada sem fins lucrativos;Centro Universitário;3106200;BELO HORIZONTE;MG;SUDESTE;1;64547;27;22;47,4818;2,7430;34,5773;1,0406;1,4662;2;
2013;28;NUTRIÇÃO;221;UNIVERSIDADE CRUZEIRO DO SUL;UNICSUL;Privada com fins lucrativos;Universidade;3550308;SAO PAULO;SP;SUDESTE;1;70469;27;27;48,9519;2,9661;39,4074;1,6726;1,9960;3;
2013;28;NUTRIÇÃO;222;CENTRO UNIVERSITÁRIO DE VOTUPORANGA;UNIFEV;Privada sem fins lucrativos;Centro Universitário;3557105;VOTUPORANGA;SP;SUDESTE;1;20421;23;21;47,6143;2,7631;41,1714;1,9034;2,1184;3;
2013;28;NUTRIÇÃO;224;FACULDADE DE MEDICINA DO ABC;FMABC;Privada sem fins lucrativos;Faculdade;3547809;SANTO ANDRE;SP;SUDESTE;1;91803;33;31;49,6806;3,0768;51,7613;3,2892;3,2361;4;
2013;28;NUTRIÇÃO;227;UNIVERSIDADE CATÓLICA DE SANTOS;UNISANTOS;Privada sem fins lucrativos;Universidade;3548500;SANTOS;SP;SUDESTE;1;19370;20;18;47,1500;2,6926;41,0833;1,8919;2,0921;3;
2013;28;NUTRIÇÃO;266;UNIVERSIDADE METODISTA DE PIRACICABA;UNIMEP;Privada sem fins lucrativos;Universidade;3538709;PIRACICABA;SP;SUDESTE;1;6398;32;32;51,0656;3,2870;41,8563;1,9931;2,3165;3;
2013;28;NUTRIÇÃO;270;FACULDADES ESEFAP;;Privada com fins lucrativos;Faculdade;3555000;TUPA;SP;SUDESTE;1;97249;27;23;37,7000;1,2581;34,5783;1,0407;1,0950;2;
2013;28;NUTRIÇÃO;271;UNIVERSIDADE DO OESTE PAULISTA;UNOESTE;Privada sem fins lucrativos;Universidade;3541406;PRESIDENTE PRUDENTE;SP;SUDESTE;1;6487;22;22;36,2136;1,0324;40,2136;1,7781;1,5917;2;
2013;28;NUTRIÇÃO;275;UNIVERSIDADE DO VALE DO PARAÍBA;UNIVAP;Privada sem fins lucrativos;Universidade;3549904;SAO JOSE DOS CAMPOS;SP;SUDESTE;1;74928;10;10;45,6000;2,4573;40,7300;1,8457;1,9986;3;
2013;28;NUTRIÇÃO;277;CENTRO UNIVERSITÁRIO AUGUSTO MOTTA;UNISUAM;Privada sem fins lucrativos;Centro Universitário;3304557;RIO DE JANEIRO;RJ;SUDESTE;1;54387;91;79;40,4316;1,6727;36,5633;1,3005;1,3935;2;
2013;28;NUTRIÇÃO;295;UNIVERSIDADE DE SANTA CRUZ DO SUL;UNISC;Privada sem fins lucrativos;Universidade;4316808;SANTA CRUZ DO SUL;RS;SUL;1;20108;33;33;40,2545;1,6459;47,1333;2,6836;2,4242;3;
2013;28;NUTRIÇÃO;296;UNIVERSIDADE DA REGIÃO DA CAMPANHA;URCAMP;Privada sem fins lucrativos;Universidade;4301602;BAGE;RS;SUL;1;19288;10;10;33,6300;0,6402;37,0600;1,3655;1,1841;2;
2013;28;NUTRIÇÃO;298;UNIVERSIDADE NORTE DO PARANÁ;UNOPAR;Privada com fins lucrativos;Universidade;4113700;LONDRINA;PR;SUL;1;19587;18;18;45,9000;2,5028;40,4611;1,8105;1,9836;3;
2013;28;NUTRIÇÃO;308;UNIVERSIDADE PRESIDENTE ANTÔNIO CARLOS;UNIPAC;Privada sem fins lucrativos;Universidade;3103504;ARAGUARI;MG;SUDESTE;1;71441;22;20;39,4350;1,5214;41,7850;1,9837;1,8682;2;
2013;28;NUTRIÇÃO;308;UNIVERSIDADE PRESIDENTE ANTÔNIO CARLOS;UNIPAC;Privada sem fins lucrativos;Universidade;3136702;JUIZ DE FORA;MG;SUDESTE;1;59392;38;30;41,0333;1,7641;35,0467;1,1020;1,2675;2;
2013;28;NUTRIÇÃO;316;UNIVERSIDADE NOVE DE JULHO;UNINOVE;Privada sem fins lucrativos;Universidade;3550308;SAO PAULO;SP;SUDESTE;3;66256 - 72329 - 120511;150;140;45,0750;2,3776;41,9200;2,0014;2,0955;3;
2013;28;NUTRIÇÃO;322;UNIVERSIDADE PAULISTA;UNIP;Privada sem fins lucrativos;Universidade;3502804;ARACATUBA;SP;SUDESTE;1;59518;14;14;57,7643;4,3039;64,8357;5,0000;4,8260;5;
2013;28;NUTRIÇÃO;322;UNIVERSIDADE PAULISTA;UNIP;Privada sem fins lucrativos;Universidade;3504008;ASSIS;SP;SUDESTE;1;73396;3;3;47,0333;2,6749;59,7667;4,3367;3,9212;4;
2013;28;NUTRIÇÃO;322;UNIVERSIDADE PAULISTA;UNIP;Privada sem fins lucrativos;Universidade;3506003;BAURU;SP;SUDESTE;1;5000429;6;6;62,3500;5,0000;57,1667;3,9965;4,2474;5;
2013;28;NUTRIÇÃO;322;UNIVERSIDADE PAULISTA;UNIP;Privada sem fins lucrativos;Universidade;3509502;CAMPINAS;SP;SUDESTE;1;18765;9;9;56,7333;4,1474;59,3000;4,2756;4,2436;5;
2013;28;NUTRIÇÃO;322;UNIVERSIDADE PAULISTA;UNIP;Privada sem fins lucrativos;Universidade;3525904;JUNDIAI;SP;SUDESTE;1;76473;9;9;55,8111;4,0074;50,7778;3,1605;3,3722;4;
2013;28;NUTRIÇÃO;322;UNIVERSIDADE PAULISTA;UNIP;Privada sem fins lucrativos;Universidade;3526902;LIMEIRA;SP;SUDESTE;1;115536;8;8;57,7000;4,2941;58,6625;4,1922;4,2177;5;
2013;28;NUTRIÇÃO;322;UNIVERSIDADE PAULISTA;UNIP;Privada sem fins lucrativos;Universidade;3543402;RIBEIRAO PRETO;SP;SUDESTE;1;18764;11;11;59,2909;4,5356;49,7727;3,0290;3,4056;4;
2013;28;NUTRIÇÃO;322;UNIVERSIDADE PAULISTA;UNIP;Privada sem fins lucrativos;Universidade;3547304;SANTANA DE PARNAIBA;SP;SUDESTE;1;76327;3;3;59,6333;4,5876;49,5000;2,9933;3,3919;4;
2013;28;NUTRIÇÃO;322;UNIVERSIDADE PAULISTA;UNIP;Privada sem fins lucrativos;Universidade;3548500;SANTOS;SP;SUDESTE;1;73412;9;9;50,6667;3,2264;52,9111;3,4396;3,3863;4;
2013;28;NUTRIÇÃO;322;UNIVERSIDADE PAULISTA;UNIP;Privada sem fins lucrativos;Universidade;3549706;SAO JOSE DO RIO PARDO;SP;SUDESTE;1;5000437;8;7;48,3571;2,8758;56,0000;3,8438;3,6018;4;
2013;28;NUTRIÇÃO;322;UNIVERSIDADE PAULISTA;UNIP;Privada sem fins lucrativos;Universidade;3549904;SAO JOSE DOS CAMPOS;SP;SUDESTE;1;60685;6;5;66,9600;5,0000;67,1200;5,0000;5,0000;5;
2013;28;NUTRIÇÃO;322;UNIVERSIDADE PAULISTA;UNIP;Privada sem fins lucrativos;Universidade;3550308;SAO PAULO;SP;SUDESTE;7;69859 - 73372 - 73380 - 73394 - 76397 - 76405 - 115456;27;27;51,2074;3,3085;57,5963;4,0527;3,8667;4;
2013;28;NUTRIÇÃO;322;UNIVERSIDADE PAULISTA;UNIP;Privada sem fins lucrativos;Universidade;3552205;SOROCABA;SP;SUDESTE;1;59723;9;9;51,1556;3,3007;49,9222;3,0485;3,1116;4;
2013;28;NUTRIÇÃO;322;UNIVERSIDADE PAULISTA;UNIP;Privada sem fins lucrativos;Universidade;5208707;GOIANIA;GO;CENTRO-OESTE;1;51415;16;16;47,2250;2,7040;42,6312;2,0945;2,2468;3;
2013;28;NUTRIÇÃO;322;UNIVERSIDADE PAULISTA;UNIP;Privada sem fins lucrativos;Universidade;5300108;BRASILIA;DF;CENTRO-OESTE;1;51458;14;14;49,3643;3,0287;54,0571;3,5896;3,4494;4;
2013;28;NUTRIÇÃO;338;PONTIFÍCIA UNIVERSIDADE CATÓLICA DE MINAS GERAIS;PUC MINAS;Privada sem fins lucrativos;Universidade;3106200;BELO HORIZONTE;MG;SUDESTE;1;97129;114;112;49,8223;3,0983;48,3830;2,8471;2,9099;3;
2013;28;NUTRIÇÃO;343;CENTRO UNIVERSITÁRIO NEWTON PAIVA;NEWTON PAIVA;Privada com fins lucrativos;Centro Universitário;3106200;BELO HORIZONTE;MG;SUDESTE;1;18985;13;11;40,9909;1,7576;42,4818;2,0749;1,9956;3;
2013;28;NUTRIÇÃO;344;CENTRO UNIVERSITÁRIO UNA;UNA;Privada com fins lucrativos;Centro Universitário;3106200;BELO HORIZONTE;MG;SUDESTE;1;72931;34;27;49,5519;3,0572;45,1667;2,4262;2,5840;3;
2013;28;NUTRIÇÃO;349;CENTRO UNIVERSITÁRIO DE BELO HORIZONTE;UNI-BH;Privada com fins lucrativos;Centro Universitário;3106200;BELO HORIZONTE;MG;SUDESTE;1;20838;34;28;47,0786;2,6818;45,4607;2,4647;2,5190;3;
2013;28;NUTRIÇÃO;353;FACULDADE EVANGÉLICA DO PARANÁ;FEPAR;Privada sem fins lucrativos;Faculdade;4106902;CURITIBA;PR;SUL;1;45534;14;14;34,2000;0,7268;44,4143;2,3278;1,9275;2;
2013;28;NUTRIÇÃO;355;UNIVERSIDADE TUIUTI DO PARANÁ;UTP;Privada com fins lucrativos;Universidade;4106902;CURITIBA;PR;SUL;1;19218;22;21;38,1857;1,3318;37,8905;1,4741;1,4385;2;
2013;28;NUTRIÇÃO;374;CENTRO UNIVERSITÁRIO DAS FACULDADES METROPOLITANAS UNIDAS;FMU;Privada sem fins lucrativos;Centro Universitário;3550308;SAO PAULO;SP;SUDESTE;2;96350 - 114548;102;99;49,0727;2,9845;50,6919;3,1492;3,1080;4;
2013;28;NUTRIÇÃO;383;UNIVERSIDADE DA AMAZÔNIA;UNAMA;Privada com fins lucrativos;Universidade;1501402;BELEM;PA;NORTE;1;107227;61;59;33,0136;0,5467;36,3068;1,2669;1,0868;2;
2013;28;NUTRIÇÃO;385;UNIVERSIDADE SALVADOR;UNIFACS;Privada com fins lucrativos;Universidade;2927408;SALVADOR;BA;NORDESTE;1;116171;69;62;42,9339;2,0526;43,8581;2,2550;2,2044;3;
2013;28;NUTRIÇÃO;387;UNIVERSIDADE CATÓLICA DOM BOSCO;UCDB;Privada sem fins lucrativos;Universidade;5002704;CAMPO GRANDE;MS;CENTRO-OESTE;1;18467;22;21;44,6429;2,3120;36,2857;1,2641;1,5261;2;
2013;28;NUTRIÇÃO;396;FACULDADE RUY BARBOSA;FRBA;Privada com fins lucrativos;Faculdade;2927408;SALVADOR;BA;NORDESTE;1;5000295;5;5;36,1400;1,0213;40,2600;1,7842;1,5935;2;
2013;28;NUTRIÇÃO;398;UNIVERSIDADE TIRADENTES;UNIT;Privada com fins lucrativos;Universidade;2800308;ARACAJU;SE;NORDESTE;1;1108111;119;117;48,2162;2,8545;39,3162;1,6607;1,9591;3;
2013;28;NUTRIÇÃO;402;CENTRO UNIVERSITÁRIO DE BRASÍLIA;UNICEUB;Privada sem fins lucrativos;Centro Universitário;5300108;BRASILIA;DF;CENTRO-OESTE;1;56645;56;54;42,4556;1,9800;42,2296;2,0419;2,0264;3;
2013;28;NUTRIÇÃO;403;UNIVERSIDADE CATÓLICA DE BRASÍLIA;UCB;Privada sem fins lucrativos;Universidade;5300108;BRASILIA;DF;CENTRO-OESTE;1;19056;83;71;46,3225;2,5670;39,9479;1,7433;1,9493;3;
2013;28;NUTRIÇÃO;409;UNIVERSIDADE DE PERNAMBUCO;UPE;Pública Estadual;Universidade;2611101;PETROLINA;PE;NORDESTE;1;1183612;33;32;52,4562;3,4981;54,7781;3,6839;3,6375;4;
2013;28;NUTRIÇÃO;420;UNIVERSIDADE DE MARÍLIA;UNIMAR;Privada com fins lucrativos;Universidade;3529005;MARILIA;SP;SUDESTE;1;8676;14;14;47,9071;2,8075;46,2857;2,5727;2,6314;3;
2013;28;NUTRIÇÃO;423;UNIVERSIDADE REGIONAL INTEGRADA DO ALTO URUGUAI E DAS MISSÕES;URI;Privada sem fins lucrativos;Universidade;4307005;ERECHIM;RS;SUL;1;88810;18;18;47,7056;2,7769;43,6667;2,2300;2,3667;3;
2013;28;NUTRIÇÃO;423;UNIVERSIDADE REGIONAL INTEGRADA DO ALTO URUGUAI E DAS MISSÕES;URI;Privada sem fins lucrativos;Universidade;4308508;FREDERICO WESTPHALEN;RS;SUL;1;1104311;28;28;46,4929;2,5928;37,1107;1,3721;1,6773;2;
2013;28;NUTRIÇÃO;426;CENTRO UNIVERSITÁRIO FRANCISCANO;UNIFRA;Privada sem fins lucrativos;Centro Universitário;4316907;SANTA MARIA;RS;SUL;1;18207;59;59;41,6203;1,8532;42,1288;2,0287;1,9848;3;
2013;28;NUTRIÇÃO;430;CENTRO UNIVERSITÁRIO FILADÉLFIA;UNIFIL;Privada sem fins lucrativos;Centro Universitário;4113700;LONDRINA;PR;SUL;1;8946;54;53;45,7000;2,4725;44,8000;2,3783;2,4018;3;
2013;28;NUTRIÇÃO;434;FACULDADE SANTA MARCELINA;FASM;Privada sem fins lucrativos;Faculdade;3550308;SAO PAULO;SP;SUDESTE;1;117420;10;7;.;.;.;.;.;SC;Conforme Nota Técnica Daes/Inep nº 90/2014
2013;28;NUTRIÇÃO;437;UNIVERSIDADE PARANAENSE;UNIPAR;Privada sem fins lucrativos;Universidade;4108403;FRANCISCO BELTRAO;PR;SUL;1;83046;31;30;46,3967;2,5782;42,0033;2,0123;2,1538;3;
2013;28;NUTRIÇÃO;441;UNIVERSIDADE DO CONTESTADO;UNC;Privada sem fins lucrativos;Universidade;4204301;CONCORDIA;SC;SUL;1;70142;20;19;44,2474;2,2520;35,9158;1,2157;1,4748;2;
2013;28;NUTRIÇÃO;446;UNIVERSIDADE DE CRUZ ALTA;UNICRUZ;Privada sem fins lucrativos;Universidade;4306106;CRUZ ALTA;RS;SUL;1;19006;2;1;.;.;.;.;.;SC;
2013;28;NUTRIÇÃO;457;UNIVERSIDADE ANHANGUERA DE SÃO PAULO - UNIAN-SP;UNIAN - SP;Privada com fins lucrativos;Universidade;3534401;OSASCO;SP;SUDESTE;1;44907;62;57;44,6947;2,3199;34,4421;1,0229;1,3471;2;
2013;28;NUTRIÇÃO;457;UNIVERSIDADE ANHANGUERA DE SÃO PAULO - UNIAN-SP;UNIAN - SP;Privada com fins lucrativos;Universidade;3548708;SAO BERNARDO DO CAMPO;SP;SUDESTE;1;44678;40;39;47,7564;2,7847;35,9821;1,2244;1,6145;2;
2013;28;NUTRIÇÃO;457;UNIVERSIDADE ANHANGUERA DE SÃO PAULO - UNIAN-SP;UNIAN - SP;Privada com fins lucrativos;Universidade;3550308;SAO PAULO;SP;SUDESTE;2;44971 - 55057;42;39;45,6949;2,4717;35,0333;1,1003;1,4431;2;
2013;28;NUTRIÇÃO;466;UNIVERSIDADE ANHEMBI MORUMBI;UAM;Privada com fins lucrativos;Universidade;3550308;SAO PAULO;SP;SUDESTE;1;55844;40;38;50,7632;3,2411;42,8184;2,1190;2,3995;3;
2013;28;NUTRIÇÃO;472;UNIVERSIDADE DO GRANDE RIO PROFESSOR JOSÉ DE SOUZA HERDY;UNIGRANRIO;Privada sem fins lucrativos;Universidade;3301702;DUQUE DE CAXIAS;RJ;SUDESTE;1;74138;99;90;46,5322;2,5988;39,2311;1,6496;1,8869;2;
2013;28;NUTRIÇÃO;481;UNIVERSIDADE GUARULHOS;UNG;Privada sem fins lucrativos;Universidade;3518800;GUARULHOS;SP;SUDESTE;1;9829;84;79;40,1418;1,6287;37,6835;1,4470;1,4925;2;
2013;28;NUTRIÇÃO;482;UNIVERSIDADE DO EXTREMO SUL CATARINENSE;UNESC;Privada sem fins lucrativos;Universidade;4204608;CRICIUMA;SC;SUL;1;69420;31;31;44,8290;2,3403;48,0645;2,8054;2,6891;3;
2013;28;NUTRIÇÃO;489;CENTRO UNIVERSITÁRIO DE VOLTA REDONDA;UNIFOA;Privada sem fins lucrativos;Centro Universitário;3306305;VOLTA REDONDA;RJ;SUDESTE;1;45492;26;26;55,7269;3,9946;44,6423;2,3576;2,7669;3;
2013;28;NUTRIÇÃO;494;UNIVERSIDADE DO SUL DE SANTA CATARINA;UNISUL;Privada sem fins lucrativos;Universidade;4211900;PALHOCA;SC;SUL;1;72571;16;13;44,3615;2,2693;41,9769;2,0089;2,0740;3;
2013;28;NUTRIÇÃO;494;UNIVERSIDADE DO SUL DE SANTA CATARINA;UNISUL;Privada sem fins lucrativos;Universidade;4218707;TUBARAO;SC;SUL;1;72569;21;19;44,4053;2,2759;39,9895;1,7488;1,8806;2;
2013;28;NUTRIÇÃO;495;FACULDADE DE CIÊNCIAS E LETRAS DE BRAGANÇA PAULISTA;FESB;Pública Municipal;Faculdade;3507605;BRAGANCA PAULISTA;SP;SUDESTE;1;20683;42;35;43,0543;2,0709;33,6371;0,9176;1,2059;2;
2013;28;NUTRIÇÃO;496;UNIVERSIDADE DE FRANCA;UNIFRAN;Privada com fins lucrativos;Universidade;3516200;FRANCA;SP;SUDESTE;1;56622;29;29;31,4345;0,3069;35,4759;1,1582;0,9454;2;
2013;28;NUTRIÇÃO;513;UNIVERSIDADE VALE DO RIO DOCE;UNIVALE;Privada sem fins lucrativos;Universidade;3127701;GOVERNADOR VALADARES;MG;SUDESTE;1;65156;28;28;39,1000;1,4706;39,2107;1,6469;1,6028;2;
2013;28;NUTRIÇÃO;514;CENTRO UNIVERSITÁRIO DE BARRA MANSA;UBM;Privada sem fins lucrativos;Centro Universitário;3300407;BARRA MANSA;RJ;SUDESTE;1;20916;22;22;50,2318;3,1604;29,9409;0,4339;1,1155;2;
2013;28;NUTRIÇÃO;515;CENTRO UNIVERSITÁRIO ANHANGUERA DE NITERÓI;UNIAN;Privada com fins lucrativos;Centro Universitário;3303302;NITEROI;RJ;SUDESTE;1;20146;52;43;38,2744;1,3453;34,1116;0,9797;1,0711;2;
2013;28;NUTRIÇÃO;521;UNIVERSIDADE DE MOGI DAS CRUZES;UMC;Privada com fins lucrativos;Universidade;3530607;MOGI DAS CRUZES;SP;SUDESTE;1;10589;39;29;52,8621;3,5597;44,8966;2,3909;2,6831;3;
2013;28;NUTRIÇÃO;522;CENTRO UNIVERSITÁRIO CELSO LISBOA;UCL;Privada sem fins lucrativos;Centro Universitário;3304557;RIO DE JANEIRO;RJ;SUDESTE;1;86703;19;13;48,8308;2,9477;38,7538;1,5871;1,9273;2;
2013;28;NUTRIÇÃO;527;PONTIFÍCIA UNIVERSIDADE CATÓLICA DE GOIÁS;PUC GOIÁS;Privada sem fins lucrativos;Universidade;5208707;GOIANIA;GO;CENTRO-OESTE;1;97685;123;110;41,0136;1,7611;37,1427;1,3763;1,4725;2;
2013;28;NUTRIÇÃO;532;UNIVERSIDADE REGIONAL DO NOROESTE DO ESTADO DO RIO GRANDE DO SUL;UNIJUI;Privada sem fins lucrativos;Universidade;4310207;IJUI;RS;SUL;1;10968;29;29;48,6586;2,9216;47,1138;2,6810;2,7412;3;
2013;28;NUTRIÇÃO;547;UNIVERSIDADE DO ESTADO DO RIO DE JANEIRO;UERJ;Pública Estadual;Universidade;3304557;RIO DE JANEIRO;RJ;SUDESTE;1;11311;106;98;50,2500;3,1632;52,9857;3,4494;3,3778;4;
2013;28;NUTRIÇÃO;548;UNIVERSIDADE FEDERAL DO MARANHÃO;UFMA;Pública Federal;Universidade;2111300;SAO LUIS;MA;NORDESTE;1;70706;45;44;52,3545;3,4827;56,6250;3,9256;3,8149;4;
2013;28;NUTRIÇÃO;549;UNIVERSIDADE FEDERAL DO ACRE;UFAC;Pública Federal;Universidade;1200401;RIO BRANCO;AC;NORTE;1;119894;24;24;47,3292;2,7198;44,9167;2,3935;2,4751;3;
2013;28;NUTRIÇÃO;555;UNIVERSIDADE DE FORTALEZA;UNIFOR;Privada sem fins lucrativos;Universidade;2304400;FORTALEZA;CE;NORDESTE;1;56630;74;73;41,8726;1,8915;46,2904;2,5733;2,4028;3;
2013;28;NUTRIÇÃO;569;UNIVERSIDADE FEDERAL DO PARÁ;UFPA;Pública Federal;Universidade;1501402;BELEM;PA;NORTE;1;12018;45;18;47,0333;2,6749;47,3278;2,7090;2,7005;3;
2013;28;NUTRIÇÃO;570;UNIVERSIDADE FEDERAL DO RIO GRANDE DO NORTE;UFRN;Pública Federal;Universidade;2408102;NATAL;RN;NORDESTE;1;12329;60;58;51,0965;3,2917;53,8293;3,5598;3,4928;4;
2013;28;NUTRIÇÃO;570;UNIVERSIDADE FEDERAL DO RIO GRANDE DO NORTE;UFRN;Pública Federal;Universidade;2411205;SANTA CRUZ;RN;NORDESTE;1;116754;32;32;51,6563;3,3767;51,6625;3,2762;3,3013;4;
2013;28;NUTRIÇÃO;571;UNIVERSIDADE FEDERAL DO PARANÁ;UFPR;Pública Federal;Universidade;4106902;CURITIBA;PR;SUL;1;12570;29;28;38,8071;1,4261;54,1071;3,5961;3,0536;4;
2013;28;NUTRIÇÃO;572;UNIVERSIDADE FEDERAL FLUMINENSE;UFF;Pública Federal;Universidade;3303302;NITEROI;RJ;SUDESTE;1;12694;52;52;37,8865;1,2864;44,0615;2,2816;2,0328;3;
2013;28;NUTRIÇÃO;573;UNIVERSIDADE FEDERAL DO ESPÍRITO SANTO;UFES;Pública Federal;Universidade;3200201;ALEGRE;ES;SUDESTE;1;99076;1;1;.;.;.;.;.;SC;
2013;28;NUTRIÇÃO;573;UNIVERSIDADE FEDERAL DO ESPÍRITO SANTO;UFES;Pública Federal;Universidade;3205309;VITORIA;ES;SUDESTE;1;1112910;31;31;52,3290;3,4788;55,6355;3,7961;3,7168;4;
2013;28;NUTRIÇÃO;575;UNIVERSIDADE FEDERAL DE MINAS GERAIS;UFMG;Pública Federal;Universidade;3106200;BELO HORIZONTE;MG;SUDESTE;1;72169;112;107;47,8168;2,7938;54,1935;3,6074;3,4040;4;
2013;28;NUTRIÇÃO;576;UNIVERSIDADE FEDERAL DE JUIZ DE FORA;UFJF;Pública Federal;Universidade;3136702;JUIZ DE FORA;MG;SUDESTE;1;116498;69;68;54,3265;3,7820;58,7353;4,2017;4,0968;5;
2013;28;NUTRIÇÃO;577;UNIVERSIDADE FEDERAL DE ALAGOAS;UFAL;Pública Federal;Universidade;2704302;MACEIO;AL;NORDESTE;1;13201;32;29;50,3448;3,1776;57,2000;4,0008;3,7950;4;
2013;28;NUTRIÇÃO;578;UNIVERSIDADE FEDERAL DA BAHIA;UFBA;Pública Federal;Universidade;2927408;SALVADOR;BA;NORDESTE;1;13288;116;105;40,6305;1,7029;50,5667;3,1328;2,7754;3;
2013;28;NUTRIÇÃO;578;UNIVERSIDADE FEDERAL DA BAHIA;UFBA;Pública Federal;Universidade;2933307;VITORIA DA CONQUISTA;BA;NORDESTE;1;99038;31;30;54,7867;3,8519;60,3533;4,4135;4,2731;5;
2013;28;NUTRIÇÃO;579;UNIVERSIDADE FEDERAL DA PARAÍBA;UFPB;Pública Federal;Universidade;2507507;JOAO PESSOA;PB;NORDESTE;1;13425;25;23;51,1043;3,2929;47,9043;2,7845;2,9116;3;
2013;28;NUTRIÇÃO;580;UNIVERSIDADE FEDERAL DE PERNAMBUCO;UFPE;Pública Federal;Universidade;2611606;RECIFE;PE;NORDESTE;1;13602;30;30;49,3100;3,0205;59,3500;4,2822;3,9668;5;
2013;28;NUTRIÇÃO;580;UNIVERSIDADE FEDERAL DE PERNAMBUCO;UFPE;Pública Federal;Universidade;2616407;VITORIA DE SANTO ANTAO;PE;NORDESTE;1;101149;14;13;42,0308;1,9155;46,9385;2,6581;2,4724;3;
2013;28;NUTRIÇÃO;581;UNIVERSIDADE FEDERAL DO RIO GRANDE DO SUL;UFRGS;Pública Federal;Universidade;4314902;PORTO ALEGRE;RS;SUL;1;45070;28;28;50,4929;3,2001;60,0179;4,3696;4,0772;5;
2013;28;NUTRIÇÃO;582;UNIVERSIDADE FEDERAL DE SANTA MARIA;UFSM;Pública Federal;Universidade;4313706;PALMEIRA DAS MISSOES;RS;SUL;1;1084794;3;3;48,6333;2,9178;45,9333;2,5266;2,6244;3;
2013;28;NUTRIÇÃO;584;UNIVERSIDADE FEDERAL DE GOIÁS;UFG;Pública Federal;Universidade;5208707;GOIANIA;GO;CENTRO-OESTE;1;14095;88;85;51,0741;3,2883;54,8329;3,6911;3,5904;4;
2013;28;NUTRIÇÃO;585;UNIVERSIDADE FEDERAL DE SANTA CATARINA;UFSC;Pública Federal;Universidade;4205407;FLORIANOPOLIS;SC;SUL;1;14235;31;30;51,0833;3,2897;55,9200;3,8333;3,6974;4;
2013;28;NUTRIÇÃO;586;UNIVERSIDADE FEDERAL DO RIO DE JANEIRO;UFRJ;Pública Federal;Universidade;3302403;MACAE;RJ;SUDESTE;1;121852;11;10;54,1100;3,7491;53,1700;3,4735;3,5424;4;
2013;28;NUTRIÇÃO;586;UNIVERSIDADE FEDERAL DO RIO DE JANEIRO;UFRJ;Pública Federal;Universidade;3304557;RIO DE JANEIRO;RJ;SUDESTE;1;14360;70;68;47,7809;2,7884;50,9662;3,1851;3,0859;4;
2013;28;NUTRIÇÃO;591;UNIVERSIDADE FEDERAL DE SÃO PAULO;UNIFESP;Pública Federal;Universidade;3548500;SANTOS;SP;SUDESTE;1;94098;44;40;45,6125;2,4592;46,5700;2,6099;2,5722;3;
2013;28;NUTRIÇÃO;592;UNIVERSIDADE FEDERAL DE LAVRAS;UFLA;Pública Federal;Universidade;3138203;LAVRAS;MG;SUDESTE;1;122660;26;24;58,5083;4,4168;59,6167;4,3171;4,3420;5;
2013;28;NUTRIÇÃO;595;UNIVERSIDADE FEDERAL DE ALFENAS;UNIFAL-MG;Pública Federal;Universidade;3101607;ALFENAS;MG;SUDESTE;1;20121;74;71;48,0930;2,8357;53,0535;3,4583;3,3026;4;
2013;28;NUTRIÇÃO;596;UNIVERSIDADE FEDERAL DOS VALES DO JEQUITINHONHA E MUCURI;UFVJM;Pública Federal;Universidade;3121605;DIAMANTINA;MG;SUDESTE;1;48926;41;41;47,5390;2,7517;42,7927;2,1156;2,2746;3;
2013;28;NUTRIÇÃO;597;UNIVERSIDADE FEDERAL DO TRIÂNGULO MINEIRO;UFTM;Pública Federal;Universidade;3170107;UBERABA;MG;SUDESTE;1;96201;50;47;44,0851;2,2273;44,6723;2,3616;2,3280;3;
2013;28;NUTRIÇÃO;621;CENTRO UNIVERSITÁRIO CESMAC;CESMAC;Privada sem fins lucrativos;Centro Universitário;2704302;MACEIO;AL;NORDESTE;1;62025;101;101;38,4198;1,3673;39,9653;1,7456;1,6511;2;
2013;28;NUTRIÇÃO;634;UNIVERSIDADE FEDERAL DE PELOTAS;UFPEL;Pública Federal;Universidade;4314407;PELOTAS;RS;SUL;1;14979;42;41;48,1146;2,8390;48,2829;2,8340;2,8353;3;
2013;28;NUTRIÇÃO;641;CENTRO UNIVERSITÁRIO LA SALLE;UNILASALLE;Privada sem fins lucrativos;Centro Universitário;4304606;CANOAS;RS;SUL;1;56668;45;44;46,1273;2,5373;42,0295;2,0157;2,1461;3;
2013;28;NUTRIÇÃO;662;FACULDADES INTEGRADAS CORAÇÃO DE JESUS;FAINC;Privada sem fins lucrativos;Faculdade;3547809;SANTO ANDRE;SP;SUDESTE;1;20739;48;46;44,5891;2,3039;32,4370;0,7605;1,1463;2;
2013;28;NUTRIÇÃO;663;UNIVERSIDADE SALGADO DE OLIVEIRA;UNIVERSO;Privada sem fins lucrativos;Universidade;3304904;SAO GONCALO;RJ;SUDESTE;1;15246;48;46;36,1261;1,0191;33,6891;0,9244;0,9481;2;
2013;28;NUTRIÇÃO;664;UNIVERSIDADE VILA VELHA;UVV;Privada sem fins lucrativos;Universidade;3205200;VILA VELHA;ES;SUDESTE;1;20610;15;13;37,3385;1,2032;45,3615;2,4517;2,1396;3;
2013;28;NUTRIÇÃO;665;UNIVERSIDADE DE TAUBATÉ;UNITAU;Pública Municipal;Universidade;3554102;TAUBATE;SP;SUDESTE;2;73588 - 1181219;51;50;40,2620;1,6470;37,7020;1,4495;1,4988;2;
2013;28;NUTRIÇÃO;669;UNIVERSIDADE NILTON LINS;UNINILTONLINS;Privada sem fins lucrativos;Universidade;1302603;MANAUS;AM;NORTE;1;19940;25;24;43,9958;2,2138;32,6167;0,7840;1,1415;2;
2013;28;NUTRIÇÃO;670;UNIVERSIDADE SÃO FRANCISCO;USF;Privada sem fins lucrativos;Universidade;3507605;BRAGANCA PAULISTA;SP;SUDESTE;1;67655;7;0;.;.;.;.;.;SC;
2013;28;NUTRIÇÃO;671;UNIVERSIDADE ANHANGUERA - UNIDERP;UNIDERP;Privada com fins lucrativos;Universidade;5002704;CAMPO GRANDE;MS;CENTRO-OESTE;1;67605;46;41;43,9512;2,2070;40,2902;1,7881;1,8929;2;
2013;28;NUTRIÇÃO;673;CENTRO UNIVERSITÁRIO DA GRANDE DOURADOS;UNIGRAN;Privada sem fins lucrativos;Centro Universitário;5003702;DOURADOS;MS;CENTRO-OESTE;1;56585;10;10;43,8200;2,1871;53,7300;3,5468;3,2069;4;
2013;28;NUTRIÇÃO;693;UNIVERSIDADE FEDERAL DO ESTADO DO RIO DE JANEIRO;UNIRIO;Pública Federal;Universidade;3304557;RIO DE JANEIRO;RJ;SUDESTE;2;15784 - 1160031;68;62;51,2177;3,3101;49,1806;2,9515;3,0411;4;
2013;28;NUTRIÇÃO;707;CENTRO UNIVERSITÁRIO CENTRAL PAULISTA;UNICEP;Privada com fins lucrativos;Centro Universitário;3548906;SAO CARLOS;SP;SUDESTE;1;56440;15;15;41,9000;1,8956;37,8933;1,4745;1,5798;2;
2013;28;NUTRIÇÃO;712;CENTRO UNIVERSITÁRIO HERMÍNIO DA SILVEIRA;UNI IBMR;Privada com fins lucrativos;Centro Universitário;3304557;RIO DE JANEIRO;RJ;SUDESTE;2;150055 - 1156475;10;10;50,4900;3,1996;45,8300;2,5130;2,6847;3;
2013;28;NUTRIÇÃO;717;FUNDAÇÃO UNIVERSIDADE FEDERAL DE CIÊNCIAS DA SAÚDE DE PORTO ALEGRE;UFCSPA;Pública Federal;Universidade;4314902;PORTO ALEGRE;RS;SUL;1;59794;20;20;46,1100;2,5347;61,6250;4,5799;4,0686;5;
2013;28;NUTRIÇÃO;718;UNIVERSIDADE POTIGUAR;UNP;Privada com fins lucrativos;Universidade;2408003;MOSSORO;RN;NORDESTE;1;115942;100;97;41,7856;1,8783;37,2938;1,3961;1,5166;2;
2013;28;NUTRIÇÃO;718;UNIVERSIDADE POTIGUAR;UNP;Privada com fins lucrativos;Universidade;2408102;NATAL;RN;NORDESTE;1;75606;201;191;45,7990;2,4875;38,5241;1,5570;1,7897;2;
2013;28;NUTRIÇÃO;737;CENTRO UNIVERSITÁRIO SÃO CAMILO;SAO CAMILO;Privada sem fins lucrativos;Centro Universitário;3550308;SAO PAULO;SP;SUDESTE;2;16508 - 58376;288;262;49,5374;3,0550;46,6099;2,6151;2,7251;3;
2013;28;NUTRIÇÃO;739;CENTRO UNIVERSITÁRIO SÃO CAMILO - ESPÍRITO SANTO;SÃO CAMILO-ES;Privada sem fins lucrativos;Centro Universitário;3201209;CACHOEIRO DE ITAPEMIRIM;ES;SUDESTE;1;89515;40;40;47,1925;2,6991;37,7175;1,4515;1,7634;2;
2013;28;NUTRIÇÃO;775;FACULDADE ALVORADA DE EDUCAÇÃO FÍSICA E DESPORTO - Descredenciada - Despacho nº 165, de 6 de setembro de 2013, descredencia a IES.DOU 09/09/2013.;FAEFD;Privada sem fins lucrativos;Faculdade;5300108;BRASILIA;DF;CENTRO-OESTE;1;73998;32;0;.;.;.;.;.;SC;
2013;28;NUTRIÇÃO;780;UNIVERSIDADE DE CUIABÁ;UNIC / PITÁGORAS;Privada com fins lucrativos;Universidade;5103403;CUIABA;MT;CENTRO-OESTE;1;75096;42;37;53,2459;3,6180;50,1162;3,0739;3,2099;4;
2013;28;NUTRIÇÃO;792;CENTRO UNIVERSITÁRIO DO ESTADO DO PARÁ;CESUPA;Privada sem fins lucrativos;Centro Universitário;1501402;BELEM;PA;NORTE;1;55334;36;30;38,1767;1,3304;44,0333;2,2779;2,0411;3;
2013;28;NUTRIÇÃO;823;UNIVERSIDADE DO CEUMA - UNICEUMA;UNICEUMA;Privada sem fins lucrativos;Universidade;2111300;SAO LUIS;MA;NORDESTE;1;70554;45;45;43,9511;2,2070;38,7133;1,5818;1,7381;2;
2013;28;NUTRIÇÃO;828;FACULDADE DE SÃO LOURENÇO;FASAMA;Privada com fins lucrativos;Faculdade;3163706;SAO LOURENCO;MG;SUDESTE;1;5000174;19;18;39,0167;1,4579;29,2556;0,3442;0,6226;1;
2013;28;NUTRIÇÃO;878;CENTRO UNIVERSITÁRIO DO LESTE DE MINAS GERAIS;UNILESTEMG;Privada sem fins lucrativos;Centro Universitário;3131307;IPATINGA;MG;SUDESTE;1;55349;10;9;46,1444;2,5400;39,1667;1,6411;1,8658;2;
2013;28;NUTRIÇÃO;916;FACULDADE DE CIÊNCIAS, SAÚDE, EXATAS E JURÍDICAS DE TERESINA;FACULDADE CEUT;Privada com fins lucrativos;Faculdade;2211001;TERESINA;PI;NORDESTE;1;95195;35;33;39,0152;1,4577;36,6606;1,3132;1,3493;2;
2013;28;NUTRIÇÃO;1014;INSTITUTO SUPERIOR E CENTRO EDUCACIONAL LUTERANO - BOM JESUS - IELUSC;BOM JESUS/IELUSC;Privada sem fins lucrativos;Faculdade;4209102;JOINVILLE;SC;SUL;1;75867;37;36;46,5278;2,5981;43,4944;2,2074;2,3051;3;
2013;28;NUTRIÇÃO;1038;FACULDADES INTEGRADAS DE TRÊS LAGOAS;AEMS;Privada sem fins lucrativos;Faculdade;5008305;TRES LAGOAS;MS;CENTRO-OESTE;1;118702;23;21;45,1571;2,3901;32,5143;0,7706;1,1755;2;
2013;28;NUTRIÇÃO;1041;CENTRO UNIVERSITÁRIO UNIVATES;UNIVATES;Privada sem fins lucrativos;Centro Universitário;4311403;LAJEADO;RS;SUL;1;58480;40;40;47,4800;2,7427;45,3800;2,4542;2,5263;3;
2013;28;NUTRIÇÃO;1042;UNIVERSIDADE POSITIVO;UP;Privada com fins lucrativos;Universidade;4106902;CURITIBA;PR;SUL;1;20332;16;16;38,1875;1,3321;43,9375;2,2654;2,0321;3;
2013;28;NUTRIÇÃO;1046;UNIÃO DAS FACULDADES DOS GRANDES LAGOS;UNILAGO;Privada sem fins lucrativos;Faculdade;3549805;SAO JOSE DO RIO PRETO;SP;SUDESTE;1;82746;23;22;50,0227;3,1287;36,7091;1,3195;1,7718;2;
2013;28;NUTRIÇÃO;1053;FACULDADE DE TECNOLOGIA E CIÊNCIAS DE FEIRA DE SANTANA;FTC;Privada com fins lucrativos;Faculdade;2910800;FEIRA DE SANTANA;BA;NORDESTE;1;101840;41;40;45,6175;2,4600;34,9700;1,0920;1,4340;2;
2013;28;NUTRIÇÃO;1058;Estácio FIB - Centro Universitário Estácio da Bahia;Estácio FIB;Privada com fins lucrativos;Centro Universitário;2927408;SALVADOR;BA;NORDESTE;1;88156;82;79;39,0557;1,4639;37,5582;1,4306;1,4390;2;
2013;28;NUTRIÇÃO;1078;FACULDADE INTEGRADO DE CAMPO MOURÃO;CEI;Privada com fins lucrativos;Faculdade;4104303;CAMPO MOURAO;PR;SUL;1;117633;22;19;46,1789;2,5452;42,7000;2,1035;2,2139;3;
2013;28;NUTRIÇÃO;1080;FACULDADE ARTHUR SÁ EARP NETO;FASE;Privada sem fins lucrativos;Faculdade;3303906;PETROPOLIS;RJ;SUDESTE;1;17941;28;27;48,2519;2,8599;46,2519;2,5682;2,6411;3;
2013;28;NUTRIÇÃO;1084;FACULDADE CENECISTA DE BENTO GONÇALVES;FACEBG;Privada sem fins lucrativos;Faculdade;4302105;BENTO GONCALVES;RS;SUL;1;99517;52;47;42,1064;1,9270;34,2638;0,9996;1,2314;2;
2013;28;NUTRIÇÃO;1087;FACULDADES INTEGRADAS APARÍCIO CARVALHO;FIMCA;Privada sem fins lucrativos;Faculdade;1100205;PORTO VELHO;RO;NORTE;1;108725;37;32;40,3812;1,6651;28,8094;0,2858;0,6306;1;
2013;28;NUTRIÇÃO;1107;Centro Universitário Estácio do Ceará;Estácio FIC;Privada com fins lucrativos;Centro Universitário;2304400;FORTALEZA;CE;NORDESTE;1;109284;162;154;44,7786;2,3326;40,8227;1,8578;1,9765;3;
2013;28;NUTRIÇÃO;1113;CENTRO UNIVERSITÁRIO EURO-AMERICANO;UNIEURO;Privada sem fins lucrativos;Centro Universitário;5300108;BRASILIA;DF;CENTRO-OESTE;1;73539;24;21;36,6762;1,1026;35,6524;1,1813;1,1616;2;
2013;28;NUTRIÇÃO;1115;FACULDADE SANTA TEREZINHA;CEST;Privada sem fins lucrativos;Faculdade;2111300;SAO LUIS;MA;NORDESTE;1;90754;71;67;44,6672;2,3157;35,0448;1,1018;1,4052;2;
2013;28;NUTRIÇÃO;1125;FACULDADES INTEGRADAS ESPÍRITA;FIES;Privada sem fins lucrativos;Faculdade;4106902;CURITIBA;PR;SUL;1;15191;20;16;38,1437;1,3254;40,9250;1,8712;1,7348;2;
2013;28;NUTRIÇÃO;1126;UNIVERSIDADE ESTADUAL DO CENTRO OESTE;UNICENTRO;Pública Estadual;Universidade;4109401;GUARAPUAVA;PR;SUL;1;19330;31;29;31,8828;0,3750;40,3931;1,8016;1,4449;2;
2013;28;NUTRIÇÃO;1128;UNIVERSIDADE DE ITAÚNA;UI;Privada sem fins lucrativos;Universidade;3133808;ITAUNA;MG;SUDESTE;1;79217;64;60;44,4950;2,2896;36,5467;1,2983;1,5461;2;
2013;28;NUTRIÇÃO;1131;FACULDADE SANTO AGOSTINHO;FSA;Privada com fins lucrativos;Faculdade;2211001;TERESINA;PI;NORDESTE;1;96361;83;80;34,8725;0,8288;36,3750;1,2758;1,1641;2;
2013;28;NUTRIÇÃO;1149;CENTRO UNIVERSITÁRIO NOSSA SENHORA DO PATROCÍNIO;CEUNSP;Privada com fins lucrativos;Centro Universitário;3523909;ITU;SP;SUDESTE;1;19304;23;20;45,0900;2,3799;38,1600;1,5094;1,7270;2;
2013;28;NUTRIÇÃO;1173;FACULDADE ANHANGUERA DE BRASÍLIA;FAB;Privada com fins lucrativos;Faculdade;5300108;BRASILIA;DF;CENTRO-OESTE;1;20447;98;86;39,2128;1,4877;32,4233;0,7587;0,9410;1;
2013;28;NUTRIÇÃO;1185;CENTRO UNIVERSITÁRIO JORGE AMADO;UNIJORGE;Privada com fins lucrativos;Centro Universitário;2927408;SALVADOR;BA;NORDESTE;1;74773;71;57;40,8193;1,7316;38,0614;1,4965;1,5553;2;
2013;28;NUTRIÇÃO;1196;CENTRO UNIVERSITÁRIO DE MARINGÁ - UNICESUMAR;UNICESUMAR;Privada com fins lucrativos;Centro Universitário;4115200;MARINGA;PR;SUL;1;20736;23;23;43,4087;2,1247;36,2870;1,2643;1,4794;2;
2013;28;NUTRIÇÃO;1202;FACULDADE SANTA RITA;FASAR;Privada com fins lucrativos;Faculdade;3118304;CONSELHEIRO LAFAIETE;MG;SUDESTE;1;91045;34;34;44,6118;2,3073;38,6882;1,5785;1,7607;2;
2013;28;NUTRIÇÃO;1225;CENTRO UNIVERSITÁRIO AMPARENSE;UNIFIA;Privada com fins lucrativos;Centro Universitário;3501905;AMPARO;SP;SUDESTE;1;98579;7;7;52,8000;3,5503;51,3714;3,2382;3,3162;4;
2013;28;NUTRIÇÃO;1263;FACULDADE BEZERRA DE ARAÚJO;FABA;Privada com fins lucrativos;Faculdade;3304557;RIO DE JANEIRO;RJ;SUDESTE;1;48806;60;57;47,0597;2,6789;43,7877;2,2458;2,3541;3;
2013;28;NUTRIÇÃO;1264;CENTRO UNIVERSITÁRIO DO RIO GRANDE DO NORTE;UNI-RN;Privada sem fins lucrativos;Centro Universitário;2408102;NATAL;RN;NORDESTE;1;75094;45;37;41,4946;1,8341;39,0730;1,6289;1,6802;2;
2013;28;NUTRIÇÃO;1292;FACULDADES ADAMANTINENSES INTEGRADAS;FAI;Pública Municipal;Faculdade;3500105;ADAMANTINA;SP;SUDESTE;1;37942;25;16;44,4875;2,2884;40,9562;1,8753;1,9786;3;
2013;28;NUTRIÇÃO;1299;FACULDADES INTEGRADAS DE FERNANDÓPOLIS;FIFE;Privada sem fins lucrativos;Faculdade;3515509;FERNANDOPOLIS;SP;SUDESTE;1;82174;35;35;39,5686;1,5417;35,2086;1,1232;1,2278;2;
2013;28;NUTRIÇÃO;1310;FACULDADE DE AMERICANA;FAM;Privada sem fins lucrativos;Faculdade;3501608;AMERICANA;SP;SUDESTE;1;50300;15;14;48,9857;2,9713;51,4643;3,2503;3,1805;4;
2013;28;NUTRIÇÃO;1325;FACULDADE DE APUCARANA;FAP;Privada sem fins lucrativos;Faculdade;4101408;APUCARANA;PR;SUL;1;99613;37;36;41,9917;1,9096;39,8444;1,7298;1,7747;2;
2013;28;NUTRIÇÃO;1356;FACULDADES INTEGRADAS DE SANTA FÉ DO SUL;FUNEC;Pública Municipal;Faculdade;3546603;SANTA FE DO SUL;SP;SUDESTE;1;113477;49;49;42,3714;1,9672;37,5082;1,4241;1,5599;2;
2013;28;NUTRIÇÃO;1364;FACULDADE DE TECNOLOGIA E CIÊNCIAS DE VITÓRIA DA CONQUISTA;FTC;Privada com fins lucrativos;Faculdade;2933307;VITORIA DA CONQUISTA;BA;NORDESTE;1;80103;82;80;42,7400;2,0231;36,4225;1,2820;1,4673;2;
2013;28;NUTRIÇÃO;1365;CENTRO UNIVERSITÁRIO ADVENTISTA DE SÃO PAULO;UNASP;Privada sem fins lucrativos;Centro Universitário;3550308;SAO PAULO;SP;SUDESTE;1;18232;34;33;45,2606;2,4058;42,7364;2,1082;2,1826;3;
2013;28;NUTRIÇÃO;1414;FACULDADE SÃO LUCAS;FSL;Privada com fins lucrativos;Faculdade;1100205;PORTO VELHO;RO;NORTE;1;45877;41;38;39,8632;1,5864;41,4026;1,9337;1,8469;2;
2013;28;NUTRIÇÃO;1418;CENTRO UNIVERSITÁRIO TOLEDO;UNITOLEDO;Privada com fins lucrativos;Centro Universitário;3502804;ARACATUBA;SP;SUDESTE;1;1116296;13;13;40,8923;1,7427;35,6923;1,1865;1,3255;2;
2013;28;NUTRIÇÃO;1422;CENTRO UNIVERSITÁRIO DO NORTE;UNINORTE;Privada com fins lucrativos;Centro Universitário;1302603;MANAUS;AM;NORTE;1;75109;125;92;39,6065;1,5475;33,2957;0,8729;1,0415;2;
2013;28;NUTRIÇÃO;1430;FACULDADE INGÁ;;Privada sem fins lucrativos;Faculdade;4115200;MARINGA;PR;SUL;1;88446;24;24;44,5250;2,2941;41,6375;1,9644;2,0469;3;
2013;28;NUTRIÇÃO;1437;ESCOLA SUPERIOR DE TECNOLOGIA E EDUCAÇÃO DE RIO CLARO;ESRC;Privada com fins lucrativos;Faculdade;3543907;RIO CLARO;SP;SUDESTE;1;118986;12;12;44,1250;2,2334;34,4917;1,0294;1,3304;2;
2013;28;NUTRIÇÃO;1450;CENTRO UNIVERSITÁRIO DO CERRADO-PATROCÍNIO;UNICERP;Privada sem fins lucrativos;Centro Universitário;3148103;PATROCINIO;MG;SUDESTE;1;97594;20;20;49,9600;3,1192;39,3400;1,6638;2,0276;3;
2013;28;NUTRIÇÃO;1461;FACULDADE DE TECNOLOGIA E CIÊNCIAS;FTC SALVADOR;Privada com fins lucrativos;Faculdade;2927408;SALVADOR;BA;NORDESTE;1;63078;31;28;44,6857;2,3185;49,4143;2,9821;2,8162;3;
2013;28;NUTRIÇÃO;1490;FACULDADE DE JAGUARIÚNA;FAJ;Privada com fins lucrativos;Faculdade;3524709;JAGUARIUNA;SP;SUDESTE;1;68402;17;17;47,7706;2,7868;38,3176;1,5300;1,8442;2;
2013;28;NUTRIÇÃO;1494;FACULDADE CATÓLICA SALESIANA DO ESPÍRITO SANTO;;Privada sem fins lucrativos;Faculdade;3205309;VITORIA;ES;SUDESTE;1;21655;73;58;48,1155;2,8392;47,8259;2,7742;2,7904;3;
2013;28;NUTRIÇÃO;1504;FACULDADE MAURÍCIO DE NASSAU DE MACEIÓ;;Privada sem fins lucrativos;Faculdade;2704302;MACEIO;AL;NORDESTE;1;5000319;41;41;33,6610;0,6449;35,7561;1,1948;1,0574;2;
2013;28;NUTRIÇÃO;1510;CENTRO UNIVERSITÁRIO ESTÁCIO DE SÁ DE SANTA CATARINA;FESSC;Privada com fins lucrativos;Centro Universitário;4216602;SAO JOSE;SC;SUL;1;112538;67;63;39,4032;1,5166;39,2222;1,6484;1,6154;2;
2013;28;NUTRIÇÃO;1519;FACULDADE DE PATO BRANCO;FADEP;Privada com fins lucrativos;Faculdade;4118501;PATO BRANCO;PR;SUL;1;67599;19;17;43,6353;2,1591;42,1529;2,0319;2,0637;3;
2013;28;NUTRIÇÃO;1546;FACULDADE DE EDUCAÇÃO SÃO FRANCISCO;FAESF;Privada sem fins lucrativos;Faculdade;2108207;PEDREIRAS;MA;NORDESTE;1;123360;46;45;39,8622;1,5863;32,2800;0,7400;0,9516;2;
2013;28;NUTRIÇÃO;1552;FACULDADE PIAUIENSE;FAP;Privada com fins lucrativos;Faculdade;2207702;PARNAIBA;PI;NORDESTE;1;109305;17;17;41,0235;1,7626;40,8765;1,8649;1,8393;2;
2013;28;NUTRIÇÃO;1554;FACULDADES INTEGRADAS DO VALE DO RIBEIRA;FIVR;Privada com fins lucrativos;Faculdade;3542602;REGISTRO;SP;SUDESTE;1;80319;18;17;44,3706;2,2707;37,2353;1,3884;1,6090;2;
2013;28;NUTRIÇÃO;1559;CENTRO UNIVERSITÁRIO DO ESPÍRITO SANTO;UNESC;Privada sem fins lucrativos;Centro Universitário;3201506;COLATINA;ES;SUDESTE;1;119690;19;18;56,2444;4,0732;52,6944;3,4113;3,5767;4;
2013;28;NUTRIÇÃO;1563;CENTRO UNIVERSITÁRIO DA FACULDADE DE SAÚDE, CIÊNCIAS HUMANAS E TECNOLÓGICAS DO PIAUÍ;NOVAFAPI;Privada com fins lucrativos;Centro Universitário;2211001;TERESINA;PI;NORDESTE;1;59153;54;54;39,7981;1,5766;38,3352;1,5323;1,5434;2;
2013;28;NUTRIÇÃO;1586;UNIVERSIDADE DO VALE DO SAPUCAÍ;UNIVÁS;Privada sem fins lucrativos;Universidade;3152501;POUSO ALEGRE;MG;SUDESTE;1;60342;22;22;44,7818;2,3331;33,9500;0,9585;1,3022;2;
2013;28;NUTRIÇÃO;1590;FACULDADE ESTÁCIO DE SÃO LUÍS;ESTÁCIO SÃO LUÍS;Privada com fins lucrativos;Faculdade;2111300;SAO LUIS;MA;NORDESTE;1;117476;40;36;43,9333;2,2043;32,7861;0,8062;1,1557;2;
2013;28;NUTRIÇÃO;1591;FACULDADE SEAMA;SEAMA;Privada sem fins lucrativos;Faculdade;1600303;MACAPA;AP;NORTE;1;50104;21;19;34,4263;0,7611;32,9737;0,8307;0,8133;1;
2013;28;NUTRIÇÃO;1600;INSTITUTO DE CIÊNCIAS DA SAÚDE;ICS;Privada sem fins lucrativos;Faculdade;3143302;MONTES CLAROS;MG;SUDESTE;1;67202;35;33;49,1818;3,0010;34,4697;1,0265;1,5201;2;
2013;28;NUTRIÇÃO;1642;FACULDADE DE TECNOLOGIA E CIÊNCIAS DE ITABUNA;FTC;Privada com fins lucrativos;Faculdade;2914802;ITABUNA;BA;NORDESTE;1;73763;86;84;44,4679;2,2854;32,6214;0,7847;1,1599;2;
2013;28;NUTRIÇÃO;1676;FACULDADE SÃO MIGUEL;FACULDADE SÃO MIGUEL;Privada com fins lucrativos;Faculdade;2611606;RECIFE;PE;NORDESTE;1;79838;45;39;48,6103;2,9143;46,4436;2,5933;2,6736;3;
2013;28;NUTRIÇÃO;1716;FACULDADE UNIÃO DAS AMÉRICAS;;Privada com fins lucrativos;Faculdade;4108304;FOZ DO IGUACU;PR;SUL;1;50316;20;12;41,7750;1,8767;35,1750;1,1188;1,3083;2;
2013;28;NUTRIÇÃO;1718;FACULDADE NOBRE DE FEIRA DE SANTANA;FAN;Privada com fins lucrativos;Faculdade;2910800;FEIRA DE SANTANA;BA;NORDESTE;1;80326;46;39;48,8795;2,9551;38,2359;1,5193;1,8783;2;
2013;28;NUTRIÇÃO;1775;CENTRO UNIVERSITÁRIO DO VALE DO IPOJUCA;UNIVIP;Privada com fins lucrativos;Centro Universitário;2604106;CARUARU;PE;NORDESTE;1;74328;80;75;40,3693;1,6633;39,7493;1,7174;1,7038;2;
2013;28;NUTRIÇÃO;1804;FACULDADE DE MAUÁ - FAMA;FAMA;Privada sem fins lucrativos;Faculdade;3529401;MAUA;SP;SUDESTE;1;5000241;8;7;52,3571;3,4831;40,5000;1,8156;2,2325;3;
2013;28;NUTRIÇÃO;1805;FACULDADE DOS GUARARAPES;FG;Privada com fins lucrativos;Faculdade;2607901;JABOATAO DO GUARARAPES;PE;NORDESTE;1;109562;75;73;45,1466;2,3885;39,0479;1,6256;1,8163;2;
2013;28;NUTRIÇÃO;1818;FACULDADE PITÁGORAS DE BELO HORIZONTE;FPAS;Privada com fins lucrativos;Faculdade;3106200;BELO HORIZONTE;MG;SUDESTE;1;94919;26;18;39,3111;1,5026;35,7778;1,1977;1,2739;2;
2013;28;NUTRIÇÃO;1845;FEFISA - FACULDADES INTEGRADAS DE SANTO ANDRÉ;FEFISA;Privada com fins lucrativos;Faculdade;3547809;SANTO ANDRE;SP;SUDESTE;1;67467;29;26;35,5077;0,9253;33,6038;0,9132;0,9162;1;
2013;28;NUTRIÇÃO;1876;FACULDADE MUNICIPAL PROFESSOR FRANCO MONTORO DE MOGI GUAÇU;FMPFM;Pública Municipal;Faculdade;3530706;MOGI-GUACU;SP;SUDESTE;1;122534;20;19;46,4789;2,5907;40,2211;1,7791;1,9820;3;
2013;28;NUTRIÇÃO;1883;FACULDADE DE CIÊNCIAS AGRÁRIAS E DA SAÚDE;FAS;Privada com fins lucrativos;Faculdade;2919207;LAURO DE FREITAS;BA;NORDESTE;1;51106;37;35;45,0600;2,3753;41,6629;1,9678;2,0696;3;
2013;28;NUTRIÇÃO;1913;FACULDADE DE MINAS;FAMINAS;Privada com fins lucrativos;Faculdade;3143906;MURIAE;MG;SUDESTE;1;67208;23;21;52,0333;3,4339;48,9048;2,9154;3,0450;4;
2013;28;NUTRIÇÃO;1927;FACULDADES INTEGRADAS DO VALE DO IGUAÇU;;Privada com fins lucrativos;Faculdade;4128203;UNIAO DA VITORIA;PR;SUL;1;51324;16;15;50,2733;3,1667;36,4200;1,2817;1,7530;2;
2013;28;NUTRIÇÃO;1964;FACULDADE DE TECNOLOGIA EM HOTELARIA, GASTRONOMIA E TURISMO DE SÃO PAULO;HOTEC;Privada com fins lucrativos;Faculdade;3550308;SAO PAULO;SP;SUDESTE;1;120739;30;27;44,8704;2,3465;33,3444;0,8793;1,2461;2;
2013;28;NUTRIÇÃO;2009;FACULDADE DE TAQUARITINGA;FTGA;Privada sem fins lucrativos;Faculdade;3553708;TAQUARITINGA;SP;SUDESTE;1;67289;18;16;45,7438;2,4791;38,6312;1,5711;1,7981;2;
2013;28;NUTRIÇÃO;2023;FACULDADE DE GUANAMBI;;Privada com fins lucrativos;Faculdade;2911709;GUANAMBI;BA;NORDESTE;1;107068;25;25;43,8680;2,1944;31,5560;0,6452;1,0325;2;
2013;28;NUTRIÇÃO;2082;FACULDADE DE CIÊNCIAS MÉDICAS DA PARAÍBA;FCM-PB;Privada com fins lucrativos;Faculdade;2507507;JOAO PESSOA;PB;NORDESTE;1;56618;43;42;46,0381;2,5238;41,1452;1,9000;2,0560;3;
2013;28;NUTRIÇÃO;2111;INSTITUTO SUPERIOR DE TEOLOGIA APLICADA;INTA;Privada sem fins lucrativos;Faculdade;2312908;SOBRAL;CE;NORDESTE;1;117916;85;84;51,1476;3,2994;40,7262;1,8452;2,2088;3;
2013;28;NUTRIÇÃO;2122;Estácio FASE - Faculdade Estácio de Sergipe;Estácio FASE;Privada com fins lucrativos;Faculdade;2800308;ARACAJU;SE;NORDESTE;1;5000308;27;27;43,8148;2,1863;38,7259;1,5834;1,7342;2;
2013;28;NUTRIÇÃO;2147;FACULDADE METROPOLITANA DE MANAUS;FAMETRO;Privada com fins lucrativos;Faculdade;1302603;MANAUS;AM;NORTE;1;104480;98;91;42,9253;2,0513;32,0143;0,7052;1,0417;2;
2013;28;NUTRIÇÃO;2175;FACULDADE METROPOLITANA DE BLUMENAU;FAMEBLU;Privada com fins lucrativos;Faculdade;4202404;BLUMENAU;SC;SUL;1;118708;59;57;41,1105;1,7758;45,3544;2,4508;2,2820;3;
2013;28;NUTRIÇÃO;2271;FACULDADE PITÁGORAS DE IPATINGA;FPI;Privada com fins lucrativos;Faculdade;3131307;IPATINGA;MG;SUDESTE;1;96432;19;18;37,6500;1,2505;29,9389;0,4336;0,6378;1;
2013;28;NUTRIÇÃO;2279;FACULDADE INTEGRADA METROPOLITANA DE CAMPINAS;METROCAMP;Privada com fins lucrativos;Faculdade;3509502;CAMPINAS;SP;SUDESTE;1;80133;45;41;45,5146;2,4443;36,9244;1,3477;1,6219;2;
2013;28;NUTRIÇÃO;2348;INSTITUIÇÃO DE ENSINO SÃO FRANCISCO;IESF;Privada com fins lucrativos;Faculdade;3530706;MOGI-GUACU;SP;SUDESTE;1;117510;18;18;41,9944;1,9100;32,4444;0,7615;1,0486;2;
2013;28;NUTRIÇÃO;2413;FACULDADE DE ENSINO SUPERIOR DE FLORIANO;FAESF;Privada com fins lucrativos;Faculdade;2203909;FLORIANO;PI;NORDESTE;1;94213;13;13;50,2385;3,1614;33,2923;0,8724;1,4447;2;
2013;28;NUTRIÇÃO;2469;INSTITUTO MACAPAENSE DE ENSINO SUPERIOR;IMMES;Privada com fins lucrativos;Faculdade;1600303;MACAPA;AP;NORTE;1;56334;33;20;45,1800;2,3935;30,3650;0,4894;0,9654;2;
2013;28;NUTRIÇÃO;2564;UNIVERSIDADE FEDERAL DE CAMPINA GRANDE;UFCG;Pública Federal;Universidade;2505105;CUITE;PB;NORDESTE;1;118910;25;24;49,5167;3,0519;49,5708;3,0025;3,0149;4;
2013;28;NUTRIÇÃO;2571;FACULDADE REDENTOR;FACREDENTOR;Privada sem fins lucrativos;Faculdade;3302205;ITAPERUNA;RJ;SUDESTE;1;54854;31;30;49,6367;3,0701;41,6833;1,9704;2,2453;3;
2013;28;NUTRIÇÃO;2579;FACULDADE ATENAS;;Privada com fins lucrativos;Faculdade;3147006;PARACATU;MG;SUDESTE;1;97085;24;24;55,0208;3,8874;40,3625;1,7976;2,3201;3;
2013;28;NUTRIÇÃO;2581;FACULDADE SÃO SALVADOR;FSS;Privada com fins lucrativos;Faculdade;2927408;SALVADOR;BA;NORDESTE;1;115172;33;29;40,9414;1,7501;32,9035;0,8216;1,0537;2;
2013;28;NUTRIÇÃO;2724;INSTITUTO DE ENSINO SUPERIOR DO SUL DO MARANHÃO;IESMA;Privada com fins lucrativos;Faculdade;2105302;IMPERATRIZ;MA;NORDESTE;1;79772;74;66;42,0030;1,9113;34,5606;1,0384;1,2566;2;
2013;28;NUTRIÇÃO;2745;ESCOLA SUPERIOR DA AMAZÔNIA;ESAMAZ;Privada com fins lucrativos;Faculdade;1501402;BELEM;PA;NORTE;1;118540;38;8;29,4125;0,0000;26,6250;0,0000;0,0000;1;
2013;28;NUTRIÇÃO;2771;CENTRO DE ENSINO SUPERIOR DE ILHÉUS;CESUPI;Privada com fins lucrativos;Faculdade;2913606;ILHEUS;BA;NORDESTE;1;109286;51;50;46,2300;2,5529;40,7120;1,8433;2,0207;3;
2013;28;NUTRIÇÃO;2826;FACULDADE NOSSA SENHORA DE FÁTIMA;FACULDADE FÁTIMA;Privada sem fins lucrativos;Faculdade;4305108;CAXIAS DO SUL;RS;SUL;1;80824;10;10;45,7900;2,4861;36,8900;1,3432;1,6289;2;
2013;28;NUTRIÇÃO;2835;CENTRO UNIVERSITÁRIO MAURÍCIO DE NASSAU;UNINASSAU;Privada com fins lucrativos;Centro Universitário;2611606;RECIFE;PE;NORDESTE;1;74310;117;93;40,8763;1,7402;40,5710;1,8249;1,8037;2;
2013;28;NUTRIÇÃO;3099;FACULDADE INTERNACIONAL DA PARAÍBA;FPB;Privada com fins lucrativos;Faculdade;2507507;JOAO PESSOA;PB;NORDESTE;1;91025;54;48;42,2313;1,9459;36,3500;1,2725;1,4409;2;
2013;28;NUTRIÇÃO;3151;UNIVERSIDADE COMUNITÁRIA DA REGIÃO DE CHAPECÓ;UNOCHAPECÓ;Privada sem fins lucrativos;Universidade;4204202;CHAPECO;SC;SUL;1;90051;75;48;41,8208;1,8836;43,2021;2,1692;2,0978;3;
2013;28;NUTRIÇÃO;3193;FACULDADES INTEGRADAS DOS CAMPOS GERAIS;CESCAGE;Privada com fins lucrativos;Faculdade;4119905;PONTA GROSSA;PR;SUL;1;73962;21;21;48,6286;2,9171;41,3381;1,9253;2,1732;3;
2013;28;NUTRIÇÃO;3194;FACULDADE DE MINAS BH;FAMINAS-BH;Privada com fins lucrativos;Faculdade;3106200;BELO HORIZONTE;MG;SUDESTE;1;1030707;37;34;43,4559;2,1318;42,1324;2,0292;2,0548;3;
2013;28;NUTRIÇÃO;3205;FACULDADE DE CIÊNCIAS BIOLÓGICAS E DA SAÚDE;FACISA;Privada com fins lucrativos;Faculdade;3171303;VICOSA;MG;SUDESTE;1;73980;22;22;51,9682;3,4240;43,4773;2,2052;2,5099;3;
2013;28;NUTRIÇÃO;3368;CENTRO UNIVERSITÁRIO DO SUL DE MINAS;UNIS-MG;Privada sem fins lucrativos;Centro Universitário;3170701;VARGINHA;MG;SUDESTE;1;51750;6;5;67,0000;5,0000;59,6400;4,3201;4,4901;5;
2013;28;NUTRIÇÃO;3372;CENTRO UNIVERSITÁRIO DE LAVRAS;UNILAVRAS;Privada sem fins lucrativos;Centro Universitário;3138203;LAVRAS;MG;SUDESTE;1;40117;1;0;.;.;.;.;.;SC;
2013;28;NUTRIÇÃO;3434;FACULDADE DE SAÚDE IBITURUNA;FASI;Privada sem fins lucrativos;Faculdade;3143302;MONTES CLAROS;MG;SUDESTE;1;74278;33;31;40,3548;1,6611;40,0161;1,7523;1,7295;2;
2013;28;NUTRIÇÃO;3467;FACULDADE DE NUTRIÇÃO DA FUNDAÇÃO DE ENSINO SUPERIOR DE PASSOS;FANUTRI;Privada sem fins lucrativos;Faculdade;3147907;PASSOS;MG;SUDESTE;1;60412;4;4;44,0250;2,2182;36,1500;1,2464;1,4893;2;
2013;28;NUTRIÇÃO;3516;FACULDADE DE CIÊNCIAS DA SAÚDE ARCHIMEDES THEODORO;FAC - SAUDE ARTHE;Pública Municipal;Faculdade;3101508;ALEM PARAIBA;MG;SUDESTE;1;113421;29;23;45,6870;2,4705;38,6435;1,5727;1,7971;2;
2013;28;NUTRIÇÃO;3602;FACULDADES INTEGRADAS DO BRASIL;FACBRASIL;Privada com fins lucrativos;Faculdade;4106902;CURITIBA;PR;SUL;1;86900;42;42;48,7976;2,9427;41,9190;2,0013;2,2366;3;
2013;28;NUTRIÇÃO;3603;FACULDADE ANHANGUERA DE GUARULHOS;;Privada com fins lucrativos;Faculdade;3518800;GUARULHOS;SP;SUDESTE;1;48547;129;77;46,9468;2,6617;38,0247;1,4917;1,7842;2;
2013;28;NUTRIÇÃO;3716;FACULDADE CIÊNCIAS DA VIDA;FCV;Privada com fins lucrativos;Faculdade;3167202;SETE LAGOAS;MG;SUDESTE;1;1060161;7;7;53,0714;3,5915;51,2571;3,2232;3,3153;4;
2013;28;NUTRIÇÃO;3793;FACULDADE FRUTAL;FAF;Privada com fins lucrativos;Faculdade;3127107;FRUTAL;MG;SUDESTE;1;86820;12;12;46,2667;2,5585;30,3833;0,4918;1,0085;2;
2013;28;NUTRIÇÃO;3849;FUNDAÇÃO UNIVERSIDADE FEDERAL DO TOCANTINS;UFT;Pública Federal;Universidade;1721000;PALMAS;TO;NORTE;1;1100879;33;30;51,2667;3,3175;47,8900;2,7826;2,9163;3;
2013;28;NUTRIÇÃO;3879;FACULDADE MAURÍCIO DE NASSAU DE CAMPINA GRANDE;FMN CG;Privada com fins lucrativos;Faculdade;2504009;CAMPINA GRANDE;PB;NORDESTE;1;109586;74;73;39,0740;1,4666;36,8836;1,3424;1,3734;2;
2013;28;NUTRIÇÃO;3966;CENTRO UNIVERSITÁRIO DE CARATINGA;UNEC;Privada sem fins lucrativos;Centro Universitário;3113404;CARATINGA;MG;SUDESTE;1;82782;15;15;51,3867;3,3357;44,6533;2,3591;2,6032;3;
2013;28;NUTRIÇÃO;3974;UNIVERSIDADE DE RIO VERDE;FESURV;Pública Municipal;Universidade;5218805;RIO VERDE;GO;CENTRO-OESTE;1;91885;1;1;.;.;.;.;.;SC;
2013;28;NUTRIÇÃO;3985;CENTRO UNIVERSITÁRIO SENAC;SENACSP;Privada sem fins lucrativos;Centro Universitário;3550308;SAO PAULO;SP;SUDESTE;1;118838;27;25;44,5160;2,2928;37,8600;1,4701;1,6758;2;
2013;28;NUTRIÇÃO;3987;FACULDADE UNIÃO DE GOYAZES;FUG;Privada com fins lucrativos;Faculdade;5221403;TRINDADE;GO;CENTRO-OESTE;1;104604;12;11;42,3182;1,9591;32,0364;0,7081;1,0209;2;
2013;28;NUTRIÇÃO;4010;CENTRO UNIVERSITÁRIO METODISTA;IPA;Privada sem fins lucrativos;Centro Universitário;4314902;PORTO ALEGRE;RS;SUL;1;15762;65;60;44,8433;2,3424;45,9267;2,5257;2,4799;3;
2013;28;NUTRIÇÃO;4017;CENTRO UNIVERSITÁRIO PADRE ANCHIETA;UNIANCHIETA;Privada com fins lucrativos;Centro Universitário;3525904;JUNDIAI;SP;SUDESTE;1;88660;32;32;48,7438;2,9345;43,8563;2,2548;2,4247;3;
2013;28;NUTRIÇÃO;4198;FACULDADE MINEIRENSE;FAMA;Privada com fins lucrativos;Faculdade;5213103;MINEIROS;GO;CENTRO-OESTE;1;103510;17;16;41,4000;1,8197;44,9813;2,4020;2,2564;3;
2013;28;NUTRIÇÃO;4277;FACULDADE LITERATUS;FAL;Privada com fins lucrativos;Faculdade;1302603;MANAUS;AM;NORTE;1;104250;49;41;43,7561;2,1774;29,3439;0,3558;0,8112;1;
2013;28;NUTRIÇÃO;4503;UNIVERSIDADE FEDERAL DO RECÔNCAVO DA BAHIA;UFRB;Pública Federal;Universidade;2928703;SANTO ANTONIO DE JESUS;BA;NORDESTE;1;100450;58;54;52,8222;3,5537;53,0093;3,4525;3,4778;4;
2013;28;NUTRIÇÃO;4504;FUNDAÇÃO UNIVERSIDADE FEDERAL DA GRANDE DOURADOS;UFGD;Pública Federal;Universidade;5003702;DOURADOS;MS;CENTRO-OESTE;2;121401 - 1174685;28;26;54,4731;3,8043;46,2000;2,5615;2,8722;3;
2013;28;NUTRIÇÃO;4962;CENTRO UNIVERSITÁRIO DE SETE LAGOAS;UNIFEMM;Privada sem fins lucrativos;Centro Universitário;3167202;SETE LAGOAS;MG;SUDESTE;1;121348;25;25;43,1520;2,0857;41,6280;1,9632;1,9938;3;
2013;28;NUTRIÇÃO;5322;FUNDAÇÃO UNIVERSIDADE FEDERAL DO PAMPA - UNIPAMPA;UNIPAMPA;Pública Federal;Universidade;4310603;ITAQUI;RS;SUL;1;1103690;10;10;39,7300;1,5662;44,6800;2,3626;2,1635;3;
2013;28;NUTRIÇÃO;5369;FACULDADES INTEGRADAS ASMEC;ASMEC;Privada com fins lucrativos;Faculdade;3146008;OURO FINO;MG;SUDESTE;1;82770;19;19;47,7000;2,7761;40,3842;1,8004;2,0444;3;
2013;28;NUTRIÇÃO;5370;Faculdades Unificadas de Teófilo Otoni;FUTO;Privada sem fins lucrativos;Faculdade;3168606;TEOFILO OTONI;MG;SUDESTE;1;88058;11;10;45,9900;2,5165;38,5200;1,5565;1,7965;2;
2013;28;NUTRIÇÃO;5511;FACULDADE CAMPO REAL;CAMPO REAL;Privada com fins lucrativos;Faculdade;4109401;GUARAPUAVA;PR;SUL;1;108419;12;12;43,4917;2,1373;45,6167;2,4851;2,3982;3;
2013;28;NUTRIÇÃO;5550;FACULDADE ANHANGUERA DE ANÁPOLIS;FAAA;Privada com fins lucrativos;Faculdade;5201108;ANAPOLIS;GO;CENTRO-OESTE;1;95543;125;117;39,1479;1,4779;32,5145;0,7707;0,9475;2;
2013;28;NUTRIÇÃO;5670;FACULDADES UNIDAS DO VALE DO ARAGUAIA;UNIVAR;Privada sem fins lucrativos;Faculdade;5101803;BARRA DO GARCAS;MT;CENTRO-OESTE;1;119062;37;34;43,8529;2,1921;41,3676;1,9291;1,9949;3;
2013;28;NUTRIÇÃO;15452;Faculdade Presidente Antônio Carlos de Bom Despacho;;Privada sem fins lucrativos;Faculdade;3107406;BOM DESPACHO;MG;SUDESTE;1;100814;10;10;44,5300;2,2949;50,6800;3,1477;2,9345;3;
2013;36;FISIOTERAPIA;2;UNIVERSIDADE DE BRASÍLIA;UNB;Pública Federal;Universidade;5300108;BRASILIA;DF;CENTRO-OESTE;1;112796;17;17;56,5529;4,4050;60,6118;3,9068;4,0313;5;
2013;36;FISIOTERAPIA;3;UNIVERSIDADE FEDERAL DE SERGIPE;UFS;Pública Federal;Universidade;2800308;ARACAJU;SE;NORDESTE;1;99411;27;25;41,7920;1,7868;55,8840;3,3371;2,9496;4;
2013;36;FISIOTERAPIA;4;UNIVERSIDADE FEDERAL DO AMAZONAS;UFAM;Pública Federal;Universidade;1301209;COARI;AM;NORTE;1;101651;23;22;41,3864;1,7149;44,6409;1,9826;1,9156;2;
2013;36;FISIOTERAPIA;4;UNIVERSIDADE FEDERAL DO AMAZONAS;UFAM;Pública Federal;Universidade;1302603;MANAUS;AM;NORTE;1;112290;21;21;51,3905;3,4893;58,8571;3,6954;3,6438;4;
2013;36;FISIOTERAPIA;5;UNIVERSIDADE FEDERAL DO PIAUÍ;UFPI;Pública Federal;Universidade;2207702;PARNAIBA;PI;NORDESTE;1;102564;115;111;50,7225;3,3708;58,6477;3,6701;3,5953;4;
2013;36;FISIOTERAPIA;7;UNIVERSIDADE FEDERAL DE SÃO CARLOS;UFSCAR;Pública Federal;Universidade;3548906;SAO CARLOS;SP;SUDESTE;1;627;24;24;59,4750;4,9233;65,8625;4,5394;4,6353;5;
2013;36;FISIOTERAPIA;9;UNIVERSIDADE ESTADUAL DE LONDRINA;UEL;Pública Estadual;Universidade;4113700;LONDRINA;PR;SUL;1;759;64;64;47,5172;2,8023;63,3141;4,2323;3,8748;4;
2013;36;FISIOTERAPIA;10;PONTIFÍCIA UNIVERSIDADE CATÓLICA DO PARANÁ;PUCPR;Privada sem fins lucrativos;Universidade;4106902;CURITIBA;PR;SUL;1;870;49;46;50,5217;3,3352;53,9391;3,1028;3,1609;4;
2013;36;FISIOTERAPIA;11;UNIVERSIDADE CATÓLICA DE PERNAMBUCO;UNICAP;Privada sem fins lucrativos;Universidade;2611606;RECIFE;PE;NORDESTE;1;52977;56;54;41,7630;1,7817;46,5407;2,2114;2,1040;3;
2013;36;FISIOTERAPIA;13;UNIVERSIDADE DE CAXIAS DO SUL;UCS;Privada sem fins lucrativos;Universidade;4305108;CAXIAS DO SUL;RS;SUL;1;50302;42;40;47,0900;2,7265;58,8825;3,6984;3,4554;4;
2013;36;FISIOTERAPIA;14;UNIVERSIDADE DO VALE DO RIO DOS SINOS;UNISINOS;Privada sem fins lucrativos;Universidade;4318705;SAO LEOPOLDO;RS;SUL;1;57728;32;31;51,1161;3,4406;56,3097;3,3884;3,4015;4;
2013;36;FISIOTERAPIA;15;UNIVERSIDADE CATÓLICA DE PETRÓPOLIS;UCP;Privada sem fins lucrativos;Universidade;3303906;PETROPOLIS;RJ;SUDESTE;1;1322;15;15;46,5667;2,6337;47,0267;2,2700;2,3609;3;
2013;36;FISIOTERAPIA;16;UNIVERSIDADE GAMA FILHO - Descredenciada (Despacho SERES nº 2 de 13/01/2014);UGF;Privada com fins lucrativos;Universidade;3304557;RIO DE JANEIRO;RJ;SUDESTE;1;1380;112;56;39,6732;1,4110;40,0643;1,4312;1,4261;2;
2013;36;FISIOTERAPIA;17;UNIVERSIDADE FEDERAL DE UBERLÂNDIA;UFU;Pública Federal;Universidade;3170206;UBERLANDIA;MG;SUDESTE;1;115800;17;16;47,4000;2,7815;60,9562;3,9483;3,6566;4;
2013;36;FISIOTERAPIA;18;UNIVERSIDADE CATÓLICA DE PELOTAS;UCPEL;Privada sem fins lucrativos;Universidade;4314407;PELOTAS;RS;SUL;1;64838;48;46;45,2739;2,4044;55,3913;3,2778;3,0594;4;
2013;36;FISIOTERAPIA;19;PONTIFÍCIA UNIVERSIDADE CATÓLICA DE CAMPINAS;PUC-CAMPINAS;Privada sem fins lucrativos;Universidade;3509502;CAMPINAS;SP;SUDESTE;1;1628;52;51;44,6726;2,2977;54,3863;3,1567;2,9420;3;
2013;36;FISIOTERAPIA;20;UNIVERSIDADE DE PASSO FUNDO;UPF;Privada sem fins lucrativos;Universidade;4314100;PASSO FUNDO;RS;SUL;1;20949;60;60;45,5433;2,4522;50,0350;2,6324;2,5874;3;
2013;36;FISIOTERAPIA;21;PONTIFÍCIA UNIVERSIDADE CATÓLICA DO RIO GRANDE DO SUL;PUCRS;Privada sem fins lucrativos;Universidade;4314902;PORTO ALEGRE;RS;SUL;1;39516;39;38;47,0816;2,7250;54,6447;3,1878;3,0721;4;
2013;36;FISIOTERAPIA;22;UNIVERSIDADE PRESBITERIANA MACKENZIE;MACKENZIE;Privada sem fins lucrativos;Universidade;3505708;BARUERI;SP;SUDESTE;1;98387;10;9;44,9000;2,3381;54,0333;3,1142;2,9201;3;
2013;36;FISIOTERAPIA;23;UNIVERSIDADE FEEVALE;FEEVALE;Privada sem fins lucrativos;Universidade;4313409;NOVO HAMBURGO;RS;SUL;1;2089;30;30;43,9733;2,1737;53,0967;3,0013;2,7944;3;
2013;36;FISIOTERAPIA;32;UNIVERSIDADE ESTADUAL DE CIÊNCIAS DA SAÚDE DE ALAGOAS - UNCISAL;UNCISAL;Pública Estadual;Universidade;2704302;MACEIO;AL;NORDESTE;1;2351;32;31;43,8871;2,1584;60,5645;3,9011;3,4654;4;
2013;36;FISIOTERAPIA;40;UNIVERSIDADE DO ESTADO DA BAHIA;UNEB;Pública Estadual;Universidade;2927408;SALVADOR;BA;NORDESTE;1;91533;19;14;55,2786;4,1789;57,0214;3,4742;3,6504;4;
2013;36;FISIOTERAPIA;43;FUNDAÇÃO UNIVERSIDADE DO ESTADO DE SANTA CATARINA;UDESC;Pública Estadual;Universidade;4205407;FLORIANOPOLIS;SC;SUL;1;2544;17;15;38,4600;1,1958;58,3800;3,6379;3,0273;4;
2013;36;FISIOTERAPIA;47;UNIVERSIDADE ESTADUAL DE GOIÁS;UEG;Pública Estadual;Universidade;5208707;GOIANIA;GO;CENTRO-OESTE;1;21782;73;67;54,7687;4,0885;56,3701;3,3957;3,5689;4;
2013;36;FISIOTERAPIA;56;UNIVERSIDADE ESTADUAL PAULISTA JÚLIO DE MESQUITA FILHO;UNESP;Pública Estadual;Universidade;3529005;MARILIA;SP;SUDESTE;1;71069;38;33;53,8455;3,9247;59,9273;3,8243;3,8494;4;
2013;36;FISIOTERAPIA;56;UNIVERSIDADE ESTADUAL PAULISTA JÚLIO DE MESQUITA FILHO;UNESP;Pública Estadual;Universidade;3541406;PRESIDENTE PRUDENTE;SP;SUDESTE;1;3206;45;43;53,0256;3,7793;55,3233;3,2696;3,3970;4;
2013;36;FISIOTERAPIA;76;UNIVERSIDADE REGIONAL DE BLUMENAU;FURB;Pública Municipal;Universidade;4202404;BLUMENAU;SC;SUL;1;3683;10;10;46,2500;2,5775;57,9400;3,5849;3,3330;4;
2013;36;FISIOTERAPIA;79;INSTITUTO MUNICIPAL DE ENSINO SUPERIOR DE CATANDUVA;IMES CATANDUVA;Pública Municipal;Faculdade;3511102;CATANDUVA;SP;SUDESTE;1;150291;16;16;43,6625;2,1186;42,0062;1,6651;1,7785;2;
2013;36;FISIOTERAPIA;83;UNIVERSIDADE DO VALE DO ITAJAÍ;UNIVALI;Privada sem fins lucrativos;Universidade;4208203;ITAJAI;SC;SUL;1;3947;27;26;46,0769;2,5468;57,0038;3,4721;3,2408;4;
2013;36;FISIOTERAPIA;124;CENTRO UNIVERSITÁRIO DE ARARAQUARA;UNIARA;Privada sem fins lucrativos;Centro Universitário;3503208;ARARAQUARA;SP;SUDESTE;1;19362;48;47;44,2468;2,2222;47,6532;2,3455;2,3147;3;
2013;36;FISIOTERAPIA;137;UNIVERSIDADE DO SAGRADO CORAÇÃO;USC;Privada sem fins lucrativos;Universidade;3506003;BAURU;SP;SUDESTE;1;4418;10;10;40,5000;1,5576;42,2600;1,6957;1,6612;2;
2013;36;FISIOTERAPIA;138;CENTRO UNIVERSITÁRIO BARÃO DE MAUÁ;CBM;Privada sem fins lucrativos;Centro Universitário;3543402;RIBEIRAO PRETO;SP;SUDESTE;2;19012 - 92963;36;36;48,3639;2,9525;53,4250;3,0409;3,0188;4;
2013;36;FISIOTERAPIA;142;CENTRO UNIVERSITÁRIO DO TRIÂNGULO;UNITRI;Privada sem fins lucrativos;Centro Universitário;3170206;UBERLANDIA;MG;SUDESTE;1;4535;41;23;49,5826;3,1686;48,9696;2,5041;2,6702;3;
2013;36;FISIOTERAPIA;143;UNIVERSIDADE DE UBERABA;UNIUBE;Privada sem fins lucrativos;Universidade;3170107;UBERABA;MG;SUDESTE;1;18580;21;21;47,2857;2,7612;45,8667;2,1302;2,2880;3;
2013;36;FISIOTERAPIA;163;UNIVERSIDADE ESTÁCIO DE SÁ;UNESA;Privada com fins lucrativos;Universidade;3300704;CABO FRIO;RJ;SUDESTE;1;82838;9;7;37,5000;1,0255;46,3714;2,1910;1,8997;2;
2013;36;FISIOTERAPIA;163;UNIVERSIDADE ESTÁCIO DE SÁ;UNESA;Privada com fins lucrativos;Universidade;3301009;CAMPOS DO GOYTACAZES;RJ;SUDESTE;1;20909;4;4;47,6750;2,8303;35,2250;0,8481;1,3436;2;
2013;36;FISIOTERAPIA;163;UNIVERSIDADE ESTÁCIO DE SÁ;UNESA;Privada com fins lucrativos;Universidade;3302403;MACAE;RJ;SUDESTE;1;96499;5;5;34,2400;0,4473;34,9800;0,8186;0,7258;1;
2013;36;FISIOTERAPIA;163;UNIVERSIDADE ESTÁCIO DE SÁ;UNESA;Privada com fins lucrativos;Universidade;3303302;NITEROI;RJ;SUDESTE;1;21923;3;3;44,0000;2,1784;36,3667;0,9857;1,2839;2;
2013;36;FISIOTERAPIA;163;UNIVERSIDADE ESTÁCIO DE SÁ;UNESA;Privada com fins lucrativos;Universidade;3303401;NOVA FRIBURGO;RJ;SUDESTE;1;4966;8;8;52,5250;3,6905;44,2875;1,9400;2,3776;3;
2013;36;FISIOTERAPIA;163;UNIVERSIDADE ESTÁCIO DE SÁ;UNESA;Privada com fins lucrativos;Universidade;3303500;NOVA IGUACU;RJ;SUDESTE;1;82830;23;22;44,3318;2,2373;46,4318;2,1983;2,2081;3;
2013;36;FISIOTERAPIA;163;UNIVERSIDADE ESTÁCIO DE SÁ;UNESA;Privada com fins lucrativos;Universidade;3303906;PETROPOLIS;RJ;SUDESTE;1;55134;12;11;40,6273;1,5802;44,9091;2,0149;1,9062;2;
2013;36;FISIOTERAPIA;163;UNIVERSIDADE ESTÁCIO DE SÁ;UNESA;Privada com fins lucrativos;Universidade;3304557;RIO DE JANEIRO;RJ;SUDESTE;4;4913 - 4940 - 58882 - 102556;112;98;42,2633;1,8704;41,8449;1,6457;1,7019;2;
2013;36;FISIOTERAPIA;165;UNIVERSIDADE VEIGA DE ALMEIDA;UVA;Privada com fins lucrativos;Universidade;3300704;CABO FRIO;RJ;SUDESTE;1;65188;13;13;52,2769;3,6465;53,4154;3,0397;3,1914;4;
2013;36;FISIOTERAPIA;165;UNIVERSIDADE VEIGA DE ALMEIDA;UVA;Privada com fins lucrativos;Universidade;3304557;RIO DE JANEIRO;RJ;SUDESTE;1;18597;9;9;55,3444;4,1906;48,1222;2,4020;2,8491;3;
2013;36;FISIOTERAPIA;167;UNIVERSIDADE METODISTA DE SÃO PAULO;UMESP;Privada sem fins lucrativos;Universidade;3548708;SAO BERNARDO DO CAMPO;SP;SUDESTE;1;19359;34;32;45,1875;2,3891;48,9750;2,5047;2,4758;3;
2013;36;FISIOTERAPIA;176;UNIVERSIDADE CASTELO BRANCO;UCB;Privada sem fins lucrativos;Universidade;3304557;RIO DE JANEIRO;RJ;SUDESTE;1;5221;53;35;44,3886;2,2474;40,1229;1,4382;1,6405;2;
2013;36;FISIOTERAPIA;203;UNIVERSIDADE SÃO JUDAS TADEU;USJT;Privada com fins lucrativos;Universidade;3550308;SAO PAULO;SP;SUDESTE;1;19479;51;48;47,5604;2,8100;51,3292;2,7884;2,7938;3;
2013;36;FISIOTERAPIA;208;UNIVERSIDADE DE RIBEIRÃO PRETO;UNAERP;Privada sem fins lucrativos;Universidade;3518701;GUARUJA;SP;SUDESTE;1;49634;25;24;49,7292;3,1946;41,3542;1,5866;1,9886;3;
2013;36;FISIOTERAPIA;208;UNIVERSIDADE DE RIBEIRÃO PRETO;UNAERP;Privada sem fins lucrativos;Universidade;3543402;RIBEIRAO PRETO;SP;SUDESTE;1;92521;45;44;45,4182;2,4300;56,3386;3,3919;3,1514;4;
2013;36;FISIOTERAPIA;216;CENTRO UNIVERSITÁRIO METODISTA IZABELA HENDRIX;CEUNIH;Privada sem fins lucrativos;Centro Universitário;3106200;BELO HORIZONTE;MG;SUDESTE;1;53701;36;31;45,2903;2,4073;52,0710;2,8777;2,7601;3;
2013;36;FISIOTERAPIA;217;CENTRO UNIVERSITÁRIO DAS FACULDADES ASSOCIADAS DE ENSINO - FAE;UNIFAE;Pública Municipal;Centro Universitário;3549102;SAO JOAO DA BOA VISTA;SP;SUDESTE;2;88363 - 123452;1;0;.;.;.;.;.;SC;
2013;36;FISIOTERAPIA;221;UNIVERSIDADE CRUZEIRO DO SUL;UNICSUL;Privada com fins lucrativos;Universidade;3550308;SAO PAULO;SP;SUDESTE;1;18441;30;29;44,7828;2,3173;50,0276;2,6316;2,5530;3;
2013;36;FISIOTERAPIA;222;CENTRO UNIVERSITÁRIO DE VOTUPORANGA;UNIFEV;Privada sem fins lucrativos;Centro Universitário;3557105;VOTUPORANGA;SP;SUDESTE;1;20416;15;15;43,6600;2,1181;55,0600;3,2379;2,9579;4;
2013;36;FISIOTERAPIA;224;FACULDADE DE MEDICINA DO ABC;FMABC;Privada sem fins lucrativos;Faculdade;3547809;SANTO ANDRE;SP;SUDESTE;2;91807 - 1153732;25;25;54,0360;3,9585;58,7240;3,6793;3,7491;4;
2013;36;FISIOTERAPIA;243;FACULDADE DO CLUBE NÁUTICO MOGIANO;FCNM;Privada sem fins lucrativos;Faculdade;3530607;MOGI DAS CRUZES;SP;SUDESTE;1;6182;17;15;45,1667;2,3854;42,9467;1,7784;1,9302;2;
2013;36;FISIOTERAPIA;244;CENTRO UNIVERSITÁRIO FIEO;UNIFIEO;Privada sem fins lucrativos;Centro Universitário;3534401;OSASCO;SP;SUDESTE;1;20546;34;33;47,3303;2,7691;52,9333;2,9816;2,9285;3;
2013;36;FISIOTERAPIA;266;UNIVERSIDADE METODISTA DE PIRACICABA;UNIMEP;Privada sem fins lucrativos;Universidade;3538709;PIRACICABA;SP;SUDESTE;1;6397;60;55;45,9600;2,5261;50,8891;2,7353;2,6830;3;
2013;36;FISIOTERAPIA;271;UNIVERSIDADE DO OESTE PAULISTA;UNOESTE;Privada sem fins lucrativos;Universidade;3541406;PRESIDENTE PRUDENTE;SP;SUDESTE;1;6485;30;30;47,1800;2,7425;55,2233;3,2575;3,1288;4;
2013;36;FISIOTERAPIA;277;CENTRO UNIVERSITÁRIO AUGUSTO MOTTA;UNISUAM;Privada sem fins lucrativos;Centro Universitário;3304557;RIO DE JANEIRO;RJ;SUDESTE;2;6631 - 1153689;75;62;39,3839;1,3597;42,6258;1,7398;1,6447;2;
2013;36;FISIOTERAPIA;295;UNIVERSIDADE DE SANTA CRUZ DO SUL;UNISC;Privada sem fins lucrativos;Universidade;4316808;SANTA CRUZ DO SUL;RS;SUL;1;19003;40;40;50,5800;3,3455;50,1725;2,6490;2,8231;3;
2013;36;FISIOTERAPIA;296;UNIVERSIDADE DA REGIÃO DA CAMPANHA;URCAMP;Privada sem fins lucrativos;Universidade;4301602;BAGE;RS;SUL;1;6817;14;14;49,3500;3,1274;47,3286;2,3064;2,5116;3;
2013;36;FISIOTERAPIA;298;UNIVERSIDADE NORTE DO PARANÁ;UNOPAR;Privada com fins lucrativos;Universidade;4113700;LONDRINA;PR;SUL;1;19227;47;46;41,8913;1,8044;50,1522;2,6466;2,4360;3;
2013;36;FISIOTERAPIA;308;UNIVERSIDADE PRESIDENTE ANTÔNIO CARLOS;UNIPAC;Privada sem fins lucrativos;Universidade;3105608;BARBACENA;MG;SUDESTE;1;20821;42;40;44,1250;2,2006;51,3150;2,7867;2,6401;3;
2013;36;FISIOTERAPIA;308;UNIVERSIDADE PRESIDENTE ANTÔNIO CARLOS;UNIPAC;Privada sem fins lucrativos;Universidade;3136702;JUIZ DE FORA;MG;SUDESTE;1;51336;20;11;27,7727;0,0000;32,3182;0,4979;0,3734;1;
2013;36;FISIOTERAPIA;316;UNIVERSIDADE NOVE DE JULHO;UNINOVE;Privada sem fins lucrativos;Universidade;3550308;SAO PAULO;SP;SUDESTE;4;19200 - 66270 - 72324 - 112022;106;104;45,8452;2,5057;56,2067;3,3760;3,1584;4;
2013;36;FISIOTERAPIA;319;UNIVERSIDADE CAMILO CASTELO BRANCO;UNICASTELO;Privada sem fins lucrativos;Universidade;3550308;SAO PAULO;SP;SUDESTE;1;18427;10;6;.;.;.;.;.;SC;Conforme Nota Técnica Daes/Inep nº 90/2014
2013;36;FISIOTERAPIA;322;UNIVERSIDADE PAULISTA;UNIP;Privada sem fins lucrativos;Universidade;1302603;MANAUS;AM;NORTE;1;51386;32;32;42,1969;1,8586;43,7250;1,8722;1,8688;2;
2013;36;FISIOTERAPIA;322;UNIVERSIDADE PAULISTA;UNIP;Privada sem fins lucrativos;Universidade;3502804;ARACATUBA;SP;SUDESTE;1;5000423;9;9;53,1111;3,7945;55,8444;3,3324;3,4479;4;
2013;36;FISIOTERAPIA;322;UNIVERSIDADE PAULISTA;UNIP;Privada sem fins lucrativos;Universidade;3503208;ARARAQUARA;SP;SUDESTE;1;59593;15;15;55,8133;4,2738;56,6400;3,4282;3,6396;4;
2013;36;FISIOTERAPIA;322;UNIVERSIDADE PAULISTA;UNIP;Privada sem fins lucrativos;Universidade;3504008;ASSIS;SP;SUDESTE;1;59606;16;16;57,0125;4,4865;60,0000;3,8330;3,9964;5;
2013;36;FISIOTERAPIA;322;UNIVERSIDADE PAULISTA;UNIP;Privada sem fins lucrativos;Universidade;3506003;BAURU;SP;SUDESTE;1;18756;12;12;49,7083;3,1909;53,2167;3,0158;3,0596;4;
2013;36;FISIOTERAPIA;322;UNIVERSIDADE PAULISTA;UNIP;Privada sem fins lucrativos;Universidade;3509502;CAMPINAS;SP;SUDESTE;1;18759;26;25;55,2040;4,1657;52,4280;2,9208;3,2320;4;
2013;36;FISIOTERAPIA;322;UNIVERSIDADE PAULISTA;UNIP;Privada sem fins lucrativos;Universidade;3525904;JUNDIAI;SP;SUDESTE;1;59644;17;17;50,1000;3,2604;51,1882;2,7714;2,8936;3;
2013;36;FISIOTERAPIA;322;UNIVERSIDADE PAULISTA;UNIP;Privada sem fins lucrativos;Universidade;3526902;LIMEIRA;SP;SUDESTE;1;99122;8;8;52,2250;3,6373;50,7625;2,7201;2,9494;4;
2013;36;FISIOTERAPIA;322;UNIVERSIDADE PAULISTA;UNIP;Privada sem fins lucrativos;Universidade;3543402;RIBEIRAO PRETO;SP;SUDESTE;1;18758;12;12;54,3250;4,0098;52,1333;2,8853;3,1664;4;
2013;36;FISIOTERAPIA;322;UNIVERSIDADE PAULISTA;UNIP;Privada sem fins lucrativos;Universidade;3547304;SANTANA DE PARNAIBA;SP;SUDESTE;1;66545;10;10;56,2600;4,3530;58,7000;3,6764;3,8456;4;
2013;36;FISIOTERAPIA;322;UNIVERSIDADE PAULISTA;UNIP;Privada sem fins lucrativos;Universidade;3548500;SANTOS;SP;SUDESTE;1;65874;13;13;49,0385;3,0721;54,8231;3,2093;3,1750;4;
2013;36;FISIOTERAPIA;322;UNIVERSIDADE PAULISTA;UNIP;Privada sem fins lucrativos;Universidade;3549706;SAO JOSE DO RIO PARDO;SP;SUDESTE;1;73404;19;19;52,8895;3,7552;50,5737;2,6973;2,9618;4;
2013;36;FISIOTERAPIA;322;UNIVERSIDADE PAULISTA;UNIP;Privada sem fins lucrativos;Universidade;3549805;SAO JOSE DO RIO PRETO;SP;SUDESTE;1;18761;11;11;55,3091;4,1843;54,1273;3,1255;3,3902;4;
2013;36;FISIOTERAPIA;322;UNIVERSIDADE PAULISTA;UNIP;Privada sem fins lucrativos;Universidade;3549904;SAO JOSE DOS CAMPOS;SP;SUDESTE;1;51371;17;17;59,4706;4,9225;58,0176;3,5942;3,9263;4;
2013;36;FISIOTERAPIA;322;UNIVERSIDADE PAULISTA;UNIP;Privada sem fins lucrativos;Universidade;3550308;SAO PAULO;SP;SUDESTE;8;18760 - 49015 - 53011 - 69823 - 69857 - 73376 - 73388 - 73392;75;75;56,4613;4,3887;60,8840;3,9396;4,0518;5;
2013;36;FISIOTERAPIA;322;UNIVERSIDADE PAULISTA;UNIP;Privada sem fins lucrativos;Universidade;3552205;SOROCABA;SP;SUDESTE;1;18757;21;21;56,7000;4,4310;54,5333;3,1744;3,4886;4;
2013;36;FISIOTERAPIA;322;UNIVERSIDADE PAULISTA;UNIP;Privada sem fins lucrativos;Universidade;5208707;GOIANIA;GO;CENTRO-OESTE;1;51409;8;8;53,3125;3,8302;59,1250;3,7276;3,7533;4;
2013;36;FISIOTERAPIA;322;UNIVERSIDADE PAULISTA;UNIP;Privada sem fins lucrativos;Universidade;5300108;BRASILIA;DF;CENTRO-OESTE;1;51407;22;22;47,2136;2,7484;53,9955;3,1096;3,0193;4;
2013;36;FISIOTERAPIA;330;UNIVERSIDADE IGUAÇU;UNIG;Privada sem fins lucrativos;Universidade;3302205;ITAPERUNA;RJ;SUDESTE;1;19293;16;15;40,4533;1,5494;44,7000;1,9897;1,8796;2;
2013;36;FISIOTERAPIA;330;UNIVERSIDADE IGUAÇU;UNIG;Privada sem fins lucrativos;Universidade;3303500;NOVA IGUACU;RJ;SUDESTE;1;7419;16;15;49,5133;3,1563;46,9867;2,2652;2,4880;3;
2013;36;FISIOTERAPIA;338;PONTIFÍCIA UNIVERSIDADE CATÓLICA DE MINAS GERAIS;PUC MINAS;Privada sem fins lucrativos;Universidade;3106200;BELO HORIZONTE;MG;SUDESTE;1;18583;78;73;42,6164;1,9330;53,4658;3,0458;2,7676;3;
2013;36;FISIOTERAPIA;338;PONTIFÍCIA UNIVERSIDADE CATÓLICA DE MINAS GERAIS;PUC MINAS;Privada sem fins lucrativos;Universidade;3106705;BETIM;MG;SUDESTE;1;21622;33;32;51,2687;3,4677;55,9344;3,3432;3,3743;4;
2013;36;FISIOTERAPIA;338;PONTIFÍCIA UNIVERSIDADE CATÓLICA DE MINAS GERAIS;PUC MINAS;Privada sem fins lucrativos;Universidade;3151800;POCOS DE CALDAS;MG;SUDESTE;1;18586;17;17;49,6353;3,1780;49,5294;2,5715;2,7231;3;
2013;36;FISIOTERAPIA;343;CENTRO UNIVERSITÁRIO NEWTON PAIVA;NEWTON PAIVA;Privada com fins lucrativos;Centro Universitário;3106200;BELO HORIZONTE;MG;SUDESTE;1;39005;9;9;53,0444;3,7827;59,6000;3,7849;3,7843;4;
2013;36;FISIOTERAPIA;349;CENTRO UNIVERSITÁRIO DE BELO HORIZONTE;UNI-BH;Privada com fins lucrativos;Centro Universitário;3106200;BELO HORIZONTE;MG;SUDESTE;1;20836;32;32;50,2844;3,2931;55,1000;3,2427;3,2553;4;
2013;36;FISIOTERAPIA;351;FACULDADE DE CIÊNCIAS MÉDICAS DE MINAS GERAIS;FCMMG;Privada sem fins lucrativos;Faculdade;3106200;BELO HORIZONTE;MG;SUDESTE;1;7677;1;1;.;.;.;.;.;SC;
2013;36;FISIOTERAPIA;352;CENTRO UNIVERSITÁRIO DE JOÃO PESSOA;UNIPÊ;Privada sem fins lucrativos;Centro Universitário;2507507;JOAO PESSOA;PB;NORDESTE;1;19048;36;32;47,3844;2,7787;46,2562;2,1772;2,3276;3;
2013;36;FISIOTERAPIA;353;FACULDADE EVANGÉLICA DO PARANÁ;FEPAR;Privada sem fins lucrativos;Faculdade;4106902;CURITIBA;PR;SUL;1;38014;17;17;44,1235;2,2003;54,0824;3,1201;2,8901;3;
2013;36;FISIOTERAPIA;355;UNIVERSIDADE TUIUTI DO PARANÁ;UTP;Privada com fins lucrativos;Universidade;4106902;CURITIBA;PR;SUL;1;7713;8;8;34,8125;0,5488;42,5250;1,7276;1,4329;2;
2013;36;FISIOTERAPIA;374;CENTRO UNIVERSITÁRIO DAS FACULDADES METROPOLITANAS UNIDAS;FMU;Privada sem fins lucrativos;Centro Universitário;3550308;SAO PAULO;SP;SUDESTE;2;37987 - 114528;141;132;46,4061;2,6052;49,6568;2,5869;2,5915;3;
2013;36;FISIOTERAPIA;375;UNIVERSIDADE DE SANTO AMARO;UNISA;Privada sem fins lucrativos;Universidade;3550308;SAO PAULO;SP;SUDESTE;1;89135;29;20;50,4400;3,3207;47,5100;2,3282;2,5763;3;Divulgação com base no Processo Administrativo Inep nº 23036.000074/2015-29
2013;36;FISIOTERAPIA;383;UNIVERSIDADE DA AMAZÔNIA;UNAMA;Privada com fins lucrativos;Universidade;1501402;BELEM;PA;NORTE;1;21599;71;69;42,5217;1,9162;47,9493;2,3812;2,2649;3;
2013;36;FISIOTERAPIA;384;CENTRO UNIVERSITÁRIO DE ANÁPOLIS;UNIEVANGÉLICA;Privada sem fins lucrativos;Centro Universitário;5201108;ANAPOLIS;GO;CENTRO-OESTE;1;50809;20;16;47,9625;2,8813;53,1813;3,0115;2,9790;4;
2013;36;FISIOTERAPIA;385;UNIVERSIDADE SALVADOR;UNIFACS;Privada com fins lucrativos;Universidade;2927408;SALVADOR;BA;NORDESTE;1;115300;46;43;40,7674;1,6051;46,0767;2,1555;2,0179;3;
2013;36;FISIOTERAPIA;387;UNIVERSIDADE CATÓLICA DOM BOSCO;UCDB;Privada sem fins lucrativos;Universidade;5002704;CAMPO GRANDE;MS;CENTRO-OESTE;1;8163;17;16;45,3063;2,4101;52,2813;2,9031;2,7798;3;
2013;36;FISIOTERAPIA;398;UNIVERSIDADE TIRADENTES;UNIT;Privada com fins lucrativos;Universidade;2800308;ARACAJU;SE;NORDESTE;1;8266;53;48;44,8667;2,3322;50,9250;2,7397;2,6378;3;
2013;36;FISIOTERAPIA;402;CENTRO UNIVERSITÁRIO DE BRASÍLIA;UNICEUB;Privada sem fins lucrativos;Centro Universitário;5300108;BRASILIA;DF;CENTRO-OESTE;1;49480;39;38;47,7816;2,8492;52,4947;2,9288;2,9089;3;
2013;36;FISIOTERAPIA;403;UNIVERSIDADE CATÓLICA DE BRASÍLIA;UCB;Privada sem fins lucrativos;Universidade;5300108;BRASILIA;DF;CENTRO-OESTE;1;19055;43;37;46,8081;2,6765;55,1486;3,2485;3,1055;4;
2013;36;FISIOTERAPIA;409;UNIVERSIDADE DE PERNAMBUCO;UPE;Pública Estadual;Universidade;2611101;PETROLINA;PE;NORDESTE;1;103496;24;22;58,0045;4,6624;67,2045;4,7011;4,6914;5;
2013;36;FISIOTERAPIA;417;UNIVERSIDADE CIDADE DE SÃO PAULO;UNICID;Privada com fins lucrativos;Universidade;3550308;SAO PAULO;SP;SUDESTE;1;8576;27;24;36,7625;0,8947;49,6083;2,5810;2,1595;3;
2013;36;FISIOTERAPIA;420;UNIVERSIDADE DE MARÍLIA;UNIMAR;Privada com fins lucrativos;Universidade;3529005;MARILIA;SP;SUDESTE;1;8675;12;12;35,7583;0,7166;45,5667;2,0941;1,7497;2;
2013;36;FISIOTERAPIA;423;UNIVERSIDADE REGIONAL INTEGRADA DO ALTO URUGUAI E DAS MISSÕES;URI;Privada sem fins lucrativos;Universidade;4307005;ERECHIM;RS;SUL;1;64164;17;17;45,3176;2,4121;61,7059;4,0386;3,6320;4;
2013;36;FISIOTERAPIA;423;UNIVERSIDADE REGIONAL INTEGRADA DO ALTO URUGUAI E DAS MISSÕES;URI;Privada sem fins lucrativos;Universidade;4318903;SAO LUIZ GONZAGA;RS;SUL;1;120934;20;20;49,7900;3,2054;48,0700;2,3957;2,5981;3;
2013;36;FISIOTERAPIA;426;CENTRO UNIVERSITÁRIO FRANCISCANO;UNIFRA;Privada sem fins lucrativos;Centro Universitário;4316907;SANTA MARIA;RS;SUL;1;57876;31;31;42,3000;1,8769;54,3290;3,1498;2,8316;3;
2013;36;FISIOTERAPIA;430;CENTRO UNIVERSITÁRIO FILADÉLFIA;UNIFIL;Privada sem fins lucrativos;Centro Universitário;4113700;LONDRINA;PR;SUL;1;51584;18;18;50,5778;3,3451;57,3000;3,5077;3,4671;4;
2013;36;FISIOTERAPIA;437;UNIVERSIDADE PARANAENSE;UNIPAR;Privada sem fins lucrativos;Universidade;4127700;TOLEDO;PR;SUL;1;62518;30;30;47,5667;2,8111;43,8667;1,8893;2,1197;3;
2013;36;FISIOTERAPIA;446;UNIVERSIDADE DE CRUZ ALTA;UNICRUZ;Privada sem fins lucrativos;Universidade;4306106;CRUZ ALTA;RS;SUL;1;9226;11;11;43,3636;2,0656;49,2182;2,5340;2,4169;3;
2013;36;FISIOTERAPIA;449;UNIVERSIDADE LUTERANA DO BRASIL;ULBRA;Privada sem fins lucrativos;Universidade;4303004;CACHOEIRA DO SUL;RS;SUL;1;75341;14;14;51,8214;3,5657;52,8000;2,9656;3,1156;4;
2013;36;FISIOTERAPIA;449;UNIVERSIDADE LUTERANA DO BRASIL;ULBRA;Privada sem fins lucrativos;Universidade;4304606;CANOAS;RS;SUL;1;9309;28;27;31,9556;0,0421;48,2519;2,4176;1,8237;2;
2013;36;FISIOTERAPIA;449;UNIVERSIDADE LUTERANA DO BRASIL;ULBRA;Privada sem fins lucrativos;Universidade;4316907;SANTA MARIA;RS;SUL;1;104154;18;17;48,9647;3,0590;49,6765;2,5892;2,7067;3;
2013;36;FISIOTERAPIA;449;UNIVERSIDADE LUTERANA DO BRASIL;ULBRA;Privada sem fins lucrativos;Universidade;4321501;TORRES;RS;SUL;1;97471;25;25;47,3960;2,7808;46,1800;2,1680;2,3212;3;
2013;36;FISIOTERAPIA;450;CENTRO UNIVERSITÁRIO LUTERANO DE JI-PARANÁ;CEULJI/ULBRA;Privada sem fins lucrativos;Centro Universitário;1100122;JI-PARANA;RO;NORTE;1;63991;11;11;39,7818;1,4303;43,3273;1,8243;1,7258;2;
2013;36;FISIOTERAPIA;453;CENTRO UNIVERSITÁRIO LUTERANO DE PALMAS;CEULP;Privada sem fins lucrativos;Centro Universitário;1721000;PALMAS;TO;NORTE;1;43581;26;25;47,7160;2,8375;45,5160;2,0880;2,2754;3;
2013;36;FISIOTERAPIA;456;CENTRO UNIVERSITÁRIO SANT´ANNA;UNISANT'ANNA;Privada sem fins lucrativos;Centro Universitário;3550308;SAO PAULO;SP;SUDESTE;1;21715;47;30;.;.;.;.;.;SC;Conforme Nota Técnica Daes/Inep nº 90/2014
2013;36;FISIOTERAPIA;457;UNIVERSIDADE ANHANGUERA DE SÃO PAULO - UNIAN-SP;UNIAN - SP;Privada com fins lucrativos;Universidade;3534401;OSASCO;SP;SUDESTE;1;44904;67;61;44,1213;2,2000;43,9918;1,9043;1,9782;3;
2013;36;FISIOTERAPIA;457;UNIVERSIDADE ANHANGUERA DE SÃO PAULO - UNIAN-SP;UNIAN - SP;Privada com fins lucrativos;Universidade;3547809;SANTO ANDRE;SP;SUDESTE;1;5734;9;8;45,2875;2,4068;38,3875;1,2291;1,5235;2;
2013;36;FISIOTERAPIA;457;UNIVERSIDADE ANHANGUERA DE SÃO PAULO - UNIAN-SP;UNIAN - SP;Privada com fins lucrativos;Universidade;3548708;SAO BERNARDO DO CAMPO;SP;SUDESTE;1;44674;93;90;44,0989;2,1960;42,6889;1,7474;1,8595;2;
2013;36;FISIOTERAPIA;457;UNIVERSIDADE ANHANGUERA DE SÃO PAULO - UNIAN-SP;UNIAN - SP;Privada com fins lucrativos;Universidade;3550308;SAO PAULO;SP;SUDESTE;2;44969 - 55051;131;122;44,0705;2,1909;41,5926;1,6153;1,7592;2;
2013;36;FISIOTERAPIA;458;UNIVERSIDADE IBIRAPUERA;UNIB;Privada sem fins lucrativos;Universidade;3550308;SAO PAULO;SP;SUDESTE;1;18456;7;6;43,4833;2,0868;33,8500;0,6824;1,0335;2;
2013;36;FISIOTERAPIA;466;UNIVERSIDADE ANHEMBI MORUMBI;UAM;Privada com fins lucrativos;Universidade;3550308;SAO PAULO;SP;SUDESTE;1;19504;20;13;49,9846;3,2399;49,7692;2,6004;2,7603;3;Divulgação com base no Processo Administrativo Inep nº 23036.000195/2015-71
2013;36;FISIOTERAPIA;472;UNIVERSIDADE DO GRANDE RIO PROFESSOR JOSÉ DE SOUZA HERDY;UNIGRANRIO;Privada sem fins lucrativos;Universidade;3301702;DUQUE DE CAXIAS;RJ;SUDESTE;1;18607;26;25;44,7160;2,3054;47,4120;2,3164;2,3137;3;
2013;36;FISIOTERAPIA;480;CENTRO UNIVERSITÁRIO SERRA DOS ÓRGÃOS;UNIFESO;Privada sem fins lucrativos;Centro Universitário;3305802;TERESOPOLIS;RJ;SUDESTE;1;50807;26;26;49,3769;3,1321;52,3038;2,9058;2,9624;4;
2013;36;FISIOTERAPIA;481;UNIVERSIDADE GUARULHOS;UNG;Privada sem fins lucrativos;Universidade;3518800;GUARULHOS;SP;SUDESTE;1;9842;28;28;45,1286;2,3786;47,3071;2,3038;2,3225;3;
2013;36;FISIOTERAPIA;482;UNIVERSIDADE DO EXTREMO SUL CATARINENSE;UNESC;Privada sem fins lucrativos;Universidade;4204608;CRICIUMA;SC;SUL;1;19444;52;52;36,0231;0,7636;45,7115;2,1115;1,7745;2;
2013;36;FISIOTERAPIA;494;UNIVERSIDADE DO SUL DE SANTA CATARINA;UNISUL;Privada sem fins lucrativos;Universidade;4211900;PALHOCA;SC;SUL;1;62587;16;13;48,9385;3,0544;44,1231;1,9202;2,2037;3;
2013;36;FISIOTERAPIA;496;UNIVERSIDADE DE FRANCA;UNIFRAN;Privada com fins lucrativos;Universidade;3516200;FRANCA;SP;SUDESTE;1;18444;30;30;50,3967;3,3130;49,0233;2,5106;2,7112;3;
2013;36;FISIOTERAPIA;501;ESCOLA SUPERIOR DE CIÊNCIAS DA SANTA CASA DE MISERICÓRDIA DE VITÓRIA;EMESCAM;Privada sem fins lucrativos;Faculdade;3205309;VITORIA;ES;SUDESTE;1;18341;37;36;38,5806;1,2172;55,8861;3,3374;2,8073;3;
2013;36;FISIOTERAPIA;515;CENTRO UNIVERSITÁRIO ANHANGUERA DE NITERÓI;UNIAN;Privada com fins lucrativos;Centro Universitário;3303302;NITEROI;RJ;SUDESTE;1;20145;29;29;38,5828;1,2176;50,7483;2,7184;2,3432;3;
2013;36;FISIOTERAPIA;519;UNIVERSIDADE CATÓLICA DO SALVADOR;UCSAL;Privada sem fins lucrativos;Universidade;2927408;SALVADOR;BA;NORDESTE;1;10516;97;67;41,2836;1,6966;47,5403;2,3319;2,1731;3;
2013;36;FISIOTERAPIA;521;UNIVERSIDADE DE MOGI DAS CRUZES;UMC;Privada com fins lucrativos;Universidade;3530607;MOGI DAS CRUZES;SP;SUDESTE;1;10607;28;15;55,1267;4,1520;53,0867;3,0001;3,2881;4;
2013;36;FISIOTERAPIA;521;UNIVERSIDADE DE MOGI DAS CRUZES;UMC;Privada com fins lucrativos;Universidade;3550308;SAO PAULO;SP;SUDESTE;1;106368;93;47;48,4574;2,9691;55,6255;3,3060;3,2218;4;Divulgação com base no Processo Administrativo Inep nº 23036.000209/2015-56
2013;36;FISIOTERAPIA;522;CENTRO UNIVERSITÁRIO CELSO LISBOA;UCL;Privada sem fins lucrativos;Centro Universitário;3304557;RIO DE JANEIRO;RJ;SUDESTE;1;58453;20;17;38,2706;1,1622;42,1294;1,6800;1,5505;2;
2013;36;FISIOTERAPIA;526;UNIVERSIDADE BRAZ CUBAS;UBC;Privada com fins lucrativos;Universidade;3530607;MOGI DAS CRUZES;SP;SUDESTE;1;62892;13;13;43,9154;2,1634;49,4385;2,5606;2,4613;3;
2013;36;FISIOTERAPIA;527;PONTIFÍCIA UNIVERSIDADE CATÓLICA DE GOIÁS;PUC GOIÁS;Privada sem fins lucrativos;Universidade;5208707;GOIANIA;GO;CENTRO-OESTE;1;20595;63;56;46,5161;2,6247;43,6625;1,8647;2,0547;3;
2013;36;FISIOTERAPIA;532;UNIVERSIDADE REGIONAL DO NOROESTE DO ESTADO DO RIO GRANDE DO SUL;UNIJUI;Privada sem fins lucrativos;Universidade;4310207;IJUI;RS;SUL;1;20974;19;19;49,2368;3,1073;59,1895;3,7354;3,5784;4;
2013;36;FISIOTERAPIA;534;ESCOLA BAHIANA DE MEDICINA E SAÚDE PÚBLICA;EBMSP;Privada sem fins lucrativos;Faculdade;2927408;SALVADOR;BA;NORDESTE;1;11115;18;17;45,6000;2,4622;58,7588;3,6835;3,3782;4;
2013;36;FISIOTERAPIA;545;FACULDADE DE CIÊNCIAS ADMINISTRATIVAS E CONTÁBEIS DE ITABIRA;FACCI;Privada sem fins lucrativos;Faculdade;3131703;ITABIRA;MG;SUDESTE;1;68590;9;9;49,5333;3,1599;47,1111;2,2802;2,5001;3;
2013;36;FISIOTERAPIA;546;PONTIFÍCIA UNIVERSIDADE CATÓLICA DE SÃO PAULO;PUCSP;Privada sem fins lucrativos;Universidade;3505708;BARUERI;SP;SUDESTE;1;102857;23;21;46,5810;2,6362;56,3810;3,3970;3,2068;4;
2013;36;FISIOTERAPIA;550;UNIVERSIDADE ESTADUAL DA PARAÍBA;UEPB;Pública Estadual;Universidade;2504009;CAMPINA GRANDE;PB;NORDESTE;1;11608;55;54;53,1944;3,8093;51,9704;2,8656;3,1015;4;
2013;36;FISIOTERAPIA;555;UNIVERSIDADE DE FORTALEZA;UNIFOR;Privada sem fins lucrativos;Universidade;2304400;FORTALEZA;CE;NORDESTE;1;11718;138;137;47,9299;2,8755;47,7599;2,3583;2,4876;3;
2013;36;FISIOTERAPIA;570;UNIVERSIDADE FEDERAL DO RIO GRANDE DO NORTE;UFRN;Pública Federal;Universidade;2408102;NATAL;RN;NORDESTE;1;12331;38;37;53,6216;3,8850;59,7459;3,8024;3,8231;4;
2013;36;FISIOTERAPIA;570;UNIVERSIDADE FEDERAL DO RIO GRANDE DO NORTE;UFRN;Pública Federal;Universidade;2411205;SANTA CRUZ;RN;NORDESTE;1;116752;60;59;51,7864;3,5595;60,5169;3,8953;3,8114;4;
2013;36;FISIOTERAPIA;571;UNIVERSIDADE FEDERAL DO PARANÁ;UFPR;Pública Federal;Universidade;4115705;MATINHOS;PR;SUL;1;95166;27;22;45,9000;2,5154;55,3318;3,2706;3,0818;4;
2013;36;FISIOTERAPIA;573;UNIVERSIDADE FEDERAL DO ESPÍRITO SANTO;UFES;Pública Federal;Universidade;3205309;VITORIA;ES;SUDESTE;1;116572;28;27;47,3481;2,7723;60,3481;3,8750;3,5993;4;
2013;36;FISIOTERAPIA;575;UNIVERSIDADE FEDERAL DE MINAS GERAIS;UFMG;Pública Federal;Universidade;3106200;BELO HORIZONTE;MG;SUDESTE;1;12964;63;60;52,8400;3,7464;62,5183;4,1365;4,0389;5;
2013;36;FISIOTERAPIA;576;UNIVERSIDADE FEDERAL DE JUIZ DE FORA;UFJF;Pública Federal;Universidade;3136702;JUIZ DE FORA;MG;SUDESTE;1;13118;30;28;58,7393;4,7928;65,7429;4,5250;4,5919;5;
2013;36;FISIOTERAPIA;579;UNIVERSIDADE FEDERAL DA PARAÍBA;UFPB;Pública Federal;Universidade;2507507;JOAO PESSOA;PB;NORDESTE;1;13422;25;24;58,9958;4,8383;59,6833;3,7949;4,0557;5;
2013;36;FISIOTERAPIA;580;UNIVERSIDADE FEDERAL DE PERNAMBUCO;UFPE;Pública Federal;Universidade;2611606;RECIFE;PE;NORDESTE;1;13614;29;28;52,4036;3,6690;64,3107;4,3524;4,1816;5;
2013;36;FISIOTERAPIA;581;UNIVERSIDADE FEDERAL DO RIO GRANDE DO SUL;UFRGS;Pública Federal;Universidade;4314902;PORTO ALEGRE;RS;SUL;1;116400;16;16;59,1188;4,8601;67,6188;4,7510;4,7782;5;
2013;36;FISIOTERAPIA;582;UNIVERSIDADE FEDERAL DE SANTA MARIA;UFSM;Pública Federal;Universidade;4316907;SANTA MARIA;RS;SUL;1;13862;21;21;55,6810;4,2503;66,0524;4,5622;4,4843;5;
2013;36;FISIOTERAPIA;586;UNIVERSIDADE FEDERAL DO RIO DE JANEIRO;UFRJ;Pública Federal;Universidade;3304557;RIO DE JANEIRO;RJ;SUDESTE;1;14373;38;38;47,4500;2,7904;54,5132;3,1720;3,0766;4;
2013;36;FISIOTERAPIA;591;UNIVERSIDADE FEDERAL DE SÃO PAULO;UNIFESP;Pública Federal;Universidade;3548500;SANTOS;SP;SUDESTE;1;94102;45;44;47,9205;2,8738;55,9364;3,3435;3,2260;4;
2013;36;FISIOTERAPIA;595;UNIVERSIDADE FEDERAL DE ALFENAS;UNIFAL-MG;Pública Federal;Universidade;3101607;ALFENAS;MG;SUDESTE;1;119916;34;34;57,9206;4,6475;62,5441;4,1396;4,2666;5;
2013;36;FISIOTERAPIA;596;UNIVERSIDADE FEDERAL DOS VALES DO JEQUITINHONHA E MUCURI;UFVJM;Pública Federal;Universidade;3121605;DIAMANTINA;MG;SUDESTE;1;48919;38;36;51,8778;3,5757;59,8389;3,8136;3,7542;4;
2013;36;FISIOTERAPIA;608;"ESCOLA SUPERIOR DE CRUZEIRO ""PREFEITO HAMILTON VIEIRA MENDES""";ESEFIC;Pública Municipal;Faculdade;3513405;CRUZEIRO;SP;SUDESTE;1;97650;13;12;43,2583;2,0469;49,3333;2,5479;2,4227;3;
2013;36;FISIOTERAPIA;609;UNIVERSIDADE ESTADUAL DO OESTE DO PARANÁ;UNIOESTE;Pública Estadual;Universidade;4104808;CASCAVEL;PR;SUL;1;20896;27;26;52,5769;3,6997;65,4077;4,4846;4,2884;5;
2013;36;FISIOTERAPIA;621;CENTRO UNIVERSITÁRIO CESMAC;CESMAC;Privada sem fins lucrativos;Centro Universitário;2704302;MACEIO;AL;NORDESTE;1;43148;69;69;42,1957;1,8584;55,8652;3,3349;2,9658;4;
2013;36;FISIOTERAPIA;641;CENTRO UNIVERSITÁRIO LA SALLE;UNILASALLE;Privada sem fins lucrativos;Centro Universitário;4304606;CANOAS;RS;SUL;1;56666;38;37;48,7324;3,0178;62,4784;4,1316;3,8532;4;
2013;36;FISIOTERAPIA;663;UNIVERSIDADE SALGADO DE OLIVEIRA;UNIVERSO;Privada sem fins lucrativos;Universidade;2611606;RECIFE;PE;NORDESTE;1;65897;83;80;46,8575;2,6853;45,6075;2,0990;2,2456;3;
2013;36;FISIOTERAPIA;663;UNIVERSIDADE SALGADO DE OLIVEIRA;UNIVERSO;Privada sem fins lucrativos;Universidade;3106200;BELO HORIZONTE;MG;SUDESTE;1;70566;6;6;47,5000;2,7992;38,9000;1,2909;1,6680;2;
2013;36;FISIOTERAPIA;663;UNIVERSIDADE SALGADO DE OLIVEIRA;UNIVERSO;Privada sem fins lucrativos;Universidade;3136702;JUIZ DE FORA;MG;SUDESTE;1;65446;38;37;38,4324;1,1909;45,3378;2,0665;1,8476;2;
2013;36;FISIOTERAPIA;663;UNIVERSIDADE SALGADO DE OLIVEIRA;UNIVERSO;Privada sem fins lucrativos;Universidade;3301009;CAMPOS DO GOYTACAZES;RJ;SUDESTE;1;54133;5;5;40,4000;1,5399;39,0600;1,3102;1,3676;2;
2013;36;FISIOTERAPIA;663;UNIVERSIDADE SALGADO DE OLIVEIRA;UNIVERSO;Privada sem fins lucrativos;Universidade;3303302;NITEROI;RJ;SUDESTE;1;15270;24;22;40,7682;1,6052;36,0227;0,9442;1,1095;2;
2013;36;FISIOTERAPIA;663;UNIVERSIDADE SALGADO DE OLIVEIRA;UNIVERSO;Privada sem fins lucrativos;Universidade;3304904;SAO GONCALO;RJ;SUDESTE;1;15267;39;38;43,9289;2,1658;42,2395;1,6932;1,8114;2;
2013;36;FISIOTERAPIA;663;UNIVERSIDADE SALGADO DE OLIVEIRA;UNIVERSO;Privada sem fins lucrativos;Universidade;5208707;GOIANIA;GO;CENTRO-OESTE;1;73417;76;71;41,1113;1,6661;40,6507;1,5018;1,5429;2;
2013;36;FISIOTERAPIA;664;UNIVERSIDADE VILA VELHA;UVV;Privada sem fins lucrativos;Universidade;3205200;VILA VELHA;ES;SUDESTE;1;18096;12;11;47,1545;2,7380;58,3364;3,6326;3,4089;4;
2013;36;FISIOTERAPIA;665;UNIVERSIDADE DE TAUBATÉ;UNITAU;Pública Municipal;Universidade;3554102;TAUBATE;SP;SUDESTE;1;19662;40;39;43,9513;2,1698;55,1231;3,2455;2,9765;4;
2013;36;FISIOTERAPIA;669;UNIVERSIDADE NILTON LINS;UNINILTONLINS;Privada sem fins lucrativos;Universidade;1302603;MANAUS;AM;NORTE;1;47708;10;10;41,1700;1,6765;45,5300;2,0897;1,9864;3;
2013;36;FISIOTERAPIA;670;UNIVERSIDADE SÃO FRANCISCO;USF;Privada sem fins lucrativos;Universidade;3507605;BRAGANCA PAULISTA;SP;SUDESTE;1;21607;1;0;.;.;.;.;.;SC;
2013;36;FISIOTERAPIA;673;CENTRO UNIVERSITÁRIO DA GRANDE DOURADOS;UNIGRAN;Privada sem fins lucrativos;Centro Universitário;5003702;DOURADOS;MS;CENTRO-OESTE;1;20871;13;13;43,1308;2,0243;56,7923;3,4466;3,0910;4;
2013;36;FISIOTERAPIA;677;FACULDADE DE REABILITAÇÃO DA ASCE;FRASCE;Privada sem fins lucrativos;Faculdade;3304557;RIO DE JANEIRO;RJ;SUDESTE;1;15644;88;84;41,1381;1,6708;36,1262;0,9567;1,1352;2;
2013;36;FISIOTERAPIA;688;UNIVERSIDADE ESTADUAL DO SUDOESTE DA BAHIA;UESB;Pública Estadual;Universidade;2918001;JEQUIE;BA;NORDESTE;1;20274;42;41;49,5585;3,1644;54,9293;3,2221;3,2077;4;
2013;36;FISIOTERAPIA;694;UNIVERSIDADE FEDERAL DE MATO GROSSO DO SUL;UFMS;Pública Federal;Universidade;5002704;CAMPO GRANDE;MS;CENTRO-OESTE;1;115542;35;35;50,5000;3,3313;58,5286;3,6558;3,5747;4;
2013;36;FISIOTERAPIA;705;FACULDADE SÃO JOSÉ;FSJ;Privada sem fins lucrativos;Faculdade;3304557;RIO DE JANEIRO;RJ;SUDESTE;1;110262;57;30;45,6967;2,4794;39,3267;1,3423;1,6266;2;
2013;36;FISIOTERAPIA;707;CENTRO UNIVERSITÁRIO CENTRAL PAULISTA;UNICEP;Privada com fins lucrativos;Centro Universitário;3548906;SAO CARLOS;SP;SUDESTE;1;56438;25;24;43,8083;2,1444;55,5542;3,2974;3,0092;4;
2013;36;FISIOTERAPIA;712;CENTRO UNIVERSITÁRIO HERMÍNIO DA SILVEIRA;UNI IBMR;Privada com fins lucrativos;Centro Universitário;3304557;RIO DE JANEIRO;RJ;SUDESTE;2;16170 - 1156470;45;44;46,5977;2,6392;44,1477;1,9231;2,1022;3;
2013;36;FISIOTERAPIA;717;FUNDAÇÃO UNIVERSIDADE FEDERAL DE CIÊNCIAS DA SAÚDE DE PORTO ALEGRE;UFCSPA;Pública Federal;Universidade;4314902;PORTO ALEGRE;RS;SUL;1;116586;21;21;58,3619;4,7258;69,6857;5,0000;4,9315;5;
2013;36;FISIOTERAPIA;736;FACULDADE PITÁGORAS DE LINHARES;;Privada com fins lucrativos;Faculdade;3203205;LINHARES;ES;SUDESTE;1;68378;1;1;.;.;.;.;.;SC;
2013;36;FISIOTERAPIA;737;CENTRO UNIVERSITÁRIO SÃO CAMILO;SAO CAMILO;Privada sem fins lucrativos;Centro Universitário;3550308;SAO PAULO;SP;SUDESTE;2;19036 - 73125;144;122;49,8656;3,2188;59,3451;3,7541;3,6203;4;
2013;36;FISIOTERAPIA;739;CENTRO UNIVERSITÁRIO SÃO CAMILO - ESPÍRITO SANTO;SÃO CAMILO-ES;Privada sem fins lucrativos;Centro Universitário;3201209;CACHOEIRO DE ITAPEMIRIM;ES;SUDESTE;1;74251;17;17;48,6706;3,0069;50,9882;2,7473;2,8122;3;
2013;36;FISIOTERAPIA;743;ESCOLA SUPERIOR DE ENSINO HELENA ANTIPOFF;ESEHA;Privada sem fins lucrativos;Faculdade;3303302;NITEROI;RJ;SUDESTE;1;16574;40;21;35,4476;0,6615;38,2095;1,2077;1,0711;2;
2013;36;FISIOTERAPIA;750;CENTRO UNIVERSITÁRIO UNIRG;UNIRG;Pública Municipal;Centro Universitário;1709500;GURUPI;TO;NORTE;1;50886;35;34;42,4706;1,9072;45,9706;2,1428;2,0839;3;
2013;36;FISIOTERAPIA;756;UNIVERSIDADE ESTADUAL DO PIAUÍ;UESPI;Pública Estadual;Universidade;2211001;TERESINA;PI;NORDESTE;1;19085;14;13;59,9077;5,0000;66,5846;4,6264;4,7198;5;
2013;36;FISIOTERAPIA;775;FACULDADE ALVORADA DE EDUCAÇÃO FÍSICA E DESPORTO - Descredenciada - Despacho nº 165, de 6 de setembro de 2013, descredencia a IES.DOU 09/09/2013.;FAEFD;Privada sem fins lucrativos;Faculdade;5300108;BRASILIA;DF;CENTRO-OESTE;1;73996;29;1;.;.;.;.;.;SC;
2013;36;FISIOTERAPIA;780;UNIVERSIDADE DE CUIABÁ;UNIC / PITÁGORAS;Privada com fins lucrativos;Universidade;5103403;CUIABA;MT;CENTRO-OESTE;1;16825;50;50;46,4320;2,6098;55,7920;3,3261;3,1470;4;
2013;36;FISIOTERAPIA;792;CENTRO UNIVERSITÁRIO DO ESTADO DO PARÁ;CESUPA;Privada sem fins lucrativos;Centro Universitário;1501402;BELEM;PA;NORTE;1;74092;48;46;48,9435;3,0553;53,1565;3,0085;3,0202;4;
2013;36;FISIOTERAPIA;794;CENTRO UNIVERSITÁRIO DE VÁRZEA GRANDE;UNIVAG;Privada sem fins lucrativos;Centro Universitário;5108402;VARZEA GRANDE;MT;CENTRO-OESTE;1;52216;10;8;36,1500;0,7861;45,1000;2,0379;1,7249;2;
2013;36;FISIOTERAPIA;823;UNIVERSIDADE DO CEUMA - UNICEUMA;UNICEUMA;Privada sem fins lucrativos;Universidade;2111300;SAO LUIS;MA;NORDESTE;1;50926;82;74;45,8500;2,5066;44,1905;1,9283;2,0729;3;
2013;36;FISIOTERAPIA;862;FACULDADE ESTÁCIO DE SÁ DE CAMPO GRANDE;FESCG;Privada com fins lucrativos;Faculdade;5002704;CAMPO GRANDE;MS;CENTRO-OESTE;1;46915;22;14;44,7214;2,3064;43,4429;1,8382;1,9553;3;
2013;36;FISIOTERAPIA;878;CENTRO UNIVERSITÁRIO DO LESTE DE MINAS GERAIS;UNILESTEMG;Privada sem fins lucrativos;Centro Universitário;3131307;IPATINGA;MG;SUDESTE;1;43988;3;3;53,9000;3,9344;48,0333;2,3913;2,7771;3;
2013;36;FISIOTERAPIA;916;FACULDADE DE CIÊNCIAS, SAÚDE, EXATAS E JURÍDICAS DE TERESINA;FACULDADE CEUT;Privada com fins lucrativos;Faculdade;2211001;TERESINA;PI;NORDESTE;1;94243;54;42;49,2690;3,1130;42,3143;1,7022;2,0549;3;
2013;36;FISIOTERAPIA;952;UNIVERSIDADE SANTA CECÍLIA;UNISANTA;Privada sem fins lucrativos;Universidade;3548500;SANTOS;SP;SUDESTE;1;18463;50;50;45,8220;2,5016;50,9600;2,7439;2,6833;3;
2013;36;FISIOTERAPIA;1041;CENTRO UNIVERSITÁRIO UNIVATES;UNIVATES;Privada sem fins lucrativos;Centro Universitário;4311403;LAJEADO;RS;SUL;1;51102;13;13;49,1692;3,0953;50,0000;2,6282;2,7450;3;
2013;36;FISIOTERAPIA;1042;UNIVERSIDADE POSITIVO;UP;Privada com fins lucrativos;Universidade;4106902;CURITIBA;PR;SUL;1;20331;15;14;53,4357;3,8521;58,8143;3,6902;3,7307;4;
2013;36;FISIOTERAPIA;1043;CENTRO UNIVERSITÁRIO HERMINIO OMETTO;UNIARARAS;Privada sem fins lucrativos;Centro Universitário;3503307;ARARAS;SP;SUDESTE;1;21098;101;66;48,0091;2,8895;50,6879;2,7111;2,7557;3;
2013;36;FISIOTERAPIA;1053;FACULDADE DE TECNOLOGIA E CIÊNCIAS DE FEIRA DE SANTANA;FTC;Privada com fins lucrativos;Faculdade;2910800;FEIRA DE SANTANA;BA;NORDESTE;1;101842;44;43;46,6163;2,6425;46,2581;2,1774;2,2937;3;
2013;36;FISIOTERAPIA;1058;Estácio FIB - Centro Universitário Estácio da Bahia;Estácio FIB;Privada com fins lucrativos;Centro Universitário;2927408;SALVADOR;BA;NORDESTE;1;48581;26;24;35,5625;0,6819;43,0208;1,7874;1,5110;2;
2013;36;FISIOTERAPIA;1066;INSTITUTO DE ENSINO E PESQUISA OBJETIVO;IEPO;Privada sem fins lucrativos;Faculdade;1721000;PALMAS;TO;NORTE;1;67319;24;20;44,3250;2,2361;50,2750;2,6614;2,5550;3;
2013;36;FISIOTERAPIA;1077;Faculdade Estácio do Recife - Estácio FIR;Estácio FIR;Privada com fins lucrativos;Faculdade;2611606;RECIFE;PE;NORDESTE;1;18785;68;61;43,0885;2,0168;48,0229;2,3900;2,2967;3;
2013;36;FISIOTERAPIA;1084;FACULDADE CENECISTA DE BENTO GONÇALVES;FACEBG;Privada sem fins lucrativos;Faculdade;4302105;BENTO GONCALVES;RS;SUL;1;5000221;42;39;43,4000;2,0720;42,4154;1,7144;1,8038;2;
2013;36;FISIOTERAPIA;1087;FACULDADES INTEGRADAS APARÍCIO CARVALHO;FIMCA;Privada sem fins lucrativos;Faculdade;1100205;PORTO VELHO;RO;NORTE;1;94223;22;22;46,7045;2,6581;46,0773;2,1556;2,2812;3;
2013;36;FISIOTERAPIA;1092;FACULDADES INTEGRADAS DE BAURU;FIB;Privada com fins lucrativos;Faculdade;3506003;BAURU;SP;SUDESTE;1;73163;2;0;.;.;.;.;.;SC;
2013;36;FISIOTERAPIA;1107;Centro Universitário Estácio do Ceará;Estácio FIC;Privada com fins lucrativos;Centro Universitário;2304400;FORTALEZA;CE;NORDESTE;1;21254;90;90;42,0978;1,8410;44,4544;1,9601;1,9303;2;
2013;36;FISIOTERAPIA;1113;CENTRO UNIVERSITÁRIO EURO-AMERICANO;UNIEURO;Privada sem fins lucrativos;Centro Universitário;5300108;BRASILIA;DF;CENTRO-OESTE;2;89522 - 90571;22;22;37,4409;1,0150;43,1045;1,7974;1,6018;2;
2013;36;FISIOTERAPIA;1115;FACULDADE SANTA TEREZINHA;CEST;Privada sem fins lucrativos;Faculdade;2111300;SAO LUIS;MA;NORDESTE;1;19959;64;60;44,3033;2,2322;43,8300;1,8849;1,9717;3;
2013;36;FISIOTERAPIA;1128;UNIVERSIDADE DE ITAÚNA;UI;Privada sem fins lucrativos;Universidade;3133808;ITAUNA;MG;SUDESTE;1;20861;32;32;48,8906;3,0459;51,7531;2,8394;2,8911;3;
2013;36;FISIOTERAPIA;1129;CENTRO UNIVERSITÁRIO DO NORTE PAULISTA;UNORP;Privada sem fins lucrativos;Centro Universitário;3549805;SAO JOSE DO RIO PRETO;SP;SUDESTE;1;21563;23;16;40,9063;1,6297;37,8375;1,1629;1,2796;2;
2013;36;FISIOTERAPIA;1131;FACULDADE SANTO AGOSTINHO;FSA;Privada com fins lucrativos;Faculdade;2211001;TERESINA;PI;NORDESTE;1;86832;82;76;47,3039;2,7645;44,9039;2,0142;2,2018;3;
2013;36;FISIOTERAPIA;1149;CENTRO UNIVERSITÁRIO NOSSA SENHORA DO PATROCÍNIO;CEUNSP;Privada com fins lucrativos;Centro Universitário;3523909;ITU;SP;SUDESTE;1;18593;42;38;49,3553;3,1283;52,8026;2,9659;3,0065;4;
2013;36;FISIOTERAPIA;1170;FACULDADE METROPOLITANA DE CAMAÇARI;FAMEC;Privada sem fins lucrativos;Faculdade;2905701;CAMACARI;BA;NORDESTE;1;90800;11;9;41,7444;1,7784;44,3556;1,9482;1,9057;2;
2013;36;FISIOTERAPIA;1185;CENTRO UNIVERSITÁRIO JORGE AMADO;UNIJORGE;Privada com fins lucrativos;Centro Universitário;2927408;SALVADOR;BA;NORDESTE;1;68939;55;45;41,6044;1,7535;43,6844;1,8673;1,8389;2;
2013;36;FISIOTERAPIA;1196;CENTRO UNIVERSITÁRIO DE MARINGÁ - UNICESUMAR;UNICESUMAR;Privada com fins lucrativos;Centro Universitário;4115200;MARINGA;PR;SUL;2;20521 - 107120;47;46;51,7783;3,5581;55,5587;3,2979;3,3630;4;
2013;36;FISIOTERAPIA;1224;CENTRO UNIVERSITÁRIO DE JALES;UNIJALES;Privada sem fins lucrativos;Centro Universitário;3524808;JALES;SP;SUDESTE;1;90365;21;18;42,8667;1,9774;33,0778;0,5894;0,9364;1;
2013;36;FISIOTERAPIA;1227;FACULDADE SÃO FRANCISCO DE BARREIRAS - FASB;FASB;Privada sem fins lucrativos;Faculdade;2903201;BARREIRAS;BA;NORDESTE;1;69304;46;45;38,2089;1,1513;46,7444;2,2360;1,9648;3;
2013;36;FISIOTERAPIA;1231;INSTITUTO CENECISTA DE ENSINO SUPERIOR DE SANTO ÂNGELO;CNEC/IESA;Privada sem fins lucrativos;Faculdade;4317509;SANTO ANGELO;RS;SUL;1;80158;54;54;42,5111;1,9144;51,5519;2,8152;2,5900;3;
2013;36;FISIOTERAPIA;1239;FACULDADE PADRÃO;PADRAO;Privada com fins lucrativos;Faculdade;5208707;GOIANIA;GO;CENTRO-OESTE;1;55167;53;48;47,0667;2,7224;44,7708;1,9982;2,1792;3;
2013;36;FISIOTERAPIA;1263;FACULDADE BEZERRA DE ARAÚJO;FABA;Privada com fins lucrativos;Faculdade;3304557;RIO DE JANEIRO;RJ;SUDESTE;1;54973;17;16;40,9562;1,6386;36,2250;0,9686;1,1361;2;
2013;36;FISIOTERAPIA;1267;INSTITUTO DE ENSINO SUPERIOR DA GRANDE FLORIANÓPOLIS;IESGF;Privada sem fins lucrativos;Faculdade;4216602;SAO JOSE;SC;SUL;1;59128;14;14;45,2500;2,4002;38,9857;1,3012;1,5759;2;
2013;36;FISIOTERAPIA;1281;FACULDADE DE CIÊNCIAS SOCIAIS E AGRÁRIAS DE ITAPEVA;FAIT;Privada com fins lucrativos;Faculdade;3522406;ITAPEVA;SP;SUDESTE;1;88902;21;19;47,1211;2,7320;48,4632;2,4431;2,5153;3;
2013;36;FISIOTERAPIA;1292;FACULDADES ADAMANTINENSES INTEGRADAS;FAI;Pública Municipal;Faculdade;3500105;ADAMANTINA;SP;SUDESTE;1;37940;2;0;.;.;.;.;.;SC;
2013;36;FISIOTERAPIA;1298;Faculdade Estácio de Alagoas - Estácio FAL;ESTÁCIO FAL;Privada com fins lucrativos;Faculdade;2704302;MACEIO;AL;NORDESTE;1;53869;73;72;38,0306;1,1196;46,0250;2,1493;1,8919;2;
2013;36;FISIOTERAPIA;1299;FACULDADES INTEGRADAS DE FERNANDÓPOLIS;FIFE;Privada sem fins lucrativos;Faculdade;3515509;FERNANDOPOLIS;SP;SUDESTE;1;19865;1;1;.;.;.;.;.;SC;
2013;36;FISIOTERAPIA;1319;FACULDADE TECSOMA;FATEC;Privada com fins lucrativos;Faculdade;3147006;PARACATU;MG;SUDESTE;1;59835;12;12;58,5750;4,7636;53,0333;2,9937;3,4362;4;
2013;36;FISIOTERAPIA;1325;FACULDADE DE APUCARANA;FAP;Privada sem fins lucrativos;Faculdade;4101408;APUCARANA;PR;SUL;1;48761;27;27;43,3259;2,0589;51,0407;2,7536;2,5799;3;
2013;36;FISIOTERAPIA;1336;FACULDADE ASSIS GURGACZ;FAG;Privada sem fins lucrativos;Faculdade;4104808;CASCAVEL;PR;SUL;1;38328;15;15;46,2733;2,5817;58,0200;3,5945;3,3413;4;
2013;36;FISIOTERAPIA;1356;FACULDADES INTEGRADAS DE SANTA FÉ DO SUL;FUNEC;Pública Municipal;Faculdade;3546603;SANTA FE DO SUL;SP;SUDESTE;2;20308 - 1146763;16;16;45,9625;2,5265;44,6125;1,9791;2,1160;3;
2013;36;FISIOTERAPIA;1364;FACULDADE DE TECNOLOGIA E CIÊNCIAS DE VITÓRIA DA CONQUISTA;FTC;Privada com fins lucrativos;Faculdade;2933307;VITORIA DA CONQUISTA;BA;NORDESTE;1;80105;60;51;46,2608;2,5794;44,3627;1,9490;2,1066;3;
2013;36;FISIOTERAPIA;1365;CENTRO UNIVERSITÁRIO ADVENTISTA DE SÃO PAULO;UNASP;Privada sem fins lucrativos;Centro Universitário;3550308;SAO PAULO;SP;SUDESTE;1;18000;24;23;48,3391;2,9481;46,1261;2,1615;2,3581;3;
2013;36;FISIOTERAPIA;1414;FACULDADE SÃO LUCAS;FSL;Privada com fins lucrativos;Faculdade;1100205;PORTO VELHO;RO;NORTE;1;54924;62;61;40,4361;1,5463;49,8934;2,6154;2,3481;3;
2013;36;FISIOTERAPIA;1422;CENTRO UNIVERSITÁRIO DO NORTE;UNINORTE;Privada com fins lucrativos;Centro Universitário;1302603;MANAUS;AM;NORTE;1;73250;149;78;38,6962;1,2377;38,2872;1,2170;1,2222;2;
2013;36;FISIOTERAPIA;1427;FACULDADE DA SERRA GAÚCHA;FSG;Privada com fins lucrativos;Faculdade;4305108;CAXIAS DO SUL;RS;SUL;1;75671;41;41;42,8000;1,9656;52,3634;2,9130;2,6761;3;
2013;36;FISIOTERAPIA;1430;FACULDADE INGÁ;;Privada sem fins lucrativos;Faculdade;4115200;MARINGA;PR;SUL;1;48211;34;33;49,6091;3,1733;55,3000;3,2668;3,2434;4;
2013;36;FISIOTERAPIA;1434;INSTITUTO DE ENSINO SUPERIOR DE ITAPIRA;IESI;Privada sem fins lucrativos;Faculdade;3522604;ITAPIRA;SP;SUDESTE;1;5000227;22;21;41,1905;1,6801;40,9095;1,5330;1,5698;2;
2013;36;FISIOTERAPIA;1444;FACULDADES INTEGRADAS EINSTEIN DE LIMEIRA;FIEL;Privada sem fins lucrativos;Faculdade;3526902;LIMEIRA;SP;SUDESTE;1;51683;11;11;46,1727;2,5638;50,3091;2,6655;2,6401;3;
2013;36;FISIOTERAPIA;1446;CENTRO UNIVERSITÁRIO PLANALTO DO DISTRITO FEDERAL - UNIPLAN;UNIPLAN;Privada sem fins lucrativos;Centro Universitário;5300108;BRASILIA;DF;CENTRO-OESTE;1;121425;7;7;46,9286;2,6979;54,1143;3,1239;3,0174;4;
2013;36;FISIOTERAPIA;1461;FACULDADE DE TECNOLOGIA E CIÊNCIAS;FTC SALVADOR;Privada com fins lucrativos;Faculdade;2927408;SALVADOR;BA;NORDESTE;1;57294;38;31;41,5516;1,7442;49,4871;2,5664;2,3609;3;
2013;36;FISIOTERAPIA;1462;INSTITUTO PARAIBANO DE ENSINO RENOVADO;INPER;Privada sem fins lucrativos;Faculdade;2507507;JOAO PESSOA;PB;NORDESTE;1;59118;11;11;46,1000;2,5509;46,6273;2,2219;2,3041;3;
2013;36;FISIOTERAPIA;1486;FACULDADE ESTÁCIO DE SÁ DE VITÓRIA;FESV;Privada com fins lucrativos;Faculdade;3205309;VITORIA;ES;SUDESTE;1;69169;5;4;49,6500;3,1806;54,7750;3,2035;3,1978;4;
2013;36;FISIOTERAPIA;1487;FACULDADE DOM BOSCO;FDB;Privada com fins lucrativos;Faculdade;4106902;CURITIBA;PR;SUL;1;21662;56;53;46,5321;2,6276;47,4075;2,3159;2,3938;3;
2013;36;FISIOTERAPIA;1494;FACULDADE CATÓLICA SALESIANA DO ESPÍRITO SANTO;;Privada sem fins lucrativos;Faculdade;3205309;VITORIA;ES;SUDESTE;1;21656;38;37;50,3378;3,3026;54,6270;3,1857;3,2149;4;
2013;36;FISIOTERAPIA;1509;FACULDADE ESTÁCIO DE SÁ DE BELO HORIZONTE;FESBH;Privada com fins lucrativos;Centro Universitário;3106200;BELO HORIZONTE;MG;SUDESTE;1;66625;25;21;45,0619;2,3668;47,8619;2,3706;2,3697;3;
2013;36;FISIOTERAPIA;1510;CENTRO UNIVERSITÁRIO ESTÁCIO DE SÁ DE SANTA CATARINA;FESSC;Privada com fins lucrativos;Centro Universitário;4216602;SAO JOSE;SC;SUL;1;63536;20;19;44,2316;2,2195;47,1474;2,2845;2,2683;3;
2013;36;FISIOTERAPIA;1552;FACULDADE PIAUIENSE;FAP;Privada com fins lucrativos;Faculdade;2207702;PARNAIBA;PI;NORDESTE;1;117813;33;33;39,0788;1,3056;48,8788;2,4931;2,1962;3;
2013;36;FISIOTERAPIA;1554;FACULDADES INTEGRADAS DO VALE DO RIBEIRA;FIVR;Privada com fins lucrativos;Faculdade;3542602;REGISTRO;SP;SUDESTE;1;80317;15;15;46,7333;2,6633;46,6000;2,2186;2,3298;3;
2013;36;FISIOTERAPIA;1557;UNIVERSIDADE FUMEC;FUMEC;Privada sem fins lucrativos;Universidade;3144805;NOVA LIMA;MG;SUDESTE;1;73152;10;6;32,4833;0,1357;39,3000;1,3391;1,0382;2;
2013;36;FISIOTERAPIA;1559;CENTRO UNIVERSITÁRIO DO ESPÍRITO SANTO;UNESC;Privada sem fins lucrativos;Centro Universitário;3201506;COLATINA;ES;SUDESTE;1;119686;16;16;54,7813;4,0907;49,7500;2,5981;2,9713;4;
2013;36;FISIOTERAPIA;1563;CENTRO UNIVERSITÁRIO DA FACULDADE DE SAÚDE, CIÊNCIAS HUMANAS E TECNOLÓGICAS DO PIAUÍ;NOVAFAPI;Privada com fins lucrativos;Centro Universitário;2211001;TERESINA;PI;NORDESTE;1;50813;74;73;52,0986;3,6149;44,5932;1,9768;2,3863;3;
2013;36;FISIOTERAPIA;1573;FACULDADE ALFREDO NASSER;FAN;Privada sem fins lucrativos;Faculdade;5201405;APARECIDA DE GOIANIA;GO;CENTRO-OESTE;1;119020;58;55;43,9691;2,1730;41,3000;1,5800;1,7283;2;
2013;36;FISIOTERAPIA;1580;FACULDADE DE CIÊNCIAS E EDUCAÇÃO SENA AIRES;FACESA;Privada com fins lucrativos;Faculdade;5221858;VALPARAISO DE GOIAS;GO;CENTRO-OESTE;1;86606;7;7;53,1143;3,7950;47,3714;2,3115;2,6824;3;
2013;36;FISIOTERAPIA;1591;FACULDADE SEAMA;SEAMA;Privada sem fins lucrativos;Faculdade;1600303;MACAPA;AP;NORTE;1;67938;38;33;36,8667;0,9132;39,3909;1,3500;1,2408;2;
2013;36;FISIOTERAPIA;1624;FACULDADE MARECHAL RONDON;FMR;Privada sem fins lucrativos;Faculdade;3550100;SAO MANUEL;SP;SUDESTE;1;52891;17;17;50,6176;3,3522;47,7235;2,3540;2,6035;3;
2013;36;FISIOTERAPIA;1641;FACULDADE SOCIAL DA BAHIA;FSBA;Privada sem fins lucrativos;Faculdade;2927408;SALVADOR;BA;NORDESTE;1;82990;84;80;35,7225;0,7102;43,0163;1,7868;1,5177;2;
2013;36;FISIOTERAPIA;1642;FACULDADE DE TECNOLOGIA E CIÊNCIAS DE ITABUNA;FTC;Privada com fins lucrativos;Faculdade;2914802;ITABUNA;BA;NORDESTE;1;82631;55;53;41,6151;1,7554;44,1094;1,9185;1,8777;2;
2013;36;FISIOTERAPIA;1647;FACULDADE DE ENSINO E CULTURA DO CEARÁ;FAECE;Privada sem fins lucrativos;Faculdade;2304400;FORTALEZA;CE;NORDESTE;1;59138;17;17;43,9353;2,1670;50,4647;2,6842;2,5549;3;
2013;36;FISIOTERAPIA;1656;INSTITUTO DE ENSINO SUPERIOR DE TERESINA;IEST;Privada sem fins lucrativos;Faculdade;2211001;TERESINA;PI;NORDESTE;1;59134;30;30;54,5667;4,0527;47,7500;2,3571;2,7810;3;
2013;36;FISIOTERAPIA;1657;FACULDADE EDUCACIONAL DE DOIS VIZINHOS;FAED;Privada com fins lucrativos;Faculdade;4107207;DOIS VIZINHOS;PR;SUL;1;68618;18;16;48,8500;3,0387;47,8500;2,3692;2,5366;3;
2013;36;FISIOTERAPIA;1676;FACULDADE SÃO MIGUEL;FACULDADE SÃO MIGUEL;Privada com fins lucrativos;Faculdade;2611606;RECIFE;PE;NORDESTE;1;79854;33;25;43,3160;2,0571;38,4120;1,2321;1,4383;2;
2013;36;FISIOTERAPIA;1703;INSTITUTO DE ENSINO SUPERIOR DE RIO VERDE;IESRIVER;Privada sem fins lucrativos;Faculdade;5218805;RIO VERDE;GO;CENTRO-OESTE;1;112961;27;27;38,4333;1,1911;40,6444;1,5011;1,4236;2;
2013;36;FISIOTERAPIA;1708;INSTITUTO PERNAMBUCANO DE ENSINO SUPERIOR;IPESU;Privada sem fins lucrativos;Faculdade;2611606;RECIFE;PE;NORDESTE;1;59124;24;20;34,8250;0,5511;37,1050;1,0746;0,9437;1;
2013;36;FISIOTERAPIA;1716;FACULDADE UNIÃO DAS AMÉRICAS;;Privada com fins lucrativos;Faculdade;4108304;FOZ DO IGUACU;PR;SUL;1;47854;22;22;49,0545;3,0750;54,7636;3,2022;3,1704;4;
2013;36;FISIOTERAPIA;1718;FACULDADE NOBRE DE FEIRA DE SANTANA;FAN;Privada com fins lucrativos;Faculdade;2910800;FEIRA DE SANTANA;BA;NORDESTE;1;71144;47;39;43,2359;2,0429;45,5846;2,0963;2,0829;3;
2013;36;FISIOTERAPIA;1728;FACULDADE INTERAMERICANA DE PORTO VELHO;UNIRON;Privada com fins lucrativos;Faculdade;1100205;PORTO VELHO;RO;NORTE;1;117474;17;15;39,4667;1,3744;40,5333;1,4877;1,4593;2;
2013;36;FISIOTERAPIA;1734;FACULDADE INTEGRAL DIFERENCIAL;FACID;Privada com fins lucrativos;Faculdade;2211001;TERESINA;PI;NORDESTE;1;47935;40;39;51,2410;3,4628;48,8103;2,4849;2,7294;3;
2013;36;FISIOTERAPIA;1735;FACULDADE DE CIÊNCIAS APLICADAS DOUTOR LEÃO SAMPAIO;FLS;Privada com fins lucrativos;Faculdade;2307304;JUAZEIRO DO NORTE;CE;NORDESTE;1;75875;87;78;51,8244;3,5663;50,3244;2,6673;2,8920;3;
2013;36;FISIOTERAPIA;1758;FACULDADE INDEPENDENTE DO NORDESTE;FAINOR;Privada com fins lucrativos;Faculdade;2933307;VITORIA DA CONQUISTA;BA;NORDESTE;1;119812;87;81;45,6395;2,4692;44,6951;1,9891;2,1091;3;
2013;36;FISIOTERAPIA;1767;FACULDADE DE CIÊNCIAS SOCIAIS APLICADAS;;Privada com fins lucrativos;Faculdade;5107958;TANGARA DA SERRA;MT;CENTRO-OESTE;1;83374;12;12;48,5167;2,9796;52,5500;2,9355;2,9465;4;
2013;36;FISIOTERAPIA;1772;FACULDADE NORDESTE;FANOR;Privada com fins lucrativos;Faculdade;2304400;FORTALEZA;CE;NORDESTE;1;95170;52;48;47,4792;2,7955;47,7104;2,3524;2,4632;3;
2013;36;FISIOTERAPIA;1805;FACULDADE DOS GUARARAPES;FG;Privada com fins lucrativos;Faculdade;2607901;JABOATAO DO GUARARAPES;PE;NORDESTE;1;109564;26;25;46,8800;2,6893;43,9960;1,9049;2,1010;3;
2013;36;FISIOTERAPIA;1818;FACULDADE PITÁGORAS DE BELO HORIZONTE;FPAS;Privada com fins lucrativos;Faculdade;3106200;BELO HORIZONTE;MG;SUDESTE;1;73746;12;11;44,4000;2,2494;58,2727;3,6249;3,2811;4;
2013;36;FISIOTERAPIA;1836;CENTRO UNIVERSITÁRIO FUNDAÇÃO DE ENSINO OCTÁVIO BASTOS - FEOB;UNIFEOB;Privada sem fins lucrativos;Centro Universitário;3549102;SAO JOAO DA BOA VISTA;SP;SUDESTE;1;53409;18;16;46,9813;2,7072;59,3125;3,7502;3,4895;4;
2013;36;FISIOTERAPIA;1845;FEFISA - FACULDADES INTEGRADAS DE SANTO ANDRÉ;FEFISA;Privada com fins lucrativos;Faculdade;3547809;SANTO ANDRE;SP;SUDESTE;1;72131;35;32;43,3750;2,0676;43,6906;1,8681;1,9179;2;
2013;36;FISIOTERAPIA;1869;CENTRO UNIVERSITÁRIO DE ITAJUBÁ;FEPI;Privada sem fins lucrativos;Centro Universitário;3132404;ITAJUBA;MG;SUDESTE;1;50550;2;1;.;.;.;.;.;SC;
2013;36;FISIOTERAPIA;1879;FACULDADE EDUCACIONAL DE ARAUCÁRIA;FACEAR;Privada com fins lucrativos;Faculdade;4101804;ARAUCARIA;PR;SUL;1;109537;19;17;44,1471;2,2045;51,5176;2,8111;2,6594;3;
2013;36;FISIOTERAPIA;1895;CENTRO UNIVERSITÁRIO CHRISTUS;UNICHRISTUS;Privada com fins lucrativos;Centro Universitário;2304400;FORTALEZA;CE;NORDESTE;1;52783;25;24;52,5625;3,6972;52,1750;2,8903;3,0920;4;
2013;36;FISIOTERAPIA;1913;FACULDADE DE MINAS;FAMINAS;Privada com fins lucrativos;Faculdade;3143906;MURIAE;MG;SUDESTE;1;67564;1;1;.;.;.;.;.;SC;
2013;36;FISIOTERAPIA;1917;FACULDADE DE CIÊNCIAS BIOMÉDICAS DE CACOAL;FACIMED;Privada com fins lucrativos;Faculdade;1100049;CACOAL;RO;NORTE;1;79756;38;36;41,6778;1,7665;48,2667;2,4194;2,2562;3;
2013;36;FISIOTERAPIA;1927;FACULDADES INTEGRADAS DO VALE DO IGUAÇU;;Privada com fins lucrativos;Faculdade;4128203;UNIAO DA VITORIA;PR;SUL;1;56466;22;22;48,1182;2,9089;54,7818;3,2043;3,1305;4;
2013;36;FISIOTERAPIA;1939;INSTITUTO DE ENSINO SUPERIOR DE LONDRINA - INESUL;INESUL;Privada com fins lucrativos;Faculdade;4113700;LONDRINA;PR;SUL;1;90693;13;12;39,5500;1,3891;49,0500;2,5138;2,2326;3;
2013;36;FISIOTERAPIA;1961;INSTITUTO TECNOLÓGICO E DAS CIÊNCIAS SOCIAIS APLICADAS E DA SAÚDE DO CENTRO EDUC. N. SRª AUXILIADORA;ITCSAS/CENSA;Privada sem fins lucrativos;Faculdade;3301009;CAMPOS DO GOYTACAZES;RJ;SUDESTE;1;51843;15;12;48,7000;3,0121;48,8583;2,4907;2,6210;3;
2013;36;FISIOTERAPIA;1986;FACULDADE ESTÁCIO DE SÁ DE JUIZ DE FORA;FESJF;Privada com fins lucrativos;Faculdade;3136702;JUIZ DE FORA;MG;SUDESTE;1;71869;23;12;50,7333;3,3727;48,2000;2,4114;2,6517;3;
2013;36;FISIOTERAPIA;1996;INSTITUTO CUIABÁ DE ENSINO E CULTURA;ICEC;Privada sem fins lucrativos;Faculdade;5103403;CUIABA;MT;CENTRO-OESTE;1;59116;7;5;47,8600;2,8631;39,5400;1,3680;1,7418;2;
2013;36;FISIOTERAPIA;2005;FACULDADE DE CIÊNCIAS SOCIAIS APLICADAS DE SINOP;FACISAS;Privada com fins lucrativos;Faculdade;5107909;SINOP;MT;CENTRO-OESTE;1;89780;23;21;43,5143;2,0923;43,4381;1,8376;1,9013;2;
2013;36;FISIOTERAPIA;2009;FACULDADE DE TAQUARITINGA;FTGA;Privada sem fins lucrativos;Faculdade;3553708;TAQUARITINGA;SP;SUDESTE;1;58864;9;9;43,6000;2,1075;32,0222;0,4622;0,8735;1;
2013;36;FISIOTERAPIA;2023;FACULDADE DE GUANAMBI;;Privada com fins lucrativos;Faculdade;2911709;GUANAMBI;BA;NORDESTE;1;100093;3;2;26,2500;0,0000;36,9500;1,0559;0,7920;1;
2013;36;FISIOTERAPIA;2075;INSTITUTO DE ENSINO SUPERIOR DE ALAGOAS;IESA;Privada sem fins lucrativos;Faculdade;2704302;MACEIO;AL;NORDESTE;1;59120;12;11;31,7182;0,0000;36,5909;1,0127;0,7595;1;
2013;36;FISIOTERAPIA;2077;FACULDADE ANGLO-AMERICANO;FAA;Privada com fins lucrativos;Faculdade;4108304;FOZ DO IGUACU;PR;SUL;1;56803;12;11;47,0364;2,7170;56,7091;3,4366;3,2567;4;
2013;36;FISIOTERAPIA;2082;FACULDADE DE CIÊNCIAS MÉDICAS DA PARAÍBA;FCM-PB;Privada com fins lucrativos;Faculdade;2507507;JOAO PESSOA;PB;NORDESTE;1;57108;32;32;46,0344;2,5393;48,6000;2,4596;2,4795;3;
2013;36;FISIOTERAPIA;2085;INSTITUTO BAIANO DE ENSINO SUPERIOR;IBES;Privada sem fins lucrativos;Faculdade;2927408;SALVADOR;BA;NORDESTE;1;59126;7;6;36,4000;0,8304;54,1833;3,1322;2,5568;3;
2013;36;FISIOTERAPIA;2111;INSTITUTO SUPERIOR DE TEOLOGIA APLICADA;INTA;Privada sem fins lucrativos;Faculdade;2312908;SOBRAL;CE;NORDESTE;1;108688;107;102;48,0422;2,8954;44,1951;1,9288;2,1705;3;
2013;36;FISIOTERAPIA;2122;Estácio FASE - Faculdade Estácio de Sergipe;Estácio FASE;Privada com fins lucrativos;Faculdade;2800308;ARACAJU;SE;NORDESTE;1;107658;23;20;35,7550;0,7160;44,8400;2,0065;1,6839;2;
2013;36;FISIOTERAPIA;2132;FACULDADE BARÃO DO RIO BRANCO;FAB;Privada com fins lucrativos;Faculdade;1200401;RIO BRANCO;AC;NORTE;1;98059;47;38;35,5105;0,6727;40,9684;1,5401;1,3232;2;
2013;36;FISIOTERAPIA;2135;FACULDADE CATÓLICA RAINHA DO SERTÃO;FCRS;Privada sem fins lucrativos;Faculdade;2311306;QUIXADA;CE;NORDESTE;1;71597;13;13;41,7692;1,7828;38,9692;1,2992;1,4201;2;
2013;36;FISIOTERAPIA;2147;FACULDADE METROPOLITANA DE MANAUS;FAMETRO;Privada com fins lucrativos;Faculdade;1302603;MANAUS;AM;NORTE;1;98746;14;13;39,2846;1,3421;49,7385;2,5967;2,2831;3;
2013;36;FISIOTERAPIA;2150;FACULDADE DO PIAUÍ;FAPI;Privada sem fins lucrativos;Faculdade;2211001;TERESINA;PI;NORDESTE;1;98766;16;16;50,4250;3,3180;40,4625;1,4791;1,9389;2;
2013;36;FISIOTERAPIA;2158;FACULDADE SANTA MARIA;FSM;Privada com fins lucrativos;Faculdade;2503704;CAJAZEIRAS;PB;NORDESTE;1;81351;39;37;42,0108;1,8256;44,7108;1,9910;1,9496;3;
2013;36;FISIOTERAPIA;2168;FACULDADE CAMPO GRANDE;FCG;Privada sem fins lucrativos;Faculdade;5002704;CAMPO GRANDE;MS;CENTRO-OESTE;1;59094;8;8;56,6375;4,4200;56,3000;3,3873;3,6454;4;
2013;36;FISIOTERAPIA;2244;FACULDADE DA CIDADE DE MACEIÓ;FACIMA;Privada sem fins lucrativos;Faculdade;2704302;MACEIO;AL;NORDESTE;1;99619;5;5;39,1800;1,3235;44,6600;1,9849;1,8195;2;
2013;36;FISIOTERAPIA;2279;FACULDADE INTEGRADA METROPOLITANA DE CAMPINAS;METROCAMP;Privada com fins lucrativos;Faculdade;3509502;CAMPINAS;SP;SUDESTE;1;58999;22;21;42,7714;1,9605;48,9905;2,5066;2,3701;3;
2013;36;FISIOTERAPIA;2336;FACULDADE MONTES BELOS;FMB;Privada com fins lucrativos;Faculdade;5220108;SAO LUIS DE MONTES BELOS;GO;CENTRO-OESTE;1;96363;24;21;40,1571;1,4968;48,8238;2,4865;2,2391;3;
2013;36;FISIOTERAPIA;2362;FACULDADE DE CIÊNCIAS MÉDICAS DE CAMPINA GRANDE;FCM;Privada com fins lucrativos;Faculdade;2504009;CAMPINA GRANDE;PB;NORDESTE;1;80871;29;29;45,9931;2,5320;52,2000;2,8933;2,8030;3;
2013;36;FISIOTERAPIA;2409;FACULDADE ASCES;ASCES;Privada sem fins lucrativos;Faculdade;2604106;CARUARU;PE;NORDESTE;1;67261;68;64;49,9344;3,2310;53,0031;2,9900;3,0503;4;
2013;36;FISIOTERAPIA;2420;FACULDADE PARANAENSE;FAPAR;Privada sem fins lucrativos;Faculdade;4106902;CURITIBA;PR;SUL;1;5000215;16;15;43,9200;2,1642;47,7133;2,3527;2,3056;3;
2013;36;FISIOTERAPIA;2470;INSTITUTO SALVADOR DE ENSINO E CULTURA;ISEC;Privada sem fins lucrativos;Faculdade;2927408;SALVADOR;BA;NORDESTE;1;99615;9;9;45,6778;2,4760;51,7444;2,8384;2,7478;3;
2013;36;FISIOTERAPIA;2494;FACULDADE DE PINDAMONHANGABA;FAPI;Privada sem fins lucrativos;Faculdade;3538006;PINDAMONHANGABA;SP;SUDESTE;1;71589;32;32;50,0656;3,2543;57,7031;3,5563;3,4808;4;
2013;36;FISIOTERAPIA;2501;FACULDADE ESTÁCIO DE SÁ DE GOIÁS;FESGO;Privada com fins lucrativos;Faculdade;5208707;GOIANIA;GO;CENTRO-OESTE;1;97217;31;15;44,3067;2,2328;43,4133;1,8347;1,9342;2;
2013;36;FISIOTERAPIA;2565;ABEU - CENTRO UNIVERSITÁRIO;UNIABEU;Privada sem fins lucrativos;Centro Universitário;3300456;BELFORD ROXO;RJ;SUDESTE;1;56095;14;11;39,4273;1,3674;32,6545;0,5384;0,7457;1;
2013;36;FISIOTERAPIA;2568;FACULDADE ZACARIAS DE GÓES;FAZAG;Privada com fins lucrativos;Faculdade;2932903;VALENCA;BA;NORDESTE;1;109320;57;25;44,4320;2,2551;41,1480;1,5617;1,7351;2;
2013;36;FISIOTERAPIA;2571;FACULDADE REDENTOR;FACREDENTOR;Privada sem fins lucrativos;Faculdade;3302205;ITAPERUNA;RJ;SUDESTE;1;90430;18;17;51,2059;3,4566;55,5765;3,3001;3,3392;4;
2013;36;FISIOTERAPIA;2581;FACULDADE SÃO SALVADOR;FSS;Privada com fins lucrativos;Faculdade;2927408;SALVADOR;BA;NORDESTE;1;104494;27;23;42,3130;1,8792;41,1000;1,5559;1,6368;2;
2013;36;FISIOTERAPIA;2651;FACULDADE TAMANDARÉ;FAT;Privada sem fins lucrativos;Faculdade;5208707;GOIANIA;GO;CENTRO-OESTE;1;73697;17;14;33,9000;0,3870;28,1857;0,0000;0,0967;1;
2013;36;FISIOTERAPIA;2745;ESCOLA SUPERIOR DA AMAZÔNIA;ESAMAZ;Privada com fins lucrativos;Faculdade;1501402;BELEM;PA;NORTE;1;97097;31;4;36,8750;0,9147;36,6500;1,0198;0,9935;2;
2013;36;FISIOTERAPIA;2773;FACULDADE DE MACAPÁ;FAMA;Privada sem fins lucrativos;Faculdade;1600303;MACAPA;AP;NORTE;1;85086;32;14;43,6143;2,1100;40,9286;1,5353;1,6790;2;
2013;36;FISIOTERAPIA;2774;Centro Universitário UNIFAFIBE;FAFIBE;Privada sem fins lucrativos;Centro Universitário;3506102;BEBEDOURO;SP;SUDESTE;1;47615;46;46;49,0478;3,0738;51,4174;2,7990;2,8677;3;
2013;36;FISIOTERAPIA;2835;CENTRO UNIVERSITÁRIO MAURÍCIO DE NASSAU;UNINASSAU;Privada com fins lucrativos;Centro Universitário;2611606;RECIFE;PE;NORDESTE;1;74312;197;152;38,3947;1,1842;44,0961;1,9169;1,7337;2;
2013;36;FISIOTERAPIA;2843;FACULDADE DE CIÊNCIAS MÉDICAS E DA SAÚDE DE JUIZ DE FORA;FCMS/JF;Privada com fins lucrativos;Faculdade;3136702;JUIZ DE FORA;MG;SUDESTE;1;59758;16;16;51,0125;3,4223;59,5563;3,7796;3,6902;4;
2013;36;FISIOTERAPIA;2915;FACULDADE CIDADE DE PATOS DE MINAS;FPM;Privada sem fins lucrativos;Faculdade;3148004;PATOS DE MINAS;MG;SUDESTE;1;84666;15;13;40,3615;1,5331;42,4923;1,7237;1,6760;2;
2013;36;FISIOTERAPIA;2944;FACULDADE DO SUL;FACSUL;Privada com fins lucrativos;Faculdade;2914802;ITABUNA;BA;NORDESTE;1;94258;80;52;47,7692;2,8470;50,4923;2,6875;2,7274;3;
2013;36;FISIOTERAPIA;2973;FACULDADE DE CIÊNCIAS HUMANAS E BIOLÓGICAS E DA SAÚDE;;Privada com fins lucrativos;Faculdade;5107040;PRIMAVERA DO LESTE;MT;CENTRO-OESTE;1;79932;16;14;46,7929;2,6738;44,6786;1,9871;2,1588;3;
2013;36;FISIOTERAPIA;3034;FACULDADE DELTA;FACDELTA;Privada com fins lucrativos;Faculdade;2927408;SALVADOR;BA;NORDESTE;1;97932;81;56;41,1804;1,6783;41,8500;1,6463;1,6543;2;
2013;36;FISIOTERAPIA;3151;UNIVERSIDADE COMUNITÁRIA DA REGIÃO DE CHAPECÓ;UNOCHAPECÓ;Privada sem fins lucrativos;Universidade;4204202;CHAPECO;SC;SUL;1;73662;41;39;45,0256;2,3604;51,3974;2,7966;2,6875;3;
2013;36;FISIOTERAPIA;3163;INSTITUTO FEDERAL DE EDUCAÇÃO, CIÊNCIA E TECNOLOGIA DO RIO DE JANEIRO;IFRJ;Pública Federal;Ifet/Cefet;3304557;RIO DE JANEIRO;RJ;SUDESTE;1;121007;24;22;49,8818;3,2217;55,1045;3,2432;3,2378;4;
2013;36;FISIOTERAPIA;3193;FACULDADES INTEGRADAS DOS CAMPOS GERAIS;CESCAGE;Privada com fins lucrativos;Faculdade;4119905;PONTA GROSSA;PR;SUL;1;51854;19;19;46,2053;2,5696;53,2526;3,0201;2,9075;3;
2013;36;FISIOTERAPIA;3205;FACULDADE DE CIÊNCIAS BIOLÓGICAS E DA SAÚDE;FACISA;Privada com fins lucrativos;Faculdade;3171303;VICOSA;MG;SUDESTE;1;73978;9;8;38,6375;1,2273;59,3750;3,7577;3,1251;4;
2013;36;FISIOTERAPIA;3285;FACULDADE SANTO ANTONIO;FSA;Privada com fins lucrativos;Faculdade;2900702;ALAGOINHAS;BA;NORDESTE;1;101131;24;23;41,1739;1,6772;40,4000;1,4716;1,5230;2;
2013;36;FISIOTERAPIA;3304;FACULDADES INTEGRADAS DE PATOS;FIP;Privada sem fins lucrativos;Faculdade;2510808;PATOS;PB;NORDESTE;1;94327;38;38;44,6447;2,2928;49,9289;2,6197;2,5379;3;
2013;36;FISIOTERAPIA;3319;FACULDADE DE ENSINO SUPERIOR DE CATALÃO;FACULDADE CESUC;Privada com fins lucrativos;Faculdade;5205109;CATALAO;GO;CENTRO-OESTE;1;98071;56;47;43,0447;2,0090;40,6851;1,5060;1,6317;2;
2013;36;FISIOTERAPIA;3372;CENTRO UNIVERSITÁRIO DE LAVRAS;UNILAVRAS;Privada sem fins lucrativos;Centro Universitário;3138203;LAVRAS;MG;SUDESTE;1;5284;3;2;52,4000;3,6684;40,6000;1,4957;2,0389;3;
2013;36;FISIOTERAPIA;3400;FACULDADE DE SAÚDE DE SÃO PAULO;FASSP;Privada com fins lucrativos;Faculdade;3537305;PENAPOLIS;SP;SUDESTE;1;82662;8;5;46,2000;2,5687;35,7000;0,9053;1,3212;2;
2013;36;FISIOTERAPIA;3432;FACULDADES INTEGRADAS DE CIÊNCIAS HUMANAS, SAÚDE E EDUCAÇÃO DE GUARULHOS;FG;Privada sem fins lucrativos;Faculdade;3518800;GUARULHOS;SP;SUDESTE;1;14853;4;4;37,1250;0,9590;43,8750;1,8903;1,6575;2;
2013;36;FISIOTERAPIA;3459;INSTITUTO DE ENSINO SUPERIOR E PESQUISA;INESP;Privada sem fins lucrativos;Faculdade;3122306;DIVINOPOLIS;MG;SUDESTE;1;63978;6;5;41,1000;1,6641;36,0400;0,9463;1,1257;2;
2013;36;FISIOTERAPIA;3588;FACULDADE DOM PEDRO II;FDPII;Privada com fins lucrativos;Faculdade;2927408;SALVADOR;BA;NORDESTE;1;108696;57;46;41,0304;1,6517;44,6609;1,9850;1,9016;2;
2013;36;FISIOTERAPIA;3602;FACULDADES INTEGRADAS DO BRASIL;FACBRASIL;Privada com fins lucrativos;Faculdade;4106902;CURITIBA;PR;SUL;1;89482;29;29;43,6897;2,1234;53,2828;3,0237;2,7987;3;
2013;36;FISIOTERAPIA;3615;FACULDADE PERNAMBUCANA DE SAÚDE;FPS;Privada sem fins lucrativos;Faculdade;2611606;RECIFE;PE;NORDESTE;1;107854;42;41;37,6488;1,0519;45,6293;2,1016;1,8392;2;
2013;36;FISIOTERAPIA;3618;FACULDADE MARIO SCHENBERG;FMS;Privada com fins lucrativos;Faculdade;3513009;COTIA;SP;SUDESTE;1;86623;12;11;47,5000;2,7992;49,3091;2,5450;2,6085;3;
2013;36;FISIOTERAPIA;3797;FACULDADE GUAIRACÁ;FAG;Privada com fins lucrativos;Faculdade;4109401;GUARAPUAVA;PR;SUL;1;107286;59;44;43,2955;2,0535;43,4159;1,8350;1,8896;2;
2013;36;FISIOTERAPIA;3840;CENTRO UNIVERSITÁRIO FACVEST;FACVEST;Privada com fins lucrativos;Centro Universitário;4209300;LAGES;SC;SUL;1;90732;25;25;52,5040;3,6868;50,1880;2,6509;2,9099;3;
2013;36;FISIOTERAPIA;3875;CENTRO UNIVERSITÁRIO DA FUNDAÇÃO EDUCACIONAL GUAXUPÉ;UNIFEG;Privada sem fins lucrativos;Centro Universitário;3128709;GUAXUPE;MG;SUDESTE;1;88977;22;21;45,4238;2,4310;50,2524;2,6586;2,6017;3;
2013;36;FISIOTERAPIA;3879;FACULDADE MAURÍCIO DE NASSAU DE CAMPINA GRANDE;FMN CG;Privada com fins lucrativos;Faculdade;2504009;CAMPINA GRANDE;PB;NORDESTE;1;120641;77;73;42,9096;1,9850;45,1164;2,0398;2,0261;3;
2013;36;FISIOTERAPIA;3930;INSTITUTO DE EDUCAÇÃO SUPERIOR RAIMUNDO SÁ;IESRSA;Privada com fins lucrativos;Faculdade;2208007;PICOS;PI;NORDESTE;1;118704;41;40;45,5925;2,4609;43,4600;1,8403;1,9954;3;
2013;36;FISIOTERAPIA;3974;UNIVERSIDADE DE RIO VERDE;FESURV;Pública Municipal;Universidade;5218805;RIO VERDE;GO;CENTRO-OESTE;1;51289;5;3;47,2667;2,7578;50,2000;2,6523;2,6787;3;
2013;36;FISIOTERAPIA;3983;CENTRO UNIVERSITÁRIO DE FORMIGA;UNIFORMG;Privada sem fins lucrativos;Centro Universitário;3126109;FORMIGA;MG;SUDESTE;1;81268;1;1;.;.;.;.;.;SC;
2013;36;FISIOTERAPIA;3987;FACULDADE UNIÃO DE GOYAZES;FUG;Privada com fins lucrativos;Faculdade;5221403;TRINDADE;GO;CENTRO-OESTE;1;105172;18;18;47,1500;2,7372;42,5111;1,7260;1,9788;3;
2013;36;FISIOTERAPIA;4010;CENTRO UNIVERSITÁRIO METODISTA;IPA;Privada sem fins lucrativos;Centro Universitário;4314902;PORTO ALEGRE;RS;SUL;1;9018;126;119;43,2538;2,0461;54,2277;3,1376;2,8647;3;
2013;36;FISIOTERAPIA;4017;CENTRO UNIVERSITÁRIO PADRE ANCHIETA;UNIANCHIETA;Privada com fins lucrativos;Centro Universitário;3525904;JUNDIAI;SP;SUDESTE;1;88658;57;55;46,0109;2,5351;47,8491;2,3691;2,4106;3;
2013;36;FISIOTERAPIA;4037;FACULDADE DE TECNOLOGIA INTENSIVA;FATECI;Privada com fins lucrativos;Faculdade;2304400;FORTALEZA;CE;NORDESTE;1;99786;24;21;41,9381;1,8127;40,4143;1,4733;1,5582;2;
2013;36;FISIOTERAPIA;4197;FACULDADE ALIANÇA;FACE;Privada com fins lucrativos;Faculdade;2211001;TERESINA;PI;NORDESTE;1;117956;11;9;43,6111;2,1095;45,7111;2,1115;2,1110;3;
2013;36;FISIOTERAPIA;4198;FACULDADE MINEIRENSE;FAMA;Privada com fins lucrativos;Faculdade;5213103;MINEIROS;GO;CENTRO-OESTE;1;103508;20;20;49,1900;3,0990;52,3350;2,9096;2,9569;4;
2013;36;FISIOTERAPIA;4256;FACULDADES INTEGRADAS PITÁGORAS;FIP-MOC;Privada com fins lucrativos;Faculdade;3143302;MONTES CLAROS;MG;SUDESTE;1;46178;11;9;52,7667;3,7334;40,6556;1,5024;2,0601;3;
2013;36;FISIOTERAPIA;4362;FACULDADE PITÁGORAS DE BETIM;PITÁGORAS-BETIM;Privada com fins lucrativos;Faculdade;3106705;BETIM;MG;SUDESTE;1;101114;5;5;49,0200;3,0688;42,0600;1,6716;2,0209;3;
2013;36;FISIOTERAPIA;4522;CENTRO UNIVERSITÁRIO CATÓLICO SALESIANO AUXILIUM;UNISALESIANO;Privada sem fins lucrativos;Centro Universitário;3527108;LINS;SP;SUDESTE;1;109978;3;3;43,7333;2,1311;45,2333;2,0539;2,0732;3;
2013;36;FISIOTERAPIA;4530;FACULDADE INTEGRADA TIRADENTES;FITS;Privada com fins lucrativos;Faculdade;2704302;MACEIO;AL;NORDESTE;1;114604;18;18;46,0222;2,5371;49,7944;2,6035;2,5869;3;
2013;36;FISIOTERAPIA;4566;ESTÁCIO FATERN - FACULDADE ESTÁCIO DO RIO GRANDE DO NORTE;ESTÁCIO FATERN;Privada com fins lucrativos;Faculdade;2408102;NATAL;RN;NORDESTE;1;106826;88;84;43,8560;2,1529;45,4667;2,0820;2,0998;3;
2013;36;FISIOTERAPIA;4613;FACULDADE DE EDUCAÇÃO E MEIO AMBIENTE;FAEMA;Privada com fins lucrativos;Faculdade;1100023;ARIQUEMES;RO;NORTE;1;104312;3;0;.;.;.;.;.;SC;
2013;36;FISIOTERAPIA;4655;FACULDADE ANHANGÜERA DE SOROCABA;FSO;Privada com fins lucrativos;Faculdade;3552205;SOROCABA;SP;SUDESTE;1;104846;84;0;.;.;.;.;.;SC;
2013;36;FISIOTERAPIA;4656;FACULDADE ANHANGÜERA DE PIRACICABA;;Privada com fins lucrativos;Faculdade;3538709;PIRACICABA;SP;SUDESTE;1;104851;9;5;47,7800;2,8489;38,9600;1,2981;1,6858;2;
2013;36;FISIOTERAPIA;5318;FACULDADE GUILHERME GUIMBALA;FGG;Privada sem fins lucrativos;Faculdade;4209102;JOINVILLE;SC;SUL;1;6737;58;55;44,2891;2,2297;45,7727;2,1189;2,1466;3;
2013;36;FISIOTERAPIA;5322;FUNDAÇÃO UNIVERSIDADE FEDERAL DO PAMPA - UNIPAMPA;UNIPAMPA;Pública Federal;Universidade;4322400;URUGUAIANA;RS;SUL;1;103461;39;37;50,2811;3,2925;56,3405;3,3921;3,3672;4;
2013;36;FISIOTERAPIA;5439;FACULDADES INTEGRADAS DA UNIÃO EDUCACIONAL DO PLANALTO CENTRAL - FACIPLAC;FACIPLAC;Privada com fins lucrativos;Faculdade;5300108;BRASILIA;DF;CENTRO-OESTE;1;15650;34;32;44,6281;2,2898;49,2125;2,5333;2,4725;3;
2013;36;FISIOTERAPIA;5520;FACULDADE CATHEDRAL;FACES;Privada com fins lucrativos;Faculdade;1400100;BOA VISTA;RR;NORTE;1;67588;16;16;34,0438;0,4125;50,6125;2,7020;2,1296;3;
2013;36;FISIOTERAPIA;5550;FACULDADE ANHANGUERA DE ANÁPOLIS;FAAA;Privada com fins lucrativos;Faculdade;5201108;ANAPOLIS;GO;CENTRO-OESTE;1;69302;4;0;.;.;.;.;.;SC;
2013;36;FISIOTERAPIA;5670;FACULDADES UNIDAS DO VALE DO ARAGUAIA;UNIVAR;Privada sem fins lucrativos;Faculdade;5101803;BARRA DO GARCAS;MT;CENTRO-OESTE;1;111910;42;38;43,4237;2,0762;40,2474;1,4532;1,6090;2;
2013;36;FISIOTERAPIA;14156;Faculdade Presidente Antônio Carlos de Teófilo Otoni;FUNEES Teófilo Otoni;Privada sem fins lucrativos;Faculdade;3168606;TEOFILO OTONI;MG;SUDESTE;1;91987;34;34;43,4853;2,0871;43,1441;1,8022;1,8734;2;
2013;36;FISIOTERAPIA;15015;Universidade Estadual do Norte do Paraná;UENP;Pública Estadual;Universidade;4111803;JACAREZINHO;PR;SUL;1;66655;50;48;50,0979;3,2600;54,1729;3,1310;3,1632;4;
2013;36;FISIOTERAPIA;15032;UNIVERSIDADE ALTO VALE DO RIO DO PEIXE;UNIARP;Privada sem fins lucrativos;Universidade;4203006;CACADOR;SC;SUL;1;65977;7;7;33,2857;0,2780;37,5714;1,1308;0,9176;1;
2013;36;FISIOTERAPIA;15357;Faculdade Presidente Antônio Carlos de Ubá;;Privada sem fins lucrativos;Faculdade;3169901;UBA;MG;SUDESTE;1;71433;15;15;52,7133;3,7239;48,5133;2,4491;2,7678;3;
2013;36;FISIOTERAPIA;15452;Faculdade Presidente Antônio Carlos de Bom Despacho;;Privada sem fins lucrativos;Faculdade;3107406;BOM DESPACHO;MG;SUDESTE;1;59367;14;12;51,1583;3,4481;50,5667;2,6965;2,8844;3;
2013;38;SERVIÇO SOCIAL;1;UNIVERSIDADE FEDERAL DE MATO GROSSO;UFMT;Pública Federal;Universidade;5103403;CUIABA;MT;CENTRO-OESTE;1;7;139;118;44,2195;2,9831;52,3322;3,6838;3,5086;4;
2013;38;SERVIÇO SOCIAL;2;UNIVERSIDADE DE BRASÍLIA;UNB;Pública Federal;Universidade;5300108;BRASILIA;DF;CENTRO-OESTE;2;126 - 1138344;48;42;37,7738;2,0897;54,7810;3,9539;3,4879;4;
2013;38;SERVIÇO SOCIAL;3;UNIVERSIDADE FEDERAL DE SERGIPE;UFS;Pública Federal;Universidade;2806701;SAO CRISTOVAO;SE;NORDESTE;2;309 - 64064;73;61;35,5164;1,7768;47,0836;3,1048;2,7728;3;
2013;38;SERVIÇO SOCIAL;4;UNIVERSIDADE FEDERAL DO AMAZONAS;UFAM;Pública Federal;Universidade;1302603;MANAUS;AM;NORTE;1;377;70;57;51,1632;3,9456;56,0333;4,0921;4,0555;5;
2013;38;SERVIÇO SOCIAL;4;UNIVERSIDADE FEDERAL DO AMAZONAS;UFAM;Pública Federal;Universidade;1303403;PARINTINS;AM;NORTE;1;112098;43;39;49,4641;3,7101;48,5385;3,2653;3,3765;4;
2013;38;SERVIÇO SOCIAL;5;UNIVERSIDADE FEDERAL DO PIAUÍ;UFPI;Pública Federal;Universidade;2211001;TERESINA;PI;NORDESTE;1;497;52;40;58,7700;5,0000;66,0850;5,0000;5,0000;5;
2013;38;SERVIÇO SOCIAL;6;UNIVERSIDADE FEDERAL DE OURO PRETO;UFOP;Pública Federal;Universidade;3140001;MARIANA;MG;SUDESTE;1;121669;24;22;49,6227;3,7321;55,0136;3,9796;3,9177;4;
2013;38;SERVIÇO SOCIAL;9;UNIVERSIDADE ESTADUAL DE LONDRINA;UEL;Pública Estadual;Universidade;4113700;LONDRINA;PR;SUL;2;762 - 42508;69;59;27,9000;0,7210;36,4780;1,9349;1,6314;2;
2013;38;SERVIÇO SOCIAL;10;PONTIFÍCIA UNIVERSIDADE CATÓLICA DO PARANÁ;PUCPR;Privada sem fins lucrativos;Universidade;4106902;CURITIBA;PR;SUL;1;859;37;33;46,1394;3,2492;55,2000;4,0002;3,8124;4;
2013;38;SERVIÇO SOCIAL;11;UNIVERSIDADE CATÓLICA DE PERNAMBUCO;UNICAP;Privada sem fins lucrativos;Universidade;2611606;RECIFE;PE;NORDESTE;1;957;21;19;37,6737;2,0758;46,2368;3,0114;2,7775;3;
2013;38;SERVIÇO SOCIAL;13;UNIVERSIDADE DE CAXIAS DO SUL;UCS;Privada sem fins lucrativos;Universidade;4305108;CAXIAS DO SUL;RS;SUL;1;1098;45;39;27,9231;0,7242;42,7846;2,6306;2,1540;3;
2013;38;SERVIÇO SOCIAL;14;UNIVERSIDADE DO VALE DO RIO DOS SINOS;UNISINOS;Privada sem fins lucrativos;Universidade;4318705;SAO LEOPOLDO;RS;SUL;1;1242;27;25;49,5440;3,7212;57,4160;4,2446;4,1138;5;
2013;38;SERVIÇO SOCIAL;17;UNIVERSIDADE FEDERAL DE UBERLÂNDIA;UFU;Pública Federal;Universidade;3134202;ITUIUTABA;MG;SUDESTE;1;1109223;28;24;47,1958;3,3957;48,9833;3,3144;3,3347;4;
2013;38;SERVIÇO SOCIAL;18;UNIVERSIDADE CATÓLICA DE PELOTAS;UCPEL;Privada sem fins lucrativos;Universidade;4314407;PELOTAS;RS;SUL;1;1526;17;16;44,8438;3,0697;46,1500;3,0018;3,0188;4;
2013;38;SERVIÇO SOCIAL;19;PONTIFÍCIA UNIVERSIDADE CATÓLICA DE CAMPINAS;PUC-CAMPINAS;Privada sem fins lucrativos;Universidade;3509502;CAMPINAS;SP;SUDESTE;1;1650;62;55;44,4145;3,0102;49,6527;3,3882;3,2937;4;
2013;38;SERVIÇO SOCIAL;20;UNIVERSIDADE DE PASSO FUNDO;UPF;Privada sem fins lucrativos;Universidade;4314100;PASSO FUNDO;RS;SUL;1;73298;33;28;39,9750;2,3948;44,5893;2,8297;2,7209;3;
2013;38;SERVIÇO SOCIAL;21;PONTIFÍCIA UNIVERSIDADE CATÓLICA DO RIO GRANDE DO SUL;PUCRS;Privada sem fins lucrativos;Universidade;4314902;PORTO ALEGRE;RS;SUL;1;1887;21;20;43,4750;2,8799;49,1200;3,3295;3,2171;4;
2013;38;SERVIÇO SOCIAL;27;UNIVERSIDADE VALE DO RIO VERDE;UNINCOR;Privada sem fins lucrativos;Universidade;3169307;TRES CORACOES;MG;SUDESTE;1;101235;45;39;46,0590;3,2381;37,1256;2,0063;2,3143;3;
2013;38;SERVIÇO SOCIAL;29;UNIVERSIDADE ESTADUAL DO CEARÁ;UECE;Pública Estadual;Universidade;2304400;FORTALEZA;CE;NORDESTE;1;2214;263;155;29,8903;0,9969;36,6581;1,9548;1,7153;2;
2013;38;SERVIÇO SOCIAL;30;UNIVERSIDADE JOSÉ DO ROSÁRIO VELLANO;UNIFENAS;Privada sem fins lucrativos;Universidade;3111200;CAMPO BELO;MG;SUDESTE;1;102548;25;25;42,2720;2,7132;40,6760;2,3980;2,4768;3;
2013;38;SERVIÇO SOCIAL;56;UNIVERSIDADE ESTADUAL PAULISTA JÚLIO DE MESQUITA FILHO;UNESP;Pública Estadual;Universidade;3516200;FRANCA;SP;SUDESTE;1;3137;101;82;39,9378;2,3896;49,4866;3,3699;3,1248;4;
2013;38;SERVIÇO SOCIAL;71;UNIVERSIDADE DO ESTADO DO RIO GRANDE DO NORTE;UERN;Pública Estadual;Universidade;2408003;MOSSORO;RN;NORDESTE;1;3562;49;48;52,4500;4,1240;59,8521;4,5133;4,4160;5;
2013;38;SERVIÇO SOCIAL;76;UNIVERSIDADE REGIONAL DE BLUMENAU;FURB;Pública Municipal;Universidade;4202404;BLUMENAU;SC;SUL;1;3672;27;27;29,1370;0,8925;39,8704;2,3091;1,9550;3;
2013;38;SERVIÇO SOCIAL;82;UNIVERSIDADE DO OESTE DE SANTA CATARINA;UNOESC;Pública Municipal;Universidade;4217204;SAO MIGUEL D´OESTE;SC;SUL;1;51599;1;1;.;.;.;.;.;SC;
2013;38;SERVIÇO SOCIAL;138;CENTRO UNIVERSITÁRIO BARÃO DE MAUÁ;CBM;Privada sem fins lucrativos;Centro Universitário;3543402;RIBEIRAO PRETO;SP;SUDESTE;1;20622;22;21;46,6238;3,3164;47,7524;3,1786;3,2130;4;
2013;38;SERVIÇO SOCIAL;143;UNIVERSIDADE DE UBERABA;UNIUBE;Privada sem fins lucrativos;Universidade;3170107;UBERABA;MG;SUDESTE;2;20334 - 99880;2010;1775;38,6879;2,2164;30,1094;1,2323;1,4784;2;
2013;38;SERVIÇO SOCIAL;161;CENTRO UNIVERSITÁRIO ASSUNÇÃO;UNIFAI;Privada sem fins lucrativos;Centro Universitário;3550308;SAO PAULO;SP;SUDESTE;1;86640;45;41;32,5610;1,3671;31,5341;1,3895;1,3839;2;
2013;38;SERVIÇO SOCIAL;163;UNIVERSIDADE ESTÁCIO DE SÁ;UNESA;Privada com fins lucrativos;Universidade;3300704;CABO FRIO;RJ;SUDESTE;1;82817;8;6;46,2000;3,2576;44,3000;2,7978;2,9127;3;
2013;38;SERVIÇO SOCIAL;163;UNIVERSIDADE ESTÁCIO DE SÁ;UNESA;Privada com fins lucrativos;Universidade;3304557;RIO DE JANEIRO;RJ;SUDESTE;3;83413 - 110602 - 1126004;112;107;42,2635;2,7120;38,3495;2,1413;2,2840;3;
2013;38;SERVIÇO SOCIAL;165;UNIVERSIDADE VEIGA DE ALMEIDA;UVA;Privada com fins lucrativos;Universidade;3300704;CABO FRIO;RJ;SUDESTE;1;74719;21;19;50,1211;3,8012;49,0789;3,3249;3,4440;4;
2013;38;SERVIÇO SOCIAL;165;UNIVERSIDADE VEIGA DE ALMEIDA;UVA;Privada com fins lucrativos;Universidade;3304557;RIO DE JANEIRO;RJ;SUDESTE;1;5073;57;50;43,1700;2,8377;46,1580;3,0027;2,9615;4;
2013;38;SERVIÇO SOCIAL;176;UNIVERSIDADE CASTELO BRANCO;UCB;Privada sem fins lucrativos;Universidade;3304557;RIO DE JANEIRO;RJ;SUDESTE;1;5228;74;57;37,6912;2,0782;36,0754;1,8905;1,9374;2;
2013;38;SERVIÇO SOCIAL;206;CENTRO UNIVERSITÁRIO ÍTALO-BRASILEIRO;UNIÍTALO;Privada sem fins lucrativos;Centro Universitário;3550308;SAO PAULO;SP;SUDESTE;1;119234;247;215;41,1660;2,5599;35,3688;1,8125;1,9994;3;
2013;38;SERVIÇO SOCIAL;208;UNIVERSIDADE DE RIBEIRÃO PRETO;UNAERP;Privada sem fins lucrativos;Universidade;3518701;GUARUJA;SP;SUDESTE;1;79642;24;21;46,7857;3,3388;51,0333;3,5405;3,4901;4;
2013;38;SERVIÇO SOCIAL;208;UNIVERSIDADE DE RIBEIRÃO PRETO;UNAERP;Privada sem fins lucrativos;Universidade;3543402;RIBEIRAO PRETO;SP;SUDESTE;1;5613;12;11;49,0000;3,6458;35,2364;1,7979;2,2599;3;
2013;38;SERVIÇO SOCIAL;216;CENTRO UNIVERSITÁRIO METODISTA IZABELA HENDRIX;CEUNIH;Privada sem fins lucrativos;Centro Universitário;3106200;BELO HORIZONTE;MG;SUDESTE;2;109718 - 1130522;38;32;44,7000;3,0497;46,3812;3,0273;3,0329;4;
2013;38;SERVIÇO SOCIAL;221;UNIVERSIDADE CRUZEIRO DO SUL;UNICSUL;Privada com fins lucrativos;Universidade;3550308;SAO PAULO;SP;SUDESTE;2;5845 - 70452;11;11;52,9091;4,1876;53,2727;3,7876;3,8876;4;
2013;38;SERVIÇO SOCIAL;222;CENTRO UNIVERSITÁRIO DE VOTUPORANGA;UNIFEV;Privada sem fins lucrativos;Centro Universitário;3557105;VOTUPORANGA;SP;SUDESTE;1;20422;27;27;46,7593;3,3352;41,0741;2,4419;2,6652;3;
2013;38;SERVIÇO SOCIAL;227;UNIVERSIDADE CATÓLICA DE SANTOS;UNISANTOS;Privada sem fins lucrativos;Universidade;3548500;SANTOS;SP;SUDESTE;1;5962;18;14;40,7357;2,5002;42,3000;2,5771;2,5579;3;
2013;38;SERVIÇO SOCIAL;275;UNIVERSIDADE DO VALE DO PARAÍBA;UNIVAP;Privada sem fins lucrativos;Universidade;3549904;SAO JOSE DOS CAMPOS;SP;SUDESTE;1;6573;26;25;37,6600;2,0739;44,7680;2,8494;2,6555;3;
2013;38;SERVIÇO SOCIAL;277;CENTRO UNIVERSITÁRIO AUGUSTO MOTTA;UNISUAM;Privada sem fins lucrativos;Centro Universitário;3304557;RIO DE JANEIRO;RJ;SUDESTE;2;6623 - 1153683;323;253;37,9996;2,1210;39,1123;2,2255;2,1994;3;
2013;38;SERVIÇO SOCIAL;295;UNIVERSIDADE DE SANTA CRUZ DO SUL;UNISC;Privada sem fins lucrativos;Universidade;4316808;SANTA CRUZ DO SUL;RS;SUL;1;21709;12;11;45,2091;3,1203;50,6091;3,4937;3,4004;4;
2013;38;SERVIÇO SOCIAL;298;UNIVERSIDADE NORTE DO PARANÁ;UNOPAR;Privada com fins lucrativos;Universidade;4113700;LONDRINA;PR;SUL;1;97990;7144;6471;42,6851;2,7704;31,1069;1,3424;1,6994;2;
2013;38;SERVIÇO SOCIAL;316;UNIVERSIDADE NOVE DE JULHO;UNINOVE;Privada sem fins lucrativos;Universidade;3550308;SAO PAULO;SP;SUDESTE;4;112058 - 116616 - 116620 - 116622;55;50;40,5660;2,4767;40,9740;2,4309;2,4423;3;
2013;38;SERVIÇO SOCIAL;319;UNIVERSIDADE CAMILO CASTELO BRANCO;UNICASTELO;Privada sem fins lucrativos;Universidade;3515509;FERNANDOPOLIS;SP;SUDESTE;1;118586;18;15;41,3533;2,5858;29,1333;1,1247;1,4900;2;
2013;38;SERVIÇO SOCIAL;319;UNIVERSIDADE CAMILO CASTELO BRANCO;UNICASTELO;Privada sem fins lucrativos;Universidade;3550308;SAO PAULO;SP;SUDESTE;1;97267;86;63;38,5889;2,2027;40,7651;2,4078;2,3565;3;
2013;38;SERVIÇO SOCIAL;322;UNIVERSIDADE PAULISTA;UNIP;Privada sem fins lucrativos;Universidade;1302603;MANAUS;AM;NORTE;1;5000446;19;17;51,5412;3,9980;41,8118;2,5233;2,8920;3;
2013;38;SERVIÇO SOCIAL;322;UNIVERSIDADE PAULISTA;UNIP;Privada sem fins lucrativos;Universidade;3502804;ARACATUBA;SP;SUDESTE;1;115780;8;8;43,9250;2,9423;37,9000;2,0918;2,3044;3;
2013;38;SERVIÇO SOCIAL;322;UNIVERSIDADE PAULISTA;UNIP;Privada sem fins lucrativos;Universidade;3504008;ASSIS;SP;SUDESTE;1;123602;14;14;51,4143;3,9804;48,8857;3,3036;3,4728;4;
2013;38;SERVIÇO SOCIAL;322;UNIVERSIDADE PAULISTA;UNIP;Privada sem fins lucrativos;Universidade;3549805;SAO JOSE DO RIO PRETO;SP;SUDESTE;1;115786;4;4;52,5250;4,1344;45,1500;2,8915;3,2022;4;
2013;38;SERVIÇO SOCIAL;322;UNIVERSIDADE PAULISTA;UNIP;Privada sem fins lucrativos;Universidade;3550308;SAO PAULO;SP;SUDESTE;2;121093 - 1180767;309;282;47,7103;3,4670;37,1784;2,0121;2,3759;3;
2013;38;SERVIÇO SOCIAL;322;UNIVERSIDADE PAULISTA;UNIP;Privada sem fins lucrativos;Universidade;3552205;SOROCABA;SP;SUDESTE;1;115756;18;15;52,2933;4,1023;48,5800;3,2699;3,4780;4;
2013;38;SERVIÇO SOCIAL;322;UNIVERSIDADE PAULISTA;UNIP;Privada sem fins lucrativos;Universidade;5300108;BRASILIA;DF;CENTRO-OESTE;1;1180765;16;16;43,6375;2,9025;38,3563;2,1421;2,3322;3;
2013;38;SERVIÇO SOCIAL;338;PONTIFÍCIA UNIVERSIDADE CATÓLICA DE MINAS GERAIS;PUC MINAS;Privada sem fins lucrativos;Universidade;3106200;BELO HORIZONTE;MG;SUDESTE;1;7504;90;81;43,3481;2,8623;39,1161;2,2259;2,3850;3;
2013;38;SERVIÇO SOCIAL;338;PONTIFÍCIA UNIVERSIDADE CATÓLICA DE MINAS GERAIS;PUC MINAS;Privada sem fins lucrativos;Universidade;3118601;CONTAGEM;MG;SUDESTE;1;7526;38;37;48,9162;3,6341;51,7676;3,6215;3,6247;4;
2013;38;SERVIÇO SOCIAL;343;CENTRO UNIVERSITÁRIO NEWTON PAIVA;NEWTON PAIVA;Privada com fins lucrativos;Centro Universitário;3106200;BELO HORIZONTE;MG;SUDESTE;1;109349;30;3;25,0000;0,3191;14,8333;0,0000;0,0798;1;
2013;38;SERVIÇO SOCIAL;344;CENTRO UNIVERSITÁRIO UNA;UNA;Privada com fins lucrativos;Centro Universitário;3106200;BELO HORIZONTE;MG;SUDESTE;2;93394 - 98296;102;87;45,4920;3,1595;49,1023;3,3275;3,2855;4;
2013;38;SERVIÇO SOCIAL;346;INSTITUTO SUPERIOR DE CIÊNCIAS APLICADAS - ISCA;ISCA;Privada sem fins lucrativos;Faculdade;3526902;LIMEIRA;SP;SUDESTE;1;7638;22;18;40,2667;2,4352;39,5333;2,2719;2,3128;3;
2013;38;SERVIÇO SOCIAL;361;FACULDADE PAULISTA DE SERVIÇO SOCIAL DE SÃO CAETANO DO SUL;FAPSS-SCS;Privada sem fins lucrativos;Faculdade;3548807;SAO CAETANO DO SUL;SP;SUDESTE;1;7791;73;69;35,8406;1,8217;40,9681;2,4302;2,2781;3;
2013;38;SERVIÇO SOCIAL;362;FACULDADE PAULISTA DE SERVIÇO SOCIAL;FAPSS-SP.;Privada sem fins lucrativos;Faculdade;3550308;SAO PAULO;SP;SUDESTE;1;7793;85;79;31,7544;1,2553;36,0139;1,8837;1,7266;2;
2013;38;SERVIÇO SOCIAL;367;UNIVERSIDADE ESTADUAL DE MONTES CLAROS;UNIMONTES;Pública Estadual;Universidade;3143302;MONTES CLAROS;MG;SUDESTE;1;64594;57;54;45,2907;3,1316;50,9556;3,5319;3,4319;4;
2013;38;SERVIÇO SOCIAL;374;CENTRO UNIVERSITÁRIO DAS FACULDADES METROPOLITANAS UNIDAS;FMU;Privada sem fins lucrativos;Centro Universitário;3550308;SAO PAULO;SP;SUDESTE;2;7945 - 123206;161;137;38,4307;2,1807;41,2927;2,4660;2,3947;3;
2013;38;SERVIÇO SOCIAL;375;UNIVERSIDADE DE SANTO AMARO;UNISA;Privada sem fins lucrativos;Universidade;3550308;SAO PAULO;SP;SUDESTE;2;74679 - 111388;683;420;40,7612;2,5038;31,0862;1,3401;1,6310;2;
2013;38;SERVIÇO SOCIAL;376;CENTRO UNIVERSITÁRIO ANHANGUERA DE SÃO PAULO;;Privada com fins lucrativos;Centro Universitário;3550308;SAO PAULO;SP;SUDESTE;4;103132 - 1166210 - 1166760 - 1167927;89;72;45,3708;3,1427;35,9514;1,8768;2,1933;3;
2013;38;SERVIÇO SOCIAL;383;UNIVERSIDADE DA AMAZÔNIA;UNAMA;Privada com fins lucrativos;Universidade;1501402;BELEM;PA;NORTE;1;8065;32;21;33,3857;1,4814;47,9095;3,1959;2,7673;3;
2013;38;SERVIÇO SOCIAL;385;UNIVERSIDADE SALVADOR;UNIFACS;Privada com fins lucrativos;Universidade;2927408;SALVADOR;BA;NORDESTE;2;1113135 - 1258706;249;236;47,1411;3,3881;36,2610;1,9110;2,2802;3;
2013;38;SERVIÇO SOCIAL;387;UNIVERSIDADE CATÓLICA DOM BOSCO;UCDB;Privada sem fins lucrativos;Universidade;5002704;CAMPO GRANDE;MS;CENTRO-OESTE;1;8153;26;26;40,1808;2,4233;44,0654;2,7719;2,6847;3;
2013;38;SERVIÇO SOCIAL;398;UNIVERSIDADE TIRADENTES;UNIT;Privada com fins lucrativos;Universidade;2800308;ARACAJU;SE;NORDESTE;2;8259 - 98847;614;575;42,6624;2,7673;33,7431;1,6332;1,9167;2;
2013;38;SERVIÇO SOCIAL;398;UNIVERSIDADE TIRADENTES;UNIT;Privada com fins lucrativos;Universidade;2802106;ESTANCIA;SE;NORDESTE;1;100249;37;34;46,5147;3,3013;42,9500;2,6488;2,8119;3;
2013;38;SERVIÇO SOCIAL;398;UNIVERSIDADE TIRADENTES;UNIT;Privada com fins lucrativos;Universidade;2802908;ITABAIANA;SE;NORDESTE;1;100251;56;51;39,2647;2,2963;36,7471;1,9646;2,0475;3;
2013;38;SERVIÇO SOCIAL;398;UNIVERSIDADE TIRADENTES;UNIT;Privada com fins lucrativos;Universidade;2805703;PROPRIA;SE;NORDESTE;1;100253;37;34;40,6882;2,4936;37,8294;2,0840;2,1864;3;
2013;38;SERVIÇO SOCIAL;403;UNIVERSIDADE CATÓLICA DE BRASÍLIA;UCB;Privada sem fins lucrativos;Universidade;5300108;BRASILIA;DF;CENTRO-OESTE;1;87910;98;77;37,8948;2,1064;43,7636;2,7386;2,5806;3;
2013;38;SERVIÇO SOCIAL;423;UNIVERSIDADE REGIONAL INTEGRADA DO ALTO URUGUAI E DAS MISSÕES;URI;Privada sem fins lucrativos;Universidade;4308508;FREDERICO WESTPHALEN;RS;SUL;1;8838;13;13;49,5385;3,7204;38,9538;2,2080;2,5861;3;
2013;38;SERVIÇO SOCIAL;423;UNIVERSIDADE REGIONAL INTEGRADA DO ALTO URUGUAI E DAS MISSÕES;URI;Privada sem fins lucrativos;Universidade;4318903;SAO LUIZ GONZAGA;RS;SUL;1;73206;21;21;46,2762;3,2682;41,7905;2,5209;2,7077;3;
2013;38;SERVIÇO SOCIAL;426;CENTRO UNIVERSITÁRIO FRANCISCANO;UNIFRA;Privada sem fins lucrativos;Centro Universitário;4316907;SANTA MARIA;RS;SUL;1;21591;20;19;27,1474;0,6167;37,6737;2,0668;1,7043;2;
2013;38;SERVIÇO SOCIAL;437;UNIVERSIDADE PARANAENSE;UNIPAR;Privada sem fins lucrativos;Universidade;4128104;UMUARAMA;PR;SUL;1;92131;26;25;40,7800;2,5064;36,5520;1,9431;2,0839;3;
2013;38;SERVIÇO SOCIAL;441;UNIVERSIDADE DO CONTESTADO;UNC;Privada sem fins lucrativos;Universidade;4203808;CANOINHAS;SC;SUL;1;9118;11;11;35,3455;1,7531;37,1909;2,0135;1,9484;3;
2013;38;SERVIÇO SOCIAL;449;UNIVERSIDADE LUTERANA DO BRASIL;ULBRA;Privada sem fins lucrativos;Universidade;4303004;CACHOEIRA DO SUL;RS;SUL;1;38801;2;2;51,9500;4,0547;30,6500;1,2920;1,9827;3;
2013;38;SERVIÇO SOCIAL;449;UNIVERSIDADE LUTERANA DO BRASIL;ULBRA;Privada sem fins lucrativos;Universidade;4304606;CANOAS;RS;SUL;2;9276 - 117054;2316;1725;39,3815;2,3125;28,0673;1,0071;1,3334;2;
2013;38;SERVIÇO SOCIAL;449;UNIVERSIDADE LUTERANA DO BRASIL;ULBRA;Privada sem fins lucrativos;Universidade;4309209;GRAVATAI;RS;SUL;1;72859;25;23;41,3304;2,5827;40,1522;2,3402;2,4008;3;
2013;38;SERVIÇO SOCIAL;450;CENTRO UNIVERSITÁRIO LUTERANO DE JI-PARANÁ;CEULJI/ULBRA;Privada sem fins lucrativos;Centro Universitário;1100122;JI-PARANA;RO;NORTE;1;63996;21;21;37,2524;2,0174;35,6905;1,8480;1,8904;2;
2013;38;SERVIÇO SOCIAL;451;CENTRO UNIVERSITÁRIO LUTERANO DE SANTARÉM;CEULS;Privada sem fins lucrativos;Centro Universitário;1506807;SANTAREM;PA;NORTE;1;102632;28;27;45,0444;3,0975;42,6778;2,6188;2,7385;3;
2013;38;SERVIÇO SOCIAL;453;CENTRO UNIVERSITÁRIO LUTERANO DE PALMAS;CEULP;Privada sem fins lucrativos;Centro Universitário;1721000;PALMAS;TO;NORTE;1;43630;66;58;35,7776;1,8130;29,5793;1,1739;1,3336;2;
2013;38;SERVIÇO SOCIAL;457;UNIVERSIDADE ANHANGUERA DE SÃO PAULO - UNIAN-SP;UNIAN - SP;Privada com fins lucrativos;Universidade;3550308;SAO PAULO;SP;SUDESTE;1;1112778;37;35;41,3400;2,5840;35,7686;1,8566;2,0385;3;
2013;38;SERVIÇO SOCIAL;472;UNIVERSIDADE DO GRANDE RIO PROFESSOR JOSÉ DE SOUZA HERDY;UNIGRANRIO;Privada sem fins lucrativos;Universidade;3301702;DUQUE DE CAXIAS;RJ;SUDESTE;1;70802;119;109;45,0110;3,0928;50,2376;3,4528;3,3628;4;
2013;38;SERVIÇO SOCIAL;481;UNIVERSIDADE GUARULHOS;UNG;Privada sem fins lucrativos;Universidade;3518800;GUARULHOS;SP;SUDESTE;1;90497;101;96;44,7792;3,0607;40,9760;2,4311;2,5885;3;
2013;38;SERVIÇO SOCIAL;481;UNIVERSIDADE GUARULHOS;UNG;Privada sem fins lucrativos;Universidade;3523107;ITAQUAQUECETUBA;SP;SUDESTE;1;110452;66;62;44,1548;2,9742;42,6113;2,6115;2,7021;3;
2013;38;SERVIÇO SOCIAL;489;CENTRO UNIVERSITÁRIO DE VOLTA REDONDA;UNIFOA;Privada sem fins lucrativos;Centro Universitário;3306305;VOLTA REDONDA;RJ;SUDESTE;1;45494;43;43;44,2605;2,9888;47,0140;3,0971;3,0701;4;
2013;38;SERVIÇO SOCIAL;494;UNIVERSIDADE DO SUL DE SANTA CATARINA;UNISUL;Privada sem fins lucrativos;Universidade;4211900;PALHOCA;SC;SUL;1;67527;31;28;48,3071;3,5497;46,4500;3,0349;3,1636;4;
2013;38;SERVIÇO SOCIAL;494;UNIVERSIDADE DO SUL DE SANTA CATARINA;UNISUL;Privada sem fins lucrativos;Universidade;4218707;TUBARAO;SC;SUL;1;10057;1;1;.;.;.;.;.;SC;
2013;38;SERVIÇO SOCIAL;501;ESCOLA SUPERIOR DE CIÊNCIAS DA SANTA CASA DE MISERICÓRDIA DE VITÓRIA;EMESCAM;Privada sem fins lucrativos;Faculdade;3205309;VITORIA;ES;SUDESTE;1;54979;50;47;28,9234;0,8629;31,9766;1,4383;1,2945;2;
2013;38;SERVIÇO SOCIAL;515;CENTRO UNIVERSITÁRIO ANHANGUERA DE NITERÓI;UNIAN;Privada com fins lucrativos;Centro Universitário;3303302;NITEROI;RJ;SUDESTE;1;69434;152;116;29,0353;0,8784;30,9276;1,3226;1,2116;2;
2013;38;SERVIÇO SOCIAL;519;UNIVERSIDADE CATÓLICA DO SALVADOR;UCSAL;Privada sem fins lucrativos;Universidade;2927408;SALVADOR;BA;NORDESTE;1;10501;134;120;37,4533;2,0453;40,6117;2,3909;2,3045;3;
2013;38;SERVIÇO SOCIAL;527;PONTIFÍCIA UNIVERSIDADE CATÓLICA DE GOIÁS;PUC GOIÁS;Privada sem fins lucrativos;Universidade;5208707;GOIANIA;GO;CENTRO-OESTE;1;10798;209;197;36,8096;1,9560;38,9797;2,2109;2,1472;3;
2013;38;SERVIÇO SOCIAL;528;PONTIFÍCIA UNIVERSIDADE CATÓLICA DO RIO DE JANEIRO;PUC-RIO;Privada sem fins lucrativos;Universidade;3304557;RIO DE JANEIRO;RJ;SUDESTE;1;10873;59;50;46,0100;3,2313;48,9780;3,3138;3,2932;4;
2013;38;SERVIÇO SOCIAL;532;UNIVERSIDADE REGIONAL DO NOROESTE DO ESTADO DO RIO GRANDE DO SUL;UNIJUI;Privada sem fins lucrativos;Universidade;4310207;IJUI;RS;SUL;1;67029;11;11;49,2273;3,6773;50,6818;3,5018;3,5456;4;
2013;38;SERVIÇO SOCIAL;546;PONTIFÍCIA UNIVERSIDADE CATÓLICA DE SÃO PAULO;PUCSP;Privada sem fins lucrativos;Universidade;3550308;SAO PAULO;SP;SUDESTE;1;11222;86;59;41,8237;2,6510;49,4949;3,3708;3,1909;4;
2013;38;SERVIÇO SOCIAL;547;UNIVERSIDADE DO ESTADO DO RIO DE JANEIRO;UERJ;Pública Estadual;Universidade;3304557;RIO DE JANEIRO;RJ;SUDESTE;1;11313;117;106;22,6981;0,0000;27,4406;0,9379;0,7035;1;
2013;38;SERVIÇO SOCIAL;548;UNIVERSIDADE FEDERAL DO MARANHÃO;UFMA;Pública Federal;Universidade;2111300;SAO LUIS;MA;NORDESTE;1;11434;33;20;26,2700;0,4951;30,9200;1,3218;1,1151;2;
2013;38;SERVIÇO SOCIAL;550;UNIVERSIDADE ESTADUAL DA PARAÍBA;UEPB;Pública Estadual;Universidade;2504009;CAMPINA GRANDE;PB;NORDESTE;1;11606;122;101;40,1743;2,4224;47,6030;3,1621;2,9772;4;
2013;38;SERVIÇO SOCIAL;569;UNIVERSIDADE FEDERAL DO PARÁ;UFPA;Pública Federal;Universidade;1501402;BELEM;PA;NORTE;1;11998;19;12;33,0250;1,4314;50,8250;3,5175;2,9960;4;
2013;38;SERVIÇO SOCIAL;569;UNIVERSIDADE FEDERAL DO PARÁ;UFPA;Pública Federal;Universidade;1501808;BREVES;PA;NORTE;1;115011;40;37;56,6649;4,7082;59,5730;4,4826;4,5390;5;
2013;38;SERVIÇO SOCIAL;570;UNIVERSIDADE FEDERAL DO RIO GRANDE DO NORTE;UFRN;Pública Federal;Universidade;2408102;NATAL;RN;NORDESTE;1;12325;105;100;40,0400;2,4038;55,5180;4,0352;3,6274;4;
2013;38;SERVIÇO SOCIAL;571;UNIVERSIDADE FEDERAL DO PARANÁ;UFPR;Pública Federal;Universidade;4115705;MATINHOS;PR;SUL;1;102296;47;36;26,5611;0,5355;29,4000;1,1541;0,9994;2;
2013;38;SERVIÇO SOCIAL;572;UNIVERSIDADE FEDERAL FLUMINENSE;UFF;Pública Federal;Universidade;3301009;CAMPOS DO GOYTACAZES;RJ;SUDESTE;1;12696;63;56;20,4786;0,0000;22,0250;0,3405;0,2554;1;
2013;38;SERVIÇO SOCIAL;572;UNIVERSIDADE FEDERAL FLUMINENSE;UFF;Pública Federal;Universidade;3303302;NITEROI;RJ;SUDESTE;1;12691;244;208;15,6606;0,0000;18,9380;0,0000;0,0000;1;
2013;38;SERVIÇO SOCIAL;572;UNIVERSIDADE FEDERAL FLUMINENSE;UFF;Pública Federal;Universidade;3304524;RIO DAS OSTRAS;RJ;SUDESTE;1;82834;52;40;44,8200;3,0664;53,1075;3,7693;3,5936;4;
2013;38;SERVIÇO SOCIAL;573;UNIVERSIDADE FEDERAL DO ESPÍRITO SANTO;UFES;Pública Federal;Universidade;3205309;VITORIA;ES;SUDESTE;1;12821;137;124;32,0613;1,2978;42,8726;2,6403;2,3047;3;
2013;38;SERVIÇO SOCIAL;576;UNIVERSIDADE FEDERAL DE JUIZ DE FORA;UFJF;Pública Federal;Universidade;3136702;JUIZ DE FORA;MG;SUDESTE;1;13107;20;19;38,4421;2,1823;62,7053;4,8281;4,1666;5;
2013;38;SERVIÇO SOCIAL;577;UNIVERSIDADE FEDERAL DE ALAGOAS;UFAL;Pública Federal;Universidade;2704302;MACEIO;AL;NORDESTE;1;13214;230;201;34,6876;1,6619;42,4134;2,5896;2,3577;3;
2013;38;SERVIÇO SOCIAL;577;UNIVERSIDADE FEDERAL DE ALAGOAS;UFAL;Pública Federal;Universidade;2706307;PALMEIRA DO INDIOS;AL;NORDESTE;1;102158;116;110;41,4455;2,5986;49,9918;3,4256;3,2189;4;
2013;38;SERVIÇO SOCIAL;578;UNIVERSIDADE FEDERAL DA BAHIA;UFBA;Pública Federal;Universidade;2927408;SALVADOR;BA;NORDESTE;1;118180;76;69;35,3000;1,7468;48,5319;3,2646;2,8851;3;
2013;38;SERVIÇO SOCIAL;579;UNIVERSIDADE FEDERAL DA PARAÍBA;UFPB;Pública Federal;Universidade;2507507;JOAO PESSOA;PB;NORDESTE;1;13417;112;106;44,0009;2,9528;53,9123;3,8581;3,6318;4;
2013;38;SERVIÇO SOCIAL;580;UNIVERSIDADE FEDERAL DE PERNAMBUCO;UFPE;Pública Federal;Universidade;2611606;RECIFE;PE;NORDESTE;1;13581;64;49;37,7714;2,0893;51,1408;3,5524;3,1866;4;
2013;38;SERVIÇO SOCIAL;581;UNIVERSIDADE FEDERAL DO RIO GRANDE DO SUL;UFRGS;Pública Federal;Universidade;4314902;PORTO ALEGRE;RS;SUL;1;1119202;12;12;48,0917;3,5199;67,2167;5,0000;4,6300;5;
2013;38;SERVIÇO SOCIAL;584;UNIVERSIDADE FEDERAL DE GOIÁS;UFG;Pública Federal;Universidade;5208905;GOIAS;GO;CENTRO-OESTE;1;121932;54;52;39,3942;2,3143;43,8154;2,7443;2,6368;3;
2013;38;SERVIÇO SOCIAL;585;UNIVERSIDADE FEDERAL DE SANTA CATARINA;UFSC;Pública Federal;Universidade;4205407;FLORIANOPOLIS;SC;SUL;1;14240;115;102;34,6127;1,6515;52,7284;3,7275;3,2085;4;
2013;38;SERVIÇO SOCIAL;586;UNIVERSIDADE FEDERAL DO RIO DE JANEIRO;UFRJ;Pública Federal;Universidade;3304557;RIO DE JANEIRO;RJ;SUDESTE;1;14358;187;165;27,4679;0,6611;35,7067;1,8498;1,5526;2;
2013;38;SERVIÇO SOCIAL;591;UNIVERSIDADE FEDERAL DE SÃO PAULO;UNIFESP;Pública Federal;Universidade;3548500;SANTOS;SP;SUDESTE;1;1103070;95;87;44,7632;3,0585;54,2207;3,8921;3,6837;4;
2013;38;SERVIÇO SOCIAL;596;UNIVERSIDADE FEDERAL DOS VALES DO JEQUITINHONHA E MUCURI;UFVJM;Pública Federal;Universidade;3168606;TEOFILO OTONI;MG;SUDESTE;1;100866;27;23;31,2304;1,1827;42,0565;2,5503;2,2084;3;
2013;38;SERVIÇO SOCIAL;597;UNIVERSIDADE FEDERAL DO TRIÂNGULO MINEIRO;UFTM;Pública Federal;Universidade;3170107;UBERABA;MG;SUDESTE;1;114564;50;45;38,2511;2,1558;50,5822;3,4908;3,1570;4;
2013;38;SERVIÇO SOCIAL;609;UNIVERSIDADE ESTADUAL DO OESTE DO PARANÁ;UNIOESTE;Pública Estadual;Universidade;4127700;TOLEDO;PR;SUL;1;14716;27;27;50,3222;3,8290;58,4667;4,3605;4,2276;5;
2013;38;SERVIÇO SOCIAL;663;UNIVERSIDADE SALGADO DE OLIVEIRA;UNIVERSO;Privada sem fins lucrativos;Universidade;3106200;BELO HORIZONTE;MG;SUDESTE;1;74098;19;19;37,4316;2,0422;39,1158;2,2259;2,1800;3;
2013;38;SERVIÇO SOCIAL;663;UNIVERSIDADE SALGADO DE OLIVEIRA;UNIVERSO;Privada sem fins lucrativos;Universidade;3136702;JUIZ DE FORA;MG;SUDESTE;1;82338;25;25;32,6320;1,3770;40,2520;2,3512;2,1076;3;
2013;38;SERVIÇO SOCIAL;665;UNIVERSIDADE DE TAUBATÉ;UNITAU;Pública Municipal;Universidade;3554102;TAUBATE;SP;SUDESTE;1;15347;37;36;37,5028;2,0521;45,5111;2,9314;2,7115;3;
2013;38;SERVIÇO SOCIAL;669;UNIVERSIDADE NILTON LINS;UNINILTONLINS;Privada sem fins lucrativos;Universidade;1302603;MANAUS;AM;NORTE;1;69911;147;134;43,3694;2,8653;37,0448;1,9974;2,2144;3;
2013;38;SERVIÇO SOCIAL;670;UNIVERSIDADE SÃO FRANCISCO;USF;Privada sem fins lucrativos;Universidade;3550308;SAO PAULO;SP;SUDESTE;1;15465;21;21;46,3333;3,2761;45,1286;2,8892;2,9859;4;
2013;38;SERVIÇO SOCIAL;671;UNIVERSIDADE ANHANGUERA - UNIDERP;UNIDERP;Privada com fins lucrativos;Universidade;5002704;CAMPO GRANDE;MS;CENTRO-OESTE;2;97573 - 98029;5997;4787;41,1017;2,5510;28,7917;1,0870;1,4530;2;
2013;38;SERVIÇO SOCIAL;673;CENTRO UNIVERSITÁRIO DA GRANDE DOURADOS;UNIGRAN;Privada sem fins lucrativos;Centro Universitário;5003702;DOURADOS;MS;CENTRO-OESTE;2;63960 - 122394;206;178;42,9281;2,8041;33,4843;1,6046;1,9045;2;
2013;38;SERVIÇO SOCIAL;693;UNIVERSIDADE FEDERAL DO ESTADO DO RIO DE JANEIRO;UNIRIO;Pública Federal;Universidade;3304557;RIO DE JANEIRO;RJ;SUDESTE;1;1101758;12;6;10,2667;0,0000;15,1000;0,0000;0,0000;1;
2013;38;SERVIÇO SOCIAL;716;FACULDADES INTEGRADAS DE BOTUCATU;UNIFAC;Privada sem fins lucrativos;Faculdade;3507506;BOTUCATU;SP;SUDESTE;1;16218;25;22;38,7818;2,2294;34,9273;1,7638;1,8802;2;
2013;38;SERVIÇO SOCIAL;718;UNIVERSIDADE POTIGUAR;UNP;Privada com fins lucrativos;Universidade;2408102;NATAL;RN;NORDESTE;2;75608 - 1170432;65;60;41,4100;2,5937;44,0067;2,7654;2,7225;3;
2013;38;SERVIÇO SOCIAL;724;Centro Universitário FACEX;UNIFACEX;Privada sem fins lucrativos;Centro Universitário;2408102;NATAL;RN;NORDESTE;1;46903;65;63;47,5063;3,4387;46,7667;3,0699;3,1621;4;
2013;38;SERVIÇO SOCIAL;730;UNIVERSIDADE ESTADUAL DE PONTA GROSSA;UEPG;Pública Estadual;Universidade;4119905;PONTA GROSSA;PR;SUL;1;16393;40;38;33,4421;1,4892;45,7605;2,9589;2,5915;3;
2013;38;SERVIÇO SOCIAL;757;FACULDADES INTEGRADAS DO TAPAJÓS;ISES;Privada com fins lucrativos;Faculdade;1506807;SANTAREM;PA;NORTE;1;119182;8;8;49,2375;3,6787;47,4750;3,1480;3,2807;4;
2013;38;SERVIÇO SOCIAL;794;CENTRO UNIVERSITÁRIO DE VÁRZEA GRANDE;UNIVAG;Privada sem fins lucrativos;Centro Universitário;5108402;VARZEA GRANDE;MT;CENTRO-OESTE;1;101098;114;81;40,1605;2,4205;38,6753;2,1773;2,2381;3;
2013;38;SERVIÇO SOCIAL;823;UNIVERSIDADE DO CEUMA - UNICEUMA;UNICEUMA;Privada sem fins lucrativos;Universidade;2111300;SAO LUIS;MA;NORDESTE;1;102686;141;135;43,6200;2,9000;43,4667;2,7058;2,7544;3;
2013;38;SERVIÇO SOCIAL;828;FACULDADE DE SÃO LOURENÇO;FASAMA;Privada com fins lucrativos;Faculdade;3163706;SAO LOURENCO;MG;SUDESTE;1;5000033;26;25;49,2880;3,6857;41,1520;2,4505;2,7593;3;
2013;38;SERVIÇO SOCIAL;829;UNIVERSIDADE DO TOCANTINS;UNITINS;Pública Estadual;Universidade;1721000;PALMAS;TO;NORTE;2;100782 - 1139597;5958;406;36,6357;1,9319;28,0057;1,0003;1,2332;2;
2013;38;SERVIÇO SOCIAL;882;INSTITUTO MUNICIPAL DE ENSINO SUPERIOR DE BEBEDOURO VICTÓRIO CARDASSI;IMESB;Pública Municipal;Faculdade;3506102;BEBEDOURO;SP;SUDESTE;1;70582;16;14;45,1786;3,1161;38,3643;2,1430;2,3862;3;
2013;38;SERVIÇO SOCIAL;910;FACULDADE SANTA LÚCIA;FCACSL;Privada sem fins lucrativos;Faculdade;3530805;MOGI-MIRIM;SP;SUDESTE;1;86442;20;19;44,5316;3,0264;39,3789;2,2549;2,4478;3;
2013;38;SERVIÇO SOCIAL;994;Faculdade de Duque de Caxias;FDC;Privada sem fins lucrativos;Faculdade;3301702;DUQUE DE CAXIAS;RJ;SUDESTE;1;17938;55;52;43,4058;2,8703;35,8423;1,8648;2,1162;3;
2013;38;SERVIÇO SOCIAL;997;Centro Universitário de Bauru;;Privada sem fins lucrativos;Centro Universitário;3506003;BAURU;SP;SUDESTE;1;4278;30;28;47,1786;3,3933;41,7071;2,5117;2,7321;3;
2013;38;SERVIÇO SOCIAL;1032;CENTRO UNIVERSITÁRIO SALESIANO DE SÃO PAULO;UNISAL;Privada sem fins lucrativos;Centro Universitário;3501608;AMERICANA;SP;SUDESTE;1;17328;33;32;42,7750;2,7829;39,8094;2,3024;2,4225;3;
2013;38;SERVIÇO SOCIAL;1038;FACULDADES INTEGRADAS DE TRÊS LAGOAS;AEMS;Privada sem fins lucrativos;Faculdade;5008305;TRES LAGOAS;MS;CENTRO-OESTE;1;83840;24;22;45,7455;3,1946;35,4045;1,8165;2,1610;3;
2013;38;SERVIÇO SOCIAL;1046;UNIÃO DAS FACULDADES DOS GRANDES LAGOS;UNILAGO;Privada sem fins lucrativos;Faculdade;3549805;SAO JOSE DO RIO PRETO;SP;SUDESTE;1;17005;31;31;42,5065;2,7457;37,4065;2,0373;2,2144;3;
2013;38;SERVIÇO SOCIAL;1058;Estácio FIB - Centro Universitário Estácio da Bahia;Estácio FIB;Privada com fins lucrativos;Centro Universitário;2927408;SALVADOR;BA;NORDESTE;1;113941;121;107;41,7766;2,6445;36,2748;1,9125;2,0955;3;
2013;38;SERVIÇO SOCIAL;1076;FACULDADE DE FILOSOFIA, CIÊNCIAS E LETRAS DE CAJAZEIRAS;FAFIC;Privada sem fins lucrativos;Faculdade;2503704;CAJAZEIRAS;PB;NORDESTE;1;98023;47;45;42,7978;2,7861;40,4778;2,3761;2,4786;3;
2013;38;SERVIÇO SOCIAL;1077;Faculdade Estácio do Recife - Estácio FIR;Estácio FIR;Privada com fins lucrativos;Faculdade;2611606;RECIFE;PE;NORDESTE;1;118722;17;14;40,0143;2,4002;46,4286;3,0326;2,8745;3;
2013;38;SERVIÇO SOCIAL;1087;FACULDADES INTEGRADAS APARÍCIO CARVALHO;FIMCA;Privada sem fins lucrativos;Faculdade;1100205;PORTO VELHO;RO;NORTE;1;109533;64;53;35,9264;1,8336;34,5264;1,7196;1,7481;2;
2013;38;SERVIÇO SOCIAL;1126;UNIVERSIDADE ESTADUAL DO CENTRO OESTE;UNICENTRO;Pública Estadual;Universidade;4109401;GUARAPUAVA;PR;SUL;1;44421;35;30;47,6633;3,4605;53,5867;3,8222;3,7318;4;
2013;38;SERVIÇO SOCIAL;1131;FACULDADE SANTO AGOSTINHO;FSA;Privada com fins lucrativos;Faculdade;2211001;TERESINA;PI;NORDESTE;1;116722;150;147;48,2156;3,5370;45,7748;2,9604;3,1046;4;
2013;38;SERVIÇO SOCIAL;1149;CENTRO UNIVERSITÁRIO NOSSA SENHORA DO PATROCÍNIO;CEUNSP;Privada com fins lucrativos;Centro Universitário;3523909;ITU;SP;SUDESTE;1;97796;11;11;53,8000;4,3111;64,2636;5,0000;4,8278;5;
2013;38;SERVIÇO SOCIAL;1189;UNIVERSIDADE DO PLANALTO CATARINENSE;UNIPLAC;Privada sem fins lucrativos;Universidade;4209300;LAGES;SC;SUL;1;64748;15;15;48,2267;3,5386;38,0267;2,1057;2,4639;3;
2013;38;SERVIÇO SOCIAL;1224;CENTRO UNIVERSITÁRIO DE JALES;UNIJALES;Privada sem fins lucrativos;Centro Universitário;3524808;JALES;SP;SUDESTE;1;90369;20;17;30,8588;1,1312;29,3353;1,1470;1,1430;2;
2013;38;SERVIÇO SOCIAL;1225;CENTRO UNIVERSITÁRIO AMPARENSE;UNIFIA;Privada com fins lucrativos;Centro Universitário;3501905;AMPARO;SP;SUDESTE;1;98603;22;21;45,5381;3,1659;49,4095;3,3614;3,3125;4;
2013;38;SERVIÇO SOCIAL;1258;FACULDADE ANHANGUERA DE CASCAVEL;;Privada com fins lucrativos;Faculdade;4104808;CASCAVEL;PR;SUL;1;89896;49;45;38,2000;2,1487;31,2911;1,3627;1,5592;2;
2013;38;SERVIÇO SOCIAL;1281;FACULDADE DE CIÊNCIAS SOCIAIS E AGRÁRIAS DE ITAPEVA;FAIT;Privada com fins lucrativos;Faculdade;3522406;ITAPEVA;SP;SUDESTE;1;5000269;26;24;44,0042;2,9533;35,1917;1,7930;2,0831;3;
2013;38;SERVIÇO SOCIAL;1292;FACULDADES ADAMANTINENSES INTEGRADAS;FAI;Pública Municipal;Faculdade;3500105;ADAMANTINA;SP;SUDESTE;1;102327;34;23;45,0348;3,0961;36,8261;1,9733;2,2540;3;
2013;38;SERVIÇO SOCIAL;1299;FACULDADES INTEGRADAS DE FERNANDÓPOLIS;FIFE;Privada sem fins lucrativos;Faculdade;3515509;FERNANDOPOLIS;SP;SUDESTE;1;83370;21;18;42,4056;2,7317;36,1500;1,8987;2,1070;3;
2013;38;SERVIÇO SOCIAL;1308;FACULDADE NOVO MILÊNIO;FNM;Privada com fins lucrativos;Faculdade;3205200;VILA VELHA;ES;SUDESTE;1;56528;43;39;42,5205;2,7476;40,6256;2,3924;2,4812;3;
2013;38;SERVIÇO SOCIAL;1317;FACULDADE SUDOESTE PAULISTA;FSP;Privada com fins lucrativos;Faculdade;3504503;AVARE;SP;SUDESTE;1;90597;20;20;50,2700;3,8218;46,3500;3,0239;3,2234;4;
2013;38;SERVIÇO SOCIAL;1350;FACULDADE DO VALE DO JAGUARIBE;FVJ;Privada com fins lucrativos;Faculdade;2301109;ARACATI;CE;NORDESTE;1;5000310;64;64;46,3500;3,2784;38,3656;2,1431;2,4269;3;
2013;38;SERVIÇO SOCIAL;1356;FACULDADES INTEGRADAS DE SANTA FÉ DO SUL;FUNEC;Pública Municipal;Faculdade;3546603;SANTA FE DO SUL;SP;SUDESTE;1;40695;11;11;42,9727;2,8103;26,5455;0,8392;1,3320;2;
2013;38;SERVIÇO SOCIAL;1359;FACULDADE CAPIXABA DE NOVA VENÉCIA;MULTIVIX NOVA VENÉCI;Privada com fins lucrativos;Faculdade;3203908;NOVA VENECIA;ES;SUDESTE;1;95570;17;17;52,3176;4,1056;38,6118;2,1703;2,6541;3;
2013;38;SERVIÇO SOCIAL;1371;FACULDADE DE MIRANDÓPOLIS;FAM;Privada sem fins lucrativos;Faculdade;3530102;MIRANDOPOLIS;SP;SUDESTE;1;112536;13;13;46,5769;3,3099;39,2000;2,2352;2,5038;3;
2013;38;SERVIÇO SOCIAL;1381;FACULDADE MARTHA FALCÃO;FMF;Privada com fins lucrativos;Faculdade;1302603;MANAUS;AM;NORTE;1;108719;48;48;42,9104;2,8017;35,9854;1,8806;2,1108;3;
2013;38;SERVIÇO SOCIAL;1401;FACULDADE ADELMAR ROSADO;FAR;Privada com fins lucrativos;Faculdade;2211001;TERESINA;PI;NORDESTE;1;20518;92;75;41,2613;2,5731;37,6800;2,0675;2,1939;3;
2013;38;SERVIÇO SOCIAL;1420;FACULDADES DE DRACENA;;Privada sem fins lucrativos;Faculdade;3514403;DRACENA;SP;SUDESTE;1;104259;24;24;43,6250;2,9007;43,0917;2,6645;2,7235;3;
2013;38;SERVIÇO SOCIAL;1422;CENTRO UNIVERSITÁRIO DO NORTE;UNINORTE;Privada com fins lucrativos;Centro Universitário;1302603;MANAUS;AM;NORTE;1;20677;523;316;43,1320;2,8324;38,4769;2,1554;2,3246;3;
2013;38;SERVIÇO SOCIAL;1436;ESCOLA SUPERIOR BATISTA DO AMAZONAS;ESBAM;Privada com fins lucrativos;Faculdade;1302603;MANAUS;AM;NORTE;1;105890;113;65;39,9769;2,3951;34,3138;1,6962;1,8709;2;
2013;38;SERVIÇO SOCIAL;1472;CENTRO UNIVERSITÁRIO LEONARDO DA VINCI;UNIASSELVI;Privada com fins lucrativos;Centro Universitário;4207502;INDAIAL;SC;SUL;1;111730;1008;901;41,9535;2,6690;31,4654;1,3819;1,7037;2;
2013;38;SERVIÇO SOCIAL;1494;FACULDADE CATÓLICA SALESIANA DO ESPÍRITO SANTO;;Privada sem fins lucrativos;Faculdade;3205309;VITORIA;ES;SUDESTE;1;22095;66;56;35,2982;1,7465;41,8982;2,5328;2,3362;3;
2013;38;SERVIÇO SOCIAL;1507;FACULDADE PROJEÇÃO DE CEILÂNDIA;FACEB;Privada sem fins lucrativos;Faculdade;5300108;BRASILIA;DF;CENTRO-OESTE;1;99242;137;133;37,0489;1,9892;31,7083;1,4087;1,5538;2;
2013;38;SERVIÇO SOCIAL;1508;FACULDADE METROPOLITANA DE MARINGÁ;;Privada com fins lucrativos;Faculdade;4115200;MARINGA;PR;SUL;1;117642;33;32;43,2875;2,8539;42,5438;2,6040;2,6665;3;
2013;38;SERVIÇO SOCIAL;1513;INSTITUTO DE CIÊNCIAS JURÍDICAS E SOCIAIS PROFESSOR CAMILLO FILHO;ICF;Privada com fins lucrativos;Faculdade;2211001;TERESINA;PI;NORDESTE;1;59780;101;69;46,0449;3,2362;37,5464;2,0527;2,3486;3;
2013;38;SERVIÇO SOCIAL;1542;CENTRO UNIVERSITÁRIO GERALDO DI BIASE;UGB;Privada sem fins lucrativos;Centro Universitário;3300308;BARRA DO PIRAI;RJ;SUDESTE;1;101704;13;13;50,6769;3,8782;48,2462;3,2331;3,3944;4;
2013;38;SERVIÇO SOCIAL;1542;CENTRO UNIVERSITÁRIO GERALDO DI BIASE;UGB;Privada sem fins lucrativos;Centro Universitário;3306305;VOLTA REDONDA;RJ;SUDESTE;1;101698;35;32;42,2281;2,7071;38,0031;2,1031;2,2541;3;
2013;38;SERVIÇO SOCIAL;1554;FACULDADES INTEGRADAS DO VALE DO RIBEIRA;FIVR;Privada com fins lucrativos;Faculdade;3542602;REGISTRO;SP;SUDESTE;1;119018;28;23;49,4217;3,7042;40,6783;2,3982;2,7247;3;
2013;38;SERVIÇO SOCIAL;1568;FACULDADES INTEGRADAS DE CARATINGA;FIC;Privada sem fins lucrativos;Faculdade;3113404;CARATINGA;MG;SUDESTE;1;17843;15;13;33,5923;1,5101;41,1231;2,4473;2,2130;3;
2013;38;SERVIÇO SOCIAL;1572;FACULDADE DE CIÊNCIAS SOCIAIS APLICADAS;FACISA;Privada com fins lucrativos;Faculdade;2915601;ITAMARAJU;BA;NORDESTE;2;150089 - 1073240;12;11;40,7909;2,5079;38,4455;2,1519;2,2409;3;
2013;38;SERVIÇO SOCIAL;1574;FACULDADE EDUCACIONAL DE MEDIANEIRA;FACEMED;Privada com fins lucrativos;Faculdade;4115804;MEDIANEIRA;PR;SUL;1;48795;6;6;43,1000;2,8279;40,4500;2,3731;2,4868;3;
2013;38;SERVIÇO SOCIAL;1628;FACULDADE DE CIÊNCIAS HUMANAS DE AGUAÍ;FACHA;Privada com fins lucrativos;Faculdade;3500303;AGUAI;SP;SUDESTE;1;46172;11;10;43,0400;2,8196;40,5000;2,3786;2,4888;3;
2013;38;SERVIÇO SOCIAL;1702;ESTÁCIO ATUAL - FACULDADE ESTÁCIO DA AMAZÔNIA;ESTÁCIO ATUAL;Privada com fins lucrativos;Faculdade;1400100;BOA VISTA;RR;NORTE;1;114606;130;112;43,9429;2,9448;33,3277;1,5874;1,9267;2;
2013;38;SERVIÇO SOCIAL;1711;FACULDADE DE PRESIDENTE PRUDENTE;FAPEPE;Privada sem fins lucrativos;Faculdade;3541406;PRESIDENTE PRUDENTE;SP;SUDESTE;1;112548;66;63;44,9429;3,0834;41,2429;2,4605;2,6162;3;
2013;38;SERVIÇO SOCIAL;1716;FACULDADE UNIÃO DAS AMÉRICAS;;Privada com fins lucrativos;Faculdade;4108304;FOZ DO IGUACU;PR;SUL;1;50318;21;18;40,5000;2,4676;37,7500;2,0752;2,1733;3;
2013;38;SERVIÇO SOCIAL;1718;FACULDADE NOBRE DE FEIRA DE SANTANA;FAN;Privada com fins lucrativos;Faculdade;2910800;FEIRA DE SANTANA;BA;NORDESTE;1;47862;56;53;39,0547;2,2672;45,6868;2,9507;2,7799;3;
2013;38;SERVIÇO SOCIAL;1735;FACULDADE DE CIÊNCIAS APLICADAS DOUTOR LEÃO SAMPAIO;FLS;Privada com fins lucrativos;Faculdade;2307304;JUAZEIRO DO NORTE;CE;NORDESTE;1;90432;189;160;45,6069;3,1754;49,7256;3,3963;3,3411;4;
2013;38;SERVIÇO SOCIAL;1759;FACULDADE PADRE JOÃO BAGOZZI;FACULDADE BAGOZZI;Privada sem fins lucrativos;Faculdade;4106902;CURITIBA;PR;SUL;1;112544;34;33;43,7152;2,9132;47,1636;3,1137;3,0635;4;
2013;38;SERVIÇO SOCIAL;1804;FACULDADE DE MAUÁ - FAMA;FAMA;Privada sem fins lucrativos;Faculdade;3529401;MAUA;SP;SUDESTE;1;48634;20;19;35,9526;1,8372;37,2947;2,0250;1,9780;3;
2013;38;SERVIÇO SOCIAL;1837;Escola de Esctudos Superiores de Viçosa;ESUV;Privada com fins lucrativos;Faculdade;3171303;VICOSA;MG;SUDESTE;1;99226;22;22;42,6182;2,7612;42,0545;2,5501;2,6028;3;
2013;38;SERVIÇO SOCIAL;1841;FACULDADES INTEGRADAS ANTÔNIO EUFRÁSIO DE TOLEDO DE PRESIDENTE PRUDENTE;FIAETPP;Privada sem fins lucrativos;Centro Universitário;3541406;PRESIDENTE PRUDENTE;SP;SUDESTE;1;4304;43;40;51,3975;3,9781;51,1350;3,5517;3,6583;4;
2013;38;SERVIÇO SOCIAL;1842;FACULDADES INTEGRADAS MACHADO DE ASSIS;FEMA;Privada sem fins lucrativos;Faculdade;4317202;SANTA ROSA;RS;SUL;1;73453;43;39;38,2154;2,1509;30,5667;1,2828;1,4998;2;
2013;38;SERVIÇO SOCIAL;1846;CENTRO UNIVERSITÁRIO DE LINS;UNILINS;Privada sem fins lucrativos;Centro Universitário;3527108;LINS;SP;SUDESTE;1;7452;34;27;42,6852;2,7704;40,2889;2,3553;2,4591;3;
2013;38;SERVIÇO SOCIAL;1854;FACULDADES INTEGRADAS CLARETIANAS;FIC;Privada sem fins lucrativos;Faculdade;3543907;RIO CLARO;SP;SUDESTE;1;1070721;26;26;48,1462;3,5274;39,7692;2,2980;2,6053;3;
2013;38;SERVIÇO SOCIAL;1863;FACULDADE DE MANTENA;FAMA;Privada com fins lucrativos;Faculdade;3139607;MANTENA;MG;SUDESTE;1;73778;26;26;49,5308;3,7193;40,1577;2,3408;2,6854;3;
2013;38;SERVIÇO SOCIAL;1899;FACULDADE DO NOROESTE PARANAENSE;FANP;Privada com fins lucrativos;Faculdade;4116901;NOVA ESPERANCA;PR;SUL;1;69310;16;14;41,2357;2,5695;34,1571;1,6789;1,9015;2;
2013;38;SERVIÇO SOCIAL;1901;FACULDADE CATÓLICA DE UBERLÂNDIA;FCU;Privada sem fins lucrativos;Faculdade;3170206;UBERLANDIA;MG;SUDESTE;1;86908;82;75;45,1307;3,1094;43,0173;2,6563;2,7696;3;
2013;38;SERVIÇO SOCIAL;1913;FACULDADE DE MINAS;FAMINAS;Privada com fins lucrativos;Faculdade;3143906;MURIAE;MG;SUDESTE;1;67066;1;1;.;.;.;.;.;SC;
2013;38;SERVIÇO SOCIAL;1927;FACULDADES INTEGRADAS DO VALE DO IGUAÇU;;Privada com fins lucrativos;Faculdade;4128203;UNIAO DA VITORIA;PR;SUL;1;68157;1;0;.;.;.;.;.;SC;
2013;38;SERVIÇO SOCIAL;1984;FACULDADE DE CIÊNCIAS GERENCIAIS DE MANHUAÇU;FACIG;Privada com fins lucrativos;Faculdade;3139409;MANHUACU;MG;SUDESTE;1;117834;15;15;49,3800;3,6984;53,5000;3,8126;3,7841;4;
2013;38;SERVIÇO SOCIAL;2043;FACULDADE VALE DO SALGADO;FVS;Privada com fins lucrativos;Faculdade;2305407;ICO;CE;NORDESTE;1;123165;95;89;40,4494;2,4605;36,1011;1,8933;2,0351;3;
2013;38;SERVIÇO SOCIAL;2076;FACULDADE REGIONAL DA BAHIA;FARB;Privada com fins lucrativos;Faculdade;2927408;SALVADOR;BA;NORDESTE;1;100664;46;44;37,5159;2,0539;40,3909;2,3665;2,2884;3;
2013;38;SERVIÇO SOCIAL;2111;INSTITUTO SUPERIOR DE TEOLOGIA APLICADA;INTA;Privada sem fins lucrativos;Faculdade;2312908;SOBRAL;CE;NORDESTE;1;100658;84;81;42,6938;2,7716;36,2358;1,9082;2,1240;3;
2013;38;SERVIÇO SOCIAL;2146;FACULDADE DO ACRE;FAC;Privada com fins lucrativos;Faculdade;1200401;RIO BRANCO;AC;NORTE;1;85799;108;70;41,6071;2,6210;33,0800;1,5600;1,8253;2;
2013;38;SERVIÇO SOCIAL;2147;FACULDADE METROPOLITANA DE MANAUS;FAMETRO;Privada com fins lucrativos;Faculdade;1302603;MANAUS;AM;NORTE;1;82664;149;120;37,7950;2,0926;34,8233;1,7524;1,8374;2;
2013;38;SERVIÇO SOCIAL;2150;FACULDADE DO PIAUÍ;FAPI;Privada sem fins lucrativos;Faculdade;2211001;TERESINA;PI;NORDESTE;1;1070483;43;40;40,5550;2,4752;41,2750;2,4641;2,4668;3;
2013;38;SERVIÇO SOCIAL;2158;FACULDADE SANTA MARIA;FSM;Privada com fins lucrativos;Faculdade;2503704;CAJAZEIRAS;PB;NORDESTE;1;107823;45;45;41,1400;2,5563;36,2467;1,9094;2,0711;3;
2013;38;SERVIÇO SOCIAL;2186;FACULDADE SALESIANA DOM BOSCO;FSDB;Privada sem fins lucrativos;Faculdade;1302603;MANAUS;AM;NORTE;1;54330;94;81;41,4049;2,5930;31,7494;1,4133;1,7082;2;
2013;38;SERVIÇO SOCIAL;2200;FACULDADE VALE DO GORUTUBA;FAVAG;Privada com fins lucrativos;Faculdade;3145059;NOVA PORTEIRINHA;MG;SUDESTE;1;66171;1;0;.;.;.;.;.;SC;
2013;38;SERVIÇO SOCIAL;2242;FACULDADE DO RECIFE;FAREC;Privada sem fins lucrativos;Faculdade;2611606;RECIFE;PE;NORDESTE;1;5000318;59;57;39,9333;2,3890;35,7947;1,8595;1,9919;3;
2013;38;SERVIÇO SOCIAL;2323;FACULDADE DA AMAZÔNIA;FAMA;Privada com fins lucrativos;Faculdade;1100304;VILHENA;RO;NORTE;1;75778;18;14;40,5214;2,4705;28,5714;1,0627;1,4147;2;
2013;38;SERVIÇO SOCIAL;2324;FACULDADE UNIÃO BANDEIRANTE;FUBSJ;Privada com fins lucrativos;Faculdade;4216602;SAO JOSE;SC;SUL;1;73494;23;22;38,6045;2,2048;37,1545;2,0095;2,0583;3;
2013;38;SERVIÇO SOCIAL;2343;FACULDADE DA AMAZÔNIA OCIDENTAL;FAAO;Privada com fins lucrativos;Faculdade;1200401;RIO BRANCO;AC;NORTE;1;88566;62;46;40,2370;2,4311;33,8957;1,6500;1,8453;2;
2013;38;SERVIÇO SOCIAL;2409;FACULDADE ASCES;ASCES;Privada sem fins lucrativos;Faculdade;2604106;CARUARU;PE;NORDESTE;1;5000194;13;13;35,6923;1,8012;43,7000;2,7316;2,4990;3;
2013;38;SERVIÇO SOCIAL;2410;FACULDADE CEARENSE;FAC;Privada sem fins lucrativos;Faculdade;2304400;FORTALEZA;CE;NORDESTE;1;117310;229;222;38,5113;2,1919;43,5901;2,7194;2,5876;3;
2013;38;SERVIÇO SOCIAL;2436;FACULDADE TÁHIRIH;FT;Privada sem fins lucrativos;Faculdade;1302603;MANAUS;AM;NORTE;1;118872;51;51;46,7529;3,3343;38,2275;2,1279;2,4295;3;
2013;38;SERVIÇO SOCIAL;2469;INSTITUTO MACAPAENSE DE ENSINO SUPERIOR;IMMES;Privada com fins lucrativos;Faculdade;1600303;MACAPA;AP;NORTE;1;54308;29;7;33,3714;1,4795;35,1143;1,7845;1,7082;2;
2013;38;SERVIÇO SOCIAL;2478;FACULDADE DE INTEGRAÇÃO DO ENSINO SUPERIOR DO CONE SUL;FISUL;Privada com fins lucrativos;Faculdade;4308607;GARIBALDI;RS;SUL;1;95181;14;14;49,5357;3,7200;54,4429;3,9166;3,8675;4;
2013;38;SERVIÇO SOCIAL;2504;FACULDADE DIVINÓPOLIS;FACED;Privada com fins lucrativos;Faculdade;3122306;DIVINOPOLIS;MG;SUDESTE;1;74170;15;14;45,3429;3,1388;45,1357;2,8899;2,9522;4;
2013;38;SERVIÇO SOCIAL;2564;UNIVERSIDADE FEDERAL DE CAMPINA GRANDE;UFCG;Pública Federal;Universidade;2516201;SOUSA;PB;NORDESTE;1;1117877;30;30;45,5933;3,1736;59,5733;4,4826;4,1553;5;
2013;38;SERVIÇO SOCIAL;2565;ABEU - CENTRO UNIVERSITÁRIO;UNIABEU;Privada sem fins lucrativos;Centro Universitário;3300456;BELFORD ROXO;RJ;SUDESTE;1;79443;60;48;43,8021;2,9253;48,3729;3,2471;3,1666;4;
2013;38;SERVIÇO SOCIAL;2571;FACULDADE REDENTOR;FACREDENTOR;Privada sem fins lucrativos;Faculdade;3302205;ITAPERUNA;RJ;SUDESTE;1;63430;18;17;55,8059;4,5891;49,1824;3,3363;3,6495;4;
2013;38;SERVIÇO SOCIAL;2620;FACULDADE DE AMPÉRE;FAMPER;Privada com fins lucrativos;Faculdade;4101002;AMPERE;PR;SUL;1;106018;14;14;51,8786;4,0448;39,3714;2,2541;2,7017;3;
2013;38;SERVIÇO SOCIAL;2724;INSTITUTO DE ENSINO SUPERIOR DO SUL DO MARANHÃO;IESMA;Privada com fins lucrativos;Faculdade;2105302;IMPERATRIZ;MA;NORDESTE;1;75131;74;67;41,8791;2,6587;41,0791;2,4424;2,4965;3;
2013;38;SERVIÇO SOCIAL;2808;FACULDADES ITECNE DE CASCAVEL;ITECNE;Privada com fins lucrativos;Faculdade;4104808;CASCAVEL;PR;SUL;1;86440;32;32;44,3500;3,0012;43,4875;2,7081;2,7814;3;
2013;38;SERVIÇO SOCIAL;2911;FACULDADE PAN AMAZÔNIA;FAPAN;Privada sem fins lucrativos;Faculdade;1501402;BELEM;PA;NORTE;1;1069953;58;52;35,6346;1,7932;33,7519;1,6342;1,6739;2;
2013;38;SERVIÇO SOCIAL;2944;FACULDADE DO SUL;FACSUL;Privada com fins lucrativos;Faculdade;2914802;ITABUNA;BA;NORDESTE;1;91681;85;76;43,7408;2,9168;40,1026;2,3347;2,4802;3;
2013;38;SERVIÇO SOCIAL;3001;FACULDADE CENECISTA DE RONDONÓPOLIS;FACER;Privada sem fins lucrativos;Faculdade;5107602;RONDONOPOLIS;MT;CENTRO-OESTE;1;74154;20;17;46,4294;3,2894;33,5765;1,6148;2,0335;3;
2013;38;SERVIÇO SOCIAL;3004;INSTITUTO DE ENSINO SUPERIOR SANTA CECÍLIA;IESC;Privada com fins lucrativos;Faculdade;2700300;ARAPIRACA;AL;NORDESTE;1;117792;121;93;34,1376;1,5857;29,7452;1,1922;1,2905;2;
2013;38;SERVIÇO SOCIAL;3034;FACULDADE DELTA;FACDELTA;Privada com fins lucrativos;Faculdade;2927408;SALVADOR;BA;NORDESTE;1;90705;189;134;46,1336;3,2484;41,6545;2,5059;2,6916;3;
2013;38;SERVIÇO SOCIAL;3151;UNIVERSIDADE COMUNITÁRIA DA REGIÃO DE CHAPECÓ;UNOCHAPECÓ;Privada sem fins lucrativos;Universidade;4204202;CHAPECO;SC;SUL;1;3844;40;37;39,8000;2,3705;42,5324;2,6028;2,5447;3;
2013;38;SERVIÇO SOCIAL;3194;FACULDADE DE MINAS BH;FAMINAS-BH;Privada com fins lucrativos;Faculdade;3106200;BELO HORIZONTE;MG;SUDESTE;1;120424;31;26;47,8885;3,4917;51,8115;3,6264;3,5927;4;
2013;38;SERVIÇO SOCIAL;3368;CENTRO UNIVERSITÁRIO DO SUL DE MINAS;UNIS-MG;Privada sem fins lucrativos;Centro Universitário;3170701;VARGINHA;MG;SUDESTE;1;63340;28;27;53,1630;4,2228;51,7556;3,6202;3,7708;4;
2013;38;SERVIÇO SOCIAL;3427;FACULDADE JOSÉ AUGUSTO VIEIRA;FJAV;Privada sem fins lucrativos;Faculdade;2803500;LAGARTO;SE;NORDESTE;1;94203;44;44;40,6295;2,4855;35,1909;1,7929;1,9661;3;
2013;38;SERVIÇO SOCIAL;3459;INSTITUTO DE ENSINO SUPERIOR E PESQUISA;INESP;Privada sem fins lucrativos;Faculdade;3122306;DIVINOPOLIS;MG;SUDESTE;1;82494;5;3;56,5333;4,6900;42,7667;2,6286;3,1439;4;
2013;38;SERVIÇO SOCIAL;3466;FACULDADE DE SERVIÇO SOCIAL DE PASSOS;FASESP;Privada sem fins lucrativos;Faculdade;3147907;PASSOS;MG;SUDESTE;1;60409;24;18;44,3611;3,0028;29,9389;1,2135;1,6608;2;
2013;38;SERVIÇO SOCIAL;3488;Centro de Ensino Superior de Conselheiro Lafaiete;CES-CL;Privada sem fins lucrativos;Faculdade;3118304;CONSELHEIRO LAFAIETE;MG;SUDESTE;1;64807;16;16;35,5187;1,7771;34,5125;1,7181;1,7328;2;
2013;38;SERVIÇO SOCIAL;3533;FACULDADE CERES;FACERES;Privada com fins lucrativos;Faculdade;3549805;SAO JOSE DO RIO PRETO;SP;SUDESTE;1;88650;10;8;51,3250;3,9680;44,4875;2,8184;3,1058;4;
2013;38;SERVIÇO SOCIAL;3588;FACULDADE DOM PEDRO II;FDPII;Privada com fins lucrativos;Faculdade;2927408;SALVADOR;BA;NORDESTE;1;109458;297;221;41,0575;2,5448;38,4656;2,1541;2,2518;3;
2013;38;SERVIÇO SOCIAL;3602;FACULDADES INTEGRADAS DO BRASIL;FACBRASIL;Privada com fins lucrativos;Faculdade;4106902;CURITIBA;PR;SUL;1;83281;48;44;44,3341;2,9990;49,4091;3,3614;3,2708;4;
2013;38;SERVIÇO SOCIAL;3641;CENTRO UNIVERSITÁRIO DA FUNDAÇÃO EDUCACIONAL DE BARRETOS;UNIFEB;Privada sem fins lucrativos;Centro Universitário;3505500;BARRETOS;SP;SUDESTE;1;67297;31;28;44,6714;3,0458;36,6107;1,9495;2,2236;3;
2013;38;SERVIÇO SOCIAL;3669;FACULDADE DOM LUIS DE ORLEANS E BRAGANÇA;FARRP;Privada com fins lucrativos;Faculdade;2926608;RIBEIRA DO POMBAL;BA;NORDESTE;1;1124976;12;6;31,9167;1,2778;28,8667;1,0953;1,1409;2;
2013;38;SERVIÇO SOCIAL;3776;INSTITUTO DE ENSINO SUPERIOR DE MATO GROSSO;IESMT;Privada sem fins lucrativos;Faculdade;5103403;CUIABA;MT;CENTRO-OESTE;1;1069963;19;14;46,8143;3,3428;30,0571;1,2266;1,7556;2;
2013;38;SERVIÇO SOCIAL;3784;INSTITUTO DE ENSINO SUPERIOR DO RIO GRANDE DO NORTE;IESRN;Privada sem fins lucrativos;Faculdade;2408102;NATAL;RN;NORDESTE;1;1076132;38;32;41,0375;2,5421;29,7094;1,1882;1,5267;2;
2013;38;SERVIÇO SOCIAL;3793;FACULDADE FRUTAL;FAF;Privada com fins lucrativos;Faculdade;3127107;FRUTAL;MG;SUDESTE;1;90220;14;13;41,7846;2,6456;47,4538;3,1457;3,0207;4;
2013;38;SERVIÇO SOCIAL;3797;FACULDADE GUAIRACÁ;FAG;Privada com fins lucrativos;Faculdade;4109401;GUARAPUAVA;PR;SUL;1;95565;28;19;35,0526;1,7125;34,4526;1,7115;1,7117;2;
2013;38;SERVIÇO SOCIAL;3826;FACULDADE VASCO DA GAMA;FVG;Privada sem fins lucrativos;Faculdade;2927408;SALVADOR;BA;NORDESTE;2;85312 - 109504;36;29;39,6069;2,3438;38,8000;2,1910;2,2292;3;
2013;38;SERVIÇO SOCIAL;3849;FUNDAÇÃO UNIVERSIDADE FEDERAL DO TOCANTINS;UFT;Pública Federal;Universidade;1713205;MIRACEMA DO TOCANTINS;TO;NORTE;1;110744;87;74;43,9108;2,9403;44,3514;2,8034;2,8376;3;
2013;38;SERVIÇO SOCIAL;3875;CENTRO UNIVERSITÁRIO DA FUNDAÇÃO EDUCACIONAL GUAXUPÉ;UNIFEG;Privada sem fins lucrativos;Centro Universitário;3128709;GUAXUPE;MG;SUDESTE;1;68955;17;16;47,6437;3,4578;35,7500;1,8546;2,2554;3;
2013;38;SERVIÇO SOCIAL;3930;INSTITUTO DE EDUCAÇÃO SUPERIOR RAIMUNDO SÁ;IESRSA;Privada com fins lucrativos;Faculdade;2208007;PICOS;PI;NORDESTE;1;92923;16;15;47,3800;3,4212;33,2333;1,5770;2,0380;3;
2013;38;SERVIÇO SOCIAL;3972;CENTRO SUPERIOR DE ENSINO E PESQUISA DE MACHADO;CESEP;Privada sem fins lucrativos;Faculdade;3139003;MACHADO;MG;SUDESTE;1;98726;17;17;45,0647;3,1003;33,0176;1,5532;1,9399;2;
2013;38;SERVIÇO SOCIAL;3983;CENTRO UNIVERSITÁRIO DE FORMIGA;UNIFORMG;Privada sem fins lucrativos;Centro Universitário;3126109;FORMIGA;MG;SUDESTE;1;100640;23;22;41,3136;2,5803;39,7773;2,2988;2,3692;3;
2013;38;SERVIÇO SOCIAL;4010;CENTRO UNIVERSITÁRIO METODISTA;IPA;Privada sem fins lucrativos;Centro Universitário;4314902;PORTO ALEGRE;RS;SUL;1;75728;9;7;49,2571;3,6814;58,4000;4,3532;4,1852;5;
2013;38;SERVIÇO SOCIAL;4367;FACULDADE TERRA NORDESTE;FATENE;Privada com fins lucrativos;Faculdade;2303709;CAUCAIA;CE;NORDESTE;1;117284;227;202;37,1861;2,0082;35,2139;1,7954;1,8486;2;
2013;38;SERVIÇO SOCIAL;4503;UNIVERSIDADE FEDERAL DO RECÔNCAVO DA BAHIA;UFRB;Pública Federal;Universidade;2904902;CACHOEIRA;BA;NORDESTE;1;114987;69;69;22,7435;0,0063;32,6116;1,5084;1,1329;2;
2013;38;SERVIÇO SOCIAL;4530;FACULDADE INTEGRADA TIRADENTES;FITS;Privada com fins lucrativos;Faculdade;2704302;MACEIO;AL;NORDESTE;1;92925;133;126;32,6667;1,3818;40,5944;2,3890;2,1372;3;
2013;38;SERVIÇO SOCIAL;4566;ESTÁCIO FATERN - FACULDADE ESTÁCIO DO RIO GRANDE DO NORTE;ESTÁCIO FATERN;Privada com fins lucrativos;Faculdade;2408102;NATAL;RN;NORDESTE;1;101924;164;145;40,6414;2,4872;40,0462;2,3285;2,3682;3;
2013;38;SERVIÇO SOCIAL;4616;FACULDADE ANHANGUERA DE CAXIAS DO SUL;FACS;Privada com fins lucrativos;Faculdade;4305108;CAXIAS DO SUL;RS;SUL;1;117524;18;14;49,6500;3,7359;47,2929;3,1279;3,2799;4;
2013;38;SERVIÇO SOCIAL;4780;FACISA-UNAI FACULDADE DE CIÊNCIAS DA SAÚDE DE UNAÍ;FACISA-UNAI;Privada sem fins lucrativos;Faculdade;3170404;UNAI;MG;SUDESTE;1;123387;10;10;45,8100;3,2036;42,7600;2,6279;2,7718;3;
2013;38;SERVIÇO SOCIAL;4945;FACULDADE INTERNACIONAL DO DELTA;INTA;Privada sem fins lucrativos;Faculdade;2207702;PARNAIBA;PI;NORDESTE;1;117535;35;33;46,1121;3,2455;42,7333;2,6249;2,7801;3;
2013;38;SERVIÇO SOCIAL;4962;CENTRO UNIVERSITÁRIO DE SETE LAGOAS;UNIFEMM;Privada sem fins lucrativos;Centro Universitário;3167202;SETE LAGOAS;MG;SUDESTE;1;111524;30;27;42,2259;2,7068;32,5444;1,5010;1,8024;2;
2013;38;SERVIÇO SOCIAL;5077;UNIVERSIDADE ESTADUAL DE RORAIMA;UERR;Pública Estadual;Universidade;1400100;BOA VISTA;RR;NORTE;1;98646;48;42;41,4690;2,6019;42,7524;2,6270;2,6207;3;
2013;38;SERVIÇO SOCIAL;5228;FACULDADE RAIMUNDO MARINHO;FRM;Privada sem fins lucrativos;Faculdade;2704302;MACEIO;AL;NORDESTE;1;1151388;138;133;38,8842;2,2436;40,8865;2,4212;2,3768;3;
2013;38;SERVIÇO SOCIAL;5322;FUNDAÇÃO UNIVERSIDADE FEDERAL DO PAMPA - UNIPAMPA;UNIPAMPA;Pública Federal;Universidade;4318002;SAO BORJA;RS;SUL;1;103439;41;41;37,1122;1,9980;42,2220;2,5685;2,4259;3;
2013;38;SERVIÇO SOCIAL;5370;Faculdades Unificadas de Teófilo Otoni;FUTO;Privada sem fins lucrativos;Faculdade;3168606;TEOFILO OTONI;MG;SUDESTE;1;59210;19;16;37,4063;2,0387;48,2375;3,2321;2,9338;3;
2013;38;SERVIÇO SOCIAL;5537;FACULDADES VALE DO CARANGOLA - FAVALE;FAVALE;Privada sem fins lucrativos;Faculdade;3113305;CARANGOLA;MG;SUDESTE;1;121476;29;5;40,4200;2,4565;41,7600;2,5176;2,5023;3;
2013;38;SERVIÇO SOCIAL;5592;FACULDADES INTEGRADAS DO NORTE DE MINAS - FUNORTE;FUNORTE;Privada sem fins lucrativos;Faculdade;3143302;MONTES CLAROS;MG;SUDESTE;1;73776;29;28;35,3857;1,7587;34,9571;1,7671;1,7650;2;
2013;38;SERVIÇO SOCIAL;5670;FACULDADES UNIDAS DO VALE DO ARAGUAIA;UNIVAR;Privada sem fins lucrativos;Faculdade;5101803;BARRA DO GARCAS;MT;CENTRO-OESTE;1;108430;44;40;51,4525;3,9857;46,7625;3,0694;3,2985;4;
2013;38;SERVIÇO SOCIAL;10685;FACULDADE NORTE CAPIXABA DE SAO MATEUS;MULTIVIX SÃO MATEUS;Privada com fins lucrativos;Faculdade;3204906;SAO MATEUS;ES;SUDESTE;1;1002387;19;19;54,3947;4,3935;51,0947;3,5473;3,7589;4;
2013;38;SERVIÇO SOCIAL;11007;FACULDADE CENTRO OESTE;FACEOPAR;Privada com fins lucrativos;Faculdade;4113304;LARANJEIRAS DO SUL;PR;SUL;1;1026837;11;10;47,2000;3,3963;43,2300;2,6797;2,8589;3;
2013;38;SERVIÇO SOCIAL;12766;FACULDADE UNIÃO DE CAMPO MOURÃO;;Privada com fins lucrativos;Faculdade;4104303;CAMPO MOURAO;PR;SUL;1;1047074;22;22;41,8545;2,6553;39,9818;2,3214;2,4049;3;
2013;38;SERVIÇO SOCIAL;14005;INSTITUTO SUPERIOR DE CIÊNCIAS HUMANAS E SOCIAIS APLICADAS DE ABAETÉ;ISAB;Privada sem fins lucrativos;Faculdade;3100203;ABAETE;MG;SUDESTE;1;105346;3;0;.;.;.;.;.;SC;
2013;38;SERVIÇO SOCIAL;14028;Faculdade Presidente Antônio Carlos de Betim;FUNEC Betim;Privada sem fins lucrativos;Faculdade;3106705;BETIM;MG;SUDESTE;1;91319;41;37;49,3243;3,6907;45,3865;2,9176;3,1109;4;
2013;38;SERVIÇO SOCIAL;14130;Faculdade Presidente Antônio Carlos de Várzea da Palma;FEES Várzea da Palma;Privada sem fins lucrativos;Faculdade;3170800;VARZEA DA PALMA;MG;SUDESTE;1;102036;9;9;42,7444;2,7787;31,1000;1,3416;1,7009;2;
2013;38;SERVIÇO SOCIAL;14248;Faculdade Presidente Antônio Carlos de Uberlândia;;Privada sem fins lucrativos;Faculdade;3170206;UBERLANDIA;MG;SUDESTE;1;84798;62;56;45,7339;3,1930;38,0036;2,1032;2,3756;3;
2013;38;SERVIÇO SOCIAL;15032;UNIVERSIDADE ALTO VALE DO RIO DO PEIXE;UNIARP;Privada sem fins lucrativos;Universidade;4203006;CACADOR;SC;SUL;1;9099;21;20;45,5800;3,1717;39,6550;2,2854;2,5069;3;
2013;38;SERVIÇO SOCIAL;15410;Faculdade de Ciencias Humanas e Sociais de Serra Talhada;FACHUSST;Pública Municipal;Faculdade;2613909;SERRA TALHADA;PE;NORDESTE;1;1156266;82;75;37,2093;2,0114;36,8400;1,9748;1,9840;3;
2013;38;SERVIÇO SOCIAL;15450;Faculdade Presidente Antônio Carlos de Ipatinga;;Privada sem fins lucrativos;Faculdade;3131307;IPATINGA;MG;SUDESTE;1;39742;37;34;45,3941;3,1459;49,1029;3,3276;3,2822;4;
2013;38;SERVIÇO SOCIAL;15452;Faculdade Presidente Antônio Carlos de Bom Despacho;;Privada sem fins lucrativos;Faculdade;3107406;BOM DESPACHO;MG;SUDESTE;1;71447;28;21;37,4238;2,0412;37,7000;2,0697;2,0626;3;
2013;38;SERVIÇO SOCIAL;18492;Universidade Estadual do Paraná;UNESPAR;Pública Estadual;Faculdade;4101408;APUCARANA;PR;SUL;1;50201;41;30;23,2300;0,0737;27,0633;0,8963;0,6907;1;
2013;38;SERVIÇO SOCIAL;18492;Universidade Estadual do Paraná;UNESPAR;Pública Estadual;Faculdade;4118402;PARANAVAI;PR;SUL;1;55973;43;37;43,0514;2,8212;46,2595;3,0139;2,9657;4;
2013;51;ZOOTECNIA;1;UNIVERSIDADE FEDERAL DE MATO GROSSO;UFMT;Pública Federal;Universidade;5107602;RONDONOPOLIS;MT;CENTRO-OESTE;1;62906;28;28;46,4607;2,4442;46,9071;2,8987;2,7851;3;
2013;51;ZOOTECNIA;1;UNIVERSIDADE FEDERAL DE MATO GROSSO;UFMT;Pública Federal;Universidade;5107909;SINOP;MT;CENTRO-OESTE;1;100772;50;48;42,2167;1,3893;48,0708;3,0664;2,6472;3;
2013;51;ZOOTECNIA;3;UNIVERSIDADE FEDERAL DE SERGIPE;UFS;Pública Federal;Universidade;2806701;SAO CRISTOVAO;SE;NORDESTE;1;94033;34;34;49,3206;3,1551;52,8059;3,7490;3,6006;4;
2013;51;ZOOTECNIA;4;UNIVERSIDADE FEDERAL DO AMAZONAS;UFAM;Pública Federal;Universidade;1302603;MANAUS;AM;NORTE;1;65424;14;14;54,8357;4,5260;39,2000;1,7876;2,4722;3;
2013;51;ZOOTECNIA;4;UNIVERSIDADE FEDERAL DO AMAZONAS;UFAM;Pública Federal;Universidade;1303403;PARINTINS;AM;NORTE;1;112108;17;16;48,4250;2,9325;46,4000;2,8256;2,8523;3;
2013;51;ZOOTECNIA;5;UNIVERSIDADE FEDERAL DO PIAUÍ;UFPI;Pública Federal;Universidade;2201903;BOM JESUS;PI;NORDESTE;1;99722;28;26;45,2692;2,1481;29,3231;0,3637;0,8098;1;
2013;51;ZOOTECNIA;8;UNIVERSIDADE FEDERAL DE VIÇOSA;UFV;Pública Federal;Universidade;3171303;VICOSA;MG;SUDESTE;1;701;63;58;51,3638;3,6630;58,4845;4,5677;4,3415;5;
2013;51;ZOOTECNIA;9;UNIVERSIDADE ESTADUAL DE LONDRINA;UEL;Pública Estadual;Universidade;4113700;LONDRINA;PR;SUL;1;56129;22;22;48,6682;2,9929;54,8000;4,0365;3,7756;4;
2013;51;ZOOTECNIA;43;FUNDAÇÃO UNIVERSIDADE DO ESTADO DE SANTA CATARINA;UDESC;Pública Estadual;Universidade;4204202;CHAPECO;SC;SUL;1;74134;38;37;53,0297;4,0771;60,3892;4,8423;4,6510;5;
2013;51;ZOOTECNIA;47;UNIVERSIDADE ESTADUAL DE GOIÁS;UEG;Pública Estadual;Universidade;5220108;SAO LUIS DE MONTES BELOS;GO;CENTRO-OESTE;1;39235;47;46;44,4804;1,9520;48,0652;3,0656;2,7872;3;
2013;51;ZOOTECNIA;56;UNIVERSIDADE ESTADUAL PAULISTA JÚLIO DE MESQUITA FILHO;UNESP;Pública Estadual;Universidade;3507506;BOTUCATU;SP;SUDESTE;1;3177;49;45;50,7689;3,5151;53,8689;3,9023;3,8055;4;
2013;51;ZOOTECNIA;56;UNIVERSIDADE ESTADUAL PAULISTA JÚLIO DE MESQUITA FILHO;UNESP;Pública Estadual;Universidade;3514403;DRACENA;SP;SUDESTE;1;73944;29;29;51,5207;3,7020;53,4069;3,8357;3,8023;4;
2013;51;ZOOTECNIA;56;UNIVERSIDADE ESTADUAL PAULISTA JÚLIO DE MESQUITA FILHO;UNESP;Pública Estadual;Universidade;3520442;ILHA SOLTEIRA;SP;SUDESTE;1;67013;35;32;50,8281;3,5298;53,2813;3,8176;3,7456;4;
2013;51;ZOOTECNIA;56;UNIVERSIDADE ESTADUAL PAULISTA JÚLIO DE MESQUITA FILHO;UNESP;Pública Estadual;Universidade;3524303;JABOTICABAL;SP;SUDESTE;1;3138;52;46;47,0761;2,5972;50,9565;3,4824;3,2611;4;
2013;51;ZOOTECNIA;57;UNIVERSIDADE ESTADUAL DE MARINGÁ;UEM;Pública Estadual;Universidade;4115200;MARINGA;PR;SUL;1;3412;67;67;50,6821;3,4935;50,0284;3,3486;3,3849;4;
2013;51;ZOOTECNIA;82;UNIVERSIDADE DO OESTE DE SANTA CATARINA;UNOESC;Pública Municipal;Universidade;4219507;XANXERE;SC;SUL;1;91819;15;15;48,7600;3,0158;50,1867;3,3715;3,2825;4;
2013;51;ZOOTECNIA;95;UNIVERSIDADE ESTADUAL DO VALE DO ACARAÚ;UVA;Pública Estadual;Universidade;2312908;SOBRAL;CE;NORDESTE;1;4104;51;50;45,2920;2,1537;43,8220;2,4539;2,3789;3;
2013;51;ZOOTECNIA;107;UNIVERSIDADE FEDERAL DE SÃO JOÃO DEL REI;UFSJ;Pública Federal;Universidade;3162500;SAO JOAO DEL REI;MG;SUDESTE;1;122326;32;28;52,4536;3,9338;48,6571;3,1510;3,3467;4;
2013;51;ZOOTECNIA;271;UNIVERSIDADE DO OESTE PAULISTA;UNOESTE;Privada sem fins lucrativos;Universidade;3541406;PRESIDENTE PRUDENTE;SP;SUDESTE;1;6495;12;10;51,1300;3,6048;52,8900;3,7612;3,7221;4;
2013;51;ZOOTECNIA;367;UNIVERSIDADE ESTADUAL DE MONTES CLAROS;UNIMONTES;Pública Estadual;Universidade;3135100;JANAUBA;MG;SUDESTE;1;92593;22;21;52,2095;3,8732;54,3571;3,9727;3,9478;5;
2013;51;ZOOTECNIA;387;UNIVERSIDADE CATÓLICA DOM BOSCO;UCDB;Privada sem fins lucrativos;Universidade;5002704;CAMPO GRANDE;MS;CENTRO-OESTE;1;20069;17;15;41,1600;1,1267;43,3867;2,3912;2,0750;3;
2013;51;ZOOTECNIA;404;FACULDADES INTEGRADAS DA UPIS;UPIS;Privada sem fins lucrativos;Faculdade;5300108;BRASILIA;DF;CENTRO-OESTE;1;20697;22;22;43,7773;1,7772;39,8091;1,8754;1,8509;2;
2013;51;ZOOTECNIA;527;PONTIFÍCIA UNIVERSIDADE CATÓLICA DE GOIÁS;PUC GOIÁS;Privada sem fins lucrativos;Universidade;5208707;GOIANIA;GO;CENTRO-OESTE;1;10813;40;36;41,3278;1,1684;42,3111;2,2361;1,9692;3;
2013;51;ZOOTECNIA;548;UNIVERSIDADE FEDERAL DO MARANHÃO;UFMA;Pública Federal;Universidade;2103208;CHAPADINHA;MA;NORDESTE;1;103305;18;17;52,5824;3,9659;47,3471;2,9621;3,2130;4;
2013;51;ZOOTECNIA;568;UNIVERSIDADE ESTADUAL DO MARANHÃO;UEMA;Pública Estadual;Universidade;2104800;GRAJAU;MA;NORDESTE;1;95426;10;10;45,7900;2,2775;39,3900;1,8150;1,9306;2;
2013;51;ZOOTECNIA;568;UNIVERSIDADE ESTADUAL DO MARANHÃO;UEMA;Pública Estadual;Universidade;2111300;SAO LUIS;MA;NORDESTE;1;120944;46;39;47,5026;2,7032;38,4077;1,6734;1,9308;2;
2013;51;ZOOTECNIA;570;UNIVERSIDADE FEDERAL DO RIO GRANDE DO NORTE;UFRN;Pública Federal;Universidade;2407104;MACAIBA;RN;NORDESTE;1;5000969;25;23;50,5043;3,4493;41,6087;2,1348;2,4635;3;
2013;51;ZOOTECNIA;570;UNIVERSIDADE FEDERAL DO RIO GRANDE DO NORTE;UFRN;Pública Federal;Universidade;2408102;NATAL;RN;NORDESTE;1;12362;17;16;49,5062;3,2012;44,1125;2,4958;2,6722;3;
2013;51;ZOOTECNIA;571;UNIVERSIDADE FEDERAL DO PARANÁ;UFPR;Pública Federal;Universidade;4106902;CURITIBA;PR;SUL;1;20071;35;35;51,4771;3,6911;51,0829;3,5007;3,5483;4;
2013;51;ZOOTECNIA;573;UNIVERSIDADE FEDERAL DO ESPÍRITO SANTO;UFES;Pública Federal;Universidade;3200201;ALEGRE;ES;SUDESTE;1;20040;7;7;56,7429;5,0000;55,7000;4,1663;4,3747;5;
2013;51;ZOOTECNIA;574;UNIVERSIDADE FEDERAL RURAL DO RIO DE JANEIRO;UFRRJ;Pública Federal;Universidade;3305554;SEROPEDICA;RJ;SUDESTE;1;12910;57;53;55,7925;4,7638;50,9623;3,4833;3,8034;4;
2013;51;ZOOTECNIA;575;UNIVERSIDADE FEDERAL DE MINAS GERAIS;UFMG;Pública Federal;Universidade;3143302;MONTES CLAROS;MG;SUDESTE;1;87193;43;42;49,1143;3,1038;51,9357;3,6236;3,4937;4;
2013;51;ZOOTECNIA;577;UNIVERSIDADE FEDERAL DE ALAGOAS;UFAL;Pública Federal;Universidade;2700300;ARAPIRACA;AL;NORDESTE;1;102160;41;35;48,4229;2,9320;40,4743;1,9713;2,2115;3;
2013;51;ZOOTECNIA;577;UNIVERSIDADE FEDERAL DE ALAGOAS;UFAL;Pública Federal;Universidade;2707701;RIO LARGO;AL;NORDESTE;1;18866;67;48;37,3646;0,1833;32,9583;0,8878;0,7117;1;
2013;51;ZOOTECNIA;578;UNIVERSIDADE FEDERAL DA BAHIA;UFBA;Pública Federal;Universidade;2927408;SALVADOR;BA;NORDESTE;1;117070;11;11;43,2182;1,6383;56,6273;4,2999;3,6345;4;
2013;51;ZOOTECNIA;579;UNIVERSIDADE FEDERAL DA PARAÍBA;UFPB;Pública Federal;Universidade;2501104;AREIA;PB;NORDESTE;1;13403;56;52;44,5481;1,9688;43,9154;2,4674;2,3427;3;
2013;51;ZOOTECNIA;582;UNIVERSIDADE FEDERAL DE SANTA MARIA;UFSM;Pública Federal;Universidade;4313706;PALMEIRA DAS MISSOES;RS;SUL;1;103404;37;33;46,2879;2,4013;47,5333;2,9889;2,8420;3;
2013;51;ZOOTECNIA;582;UNIVERSIDADE FEDERAL DE SANTA MARIA;UFSM;Pública Federal;Universidade;4316907;SANTA MARIA;RS;SUL;1;13854;50;47;42,8872;1,5560;46,5766;2,8510;2,5273;3;
2013;51;ZOOTECNIA;583;UNIVERSIDADE FEDERAL DO CEARÁ;UFC;Pública Federal;Universidade;2304400;FORTALEZA;CE;NORDESTE;1;50392;34;33;46,1667;2,3711;52,8394;3,7539;3,4082;4;
2013;51;ZOOTECNIA;584;UNIVERSIDADE FEDERAL DE GOIÁS;UFG;Pública Federal;Universidade;5208707;GOIANIA;GO;CENTRO-OESTE;1;1111225;27;27;43,6185;1,7378;55,8704;4,1908;3,5776;4;
2013;51;ZOOTECNIA;584;UNIVERSIDADE FEDERAL DE GOIÁS;UFG;Pública Federal;Universidade;5211909;JATAI;GO;CENTRO-OESTE;1;101920;27;24;46,1917;2,3774;55,5417;4,1434;3,7019;4;
2013;51;ZOOTECNIA;585;UNIVERSIDADE FEDERAL DE SANTA CATARINA;UFSC;Pública Federal;Universidade;4205407;FLORIANOPOLIS;SC;SUL;1;111954;42;40;50,0275;3,3308;56,7425;4,3166;4,0701;5;
2013;51;ZOOTECNIA;587;UNIVERSIDADE FEDERAL RURAL DE PERNAMBUCO;UFRPE;Pública Federal;Universidade;2606002;GARANHUNS;PE;NORDESTE;1;91738;20;15;43,8867;1,8044;46,3000;2,8111;2,5595;3;
2013;51;ZOOTECNIA;587;UNIVERSIDADE FEDERAL RURAL DE PERNAMBUCO;UFRPE;Pública Federal;Universidade;2611606;RECIFE;PE;NORDESTE;1;14508;24;21;46,6810;2,4990;45,6857;2,7226;2,6667;3;
2013;51;ZOOTECNIA;587;UNIVERSIDADE FEDERAL RURAL DE PERNAMBUCO;UFRPE;Pública Federal;Universidade;2613909;SERRA TALHADA;PE;NORDESTE;1;118474;5;5;50,7600;3,5129;57,8400;4,4748;4,2343;5;
2013;51;ZOOTECNIA;588;UNIVERSIDADE TECNOLÓGICA FEDERAL DO PARANÁ;UTFPR;Pública Federal;Universidade;4107207;DOIS VIZINHOS;PR;SUL;1;102040;9;9;43,7778;1,7774;58,1333;4,5171;3,8321;4;
2013;51;ZOOTECNIA;589;UNIVERSIDADE FEDERAL RURAL DO SEMI-ÁRIDO;UFERSA;Pública Federal;Universidade;2408003;MOSSORO;RN;NORDESTE;1;68180;6;5;42,0600;1,3504;44,3000;2,5228;2,2297;3;
2013;51;ZOOTECNIA;590;UNIVERSIDADE FEDERAL RURAL DA AMAZÔNIA;UFRA;Pública Federal;Universidade;1501402;BELEM;PA;NORTE;1;22000;36;31;50,2419;3,3841;46,9645;2,9069;3,0262;4;
2013;51;ZOOTECNIA;590;UNIVERSIDADE FEDERAL RURAL DA AMAZÔNIA;UFRA;Pública Federal;Universidade;1505536;PARAUAPEBAS;PA;NORTE;1;120116;10;8;38,9125;0,5680;31,4875;0,6758;0,6488;1;
2013;51;ZOOTECNIA;592;UNIVERSIDADE FEDERAL DE LAVRAS;UFLA;Pública Federal;Universidade;3138203;LAVRAS;MG;SUDESTE;1;14577;75;66;49,7364;3,2584;52,4682;3,7004;3,5899;4;
2013;51;ZOOTECNIA;596;UNIVERSIDADE FEDERAL DOS VALES DO JEQUITINHONHA E MUCURI;UFVJM;Pública Federal;Universidade;3121605;DIAMANTINA;MG;SUDESTE;1;48917;13;13;46,4000;2,4291;48,7308;3,1616;2,9785;4;
2013;51;ZOOTECNIA;609;UNIVERSIDADE ESTADUAL DO OESTE DO PARANÁ;UNIOESTE;Pública Estadual;Universidade;4114609;MARECHAL CANDIDO RONDON;PR;SUL;1;20900;37;33;47,3091;2,6551;45,5030;2,6963;2,6860;3;
2013;51;ZOOTECNIA;634;UNIVERSIDADE FEDERAL DE PELOTAS;UFPEL;Pública Federal;Universidade;4304663;CAPAO DO LEAO;RS;SUL;1;113645;20;20;45,2000;2,1309;46,9600;2,9063;2,7124;3;
2013;51;ZOOTECNIA;648;FACULDADES ASSOCIADAS DE UBERABA - FAZU;FAZU;Privada sem fins lucrativos;Faculdade;3170107;UBERABA;MG;SUDESTE;1;15158;41;29;46,0483;2,3417;43,0931;2,3488;2,3471;3;
2013;51;ZOOTECNIA;688;UNIVERSIDADE ESTADUAL DO SUDOESTE DA BAHIA;UESB;Pública Estadual;Universidade;2916401;ITAPETINGA;BA;NORDESTE;1;15743;36;33;45,1152;2,1098;43,7242;2,4398;2,3573;3;
2013;51;ZOOTECNIA;694;UNIVERSIDADE FEDERAL DE MATO GROSSO DO SUL;UFMS;Pública Federal;Universidade;5002704;CAMPO GRANDE;MS;CENTRO-OESTE;1;52101;23;22;53,1136;4,0979;51,3455;3,5385;3,6784;4;
2013;51;ZOOTECNIA;719;UNIVERSIDADE DO ESTADO DE MATO GROSSO;UNEMAT;Pública Estadual;Universidade;5106752;PONTES E LACERDA;MT;CENTRO-OESTE;1;68063;45;42;45,0643;2,0971;36,2619;1,3640;1,5473;2;
2013;51;ZOOTECNIA;730;UNIVERSIDADE ESTADUAL DE PONTA GROSSA;UEPG;Pública Estadual;Universidade;4104907;CASTRO;PR;SUL;1;60414;22;20;47,8950;2,8007;53,4850;3,8469;3,5854;4;
2013;51;ZOOTECNIA;756;UNIVERSIDADE ESTADUAL DO PIAUÍ;UESPI;Pública Estadual;Universidade;2202901;CORRENTE;PI;NORDESTE;1;43222;12;12;45,3667;2,1723;40,6833;2,0014;2,0442;3;
2013;51;ZOOTECNIA;789;UNIVERSIDADE FEDERAL DE RORAIMA;UFRR;Pública Federal;Universidade;1400100;BOA VISTA;RR;NORTE;1;97021;14;14;53,3786;4,1638;48,5643;3,1376;3,3941;4;
2013;51;ZOOTECNIA;1027;UNIVERSIDADE ESTADUAL DO NORTE FLUMINENSE DARCY RIBEIRO;UENF;Pública Estadual;Universidade;3301009;CAMPOS DO GOYTACAZES;RJ;SUDESTE;1;64210;12;11;52,7364;4,0041;57,1091;4,3694;4,2781;5;
2013;51;ZOOTECNIA;1028;UNIVERSIDADE ESTADUAL DE MATO GROSSO DO SUL;UEMS;Pública Estadual;Universidade;5001102;AQUIDAUANA;MS;CENTRO-OESTE;1;17735;24;0;.;.;.;.;.;SC;
2013;51;ZOOTECNIA;1087;FACULDADES INTEGRADAS APARÍCIO CARVALHO;FIMCA;Privada sem fins lucrativos;Faculdade;1100205;PORTO VELHO;RO;NORTE;1;109258;1;1;.;.;.;.;.;SC;
2013;51;ZOOTECNIA;1125;FACULDADES INTEGRADAS ESPÍRITA;FIES;Privada sem fins lucrativos;Faculdade;4106902;CURITIBA;PR;SUL;1;17591;7;6;43,0167;1,5882;43,9167;2,4676;2,2477;3;
2013;51;ZOOTECNIA;1303;INSTITUTO FEDERAL DE EDUCAÇÃO, CIÊNCIA E TECNOLOGIA GOIANO;IF Goiano;Pública Federal;Ifet/Cefet;5218805;RIO VERDE;GO;CENTRO-OESTE;1;98964;26;24;43,0917;1,6068;40,3833;1,9582;1,8703;2;
2013;51;ZOOTECNIA;1717;FACULDADE DE IMPERATRIZ;FACIMP;Privada com fins lucrativos;Faculdade;2105302;IMPERATRIZ;MA;NORDESTE;1;50084;11;11;36,6273;0,0000;35,3273;1,2293;0,9220;1;
2013;51;ZOOTECNIA;1825;FACULDADE DE ESTUDOS SUPERIORES DE MINAS GERAIS;FEAD;Privada com fins lucrativos;Faculdade;3106200;BELO HORIZONTE;MG;SUDESTE;1;50233;23;20;50,1100;3,3513;44,1850;2,5062;2,7175;3;
2013;51;ZOOTECNIA;2323;FACULDADE DA AMAZÔNIA;FAMA;Privada com fins lucrativos;Faculdade;1100304;VILHENA;RO;NORTE;1;75776;8;8;45,3875;2,1775;35,3625;1,2344;1,4702;2;
2013;51;ZOOTECNIA;2365;FACULDADE CATÓLICA DO TOCANTINS;FACTO;Privada sem fins lucrativos;Faculdade;1721000;PALMAS;TO;NORTE;1;99853;44;42;32,9262;0,0000;33,7000;0,9947;0,7460;1;
2013;51;ZOOTECNIA;2918;FACULDADE DE ENSINO SUPERIOR DA AMAZÔNIA REUNIDA;FESAR;Privada com fins lucrativos;Faculdade;1506138;REDENCAO;PA;NORTE;1;74444;25;24;38,1917;0,3889;36,3042;1,3701;1,1248;2;
2013;51;ZOOTECNIA;3164;INSTITUTO FEDERAL DE EDUCAÇÃO, CIÊNCIA E TECNOLOGIA DE MATO GROSSO;IFMT;Pública Federal;Ifet/Cefet;5107800;SANTO ANTONIO DO LEVERGER;MT;CENTRO-OESTE;1;115023;20;20;54,3750;4,4114;39,2800;1,7991;2,4522;3;
2013;51;ZOOTECNIA;3165;INSTITUTO FEDERAL DE EDUCAÇÃO, CIÊNCIA E TECNOLOGIA  DO TRIÂNGULO MINEIRO;;Pública Federal;Ifet/Cefet;3170107;UBERABA;MG;SUDESTE;1;1102046;22;22;49,0318;3,0833;48,3182;3,1021;3,0974;4;
2013;51;ZOOTECNIA;3189;INSTITUTO FEDERAL DE EDUCAÇÃO, CIÊNCIA E TECNOLOGIA DE MINAS GERAIS;IFMG;Pública Federal;Ifet/Cefet;3105103;BAMBUI;MG;SUDESTE;1;103592;11;11;54,8909;4,5397;50,0000;3,3445;3,6433;4;
2013;51;ZOOTECNIA;3279;INSTITUTO FEDERAL DE EDUCAÇÃO, CIÊNCIA E TECNOLOGIA DO SUDESTE DE MINAS GERAIS;IFSEMG;Pública Federal;Ifet/Cefet;3155801;RIO POMBA;MG;SUDESTE;1;123275;7;6;56,6667;4,9811;61,4833;5,0000;4,9953;5;
2013;51;ZOOTECNIA;3375;INSTITUTO DE ENSINO SUPERIOR MÚLTIPLO;IESM;Privada com fins lucrativos;Faculdade;2112209;TIMON;MA;NORDESTE;1;90737;7;5;47,3400;2,6628;26,8000;0,0000;0,6657;1;
2013;51;ZOOTECNIA;3641;CENTRO UNIVERSITÁRIO DA FUNDAÇÃO EDUCACIONAL DE BARRETOS;UNIFEB;Privada sem fins lucrativos;Centro Universitário;3505500;BARRETOS;SP;SUDESTE;1;91085;21;13;45,4231;2,1863;41,2692;2,0859;2,1110;3;
2013;51;ZOOTECNIA;3849;FUNDAÇÃO UNIVERSIDADE FEDERAL DO TOCANTINS;UFT;Pública Federal;Universidade;1702109;ARAGUAINA;TO;NORTE;1;40752;57;54;43,0204;1,5891;41,5685;2,1291;1,9941;3;
2013;51;ZOOTECNIA;3984;FUNDAÇÃO UNIVERSIDADE FEDERAL DO VALE DO SÃO FRANCISCO;UNIVASF;Pública Federal;Universidade;2611101;PETROLINA;PE;NORDESTE;1;74062;10;10;49,4500;3,1873;48,4400;3,1197;3,1366;4;
2013;51;ZOOTECNIA;4503;UNIVERSIDADE FEDERAL DO RECÔNCAVO DA BAHIA;UFRB;Pública Federal;Universidade;2909802;CRUZ DAS ALMAS;BA;NORDESTE;1;86500;9;9;49,3000;3,1500;42,5778;2,2745;2,4934;3;
2013;51;ZOOTECNIA;4504;FUNDAÇÃO UNIVERSIDADE FEDERAL DA GRANDE DOURADOS;UFGD;Pública Federal;Universidade;5003702;DOURADOS;MS;CENTRO-OESTE;1;95739;16;15;49,7733;3,2676;40,6133;1,9914;2,3104;3;
2013;51;ZOOTECNIA;5242;UNIVERSIDADE ESTADUAL DE ALAGOAS - UNEAL;UNEAL;Pública Estadual;Universidade;2708006;SANTANA DO IPANEMA;AL;NORDESTE;1;9980;48;40;44,2625;1,8978;32,1850;0,7763;1,0567;2;
2013;51;ZOOTECNIA;5322;FUNDAÇÃO UNIVERSIDADE FEDERAL DO PAMPA - UNIPAMPA;UNIPAMPA;Pública Federal;Universidade;4306601;DOM PEDRITO;RS;SUL;1;104356;19;18;46,2111;2,3822;40,8667;2,0279;2,1165;3;
2013;55;BIOMEDICINA;1;UNIVERSIDADE FEDERAL DE MATO GROSSO;UFMT;Pública Federal;Universidade;5101803;BARRA DO GARCAS;MT;CENTRO-OESTE;1;116648;33;26;46,9500;1,8709;39,5115;1,4297;1,5400;2;
2013;55;BIOMEDICINA;5;UNIVERSIDADE FEDERAL DO PIAUÍ;UFPI;Pública Federal;Universidade;2207702;PARNAIBA;PI;NORDESTE;1;102566;86;81;53,9963;3,2170;52,0506;2,9347;3,0052;4;
2013;55;BIOMEDICINA;9;UNIVERSIDADE ESTADUAL DE LONDRINA;UEL;Pública Estadual;Universidade;4113700;LONDRINA;PR;SUL;1;22083;18;18;53,5444;3,1307;53,5778;3,1180;3,1211;4;
2013;55;BIOMEDICINA;15;UNIVERSIDADE CATÓLICA DE PETRÓPOLIS;UCP;Privada sem fins lucrativos;Universidade;3303906;PETROPOLIS;RJ;SUDESTE;1;150246;19;19;51,4579;2,7321;56,1211;3,4232;3,2504;4;
2013;55;BIOMEDICINA;17;UNIVERSIDADE FEDERAL DE UBERLÂNDIA;UFU;Pública Federal;Universidade;3170206;UBERLANDIA;MG;SUDESTE;1;98992;28;25;61,8880;4,7247;61,9080;4,1178;4,2695;5;
2013;55;BIOMEDICINA;23;UNIVERSIDADE FEEVALE;FEEVALE;Privada sem fins lucrativos;Universidade;4313409;NOVO HAMBURGO;RS;SUL;1;39454;36;36;53,5444;3,1307;55,2500;3,3187;3,2717;4;
2013;55;BIOMEDICINA;24;UNIVERSIDADE ESTADUAL DE SANTA CRUZ;UESC;Pública Estadual;Universidade;2913606;ILHEUS;BA;NORDESTE;1;79576;31;31;60,7484;4,5070;54,0161;3,1706;3,5047;4;
2013;55;BIOMEDICINA;30;UNIVERSIDADE JOSÉ DO ROSÁRIO VELLANO;UNIFENAS;Privada sem fins lucrativos;Universidade;3101607;ALFENAS;MG;SUDESTE;1;72714;30;27;46,9593;1,8726;45,1185;2,1026;2,0451;3;
2013;55;BIOMEDICINA;30;UNIVERSIDADE JOSÉ DO ROSÁRIO VELLANO;UNIFENAS;Privada sem fins lucrativos;Universidade;3106200;BELO HORIZONTE;MG;SUDESTE;1;72712;77;55;49,0491;2,2719;44,6382;2,0450;2,1017;3;
2013;55;BIOMEDICINA;30;UNIVERSIDADE JOSÉ DO ROSÁRIO VELLANO;UNIFENAS;Privada sem fins lucrativos;Universidade;3122306;DIVINOPOLIS;MG;SUDESTE;1;64888;29;28;39,5893;0,4646;35,2393;0,9169;0,8038;1;
2013;55;BIOMEDICINA;56;UNIVERSIDADE ESTADUAL PAULISTA JÚLIO DE MESQUITA FILHO;UNESP;Pública Estadual;Universidade;3507506;BOTUCATU;SP;SUDESTE;1;112432;40;39;43,2256;1,1593;50,3513;2,7307;2,3379;3;
2013;55;BIOMEDICINA;82;UNIVERSIDADE DO OESTE DE SANTA CATARINA;UNOESC;Pública Municipal;Universidade;4217204;SAO MIGUEL D´OESTE;SC;SUL;1;90016;19;19;55,2789;3,4621;49,4105;2,6178;2,8289;3;
2013;55;BIOMEDICINA;83;UNIVERSIDADE DO VALE DO ITAJAÍ;UNIVALI;Privada sem fins lucrativos;Universidade;4208203;ITAJAI;SC;SUL;1;1140817;7;7;54,1857;3,2532;54,9143;3,2784;3,2721;4;
2013;55;BIOMEDICINA;124;CENTRO UNIVERSITÁRIO DE ARARAQUARA;UNIARA;Privada sem fins lucrativos;Centro Universitário;3503208;ARARAQUARA;SP;SUDESTE;1;38564;26;23;46,4478;1,7749;49,2609;2,5998;2,3936;3;
2013;55;BIOMEDICINA;138;CENTRO UNIVERSITÁRIO BARÃO DE MAUÁ;CBM;Privada sem fins lucrativos;Centro Universitário;3543402;RIBEIRAO PRETO;SP;SUDESTE;4;4471 - 92961 - 117342 - 117344;70;61;52,7426;2,9775;45,6689;2,1687;2,3709;3;
2013;55;BIOMEDICINA;140;UNIVERSIDADE SEVERINO SOMBRA;USS;Privada sem fins lucrativos;Universidade;3306206;VASSOURAS;RJ;SUDESTE;1;67036;15;15;52,8400;2,9961;46,4333;2,2605;2,4444;3;
2013;55;BIOMEDICINA;143;UNIVERSIDADE DE UBERABA;UNIUBE;Privada sem fins lucrativos;Universidade;3170107;UBERABA;MG;SUDESTE;1;18578;43;42;50,1571;2,4836;44,6500;2,0464;2,1557;3;
2013;55;BIOMEDICINA;167;UNIVERSIDADE METODISTA DE SÃO PAULO;UMESP;Privada sem fins lucrativos;Universidade;3548708;SAO BERNARDO DO CAMPO;SP;SUDESTE;1;50945;77;75;49,5973;2,3766;51,6560;2,8873;2,7596;3;
2013;55;BIOMEDICINA;176;UNIVERSIDADE CASTELO BRANCO;UCB;Privada sem fins lucrativos;Universidade;3304557;RIO DE JANEIRO;RJ;SUDESTE;1;111732;38;28;43,4429;1,2008;36,7571;1,0991;1,1245;2;
2013;55;BIOMEDICINA;216;CENTRO UNIVERSITÁRIO METODISTA IZABELA HENDRIX;CEUNIH;Privada sem fins lucrativos;Centro Universitário;3106200;BELO HORIZONTE;MG;SUDESTE;1;105516;63;61;49,0492;2,2719;49,5213;2,6311;2,5413;3;
2013;55;BIOMEDICINA;222;CENTRO UNIVERSITÁRIO DE VOTUPORANGA;UNIFEV;Privada sem fins lucrativos;Centro Universitário;3557105;VOTUPORANGA;SP;SUDESTE;1;57824;17;17;47,6647;2,0074;49,1765;2,5897;2,4441;3;
2013;55;BIOMEDICINA;226;CENTRO UNIVERSITÁRIO LUSÍADA;UNILUS;Privada sem fins lucrativos;Centro Universitário;3548500;SANTOS;SP;SUDESTE;1;20702;17;17;46,8412;1,8501;51,1118;2,8220;2,5790;3;
2013;55;BIOMEDICINA;275;UNIVERSIDADE DO VALE DO PARAÍBA;UNIVAP;Privada sem fins lucrativos;Universidade;3549904;SAO JOSE DOS CAMPOS;SP;SUDESTE;1;74934;31;30;53,5167;3,1254;49,7200;2,6549;2,7725;3;
2013;55;BIOMEDICINA;298;UNIVERSIDADE NORTE DO PARANÁ;UNOPAR;Privada com fins lucrativos;Universidade;4113700;LONDRINA;PR;SUL;1;1107815;9;9;57,0889;3,8078;53,8222;3,1473;3,3124;4;
2013;55;BIOMEDICINA;308;UNIVERSIDADE PRESIDENTE ANTÔNIO CARLOS;UNIPAC;Privada sem fins lucrativos;Universidade;3136702;JUIZ DE FORA;MG;SUDESTE;1;71423;56;50;51,7920;2,7959;39,8680;1,4725;1,8033;2;
2013;55;BIOMEDICINA;316;UNIVERSIDADE NOVE DE JULHO;UNINOVE;Privada sem fins lucrativos;Universidade;3550308;SAO PAULO;SP;SUDESTE;4;92625 - 101804 - 101806 - 111978;90;89;51,8798;2,8127;54,0584;3,1756;3,0849;4;
2013;55;BIOMEDICINA;322;UNIVERSIDADE PAULISTA;UNIP;Privada sem fins lucrativos;Universidade;1302603;MANAUS;AM;NORTE;1;99120;6;6;48,8333;2,2307;43,3667;1,8924;1,9769;3;
2013;55;BIOMEDICINA;322;UNIVERSIDADE PAULISTA;UNIP;Privada sem fins lucrativos;Universidade;3502804;ARACATUBA;SP;SUDESTE;1;5000422;5;5;50,1800;2,4879;54,6400;3,2454;3,0561;4;
2013;55;BIOMEDICINA;322;UNIVERSIDADE PAULISTA;UNIP;Privada sem fins lucrativos;Universidade;3503208;ARARAQUARA;SP;SUDESTE;1;5000426;3;3;55,7667;3,5552;59,7000;3,8528;3,7784;4;
2013;55;BIOMEDICINA;322;UNIVERSIDADE PAULISTA;UNIP;Privada sem fins lucrativos;Universidade;3506003;BAURU;SP;SUDESTE;1;105454;9;9;55,2222;3,4512;64,2111;4,3942;4,1585;5;
2013;55;BIOMEDICINA;322;UNIVERSIDADE PAULISTA;UNIP;Privada sem fins lucrativos;Universidade;3509502;CAMPINAS;SP;SUDESTE;1;99112;10;9;57,6333;3,9118;56,8111;3,5060;3,6075;4;
2013;55;BIOMEDICINA;322;UNIVERSIDADE PAULISTA;UNIP;Privada sem fins lucrativos;Universidade;3525904;JUNDIAI;SP;SUDESTE;1;99102;13;13;57,2385;3,8364;60,6462;3,9663;3,9339;4;
2013;55;BIOMEDICINA;322;UNIVERSIDADE PAULISTA;UNIP;Privada sem fins lucrativos;Universidade;3526902;LIMEIRA;SP;SUDESTE;1;5000432;4;4;67,5250;5,0000;60,5500;3,9548;4,2161;5;
2013;55;BIOMEDICINA;322;UNIVERSIDADE PAULISTA;UNIP;Privada sem fins lucrativos;Universidade;3548500;SANTOS;SP;SUDESTE;1;99148;1;1;.;.;.;.;.;SC;
2013;55;BIOMEDICINA;322;UNIVERSIDADE PAULISTA;UNIP;Privada sem fins lucrativos;Universidade;3549805;SAO JOSE DO RIO PRETO;SP;SUDESTE;1;99105;13;13;52,3231;2,8974;62,5615;4,1962;3,8715;4;
2013;55;BIOMEDICINA;322;UNIVERSIDADE PAULISTA;UNIP;Privada sem fins lucrativos;Universidade;3549904;SAO JOSE DOS CAMPOS;SP;SUDESTE;1;115599;9;8;56,1125;3,6213;58,4500;3,7027;3,6824;4;
2013;55;BIOMEDICINA;322;UNIVERSIDADE PAULISTA;UNIP;Privada sem fins lucrativos;Universidade;3550308;SAO PAULO;SP;SUDESTE;6;105458 - 1155937 - 1180786 - 5000414 - 5000416 - 5000420;16;16;56,1250;3,6237;60,0375;3,8933;3,8259;4;
2013;55;BIOMEDICINA;322;UNIVERSIDADE PAULISTA;UNIP;Privada sem fins lucrativos;Universidade;3552205;SOROCABA;SP;SUDESTE;1;99114;20;20;58,3550;4,0497;56,8100;3,5059;3,6419;4;
2013;55;BIOMEDICINA;322;UNIVERSIDADE PAULISTA;UNIP;Privada sem fins lucrativos;Universidade;5208707;GOIANIA;GO;CENTRO-OESTE;1;105456;11;11;50,6818;2,5838;51,9636;2,9242;2,8391;3;
2013;55;BIOMEDICINA;339;FACULDADE SANTA EMÍLIA DE RODAT;FASER;Privada sem fins lucrativos;Faculdade;2507507;JOAO PESSOA;PB;NORDESTE;1;87232;41;36;43,4028;1,1932;40,7694;1,5806;1,4838;2;
2013;55;BIOMEDICINA;344;CENTRO UNIVERSITÁRIO UNA;UNA;Privada com fins lucrativos;Centro Universitário;3106200;BELO HORIZONTE;MG;SUDESTE;1;1176269;1;0;.;.;.;.;.;SC;
2013;55;BIOMEDICINA;349;CENTRO UNIVERSITÁRIO DE BELO HORIZONTE;UNI-BH;Privada com fins lucrativos;Centro Universitário;3106200;BELO HORIZONTE;MG;SUDESTE;1;1108108;22;22;58,2864;4,0366;56,7227;3,4954;3,6307;4;
2013;55;BIOMEDICINA;355;UNIVERSIDADE TUIUTI DO PARANÁ;UTP;Privada com fins lucrativos;Universidade;4106902;CURITIBA;PR;SUL;1;101058;30;30;49,3933;2,3376;48,9300;2,5601;2,5045;3;
2013;55;BIOMEDICINA;374;CENTRO UNIVERSITÁRIO DAS FACULDADES METROPOLITANAS UNIDAS;FMU;Privada sem fins lucrativos;Centro Universitário;3550308;SAO PAULO;SP;SUDESTE;2;37979 - 114504;194;183;49,5689;2,3712;50,5770;2,7578;2,6611;3;
2013;55;BIOMEDICINA;375;UNIVERSIDADE DE SANTO AMARO;UNISA;Privada sem fins lucrativos;Universidade;3550308;SAO PAULO;SP;SUDESTE;1;74626;14;14;56,1357;3,6257;63,9071;4,3577;4,1747;5;
2013;55;BIOMEDICINA;398;UNIVERSIDADE TIRADENTES;UNIT;Privada com fins lucrativos;Universidade;2800308;ARACAJU;SE;NORDESTE;1;86284;36;36;45,2889;1,5535;46,1222;2,2231;2,0557;3;
2013;55;BIOMEDICINA;402;CENTRO UNIVERSITÁRIO DE BRASÍLIA;UNICEUB;Privada sem fins lucrativos;Centro Universitário;5300108;BRASILIA;DF;CENTRO-OESTE;1;63884;66;64;52,9750;3,0219;53,9266;3,1598;3,1253;4;
2013;55;BIOMEDICINA;403;UNIVERSIDADE CATÓLICA DE BRASÍLIA;UCB;Privada sem fins lucrativos;Universidade;5300108;BRASILIA;DF;CENTRO-OESTE;1;91295;40;40;49,6800;2,3924;57,1400;3,5455;3,2572;4;
2013;55;BIOMEDICINA;417;UNIVERSIDADE CIDADE DE SÃO PAULO;UNICID;Privada com fins lucrativos;Universidade;3550308;SAO PAULO;SP;SUDESTE;1;79485;27;27;48,7111;2,2073;40,8741;1,5932;1,7467;2;
2013;55;BIOMEDICINA;420;UNIVERSIDADE DE MARÍLIA;UNIMAR;Privada com fins lucrativos;Universidade;3529005;MARILIA;SP;SUDESTE;1;39431;28;27;49,9037;2,4351;53,6037;3,1211;2,9496;4;
2013;55;BIOMEDICINA;426;CENTRO UNIVERSITÁRIO FRANCISCANO;UNIFRA;Privada sem fins lucrativos;Centro Universitário;4316907;SANTA MARIA;RS;SUL;1;100454;31;31;55,2161;3,4501;56,7742;3,5016;3,4887;4;
2013;55;BIOMEDICINA;430;CENTRO UNIVERSITÁRIO FILADÉLFIA;UNIFIL;Privada sem fins lucrativos;Centro Universitário;4113700;LONDRINA;PR;SUL;1;83604;53;53;51,4981;2,7398;58,6170;3,7228;3,4770;4;
2013;55;BIOMEDICINA;437;UNIVERSIDADE PARANAENSE;UNIPAR;Privada sem fins lucrativos;Universidade;4128104;UMUARAMA;PR;SUL;1;1111399;9;9;48,3889;2,1458;44,6222;2,0431;2,0687;3;
2013;55;BIOMEDICINA;446;UNIVERSIDADE DE CRUZ ALTA;UNICRUZ;Privada sem fins lucrativos;Universidade;4306106;CRUZ ALTA;RS;SUL;1;69109;4;4;53,7750;3,1747;46,6750;2,2895;2,5108;3;
2013;55;BIOMEDICINA;449;UNIVERSIDADE LUTERANA DO BRASIL;ULBRA;Privada sem fins lucrativos;Universidade;4303004;CACHOEIRA DO SUL;RS;SUL;1;65092;8;8;56,1500;3,6285;60,3375;3,9293;3,8541;4;
2013;55;BIOMEDICINA;449;UNIVERSIDADE LUTERANA DO BRASIL;ULBRA;Privada sem fins lucrativos;Universidade;4304606;CANOAS;RS;SUL;1;72846;33;33;48,4788;2,1629;47,8152;2,4263;2,3605;3;
2013;55;BIOMEDICINA;449;UNIVERSIDADE LUTERANA DO BRASIL;ULBRA;Privada sem fins lucrativos;Universidade;4304705;CARAZINHO;RS;SUL;1;75366;6;6;38,8167;0,3170;44,0333;1,9724;1,5586;2;
2013;55;BIOMEDICINA;450;CENTRO UNIVERSITÁRIO LUTERANO DE JI-PARANÁ;CEULJI/ULBRA;Privada sem fins lucrativos;Centro Universitário;1100122;JI-PARANA;RO;NORTE;1;118392;12;12;37,5250;0,0703;41,7583;1,6993;1,2921;2;
2013;55;BIOMEDICINA;453;CENTRO UNIVERSITÁRIO LUTERANO DE PALMAS;CEULP;Privada sem fins lucrativos;Centro Universitário;1721000;PALMAS;TO;NORTE;1;43621;11;11;46,8091;1,8439;48,8000;2,5445;2,3694;3;
2013;55;BIOMEDICINA;457;UNIVERSIDADE ANHANGUERA DE SÃO PAULO - UNIAN-SP;UNIAN - SP;Privada com fins lucrativos;Universidade;3548708;SAO BERNARDO DO CAMPO;SP;SUDESTE;1;63586;50;48;49,2833;2,3166;40,6750;1,5693;1,7561;2;
2013;55;BIOMEDICINA;457;UNIVERSIDADE ANHANGUERA DE SÃO PAULO - UNIAN-SP;UNIAN - SP;Privada com fins lucrativos;Universidade;3550308;SAO PAULO;SP;SUDESTE;1;44963;20;18;43,2944;1,1725;41,0389;1,6130;1,5029;2;
2013;55;BIOMEDICINA;458;UNIVERSIDADE IBIRAPUERA;UNIB;Privada sem fins lucrativos;Universidade;3550308;SAO PAULO;SP;SUDESTE;1;73795;29;24;43,6792;1,2460;36,6750;1,0892;1,1284;2;
2013;55;BIOMEDICINA;481;UNIVERSIDADE GUARULHOS;UNG;Privada sem fins lucrativos;Universidade;3518800;GUARULHOS;SP;SUDESTE;1;110440;11;10;49,4800;2,3542;39,9600;1,4835;1,7012;2;
2013;55;BIOMEDICINA;496;UNIVERSIDADE DE FRANCA;UNIFRAN;Privada com fins lucrativos;Universidade;3516200;FRANCA;SP;SUDESTE;1;69454;23;23;49,0391;2,2700;51,6000;2,8806;2,7279;3;
2013;55;BIOMEDICINA;502;CENTRO UNIVERSITÁRIO MONTE SERRAT;UNIMONTE;Privada com fins lucrativos;Centro Universitário;3548500;SANTOS;SP;SUDESTE;1;89245;30;29;45,0483;1,5076;38,4655;1,3041;1,3550;2;
2013;55;BIOMEDICINA;515;CENTRO UNIVERSITÁRIO ANHANGUERA DE NITERÓI;UNIAN;Privada com fins lucrativos;Centro Universitário;3303302;NITEROI;RJ;SUDESTE;1;24510;44;37;47,6243;1,9997;43,0595;1,8555;1,8916;2;
2013;55;BIOMEDICINA;521;UNIVERSIDADE DE MOGI DAS CRUZES;UMC;Privada com fins lucrativos;Universidade;3530607;MOGI DAS CRUZES;SP;SUDESTE;1;10588;1;0;.;.;.;.;.;SC;
2013;55;BIOMEDICINA;521;UNIVERSIDADE DE MOGI DAS CRUZES;UMC;Privada com fins lucrativos;Universidade;3550308;SAO PAULO;SP;SUDESTE;1;106382;99;65;50,5585;2,5602;50,7154;2,7744;2,7209;3;Divulgação com base no Processo Administrativo Inep nº 23036.000209/2015-56
2013;55;BIOMEDICINA;527;PONTIFÍCIA UNIVERSIDADE CATÓLICA DE GOIÁS;PUC GOIÁS;Privada sem fins lucrativos;Universidade;5208707;GOIANIA;GO;CENTRO-OESTE;1;10802;101;96;49,1885;2,2985;45,5333;2,1524;2,1890;3;
2013;55;BIOMEDICINA;534;ESCOLA BAHIANA DE MEDICINA E SAÚDE PÚBLICA;EBMSP;Privada sem fins lucrativos;Faculdade;2927408;SALVADOR;BA;NORDESTE;1;59818;48;42;52,6548;2,9607;54,5810;3,2384;3,1690;4;
2013;55;BIOMEDICINA;545;FACULDADE DE CIÊNCIAS ADMINISTRATIVAS E CONTÁBEIS DE ITABIRA;FACCI;Privada sem fins lucrativos;Faculdade;3131703;ITABIRA;MG;SUDESTE;1;90499;40;37;50,5432;2,5573;47,2027;2,3528;2,4039;3;
2013;55;BIOMEDICINA;569;UNIVERSIDADE FEDERAL DO PARÁ;UFPA;Pública Federal;Universidade;1501402;BELEM;PA;NORTE;1;12014;38;35;48,6286;2,1915;54,9829;3,2866;3,0128;4;
2013;55;BIOMEDICINA;570;UNIVERSIDADE FEDERAL DO RIO GRANDE DO NORTE;UFRN;Pública Federal;Universidade;2408102;NATAL;RN;NORDESTE;2;60288 - 1113174;33;33;55,7152;3,5454;59,5303;3,8324;3,7607;4;
2013;55;BIOMEDICINA;571;UNIVERSIDADE FEDERAL DO PARANÁ;UFPR;Pública Federal;Universidade;4106902;CURITIBA;PR;SUL;1;1113242;6;6;57,6833;3,9214;67,2000;4,7530;4,5451;5;
2013;55;BIOMEDICINA;572;UNIVERSIDADE FEDERAL FLUMINENSE;UFF;Pública Federal;Universidade;3303302;NITEROI;RJ;SUDESTE;1;63834;22;18;54,7944;3,3695;53,9444;3,1620;3,2138;4;
2013;55;BIOMEDICINA;580;UNIVERSIDADE FEDERAL DE PERNAMBUCO;UFPE;Pública Federal;Universidade;2611606;RECIFE;PE;NORDESTE;1;13597;77;54;46,5019;1,7852;51,6907;2,8915;2,6149;3;
2013;55;BIOMEDICINA;581;UNIVERSIDADE FEDERAL DO RIO GRANDE DO SUL;UFRGS;Pública Federal;Universidade;4314902;PORTO ALEGRE;RS;SUL;1;66463;30;30;62,3300;4,8091;64,9433;4,4821;4,5639;5;
2013;55;BIOMEDICINA;584;UNIVERSIDADE FEDERAL DE GOIÁS;UFG;Pública Federal;Universidade;5208707;GOIANIA;GO;CENTRO-OESTE;1;74345;54;52;47,5962;1,9943;48,6115;2,5219;2,3900;3;
2013;55;BIOMEDICINA;584;UNIVERSIDADE FEDERAL DE GOIÁS;UFG;Pública Federal;Universidade;5211909;JATAI;GO;CENTRO-OESTE;1;105526;39;38;49,2289;2,3062;49,2053;2,5932;2,5214;3;
2013;55;BIOMEDICINA;586;UNIVERSIDADE FEDERAL DO RIO DE JANEIRO;UFRJ;Pública Federal;Universidade;3304557;RIO DE JANEIRO;RJ;SUDESTE;1;112582;93;85;55,6871;3,5400;53,8624;3,1521;3,2491;4;
2013;55;BIOMEDICINA;591;UNIVERSIDADE FEDERAL DE SÃO PAULO;UNIFESP;Pública Federal;Universidade;3550308;SAO PAULO;SP;SUDESTE;1;14564;24;24;63,3292;5,0000;69,2583;5,0000;5,0000;5;
2013;55;BIOMEDICINA;595;UNIVERSIDADE FEDERAL DE ALFENAS;UNIFAL-MG;Pública Federal;Universidade;3101607;ALFENAS;MG;SUDESTE;1;1108076;37;37;58,6108;4,0986;58,6108;3,7220;3,8162;4;
2013;55;BIOMEDICINA;597;UNIVERSIDADE FEDERAL DO TRIÂNGULO MINEIRO;UFTM;Pública Federal;Universidade;3170107;UBERABA;MG;SUDESTE;1;19970;39;35;59,8943;4,3438;65,9743;4,6058;4,5403;5;
2013;55;BIOMEDICINA;621;CENTRO UNIVERSITÁRIO CESMAC;CESMAC;Privada sem fins lucrativos;Centro Universitário;2704302;MACEIO;AL;NORDESTE;1;18900;47;33;40,2152;0,5842;47,1394;2,3452;1,9050;2;
2013;55;BIOMEDICINA;673;CENTRO UNIVERSITÁRIO DA GRANDE DOURADOS;UNIGRAN;Privada sem fins lucrativos;Centro Universitário;5003702;DOURADOS;MS;CENTRO-OESTE;1;52270;13;13;48,3615;2,1405;52,0385;2,9332;2,7350;3;
2013;55;BIOMEDICINA;693;UNIVERSIDADE FEDERAL DO ESTADO DO RIO DE JANEIRO;UNIRIO;Pública Federal;Universidade;3304557;RIO DE JANEIRO;RJ;SUDESTE;1;15789;54;38;57,5211;3,8904;57,5526;3,5950;3,6689;4;
2013;55;BIOMEDICINA;707;CENTRO UNIVERSITÁRIO CENTRAL PAULISTA;UNICEP;Privada com fins lucrativos;Centro Universitário;3548906;SAO CARLOS;SP;SUDESTE;1;97529;7;7;47,1143;1,9022;43,4143;1,8981;1,8991;2;
2013;55;BIOMEDICINA;712;CENTRO UNIVERSITÁRIO HERMÍNIO DA SILVEIRA;UNI IBMR;Privada com fins lucrativos;Centro Universitário;3304557;RIO DE JANEIRO;RJ;SUDESTE;2;104746 - 1156472;53;46;51,7891;2,7953;48,0826;2,4584;2,5426;3;
2013;55;BIOMEDICINA;717;FUNDAÇÃO UNIVERSIDADE FEDERAL DE CIÊNCIAS DA SAÚDE DE PORTO ALEGRE;UFCSPA;Pública Federal;Universidade;4314902;PORTO ALEGRE;RS;SUL;2;59792 - 1166723;13;13;57,3538;3,8585;64,2462;4,3984;4,2634;5;
2013;55;BIOMEDICINA;737;CENTRO UNIVERSITÁRIO SÃO CAMILO;SAO CAMILO;Privada sem fins lucrativos;Centro Universitário;3550308;SAO PAULO;SP;SUDESTE;1;112564;85;80;53,1525;3,0558;55,6325;3,3646;3,2874;4;
2013;55;BIOMEDICINA;989;ESCOLA SUPERIOR EM MEIO AMBIENTE;ESMA;Privada sem fins lucrativos;Faculdade;3130309;IGUATAMA;MG;SUDESTE;1;5000464;7;7;37,1571;0,0000;27,6000;0,0000;0,0000;1;
2013;55;BIOMEDICINA;1038;FACULDADES INTEGRADAS DE TRÊS LAGOAS;AEMS;Privada sem fins lucrativos;Faculdade;5008305;TRES LAGOAS;MS;CENTRO-OESTE;1;108692;26;23;43,3565;1,1844;30,8087;0,3851;0,5849;1;
2013;55;BIOMEDICINA;1041;CENTRO UNIVERSITÁRIO UNIVATES;UNIVATES;Privada sem fins lucrativos;Centro Universitário;4311403;LAJEADO;RS;SUL;1;95753;12;12;51,3500;2,7115;56,2917;3,4437;3,2606;4;
2013;55;BIOMEDICINA;1043;CENTRO UNIVERSITÁRIO HERMINIO OMETTO;UNIARARAS;Privada sem fins lucrativos;Centro Universitário;3503307;ARARAS;SP;SUDESTE;1;14855;47;41;56,8122;3,7550;56,2927;3,4438;3,5216;4;
2013;55;BIOMEDICINA;1046;UNIÃO DAS FACULDADES DOS GRANDES LAGOS;UNILAGO;Privada sem fins lucrativos;Faculdade;3549805;SAO JOSE DO RIO PRETO;SP;SUDESTE;1;112953;24;19;46,3737;1,7608;38,7158;1,3342;1,4408;2;
2013;55;BIOMEDICINA;1078;FACULDADE INTEGRADO DE CAMPO MOURÃO;CEI;Privada com fins lucrativos;Faculdade;4104303;CAMPO MOURAO;PR;SUL;1;109560;7;6;50,3167;2,5140;50,5333;2,7526;2,6929;3;
2013;55;BIOMEDICINA;1087;FACULDADES INTEGRADAS APARÍCIO CARVALHO;FIMCA;Privada sem fins lucrativos;Faculdade;1100205;PORTO VELHO;RO;NORTE;1;94221;28;24;45,7875;1,6488;41,4167;1,6583;1,6559;2;
2013;55;BIOMEDICINA;1092;FACULDADES INTEGRADAS DE BAURU;FIB;Privada com fins lucrativos;Faculdade;3506003;BAURU;SP;SUDESTE;1;1039255;29;23;44,0652;1,3197;41,5478;1,6741;1,5855;2;
2013;55;BIOMEDICINA;1129;CENTRO UNIVERSITÁRIO DO NORTE PAULISTA;UNORP;Privada sem fins lucrativos;Centro Universitário;3549805;SAO JOSE DO RIO PRETO;SP;SUDESTE;1;91585;29;28;43,7714;1,2636;34,6893;0,8509;0,9541;2;
2013;55;BIOMEDICINA;1149;CENTRO UNIVERSITÁRIO NOSSA SENHORA DO PATROCÍNIO;CEUNSP;Privada com fins lucrativos;Centro Universitário;3523909;ITU;SP;SUDESTE;1;72405;22;18;54,1778;3,2517;59,4556;3,8234;3,6805;4;
2013;55;BIOMEDICINA;1157;ESCOLA SUPERIOR SÃO FRANCISCO DE ASSIS;ESFA;Privada sem fins lucrativos;Faculdade;3204609;SANTA TERESA;ES;SUDESTE;1;92980;11;11;55,5545;3,5147;51,4182;2,8588;3,0227;4;
2013;55;BIOMEDICINA;1173;FACULDADE ANHANGUERA DE BRASÍLIA;FAB;Privada com fins lucrativos;Faculdade;5300108;BRASILIA;DF;CENTRO-OESTE;1;83480;187;149;46,4584;1,7769;36,6564;1,0870;1,2595;2;
2013;55;BIOMEDICINA;1189;UNIVERSIDADE DO PLANALTO CATARINENSE;UNIPLAC;Privada sem fins lucrativos;Universidade;4209300;LAGES;SC;SUL;1;118594;37;37;51,8595;2,8088;45,8270;2,1877;2,3430;3;
2013;55;BIOMEDICINA;1196;CENTRO UNIVERSITÁRIO DE MARINGÁ - UNICESUMAR;UNICESUMAR;Privada com fins lucrativos;Centro Universitário;4115200;MARINGA;PR;SUL;1;57236;19;17;56,0706;3,6133;61,7824;4,1027;3,9804;5;
2013;55;BIOMEDICINA;1225;CENTRO UNIVERSITÁRIO AMPARENSE;UNIFIA;Privada com fins lucrativos;Centro Universitário;3501905;AMPARO;SP;SUDESTE;1;98597;22;22;47,1182;1,9030;41,3864;1,6547;1,7168;2;
2013;55;BIOMEDICINA;1230;CENTRO REGIONAL UNIVERSITÁRIO DE ESPÍRITO SANTO DO PINHAL;UNIPINHAL;Privada sem fins lucrativos;Centro Universitário;3515186;ESPIRITO SANTO DO PINHAL;SP;SUDESTE;1;1112644;18;18;45,1444;1,5259;41,2944;1,6437;1,6142;2;
2013;55;BIOMEDICINA;1231;INSTITUTO CENECISTA DE ENSINO SUPERIOR DE SANTO ÂNGELO;CNEC/IESA;Privada sem fins lucrativos;Faculdade;4317509;SANTO ANGELO;RS;SUL;1;97091;54;54;49,2130;2,3032;47,9222;2,4392;2,4052;3;
2013;55;BIOMEDICINA;1233;CENTRO UNIVERSITÁRIO CÂNDIDO RONDON;UNIRONDON;Privada sem fins lucrativos;Centro Universitário;5103403;CUIABA;MT;CENTRO-OESTE;1;92775;50;50;50,3320;2,5170;41,1200;1,6227;1,8463;2;
2013;55;BIOMEDICINA;1239;FACULDADE PADRÃO;PADRAO;Privada com fins lucrativos;Faculdade;5208707;GOIANIA;GO;CENTRO-OESTE;1;49140;33;31;46,1774;1,7233;32,5935;0,5993;0,8803;1;
2013;55;BIOMEDICINA;1299;FACULDADES INTEGRADAS DE FERNANDÓPOLIS;FIFE;Privada sem fins lucrativos;Faculdade;3515509;FERNANDOPOLIS;SP;SUDESTE;1;47682;7;7;47,3143;1,9405;50,7857;2,7828;2,5722;3;
2013;55;BIOMEDICINA;1310;FACULDADE DE AMERICANA;FAM;Privada sem fins lucrativos;Faculdade;3501608;AMERICANA;SP;SUDESTE;1;24519;36;35;50,0343;2,4601;39,4971;1,4279;1,6860;2;
2013;55;BIOMEDICINA;1317;FACULDADE SUDOESTE PAULISTA;FSP;Privada com fins lucrativos;Faculdade;3504503;AVARE;SP;SUDESTE;1;98035;30;29;43,8172;1,2724;40,3862;1,5347;1,4691;2;
2013;55;BIOMEDICINA;1319;FACULDADE TECSOMA;FATEC;Privada com fins lucrativos;Faculdade;3147006;PARACATU;MG;SUDESTE;1;108698;16;15;50,8667;2,6191;44,3000;2,0044;2,1581;3;
2013;55;BIOMEDICINA;1414;FACULDADE SÃO LUCAS;FSL;Privada com fins lucrativos;Faculdade;1100205;PORTO VELHO;RO;NORTE;1;52743;31;29;49,9586;2,4456;45,6103;2,1617;2,2327;3;
2013;55;BIOMEDICINA;1427;FACULDADE DA SERRA GAÚCHA;FSG;Privada com fins lucrativos;Faculdade;4305108;CAXIAS DO SUL;RS;SUL;1;5000225;26;26;46,3500;1,7562;49,1731;2,5893;2,3810;3;
2013;55;BIOMEDICINA;1430;FACULDADE INGÁ;;Privada sem fins lucrativos;Faculdade;4115200;MARINGA;PR;SUL;1;67228;4;4;53,4250;3,1079;55,6500;3,3667;3,3020;4;
2013;55;BIOMEDICINA;1444;FACULDADES INTEGRADAS EINSTEIN DE LIMEIRA;FIEL;Privada sem fins lucrativos;Faculdade;3526902;LIMEIRA;SP;SUDESTE;1;57576;20;20;54,7200;3,3553;51,9150;2,9184;3,0276;4;
2013;55;BIOMEDICINA;1461;FACULDADE DE TECNOLOGIA E CIÊNCIAS;FTC SALVADOR;Privada com fins lucrativos;Faculdade;2927408;SALVADOR;BA;NORDESTE;1;69065;17;16;57,4500;3,8768;53,9313;3,1604;3,3395;4;
2013;55;BIOMEDICINA;1542;CENTRO UNIVERSITÁRIO GERALDO DI BIASE;UGB;Privada sem fins lucrativos;Centro Universitário;3300308;BARRA DO PIRAI;RJ;SUDESTE;1;111012;14;14;42,6500;1,0494;31,0500;0,4141;0,5729;1;
2013;55;BIOMEDICINA;1557;UNIVERSIDADE FUMEC;FUMEC;Privada sem fins lucrativos;Universidade;3144805;NOVA LIMA;MG;SUDESTE;1;73144;73;66;50,8545;2,6168;53,6773;3,1299;3,0016;4;
2013;55;BIOMEDICINA;1563;CENTRO UNIVERSITÁRIO DA FACULDADE DE SAÚDE, CIÊNCIAS HUMANAS E TECNOLÓGICAS DO PIAUÍ;NOVAFAPI;Privada com fins lucrativos;Centro Universitário;2211001;TERESINA;PI;NORDESTE;1;85422;53;52;49,3404;2,3275;48,8423;2,5496;2,4941;3;
2013;55;BIOMEDICINA;1573;FACULDADE ALFREDO NASSER;FAN;Privada sem fins lucrativos;Faculdade;5201405;APARECIDA DE GOIANIA;GO;CENTRO-OESTE;1;118922;45;45;43,8889;1,2861;33,1067;0,6609;0,8172;1;
2013;55;BIOMEDICINA;1590;FACULDADE ESTÁCIO DE SÃO LUÍS;ESTÁCIO SÃO LUÍS;Privada com fins lucrativos;Faculdade;2111300;SAO LUIS;MA;NORDESTE;1;120437;43;22;48,7045;2,2061;47,5500;2,3945;2,3474;3;
2013;55;BIOMEDICINA;1591;FACULDADE SEAMA;SEAMA;Privada sem fins lucrativos;Faculdade;1600303;MACAPA;AP;NORTE;1;67936;45;40;42,9825;1,1129;46,0650;2,2162;1,9404;2;
2013;55;BIOMEDICINA;1600;INSTITUTO DE CIÊNCIAS DA SAÚDE;ICS;Privada sem fins lucrativos;Faculdade;3143302;MONTES CLAROS;MG;SUDESTE;1;67206;21;20;46,0150;1,6922;40,1200;1,5027;1,5501;2;
2013;55;BIOMEDICINA;1716;FACULDADE UNIÃO DAS AMÉRICAS;;Privada com fins lucrativos;Faculdade;4108304;FOZ DO IGUACU;PR;SUL;1;50859;17;15;51,4533;2,7312;42,7200;1,8148;2,0439;3;
2013;55;BIOMEDICINA;1718;FACULDADE NOBRE DE FEIRA DE SANTANA;FAN;Privada com fins lucrativos;Faculdade;2910800;FEIRA DE SANTANA;BA;NORDESTE;1;118752;80;73;49,1904;2,2989;47,8658;2,4324;2,3990;3;
2013;55;BIOMEDICINA;1735;FACULDADE DE CIÊNCIAS APLICADAS DOUTOR LEÃO SAMPAIO;FLS;Privada com fins lucrativos;Faculdade;2307304;JUAZEIRO DO NORTE;CE;NORDESTE;1;90434;49;46;49,7957;2,4145;47,1130;2,3420;2,3602;3;
2013;55;BIOMEDICINA;1790;FACULDADE DO SUL DA BAHIA;ISESB;Privada sem fins lucrativos;Faculdade;2931350;TEIXEIRA DE FREITAS;BA;NORDESTE;1;1048120;51;50;48,4500;2,1574;41,6640;1,6880;1,8054;2;
2013;55;BIOMEDICINA;1879;FACULDADE EDUCACIONAL DE ARAUCÁRIA;FACEAR;Privada com fins lucrativos;Faculdade;4101804;ARAUCARIA;PR;SUL;1;112951;10;10;56,4500;3,6858;56,2500;3,4387;3,5005;4;
2013;55;BIOMEDICINA;1913;FACULDADE DE MINAS;FAMINAS;Privada com fins lucrativos;Faculdade;3143906;MURIAE;MG;SUDESTE;1;117218;25;24;53,9667;3,2114;44,3792;2,0139;2,3133;3;
2013;55;BIOMEDICINA;1927;FACULDADES INTEGRADAS DO VALE DO IGUAÇU;;Privada com fins lucrativos;Faculdade;4128203;UNIAO DA VITORIA;PR;SUL;1;117205;24;24;52,0875;2,8524;44,6042;2,0409;2,2438;3;
2013;55;BIOMEDICINA;1970;FACULDADE DO ESPÍRITO SANTO;UNES;Privada com fins lucrativos;Faculdade;3201209;CACHOEIRO DE ITAPEMIRIM;ES;SUDESTE;1;110541;44;43;50,8326;2,6126;40,3814;1,5341;1,8037;2;
2013;55;BIOMEDICINA;2005;FACULDADE DE CIÊNCIAS SOCIAIS APLICADAS DE SINOP;FACISAS;Privada com fins lucrativos;Faculdade;5107909;SINOP;MT;CENTRO-OESTE;1;109543;42;40;47,9075;2,0538;42,6775;1,8097;1,8707;2;
2013;55;BIOMEDICINA;2023;FACULDADE DE GUANAMBI;;Privada com fins lucrativos;Faculdade;2911709;GUANAMBI;BA;NORDESTE;1;100115;35;32;49,2844;2,3168;36,0062;1,0090;1,3359;2;
2013;55;BIOMEDICINA;2076;FACULDADE REGIONAL DA BAHIA;FARB;Privada com fins lucrativos;Faculdade;2927408;SALVADOR;BA;NORDESTE;1;100136;10;9;43,8444;1,2776;46,9778;2,3258;2,0637;3;
2013;55;BIOMEDICINA;2175;FACULDADE METROPOLITANA DE BLUMENAU;FAMEBLU;Privada com fins lucrativos;Faculdade;4202404;BLUMENAU;SC;SUL;1;1059323;35;35;51,2686;2,6959;59,8400;3,8696;3,5762;4;
2013;55;BIOMEDICINA;2279;FACULDADE INTEGRADA METROPOLITANA DE CAMPINAS;METROCAMP;Privada com fins lucrativos;Faculdade;3509502;CAMPINAS;SP;SUDESTE;1;80141;45;42;48,6667;2,1988;47,1714;2,3490;2,3115;3;
2013;55;BIOMEDICINA;2409;FACULDADE ASCES;ASCES;Privada sem fins lucrativos;Faculdade;2604106;CARUARU;PE;NORDESTE;1;67291;31;29;51,8828;2,8132;49,0621;2,5760;2,6353;3;
2013;55;BIOMEDICINA;2442;FACULDADE DE CIÊNCIAS BIOMÉDICAS DO ESPÍRITO SANTO;PIO XII - BIO;Privada sem fins lucrativos;Faculdade;3201308;CARIACICA;ES;SUDESTE;1;71457;37;35;52,5486;2,9404;49,8457;2,6700;2,7376;3;
2013;55;BIOMEDICINA;2474;FACULDADE MARIA MILZA;FAMAM;Privada com fins lucrativos;Faculdade;2909802;CRUZ DAS ALMAS;BA;NORDESTE;1;94913;22;21;44,8429;1,4683;43,6238;1,9232;1,8095;2;
2013;55;BIOMEDICINA;2787;FACULDADES PEQUENO PRÍNCIPE;FPP;Privada sem fins lucrativos;Faculdade;4106902;CURITIBA;PR;SUL;1;91175;28;27;53,7667;3,1731;55,1296;3,3042;3,2714;4;
2013;55;BIOMEDICINA;2835;CENTRO UNIVERSITÁRIO MAURÍCIO DE NASSAU;UNINASSAU;Privada com fins lucrativos;Centro Universitário;2611606;RECIFE;PE;NORDESTE;1;68587;67;44;45,7727;1,6460;45,4432;2,1416;2,0177;3;
2013;55;BIOMEDICINA;2918;FACULDADE DE ENSINO SUPERIOR DA AMAZÔNIA REUNIDA;FESAR;Privada com fins lucrativos;Faculdade;1506138;REDENCAO;PA;NORTE;1;74462;19;18;37,2722;0,0220;38,0667;1,2563;0,9477;2;
2013;55;BIOMEDICINA;2935;FACULDADE DE TALENTOS HUMANOS;FACTHUS;Privada com fins lucrativos;Faculdade;3170107;UBERABA;MG;SUDESTE;1;73352;1;1;.;.;.;.;.;SC;
2013;55;BIOMEDICINA;3285;FACULDADE SANTO ANTONIO;FSA;Privada com fins lucrativos;Faculdade;2900702;ALAGOINHAS;BA;NORDESTE;1;100152;8;8;54,4250;3,2989;48,1500;2,4665;2,6746;3;
2013;55;BIOMEDICINA;3304;FACULDADES INTEGRADAS DE PATOS;FIP;Privada sem fins lucrativos;Faculdade;2510808;PATOS;PB;NORDESTE;1;94325;82;80;47,5725;1,9898;41,0238;1,6112;1,7058;2;
2013;55;BIOMEDICINA;3337;FACULDADE DE TECNOLOGIA DE TERESINA;FACULDADE CET;Privada com fins lucrativos;Faculdade;2211001;TERESINA;PI;NORDESTE;1;109260;34;34;46,8794;1,8574;37,4706;1,1847;1,3529;2;
2013;55;BIOMEDICINA;3363;FACULDADE GUARAÍ;FAG;Privada com fins lucrativos;Faculdade;1709302;GUARAI;TO;NORTE;1;1156175;55;52;42,0038;0,9259;29,0269;0,1713;0,3599;1;
2013;55;BIOMEDICINA;3368;CENTRO UNIVERSITÁRIO DO SUL DE MINAS;UNIS-MG;Privada sem fins lucrativos;Centro Universitário;3170701;VARGINHA;MG;SUDESTE;1;63338;23;23;54,2000;3,2559;49,5957;2,6400;2,7940;3;
2013;55;BIOMEDICINA;3434;FACULDADE DE SAÚDE IBITURUNA;FASI;Privada sem fins lucrativos;Faculdade;3143302;MONTES CLAROS;MG;SUDESTE;1;74282;38;37;50,0459;2,4623;47,5513;2,3946;2,4116;3;
2013;55;BIOMEDICINA;3461;FACULDADE DE FILOSOFIA DE PASSOS;FAFIPA;Privada sem fins lucrativos;Faculdade;3147907;PASSOS;MG;SUDESTE;1;150034;34;34;48,4647;2,1602;41,9882;1,7269;1,8353;2;
2013;55;BIOMEDICINA;3602;FACULDADES INTEGRADAS DO BRASIL;FACBRASIL;Privada com fins lucrativos;Faculdade;4106902;CURITIBA;PR;SUL;1;94925;40;37;49,8405;2,4231;47,3459;2,3700;2,3833;3;
2013;55;BIOMEDICINA;3603;FACULDADE ANHANGUERA DE GUARULHOS;;Privada com fins lucrativos;Faculdade;3518800;GUARULHOS;SP;SUDESTE;1;100057;5;5;54,1200;3,2406;49,5800;2,6381;2,7888;3;
2013;55;BIOMEDICINA;3610;FACULDADES INTEGRADAS PROMOVE DE BRASILIA;;Privada sem fins lucrativos;Faculdade;5300108;BRASILIA;DF;CENTRO-OESTE;1;105310;54;50;41,2440;0,7808;38,8640;1,3520;1,2092;2;
2013;55;BIOMEDICINA;3618;FACULDADE MARIO SCHENBERG;FMS;Privada com fins lucrativos;Faculdade;3513009;COTIA;SP;SUDESTE;1;105986;14;14;45,6429;1,6211;50,0786;2,6980;2,4288;3;
2013;55;BIOMEDICINA;3879;FACULDADE MAURÍCIO DE NASSAU DE CAMPINA GRANDE;FMN CG;Privada com fins lucrativos;Faculdade;2504009;CAMPINA GRANDE;PB;NORDESTE;1;108424;84;71;44,8859;1,4765;41,1845;1,6305;1,5920;2;
2013;55;BIOMEDICINA;3987;FACULDADE UNIÃO DE GOYAZES;FUG;Privada com fins lucrativos;Faculdade;5221403;TRINDADE;GO;CENTRO-OESTE;1;105686;46;45;48,6578;2,1971;38,5133;1,3099;1,5317;2;
2013;55;BIOMEDICINA;4010;CENTRO UNIVERSITÁRIO METODISTA;IPA;Privada sem fins lucrativos;Centro Universitário;4314902;PORTO ALEGRE;RS;SUL;1;75703;57;54;48,4537;2,1581;52,6130;3,0022;2,7912;3;
2013;55;BIOMEDICINA;4037;FACULDADE DE TECNOLOGIA INTENSIVA;FATECI;Privada com fins lucrativos;Faculdade;2304400;FORTALEZA;CE;NORDESTE;1;99784;21;19;47,9316;2,0584;43,6421;1,9254;1,9587;3;
2013;55;BIOMEDICINA;4138;FACULDADE ANHANGUERA DE SANTA BÁRBARA;;Privada com fins lucrativos;Faculdade;3545803;SANTA BARBARA D´OESTE;SP;SUDESTE;1;92945;43;38;48,6289;2,1916;39,1105;1,3815;1,5841;2;
2013;55;BIOMEDICINA;4197;FACULDADE ALIANÇA;FACE;Privada com fins lucrativos;Faculdade;2211001;TERESINA;PI;NORDESTE;1;101502;54;54;43,8778;1,2839;41,4815;1,6661;1,5706;2;
2013;55;BIOMEDICINA;4277;FACULDADE LITERATUS;FAL;Privada com fins lucrativos;Faculdade;1302603;MANAUS;AM;NORTE;1;104272;68;67;43,2597;1,1659;35,7776;0,9815;1,0276;2;
2013;55;BIOMEDICINA;4293;FACULDADE INTEGRAÇÃO TIETE;FIT;Privada com fins lucrativos;Faculdade;3554508;TIETE;SP;SUDESTE;1;100061;10;9;46,6778;1,8189;42,0778;1,7377;1,7580;2;
2013;55;BIOMEDICINA;4530;FACULDADE INTEGRADA TIRADENTES;FITS;Privada com fins lucrativos;Faculdade;2704302;MACEIO;AL;NORDESTE;1;107656;18;18;46,9056;1,8624;50,2778;2,7219;2,5070;3;
2013;55;BIOMEDICINA;4901;FACULDADE FASIPE;FASIPE;Privada com fins lucrativos;Faculdade;5107909;SINOP;MT;CENTRO-OESTE;1;108443;48;45;50,2333;2,4981;39,1289;1,3837;1,6623;2;
2013;55;BIOMEDICINA;4950;FACULDADE AUM;;Privada com fins lucrativos;Faculdade;5103403;CUIABA;MT;CENTRO-OESTE;1;117242;41;39;45,7564;1,6428;28,7538;0,1385;0,5146;1;
2013;55;BIOMEDICINA;5511;FACULDADE CAMPO REAL;CAMPO REAL;Privada com fins lucrativos;Faculdade;4109401;GUARAPUAVA;PR;SUL;1;120132;58;56;51,3411;2,7098;43,9250;1,9594;2,1470;3;
2013;55;BIOMEDICINA;5550;FACULDADE ANHANGUERA DE ANÁPOLIS;FAAA;Privada com fins lucrativos;Faculdade;5201108;ANAPOLIS;GO;CENTRO-OESTE;1;95545;117;109;41,2303;0,7781;33,7817;0,7419;0,7510;1;
2013;55;BIOMEDICINA;14156;Faculdade Presidente Antônio Carlos de Teófilo Otoni;FUNEES Teófilo Otoni;Privada sem fins lucrativos;Faculdade;3168606;TEOFILO OTONI;MG;SUDESTE;1;91961;1;0;.;.;.;.;.;SC;
2013;55;BIOMEDICINA;14248;Faculdade Presidente Antônio Carlos de Uberlândia;;Privada sem fins lucrativos;Faculdade;3170206;UBERLANDIA;MG;SUDESTE;1;79868;29;24;54,7292;3,3570;46,1833;2,2304;2,5121;3;
2013;55;BIOMEDICINA;15450;Faculdade Presidente Antônio Carlos de Ipatinga;;Privada sem fins lucrativos;Faculdade;3131307;IPATINGA;MG;SUDESTE;1;71431;30;28;55,8250;3,5664;53,6393;3,1253;3,2356;4;
2013;55;BIOMEDICINA;15452;Faculdade Presidente Antônio Carlos de Bom Despacho;;Privada sem fins lucrativos;Faculdade;3107406;BOM DESPACHO;MG;SUDESTE;1;71451;17;11;43,3909;1,1909;36,9455;1,1217;1,1390;2;
2013;55;BIOMEDICINA;15468;Faculdade Presidente Antônio Carlos de Leopoldina;;Privada sem fins lucrativos;Faculdade;3138401;LEOPOLDINA;MG;SUDESTE;1;105416;28;27;40,2296;0,5870;30,7185;0,3743;0,4275;1;
2013;69;TECNOLOGIA EM RADIOLOGIA;32;UNIVERSIDADE ESTADUAL DE CIÊNCIAS DA SAÚDE DE ALAGOAS - UNCISAL;UNCISAL;Pública Estadual;Universidade;2704302;MACEIO;AL;NORDESTE;1;102302;22;22;48,1227;2,9661;44,4682;2,5318;2,6404;3;
2013;69;TECNOLOGIA EM RADIOLOGIA;140;UNIVERSIDADE SEVERINO SOMBRA;USS;Privada sem fins lucrativos;Universidade;3306206;VASSOURAS;RJ;SUDESTE;1;91335;5;5;25,2200;0,0000;34,7600;1,1155;0,8366;1;
2013;69;TECNOLOGIA EM RADIOLOGIA;163;UNIVERSIDADE ESTÁCIO DE SÁ;UNESA;Privada com fins lucrativos;Universidade;3301009;CAMPOS DO GOYTACAZES;RJ;SUDESTE;1;98247;3;0;.;.;.;.;.;SC;
2013;69;TECNOLOGIA EM RADIOLOGIA;163;UNIVERSIDADE ESTÁCIO DE SÁ;UNESA;Privada com fins lucrativos;Universidade;3303302;NITEROI;RJ;SUDESTE;1;90537;30;22;39,7318;1,3628;33,9455;0,9966;1,0882;2;
2013;69;TECNOLOGIA EM RADIOLOGIA;163;UNIVERSIDADE ESTÁCIO DE SÁ;UNESA;Privada com fins lucrativos;Universidade;3303500;NOVA IGUACU;RJ;SUDESTE;1;90582;42;29;42,7655;1,9425;34,3966;1,0624;1,2824;2;
2013;69;TECNOLOGIA EM RADIOLOGIA;163;UNIVERSIDADE ESTÁCIO DE SÁ;UNESA;Privada com fins lucrativos;Universidade;3303906;PETROPOLIS;RJ;SUDESTE;1;103160;62;52;37,4404;0,9249;35,6231;1,2414;1,1623;2;
2013;69;TECNOLOGIA EM RADIOLOGIA;163;UNIVERSIDADE ESTÁCIO DE SÁ;UNESA;Privada com fins lucrativos;Universidade;3304557;RIO DE JANEIRO;RJ;SUDESTE;3;80562 - 80564 - 103196;132;69;40,1667;1,4459;33,3609;0,9113;1,0450;2;
2013;69;TECNOLOGIA EM RADIOLOGIA;206;CENTRO UNIVERSITÁRIO ÍTALO-BRASILEIRO;UNIÍTALO;Privada sem fins lucrativos;Centro Universitário;3550308;SAO PAULO;SP;SUDESTE;1;1162537;105;95;39,2758;1,2756;39,0863;1,7466;1,6289;2;
2013;69;TECNOLOGIA EM RADIOLOGIA;226;CENTRO UNIVERSITÁRIO LUSÍADA;UNILUS;Privada sem fins lucrativos;Centro Universitário;3548500;SANTOS;SP;SUDESTE;1;92044;10;8;45,3500;2,4363;48,8000;3,1638;2,9819;4;
2013;69;TECNOLOGIA EM RADIOLOGIA;242;CENTRO UNIVERSITÁRIO ANHANGUERA;UNIA;Privada com fins lucrativos;Centro Universitário;3547809;SANTO ANDRE;SP;SUDESTE;1;69908;33;31;41,4129;1,6840;35,3871;1,2070;1,3262;2;
2013;69;TECNOLOGIA EM RADIOLOGIA;271;UNIVERSIDADE DO OESTE PAULISTA;UNOESTE;Privada sem fins lucrativos;Universidade;3541406;PRESIDENTE PRUDENTE;SP;SUDESTE;1;68099;16;13;38,2000;1,0701;40,1769;1,9058;1,6968;2;
2013;69;TECNOLOGIA EM RADIOLOGIA;316;UNIVERSIDADE NOVE DE JULHO;UNINOVE;Privada sem fins lucrativos;Universidade;3550308;SAO PAULO;SP;SUDESTE;5;102208 - 103280 - 112031 - 116456 - 116478;144;137;40,7321;1,5539;46,0774;2,7666;2,4634;3;
2013;69;TECNOLOGIA EM RADIOLOGIA;322;UNIVERSIDADE PAULISTA;UNIP;Privada sem fins lucrativos;Universidade;1302603;MANAUS;AM;NORTE;1;99168;3;3;32,6000;0,0000;31,0000;0,5669;0,4252;1;
2013;69;TECNOLOGIA EM RADIOLOGIA;322;UNIVERSIDADE PAULISTA;UNIP;Privada sem fins lucrativos;Universidade;3509502;CAMPINAS;SP;SUDESTE;1;99142;7;7;61,3571;5,0000;61,3857;5,0000;5,0000;5;
2013;69;TECNOLOGIA EM RADIOLOGIA;322;UNIVERSIDADE PAULISTA;UNIP;Privada sem fins lucrativos;Universidade;3548500;SANTOS;SP;SUDESTE;1;5000459;5;5;45,2000;2,4076;37,2600;1,4802;1,7121;2;
2013;69;TECNOLOGIA EM RADIOLOGIA;322;UNIVERSIDADE PAULISTA;UNIP;Privada sem fins lucrativos;Universidade;3549805;SAO JOSE DO RIO PRETO;SP;SUDESTE;1;99156;6;6;45,2000;2,4076;45,4000;2,6678;2,6027;3;
2013;69;TECNOLOGIA EM RADIOLOGIA;322;UNIVERSIDADE PAULISTA;UNIP;Privada sem fins lucrativos;Universidade;3552205;SOROCABA;SP;SUDESTE;1;115754;5;5;53,8600;4,0624;46,3200;2,8020;3,1171;4;
2013;69;TECNOLOGIA EM RADIOLOGIA;322;UNIVERSIDADE PAULISTA;UNIP;Privada sem fins lucrativos;Universidade;5208707;GOIANIA;GO;CENTRO-OESTE;1;99164;6;6;58,7667;5,0000;53,7833;3,8909;4,1681;5;
2013;69;TECNOLOGIA EM RADIOLOGIA;322;UNIVERSIDADE PAULISTA;UNIP;Privada sem fins lucrativos;Universidade;5300108;BRASILIA;DF;CENTRO-OESTE;1;99170;8;8;53,2875;3,9530;44,3750;2,5182;2,8769;3;
2013;69;TECNOLOGIA EM RADIOLOGIA;330;UNIVERSIDADE IGUAÇU;UNIG;Privada sem fins lucrativos;Universidade;3303500;NOVA IGUACU;RJ;SUDESTE;1;69647;33;30;47,2567;2,8006;40,7900;1,9952;2,1966;3;
2013;69;TECNOLOGIA EM RADIOLOGIA;339;FACULDADE SANTA EMÍLIA DE RODAT;FASER;Privada sem fins lucrativos;Faculdade;2507507;JOAO PESSOA;PB;NORDESTE;1;81410;47;27;34,0630;0,2795;42,0481;2,1788;1,7040;2;
2013;69;TECNOLOGIA EM RADIOLOGIA;374;CENTRO UNIVERSITÁRIO DAS FACULDADES METROPOLITANAS UNIDAS;FMU;Privada sem fins lucrativos;Centro Universitário;3550308;SAO PAULO;SP;SUDESTE;1;114411;79;75;44,5827;2,2897;37,7267;1,5483;1,7336;2;
2013;69;TECNOLOGIA EM RADIOLOGIA;383;UNIVERSIDADE DA AMAZÔNIA;UNAMA;Privada com fins lucrativos;Universidade;1501402;BELEM;PA;NORTE;1;1131681;7;6;40,6167;1,5318;48,5167;3,1225;2,7248;3;
2013;69;TECNOLOGIA EM RADIOLOGIA;384;CENTRO UNIVERSITÁRIO DE ANÁPOLIS;UNIEVANGÉLICA;Privada sem fins lucrativos;Centro Universitário;5201108;ANAPOLIS;GO;CENTRO-OESTE;1;97873;39;34;43,4824;2,0794;39,0500;1,7414;1,8259;2;
2013;69;TECNOLOGIA EM RADIOLOGIA;434;FACULDADE SANTA MARCELINA;FASM;Privada sem fins lucrativos;Faculdade;3550308;SAO PAULO;SP;SUDESTE;1;57054;44;39;38,5256;1,1323;50,3923;3,3961;2,8302;3;
2013;69;TECNOLOGIA EM RADIOLOGIA;449;UNIVERSIDADE LUTERANA DO BRASIL;ULBRA;Privada sem fins lucrativos;Universidade;4304606;CANOAS;RS;SUL;1;66518;11;11;47,3273;2,8141;51,0455;3,4914;3,3221;4;
2013;69;TECNOLOGIA EM RADIOLOGIA;456;CENTRO UNIVERSITÁRIO SANT´ANNA;UNISANT'ANNA;Privada sem fins lucrativos;Centro Universitário;3550308;SAO PAULO;SP;SUDESTE;1;106958;21;16;40,9625;1,5979;33,9875;1,0028;1,1516;2;
2013;69;TECNOLOGIA EM RADIOLOGIA;457;UNIVERSIDADE ANHANGUERA DE SÃO PAULO - UNIAN-SP;UNIAN - SP;Privada com fins lucrativos;Universidade;3548708;SAO BERNARDO DO CAMPO;SP;SUDESTE;1;107270;38;37;44,7297;2,3178;37,5649;1,5247;1,7230;2;
2013;69;TECNOLOGIA EM RADIOLOGIA;457;UNIVERSIDADE ANHANGUERA DE SÃO PAULO - UNIAN-SP;UNIAN - SP;Privada com fins lucrativos;Universidade;3550308;SAO PAULO;SP;SUDESTE;2;1122558 - 1151338;68;61;40,0164;1,4171;33,4721;0,9276;1,0500;2;
2013;69;TECNOLOGIA EM RADIOLOGIA;472;UNIVERSIDADE DO GRANDE RIO PROFESSOR JOSÉ DE SOUZA HERDY;UNIGRANRIO;Privada sem fins lucrativos;Universidade;3301702;DUQUE DE CAXIAS;RJ;SUDESTE;1;75956;38;31;44,3161;2,2388;39,6903;1,8348;1,9358;2;
2013;69;TECNOLOGIA EM RADIOLOGIA;472;UNIVERSIDADE DO GRANDE RIO PROFESSOR JOSÉ DE SOUZA HERDY;UNIGRANRIO;Privada sem fins lucrativos;Universidade;3303500;NOVA IGUACU;RJ;SUDESTE;1;1123299;1;1;.;.;.;.;.;SC;
2013;69;TECNOLOGIA EM RADIOLOGIA;481;UNIVERSIDADE GUARULHOS;UNG;Privada sem fins lucrativos;Universidade;3518800;GUARULHOS;SP;SUDESTE;1;102182;27;25;39,1240;1,2466;34,6400;1,0980;1,1351;2;
2013;69;TECNOLOGIA EM RADIOLOGIA;496;UNIVERSIDADE DE FRANCA;UNIFRAN;Privada com fins lucrativos;Universidade;3516200;FRANCA;SP;SUDESTE;1;69487;39;34;47,3206;2,8129;36,1235;1,3144;1,6890;2;
2013;69;TECNOLOGIA EM RADIOLOGIA;521;UNIVERSIDADE DE MOGI DAS CRUZES;UMC;Privada com fins lucrativos;Universidade;3550308;SAO PAULO;SP;SUDESTE;1;121061;48;37;42,4162;1,8757;37,8081;1,5602;1,6391;2;
2013;69;TECNOLOGIA EM RADIOLOGIA;526;UNIVERSIDADE BRAZ CUBAS;UBC;Privada com fins lucrativos;Universidade;3530607;MOGI DAS CRUZES;SP;SUDESTE;1;84395;25;23;48,5652;3,0507;49,8957;3,3237;3,2554;4;
2013;69;TECNOLOGIA EM RADIOLOGIA;575;UNIVERSIDADE FEDERAL DE MINAS GERAIS;UFMG;Pública Federal;Universidade;3106200;BELO HORIZONTE;MG;SUDESTE;1;1117665;35;32;50,9906;3,5141;56,1969;4,2430;4,0608;5;
2013;69;TECNOLOGIA EM RADIOLOGIA;588;UNIVERSIDADE TECNOLÓGICA FEDERAL DO PARANÁ;UTFPR;Pública Federal;Universidade;4106902;CURITIBA;PR;SUL;1;104532;48;47;51,7511;3,6594;51,1255;3,5031;3,5422;4;
2013;69;TECNOLOGIA EM RADIOLOGIA;591;UNIVERSIDADE FEDERAL DE SÃO PAULO;UNIFESP;Pública Federal;Universidade;3550308;SAO PAULO;SP;SUDESTE;1;1113810;13;9;37,6889;0,9724;46,4667;2,8234;2,3606;3;
2013;69;TECNOLOGIA EM RADIOLOGIA;599;INSTITUTO FEDERAL DE EDUCAÇÃO, CIÊNCIA E TECNOLOGIA DA BAHIA;IFBA;Pública Federal;Ifet/Cefet;2927408;SALVADOR;BA;NORDESTE;1;116592;5;5;53,4800;3,9898;55,0800;4,0800;4,0575;5;
2013;69;TECNOLOGIA EM RADIOLOGIA;707;CENTRO UNIVERSITÁRIO CENTRAL PAULISTA;UNICEP;Privada com fins lucrativos;Centro Universitário;3548906;SAO CARLOS;SP;SUDESTE;1;97531;24;13;46,3538;2,6281;47,9769;3,0437;2,9398;3;
2013;69;TECNOLOGIA EM RADIOLOGIA;737;CENTRO UNIVERSITÁRIO SÃO CAMILO;SAO CAMILO;Privada sem fins lucrativos;Centro Universitário;3550308;SAO PAULO;SP;SUDESTE;1;19038;53;37;41,6838;1,7358;45,0541;2,6173;2,3969;3;
2013;69;TECNOLOGIA EM RADIOLOGIA;780;UNIVERSIDADE DE CUIABÁ;UNIC / PITÁGORAS;Privada com fins lucrativos;Universidade;5103403;CUIABA;MT;CENTRO-OESTE;1;72818;12;9;45,4778;2,4607;35,8889;1,2802;1,5753;2;
2013;69;TECNOLOGIA EM RADIOLOGIA;794;CENTRO UNIVERSITÁRIO DE VÁRZEA GRANDE;UNIVAG;Privada sem fins lucrativos;Centro Universitário;5108402;VARZEA GRANDE;MT;CENTRO-OESTE;1;122408;41;38;46,0158;2,5635;34,7553;1,1148;1,4770;2;
2013;69;TECNOLOGIA EM RADIOLOGIA;826;CENTRO UNIVERSITÁRIO DE DESENVOLVIMENTO DO CENTRO-OESTE;UNIDESC;Privada sem fins lucrativos;Centro Universitário;5212501;LUZIANIA;GO;CENTRO-OESTE;1;107109;42;38;41,1132;1,6267;30,2711;0,4606;0,7521;1;
2013;69;TECNOLOGIA EM RADIOLOGIA;1038;FACULDADES INTEGRADAS DE TRÊS LAGOAS;AEMS;Privada sem fins lucrativos;Faculdade;5008305;TRES LAGOAS;MS;CENTRO-OESTE;1;1117115;12;9;40,3778;1,4862;43,3778;2,3727;2,1511;3;
2013;69;TECNOLOGIA EM RADIOLOGIA;1046;UNIÃO DAS FACULDADES DOS GRANDES LAGOS;UNILAGO;Privada sem fins lucrativos;Faculdade;3549805;SAO JOSE DO RIO PRETO;SP;SUDESTE;1;1046925;22;16;48,5062;3,0394;42,5250;2,2483;2,4461;3;
2013;69;TECNOLOGIA EM RADIOLOGIA;1058;Estácio FIB - Centro Universitário Estácio da Bahia;Estácio FIB;Privada com fins lucrativos;Centro Universitário;2927408;SALVADOR;BA;NORDESTE;1;1109528;48;38;38,6526;1,1566;41,8842;2,1548;1,9053;2;
2013;69;TECNOLOGIA EM RADIOLOGIA;1360;FACULDADE SÃO GABRIEL;FSG;Privada com fins lucrativos;Faculdade;2211001;TERESINA;PI;NORDESTE;1;87944;48;40;48,6900;3,0745;40,1325;1,8993;2,1931;3;
2013;69;TECNOLOGIA EM RADIOLOGIA;1478;FACULDADE ANHANGUERA DE SÃO BERNARDO;FASBC;Privada com fins lucrativos;Faculdade;3548708;SAO BERNARDO DO CAMPO;SP;SUDESTE;1;1108453;31;29;39,0000;1,2229;32,7034;0,8154;0,9173;1;
2013;69;TECNOLOGIA EM RADIOLOGIA;1563;CENTRO UNIVERSITÁRIO DA FACULDADE DE SAÚDE, CIÊNCIAS HUMANAS E TECNOLÓGICAS DO PIAUÍ;NOVAFAPI;Privada com fins lucrativos;Centro Universitário;2211001;TERESINA;PI;NORDESTE;1;1072419;39;37;44,3378;2,2429;40,5541;1,9608;2,0313;3;
2013;69;TECNOLOGIA EM RADIOLOGIA;1709;FACULDADE INTEGRADA DE PERNAMBUCO;FACIPE;Privada com fins lucrativos;Faculdade;2611606;RECIFE;PE;NORDESTE;1;118608;72;62;39,0613;1,2346;38,8258;1,7086;1,5901;2;
2013;69;TECNOLOGIA EM RADIOLOGIA;1809;INSTITUTO FEDERAL DE EDUCAÇÃO, CIÊNCIA E TECNOLOGIA DE PERNAMBUCO;IFPE;Pública Federal;Ifet/Cefet;2611606;RECIFE;PE;NORDESTE;1;85635;25;21;49,9571;3,3167;51,7238;3,5904;3,5220;4;
2013;69;TECNOLOGIA EM RADIOLOGIA;1820;INSTITUTO FEDERAL DE EDUCAÇÃO, CIÊNCIA E TECNOLOGIA DO PIAUÍ;IFPI;Pública Federal;Ifet/Cefet;2211001;TERESINA;PI;NORDESTE;1;84372;26;21;51,3048;3,5742;47,1667;2,9255;3,0877;4;
2013;69;TECNOLOGIA EM RADIOLOGIA;1883;FACULDADE DE CIÊNCIAS AGRÁRIAS E DA SAÚDE;FAS;Privada com fins lucrativos;Faculdade;2919207;LAURO DE FREITAS;BA;NORDESTE;1;1049164;76;65;38,6354;1,1533;33,1246;0,8769;0,9460;2;
2013;69;TECNOLOGIA EM RADIOLOGIA;1939;INSTITUTO DE ENSINO SUPERIOR DE LONDRINA - INESUL;INESUL;Privada com fins lucrativos;Faculdade;4113700;LONDRINA;PR;SUL;1;114628;21;21;37,9857;1,0291;27,1143;0,0000;0,2573;1;
2013;69;TECNOLOGIA EM RADIOLOGIA;2076;FACULDADE REGIONAL DA BAHIA;FARB;Privada com fins lucrativos;Faculdade;2927408;SALVADOR;BA;NORDESTE;1;101822;26;21;37,6286;0,9609;39,0000;1,7341;1,5408;2;
2013;69;TECNOLOGIA EM RADIOLOGIA;2451;FACULDADES INTEGRADAS IPIRANGA;FAINTIPI;Privada sem fins lucrativos;Faculdade;1501402;BELEM;PA;NORTE;1;101387;126;104;39,1346;1,2487;39,3615;1,7868;1,6523;2;
2013;69;TECNOLOGIA EM RADIOLOGIA;2835;CENTRO UNIVERSITÁRIO MAURÍCIO DE NASSAU;UNINASSAU;Privada com fins lucrativos;Centro Universitário;2611606;RECIFE;PE;NORDESTE;1;95077;83;52;41,5788;1,7157;41,1885;2,0533;1,9689;3;
2013;69;TECNOLOGIA EM RADIOLOGIA;3020;FACULDADE SANTA RITA DE CÁSSIA;IFASC;Privada com fins lucrativos;Faculdade;5211503;ITUMBIARA;GO;CENTRO-OESTE;1;109545;18;14;38,8214;1,1888;33,6143;0,9483;1,0084;2;
2013;69;TECNOLOGIA EM RADIOLOGIA;3162;INSTITUTO FEDERAL DE EDUCAÇÃO, CIÊNCIA E TECNOLOGIA  DE SANTA CATARINA;IFSC;Pública Federal;Ifet/Cefet;4205407;FLORIANOPOLIS;SC;SUL;1;70738;15;13;54,3692;4,1597;58,2923;4,5487;4,4514;5;
2013;69;TECNOLOGIA EM RADIOLOGIA;3306;FACULDADE DE TECNOLOGIA IPUC;FATIPUC;Privada sem fins lucrativos;Faculdade;4304606;CANOAS;RS;SUL;1;59850;31;29;42,1414;1,8232;47,3793;2,9565;2,6732;3;
2013;69;TECNOLOGIA EM RADIOLOGIA;3396;FACULDADE LS;FACELS;Privada com fins lucrativos;Faculdade;5300108;BRASILIA;DF;CENTRO-OESTE;1;105514;41;32;45,5906;2,4823;40,6969;1,9816;2,1068;3;
2013;69;TECNOLOGIA EM RADIOLOGIA;3610;FACULDADES INTEGRADAS PROMOVE DE BRASILIA;;Privada sem fins lucrativos;Faculdade;5300108;BRASILIA;DF;CENTRO-OESTE;1;95655;24;20;39,7100;1,3586;35,2600;1,1884;1,2310;2;
2013;69;TECNOLOGIA EM RADIOLOGIA;3697;FACULDADE DE TECNOLOGIA SAINT PASTOUS;FSP;Privada sem fins lucrativos;Faculdade;4314902;PORTO ALEGRE;RS;SUL;1;114216;80;72;36,2014;0,6882;42,1625;2,1954;1,8186;2;
2013;69;TECNOLOGIA EM RADIOLOGIA;3794;FACULDADE DE TECNOLOGIA DE MINAS GERAIS;FATEMG;Privada com fins lucrativos;Faculdade;3131307;IPATINGA;MG;SUDESTE;1;114218;16;14;42,0857;1,8126;38,7714;1,7007;1,7287;2;
2013;69;TECNOLOGIA EM RADIOLOGIA;3839;Faculdade IPEMED de Ciência Médicas;IPEMED;Privada com fins lucrativos;Faculdade;3106200;BELO HORIZONTE;MG;SUDESTE;1;70171;66;54;37,7000;0,9745;39,8815;1,8627;1,6406;2;
2013;69;TECNOLOGIA EM RADIOLOGIA;3933;FACULDADE MÉTODO DE SÃO PAULO;FAMESP;Privada com fins lucrativos;Faculdade;3550308;SAO PAULO;SP;SUDESTE;1;102968;55;49;37,6102;0,9574;42,5796;2,2563;1,9316;2;
2013;69;TECNOLOGIA EM RADIOLOGIA;3977;FACULDADE DE TECNOLOGIA DO AMAPÁ;META;Privada com fins lucrativos;Faculdade;1600303;MACAPA;AP;NORTE;1;108104;70;68;40,0029;1,4146;29,9044;0,4071;0,6589;1;
2013;69;TECNOLOGIA EM RADIOLOGIA;3980;FACULDADE JK - BRASÍLIA - UNIDADE PLANO PILOTO;CENACAP;Privada com fins lucrativos;Faculdade;5300108;BRASILIA;DF;CENTRO-OESTE;1;73620;136;111;37,2874;0,8957;31,6559;0,6626;0,7209;1;
2013;69;TECNOLOGIA EM RADIOLOGIA;4020;FACULDADE DE TECNOLOGIA DE BOTUCATU;FATEC BT;Pública Estadual;Faculdade;3507506;BOTUCATU;SP;SUDESTE;1;1156801;50;48;49,3000;3,1911;48,7771;3,1605;3,1681;4;
2013;69;TECNOLOGIA EM RADIOLOGIA;4037;FACULDADE DE TECNOLOGIA INTENSIVA;FATECI;Privada com fins lucrativos;Faculdade;2304400;FORTALEZA;CE;NORDESTE;1;79447;40;28;40,1000;1,4331;36,4036;1,3553;1,3747;2;
2013;69;TECNOLOGIA EM RADIOLOGIA;4277;FACULDADE LITERATUS;FAL;Privada com fins lucrativos;Faculdade;1302603;MANAUS;AM;NORTE;1;104276;62;52;41,3115;1,6646;37,4423;1,5068;1,5463;2;
2013;69;TECNOLOGIA EM RADIOLOGIA;4429;FACULDADE UNIGRAN CAPITAL;UNIGRAN CAPITAL;Privada sem fins lucrativos;Faculdade;5002704;CAMPO GRANDE;MS;CENTRO-OESTE;1;5000761;48;47;44,7234;2,3166;48,2340;3,0812;2,8901;3;
2013;69;TECNOLOGIA EM RADIOLOGIA;4725;FACULDADE DE TECNOLOGIA EGÍDIO JOSÉ DA SILVA;FATEGIDIO;Privada com fins lucrativos;Faculdade;3168606;TEOFILO OTONI;MG;SUDESTE;1;90408;31;16;42,6125;1,9132;39,1688;1,7587;1,7973;2;
2013;69;TECNOLOGIA EM RADIOLOGIA;4910;FACULDADE DO TRABALHO;FATRA;Privada com fins lucrativos;Faculdade;3170206;UBERLANDIA;MG;SUDESTE;1;116338;36;31;39,8774;1,3906;36,3935;1,3538;1,3630;2;
2013;69;TECNOLOGIA EM RADIOLOGIA;5591;FACULDADES INTEGRADAS CAMÕES;FICA;Privada com fins lucrativos;Faculdade;4106902;CURITIBA;PR;SUL;1;82678;65;56;42,7804;1,9453;37,5893;1,5282;1,6325;2;
2013;90;TECNOLOGIA EM AGRONEGÓCIOS;20;UNIVERSIDADE DE PASSO FUNDO;UPF;Privada sem fins lucrativos;Universidade;4314100;PASSO FUNDO;RS;SUL;1;111738;23;23;47,6261;2,5848;49,3957;2,8005;2,7466;3;
2013;90;TECNOLOGIA EM AGRONEGÓCIOS;68;FACULDADE DE FILOSOFIA CIÊNCIAS E LETRAS DE PENÁPOLIS;FAFIPE;Privada sem fins lucrativos;Faculdade;3537305;PENAPOLIS;SP;SUDESTE;1;103640;11;10;40,0100;1,0816;34,0900;0,3918;0,5643;1;
2013;90;TECNOLOGIA EM AGRONEGÓCIOS;140;UNIVERSIDADE SEVERINO SOMBRA;USS;Privada sem fins lucrativos;Universidade;3306206;VASSOURAS;RJ;SUDESTE;1;119190;15;15;44,5200;1,9718;47,0933;2,4381;2,3216;3;
2013;90;TECNOLOGIA EM AGRONEGÓCIOS;143;UNIVERSIDADE DE UBERABA;UNIUBE;Privada sem fins lucrativos;Universidade;3170107;UBERABA;MG;SUDESTE;1;99872;92;76;44,8947;2,0457;48,8303;2,7115;2,5450;3;
2013;90;TECNOLOGIA EM AGRONEGÓCIOS;207;CENTRO UNIVERSITÁRIO MOURA LACERDA;CUML;Privada sem fins lucrativos;Centro Universitário;3543402;RIBEIRAO PRETO;SP;SUDESTE;1;1149862;19;18;44,5111;1,9700;45,9056;2,2512;2,1809;3;
2013;90;TECNOLOGIA EM AGRONEGÓCIOS;271;UNIVERSIDADE DO OESTE PAULISTA;UNOESTE;Privada sem fins lucrativos;Universidade;3541406;PRESIDENTE PRUDENTE;SP;SUDESTE;1;120810;32;32;40,3719;1,1530;46,4906;2,3433;2,0457;3;
2013;90;TECNOLOGIA EM AGRONEGÓCIOS;367;UNIVERSIDADE ESTADUAL DE MONTES CLAROS;UNIMONTES;Pública Estadual;Universidade;3147006;PARACATU;MG;SUDESTE;1;5000691;8;8;50,0000;3,0534;53,2875;3,4129;3,3230;4;
2013;90;TECNOLOGIA EM AGRONEGÓCIOS;423;UNIVERSIDADE REGIONAL INTEGRADA DO ALTO URUGUAI E DAS MISSÕES;URI;Privada sem fins lucrativos;Universidade;4308508;FREDERICO WESTPHALEN;RS;SUL;1;97185;5;4;37,3500;0,5566;31,6000;0,0000;0,1391;1;
2013;90;TECNOLOGIA EM AGRONEGÓCIOS;449;UNIVERSIDADE LUTERANA DO BRASIL;ULBRA;Privada sem fins lucrativos;Universidade;4304705;CARAZINHO;RS;SUL;1;115770;38;35;43,1829;1,7079;47,1314;2,4441;2,2601;3;
2013;90;TECNOLOGIA EM AGRONEGÓCIOS;496;UNIVERSIDADE DE FRANCA;UNIFRAN;Privada com fins lucrativos;Universidade;3516200;FRANCA;SP;SUDESTE;1;106177;15;14;47,6714;2,5938;46,4357;2,3347;2,3994;3;
2013;90;TECNOLOGIA EM AGRONEGÓCIOS;527;PONTIFÍCIA UNIVERSIDADE CATÓLICA DE GOIÁS;PUC GOIÁS;Privada sem fins lucrativos;Universidade;5208707;GOIANIA;GO;CENTRO-OESTE;1;97691;9;4;34,9500;0,0829;44,2000;1,9828;1,5078;2;
2013;90;TECNOLOGIA EM AGRONEGÓCIOS;535;CENTRO UNIVERSITÁRIO DE MANDAGUARI - UNIMAN;FAFIMAN;Pública Municipal;Faculdade;4114203;MANDAGUARI;PR;SUL;1;106550;10;10;34,5300;0,0000;35,0400;0,5413;0,4060;1;
2013;90;TECNOLOGIA EM AGRONEGÓCIOS;582;UNIVERSIDADE FEDERAL DE SANTA MARIA;UFSM;Pública Federal;Universidade;4320651;SILVEIRA MARTINS;RS;SUL;1;1084796;15;9;40,6000;1,1981;44,6778;2,0580;1,8430;2;
2013;90;TECNOLOGIA EM AGRONEGÓCIOS;601;INSTITUTO FEDERAL DE EDUCAÇÃO, CIÊNCIA E TECNOLOGIA DO RIO GRANDE DO SUL;IFRS;Pública Federal;Ifet/Cefet;4320503;SERTAO;RS;SUL;1;105648;11;11;44,3455;1,9373;51,6364;3,1531;2,8491;3;
2013;90;TECNOLOGIA EM AGRONEGÓCIOS;967;FACULDADE DE TECNOLOGIA DE TAQUARITINGA;FATEC/TQ;Pública Estadual;Faculdade;3553708;TAQUARITINGA;SP;SUDESTE;1;103594;159;133;48,1714;2,6925;52,3985;3,2730;3,1279;4;
2013;90;TECNOLOGIA EM AGRONEGÓCIOS;1196;CENTRO UNIVERSITÁRIO DE MARINGÁ - UNICESUMAR;UNICESUMAR;Privada com fins lucrativos;Centro Universitário;4115200;MARINGA;PR;SUL;2;73027 - 111266;145;127;44,5598;1,9796;51,1488;3,0764;2,8022;3;
2013;90;TECNOLOGIA EM AGRONEGÓCIOS;1292;FACULDADES ADAMANTINENSES INTEGRADAS;FAI;Pública Municipal;Faculdade;3500105;ADAMANTINA;SP;SUDESTE;1;1177444;13;8;41,9125;1,4571;49,8500;2,8720;2,5182;3;
2013;90;TECNOLOGIA EM AGRONEGÓCIOS;1303;INSTITUTO FEDERAL DE EDUCAÇÃO, CIÊNCIA E TECNOLOGIA GOIANO;IF Goiano;Pública Federal;Ifet/Cefet;5218805;RIO VERDE;GO;CENTRO-OESTE;1;92661;57;47;46,9957;2,4604;50,8681;3,0322;2,8892;3;
2013;90;TECNOLOGIA EM AGRONEGÓCIOS;1337;FACULDADE MATER DEI;FMD;Privada com fins lucrativos;Faculdade;4118501;PATO BRANCO;PR;SUL;1;99926;29;20;43,9750;1,8642;50,0800;2,9082;2,6472;3;
2013;90;TECNOLOGIA EM AGRONEGÓCIOS;1450;CENTRO UNIVERSITÁRIO DO CERRADO-PATROCÍNIO;UNICERP;Privada sem fins lucrativos;Centro Universitário;3148103;PATROCINIO;MG;SUDESTE;1;97596;38;31;39,5323;0,9873;38,7968;1,1325;1,0962;2;
2013;90;TECNOLOGIA EM AGRONEGÓCIOS;1612;FACULDADE SUL BRASIL;FASUL;Privada com fins lucrativos;Faculdade;4127700;TOLEDO;PR;SUL;1;1076970;12;12;40,7833;1,2343;48,5667;2,6700;2,3111;3;
2013;90;TECNOLOGIA EM AGRONEGÓCIOS;1702;ESTÁCIO ATUAL - FACULDADE ESTÁCIO DA AMAZÔNIA;ESTÁCIO ATUAL;Privada com fins lucrativos;Faculdade;1400100;BOA VISTA;RR;NORTE;1;88864;24;17;48,9765;2,8514;39,6941;1,2738;1,6682;2;
2013;90;TECNOLOGIA EM AGRONEGÓCIOS;1807;INSTITUTO FEDERAL DE EDUCAÇÃO, CIÊNCIA E TECNOLOGIA DO CEARÁ;IFCE;Pública Federal;Ifet/Cefet;2307601;LIMOEIRO DO NORTE;CE;NORDESTE;1;5000145;14;14;50,9500;3,2409;47,0071;2,4246;2,6287;3;
2013;90;TECNOLOGIA EM AGRONEGÓCIOS;1807;INSTITUTO FEDERAL DE EDUCAÇÃO, CIÊNCIA E TECNOLOGIA DO CEARÁ;IFCE;Pública Federal;Ifet/Cefet;2311306;QUIXADA;CE;NORDESTE;1;1120468;26;25;55,2120;4,0821;53,5640;3,4564;3,6128;4;
2013;90;TECNOLOGIA EM AGRONEGÓCIOS;1836;CENTRO UNIVERSITÁRIO FUNDAÇÃO DE ENSINO OCTÁVIO BASTOS - FEOB;UNIFEOB;Privada sem fins lucrativos;Centro Universitário;3549102;SAO JOAO DA BOA VISTA;SP;SUDESTE;1;102928;18;10;51,0300;3,2567;48,9600;2,7319;2,8631;3;
2013;90;TECNOLOGIA EM AGRONEGÓCIOS;1844;FACULDADES INTEGRADAS STELLA MARIS DE ANDRADINA;FISMA;Privada sem fins lucrativos;Faculdade;3502101;ANDRADINA;SP;SUDESTE;1;118668;16;15;52,2733;3,5021;54,4000;3,5880;3,5665;4;
2013;90;TECNOLOGIA EM AGRONEGÓCIOS;1856;FACULDADE DO NORTE NOVO DE APUCARANA;FACNOPAR;Privada sem fins lucrativos;Faculdade;4101408;APUCARANA;PR;SUL;1;79817;10;10;47,3300;2,5264;50,5900;2,9884;2,8729;3;
2013;90;TECNOLOGIA EM AGRONEGÓCIOS;1874;FACULDADE DE TECNOLOGIA DE OURINHOS;FATEC;Pública Estadual;Faculdade;3534708;OURINHOS;SP;SUDESTE;1;122578;11;11;53,4364;3,7316;63,3727;5,0000;4,6829;5;
2013;90;TECNOLOGIA EM AGRONEGÓCIOS;1917;FACULDADE DE CIÊNCIAS BIOMÉDICAS DE CACOAL;FACIMED;Privada com fins lucrativos;Faculdade;1100049;CACOAL;RO;NORTE;1;108376;8;8;43,5000;1,7705;44,0125;1,9533;1,9076;2;
2013;90;TECNOLOGIA EM AGRONEGÓCIOS;1945;FACULDADE DE SORRISO;FAIS;Privada com fins lucrativos;Faculdade;5107925;SORRISO;MT;CENTRO-OESTE;1;95801;13;9;39,6889;1,0182;33,3889;0,2815;0,4657;1;
2013;90;TECNOLOGIA EM AGRONEGÓCIOS;2288;FACULDADE ALMEIDA RODRIGUES;FAR;Privada com fins lucrativos;Faculdade;5218805;RIO VERDE;GO;CENTRO-OESTE;1;104608;31;25;39,9080;1,0615;43,9840;1,9488;1,7270;2;
2013;90;TECNOLOGIA EM AGRONEGÓCIOS;2336;FACULDADE MONTES BELOS;FMB;Privada com fins lucrativos;Faculdade;5220108;SAO LUIS DE MONTES BELOS;GO;CENTRO-OESTE;1;103956;27;15;38,8733;0,8573;42,1600;1,6618;1,4607;2;
2013;90;TECNOLOGIA EM AGRONEGÓCIOS;2447;INSTITUTO EDUCACIONAL DE CASTRO;INEC;Privada com fins lucrativos;Faculdade;4104907;CASTRO;PR;SUL;1;109488;7;7;49,5000;2,9547;46,6286;2,3650;2,5124;3;
2013;90;TECNOLOGIA EM AGRONEGÓCIOS;2794;FACULDADE DE CIÊNCIAS SOCIAIS E HUMANAS SOBRAL PINTO;FAIESP;Privada com fins lucrativos;Faculdade;5107602;RONDONOPOLIS;MT;CENTRO-OESTE;1;102638;35;27;41,8037;1,4356;43,7741;1,9158;1,7958;2;
2013;90;TECNOLOGIA EM AGRONEGÓCIOS;2974;FACULDADE DE CIÊNCIAS JURÍDICAS E SOCIAIS APLICADAS DE PRIMAVERA DO LESTE;;Privada com fins lucrativos;Faculdade;5107040;PRIMAVERA DO LESTE;MT;CENTRO-OESTE;1;72699;13;7;48,0714;2,6727;43,1000;1,8097;2,0255;3;
2013;90;TECNOLOGIA EM AGRONEGÓCIOS;3460;INSTITUTO SUPERIOR DE ENSINO E PESQUISA DE ITUIUTABA;ISEPI;Privada sem fins lucrativos;Faculdade;3134202;ITUIUTABA;MG;SUDESTE;1;92486;6;5;36,9400;0,4757;38,8400;1,1393;0,9734;2;
2013;90;TECNOLOGIA EM AGRONEGÓCIOS;3974;UNIVERSIDADE DE RIO VERDE;FESURV;Pública Municipal;Universidade;5204409;CAIAPONIA;GO;CENTRO-OESTE;1;121305;14;9;47,9111;2,6411;49,6333;2,8379;2,7887;3;
2013;90;TECNOLOGIA EM AGRONEGÓCIOS;4020;FACULDADE DE TECNOLOGIA DE BOTUCATU;FATEC BT;Pública Estadual;Faculdade;3507506;BOTUCATU;SP;SUDESTE;1;1156798;34;30;47,6633;2,5922;51,2367;3,0902;2,9657;4;
2013;90;TECNOLOGIA EM AGRONEGÓCIOS;4024;FACULDADE DE TECNOLOGIA DE MOCOCA;FATEC;Pública Estadual;Faculdade;3530508;MOCOCA;SP;SUDESTE;1;120764;49;43;49,2256;2,9005;50,5558;2,9830;2,9624;4;
2013;90;TECNOLOGIA EM AGRONEGÓCIOS;4025;FACULDADE DE TECNOLOGIA DE SÃO JOSÉ DO RIO PRETO;FATECRP;Pública Estadual;Faculdade;3549805;SAO JOSE DO RIO PRETO;SP;SUDESTE;1;123277;76;61;49,9590;3,0453;55,2262;3,7180;3,5498;4;
2013;90;TECNOLOGIA EM AGRONEGÓCIOS;4098;INSTITUTO FEDERAL DE EDUCAÇÃO, CIÊNCIA E TECNOLOGIA FARROUPILHA;IFFarroupilha;Pública Federal;Ifet/Cefet;4317806;SANTO AUGUSTO;RS;SUL;1;121466;21;19;44,4632;1,9606;53,7579;3,4869;3,1053;4;
2013;90;TECNOLOGIA EM AGRONEGÓCIOS;4126;FACULDADE DE CIÊNCIAS SOCIAIS APLICADAS E DE TECNOLOGIAS DE AGUA BOA;FACESA;Privada com fins lucrativos;Faculdade;5100201;AGUA BOA;MT;CENTRO-OESTE;1;116328;9;8;46,6500;2,3922;52,0375;3,2162;3,0102;4;
2013;90;TECNOLOGIA EM AGRONEGÓCIOS;4399;FACULDADE DE BALSAS;UNIBALSAS;Privada com fins lucrativos;Faculdade;2101400;BALSAS;MA;NORDESTE;1;1108530;42;40;46,9325;2,4479;48,0450;2,5879;2,5529;3;
2013;90;TECNOLOGIA EM AGRONEGÓCIOS;4633;FACULDADE ANGLO-AMERICANO DE PASSO FUNDO;FAAPF;Privada sem fins lucrativos;Faculdade;4314100;PASSO FUNDO;RS;SUL;1;1086362;5;5;46,9400;2,4494;55,7800;3,8052;3,4662;4;
2013;90;TECNOLOGIA EM AGRONEGÓCIOS;4786;INSTITUTO FEDERAL DE EDUCAÇÃO, CIÊNCIA E TECNOLOGIA DO TOCANTINS;IFTO;Pública Federal;Ifet/Cefet;1721000;PALMAS;TO;NORTE;1;123557;70;46;47,4109;2,5424;54,8652;3,6612;3,3815;4;
2013;90;TECNOLOGIA EM AGRONEGÓCIOS;4915;FACULDADE DE CASTANHAL;FCAT;Privada com fins lucrativos;Faculdade;1502400;CASTANHAL;PA;NORTE;1;104594;13;13;48,0308;2,6647;42,6692;1,7419;1,9726;3;
2013;90;TECNOLOGIA EM AGRONEGÓCIOS;4992;FACULDADE DE TECNOLOGIA CENTEC - SERTÃO CENTRAL;FTC SERTÃO CENTRAL;Privada sem fins lucrativos;Faculdade;2311405;QUIXERAMOBIM;CE;NORDESTE;1;110518;19;16;59,8625;5,0000;48,2313;2,6172;3,2129;4;
2013;90;TECNOLOGIA EM AGRONEGÓCIOS;5322;FUNDAÇÃO UNIVERSIDADE FEDERAL DO PAMPA - UNIPAMPA;UNIPAMPA;Pública Federal;Universidade;4306601;DOM PEDRITO;RS;SUL;1;122052;27;26;54,8423;4,0091;56,4615;3,9124;3,9366;4;
2013;90;TECNOLOGIA EM AGRONEGÓCIOS;5627;FACULDADE DE TECNOLOGIA DE PRESIDENTE PRUDENTE;FATEC;Pública Estadual;Faculdade;3541406;PRESIDENTE PRUDENTE;SP;SUDESTE;2;119890 - 120123;119;94;47,0872;2,4785;53,7543;3,4864;3,2344;4;
2013;90;TECNOLOGIA EM AGRONEGÓCIOS;12338;FACULDADE DE TECNOLOGIA LA SALLE - ESTRELA;FACSALLE;Privada sem fins lucrativos;Faculdade;4307807;ESTRELA;RS;SUL;1;1045356;2;2;56,9000;4,4153;55,7500;3,8004;3,9541;5;
2013;90;TECNOLOGIA EM AGRONEGÓCIOS;14248;Faculdade Presidente Antônio Carlos de Uberlândia;;Privada sem fins lucrativos;Faculdade;3170206;UBERLANDIA;MG;SUDESTE;1;84801;23;19;52,2368;3,4949;50,4368;2,9643;3,0970;4;
2013;90;TECNOLOGIA EM AGRONEGÓCIOS;15576;Faculdade de Tecnologia de Mogi das Cruzes;FATEC-MC;Pública Estadual;Faculdade;3530607;MOGI DAS CRUZES;SP;SUDESTE;1;1150463;96;81;53,8852;3,8202;57,6506;4,0995;4,0297;5;
2013;90;TECNOLOGIA EM AGRONEGÓCIOS;15693;Faculdade de Tecnologia de Itapetininga - Prof.Antônio Belizandro Barbosa Rezende;Fatec - Itapetininga;Pública Estadual;Faculdade;3522307;ITAPETININGA;SP;SUDESTE;1;1149894;83;67;50,4075;3,1338;55,4612;3,7550;3,5997;4;
2013;90;TECNOLOGIA EM AGRONEGÓCIOS;15769;Faculdade de Tecnologia de Jales;Fatec Jales;Pública Estadual;Faculdade;3524808;JALES;SP;SUDESTE;1;1149798;22;21;47,7333;2,6060;50,9286;3,0417;2,9328;3;
2013;91;TECNOLOGIA EM GESTÃO HOSPITALAR;18;UNIVERSIDADE CATÓLICA DE PELOTAS;UCPEL;Privada sem fins lucrativos;Universidade;4314407;PELOTAS;RS;SUL;1;113881;23;23;45,9478;2,5793;37,1826;1,7644;1,9681;3;
2013;91;TECNOLOGIA EM GESTÃO HOSPITALAR;23;UNIVERSIDADE FEEVALE;FEEVALE;Privada sem fins lucrativos;Universidade;4313409;NOVO HAMBURGO;RS;SUL;1;1115843;7;7;50,8857;3,5418;48,7286;3,7179;3,6739;4;
2013;91;TECNOLOGIA EM GESTÃO HOSPITALAR;163;UNIVERSIDADE ESTÁCIO DE SÁ;UNESA;Privada com fins lucrativos;Universidade;3304557;RIO DE JANEIRO;RJ;SUDESTE;2;60306 - 1174577;18;15;39,3067;1,2848;39,0400;2,0787;1,8802;2;
2013;91;TECNOLOGIA EM GESTÃO HOSPITALAR;242;CENTRO UNIVERSITÁRIO ANHANGUERA;UNIA;Privada com fins lucrativos;Centro Universitário;3547809;SANTO ANDRE;SP;SUDESTE;1;69916;27;22;40,5500;1,5271;42,0864;2,5941;2,3274;3;
2013;91;TECNOLOGIA EM GESTÃO HOSPITALAR;298;UNIVERSIDADE NORTE DO PARANÁ;UNOPAR;Privada com fins lucrativos;Universidade;4113700;LONDRINA;PR;SUL;1;1150782;725;681;42,1576;1,8405;34,5147;1,3130;1,4449;2;
2013;91;TECNOLOGIA EM GESTÃO HOSPITALAR;322;UNIVERSIDADE PAULISTA;UNIP;Privada sem fins lucrativos;Universidade;3548500;SANTOS;SP;SUDESTE;1;1177673;8;7;44,9286;2,3806;39,6714;2,1855;2,2343;3;
2013;91;TECNOLOGIA EM GESTÃO HOSPITALAR;344;CENTRO UNIVERSITÁRIO UNA;UNA;Privada com fins lucrativos;Centro Universitário;3106200;BELO HORIZONTE;MG;SUDESTE;1;88470;5;3;50,8667;3,5381;48,8000;3,7300;3,6820;4;
2013;91;TECNOLOGIA EM GESTÃO HOSPITALAR;360;CENTRO UNIVERSITÁRIO PAULISTANO;UNIPAULISTANA;Privada sem fins lucrativos;Centro Universitário;3550308;SAO PAULO;SP;SUDESTE;1;1177767;21;19;40,0789;1,4353;31,0579;0,7282;0,9050;1;
2013;91;TECNOLOGIA EM GESTÃO HOSPITALAR;374;CENTRO UNIVERSITÁRIO DAS FACULDADES METROPOLITANAS UNIDAS;FMU;Privada sem fins lucrativos;Centro Universitário;3550308;SAO PAULO;SP;SUDESTE;1;1157852;17;16;44,0625;2,2118;40,7562;2,3690;2,3297;3;
2013;91;TECNOLOGIA EM GESTÃO HOSPITALAR;403;UNIVERSIDADE CATÓLICA DE BRASÍLIA;UCB;Privada sem fins lucrativos;Universidade;5300108;BRASILIA;DF;CENTRO-OESTE;1;118974;10;9;47,3333;2,8494;39,2111;2,1076;2,2931;3;
2013;91;TECNOLOGIA EM GESTÃO HOSPITALAR;457;UNIVERSIDADE ANHANGUERA DE SÃO PAULO - UNIAN-SP;UNIAN - SP;Privada com fins lucrativos;Universidade;3550308;SAO PAULO;SP;SUDESTE;1;119628;38;32;44,3188;2,2618;43,2031;2,7830;2,6527;3;
2013;91;TECNOLOGIA EM GESTÃO HOSPITALAR;570;UNIVERSIDADE FEDERAL DO RIO GRANDE DO NORTE;UFRN;Pública Federal;Universidade;2408102;NATAL;RN;NORDESTE;1;1109331;15;15;65,9667;5,0000;56,3067;5,0000;5,0000;5;
2013;91;TECNOLOGIA EM GESTÃO HOSPITALAR;671;UNIVERSIDADE ANHANGUERA - UNIDERP;UNIDERP;Privada com fins lucrativos;Universidade;5002704;CAMPO GRANDE;MS;CENTRO-OESTE;1;1107875;542;320;39,4025;1,3035;30,5897;0,6490;0,8126;1;
2013;91;TECNOLOGIA EM GESTÃO HOSPITALAR;763;INSTITUTO UNIFICADO DE ENSINO SUPERIOR OBJETIVO;IUESO;Privada sem fins lucrativos;Faculdade;5208707;GOIANIA;GO;CENTRO-OESTE;1;75902;8;8;49,5000;3,2717;42,3125;2,6323;2,7922;3;
2013;91;TECNOLOGIA EM GESTÃO HOSPITALAR;1087;FACULDADES INTEGRADAS APARÍCIO CARVALHO;FIMCA;Privada sem fins lucrativos;Faculdade;1100205;PORTO VELHO;RO;NORTE;1;110636;8;6;50,2167;3,4114;40,0000;2,2411;2,5337;3;
2013;91;TECNOLOGIA EM GESTÃO HOSPITALAR;1107;Centro Universitário Estácio do Ceará;Estácio FIC;Privada com fins lucrativos;Centro Universitário;2304400;FORTALEZA;CE;NORDESTE;2;68267 - 1205913;64;50;39,8960;1,3997;39,5700;2,1683;1,9762;3;
2013;91;TECNOLOGIA EM GESTÃO HOSPITALAR;1141;FACULDADE GAMA E SOUZA;FGS;Privada sem fins lucrativos;Faculdade;3304557;RIO DE JANEIRO;RJ;SUDESTE;1;97135;16;7;41,1857;1,6511;32,6286;0,9939;1,1582;2;
2013;91;TECNOLOGIA EM GESTÃO HOSPITALAR;1185;CENTRO UNIVERSITÁRIO JORGE AMADO;UNIJORGE;Privada com fins lucrativos;Centro Universitário;2927408;SALVADOR;BA;NORDESTE;1;1139914;86;73;45,0562;2,4055;35,2712;1,4410;1,6822;2;
2013;91;TECNOLOGIA EM GESTÃO HOSPITALAR;1345;FACULDADE ANHANGUERA DE OSASCO;FIZO;Privada com fins lucrativos;Faculdade;3534401;OSASCO;SP;SUDESTE;1;95665;40;30;42,3933;1,8864;37,3033;1,7849;1,8103;2;
2013;91;TECNOLOGIA EM GESTÃO HOSPITALAR;1446;CENTRO UNIVERSITÁRIO PLANALTO DO DISTRITO FEDERAL - UNIPLAN;UNIPLAN;Privada sem fins lucrativos;Centro Universitário;5300108;BRASILIA;DF;CENTRO-OESTE;1;121437;11;11;44,0818;2,2156;38,2273;1,9412;2,0098;3;
2013;91;TECNOLOGIA EM GESTÃO HOSPITALAR;1509;FACULDADE ESTÁCIO DE SÁ DE BELO HORIZONTE;FESBH;Privada com fins lucrativos;Centro Universitário;3106200;BELO HORIZONTE;MG;SUDESTE;1;100199;16;14;45,2571;2,4447;39,2643;2,1166;2,1986;3;
2013;91;TECNOLOGIA EM GESTÃO HOSPITALAR;1647;FACULDADE DE ENSINO E CULTURA DO CEARÁ;FAECE;Privada sem fins lucrativos;Faculdade;2304400;FORTALEZA;CE;NORDESTE;1;75896;5;5;41,6400;1,7396;32,4400;0,9620;1,1564;2;
2013;91;TECNOLOGIA EM GESTÃO HOSPITALAR;1703;INSTITUTO DE ENSINO SUPERIOR DE RIO VERDE;IESRIVER;Privada sem fins lucrativos;Faculdade;5218805;RIO VERDE;GO;CENTRO-OESTE;1;110209;8;8;42,3875;1,8853;26,8125;0,0099;0,4788;1;
2013;91;TECNOLOGIA EM GESTÃO HOSPITALAR;1708;INSTITUTO PERNAMBUCANO DE ENSINO SUPERIOR;IPESU;Privada sem fins lucrativos;Faculdade;2611606;RECIFE;PE;NORDESTE;1;80054;11;10;53,6000;4,0709;42,4400;2,6539;3,0082;4;
2013;91;TECNOLOGIA EM GESTÃO HOSPITALAR;1742;FACULDADE DE TECNOLOGIA CARLOS DRUMMOND DE ANDRADE;CSET DRUMMOND;Privada com fins lucrativos;Faculdade;3550308;SAO PAULO;SP;SUDESTE;1;75264;15;12;39,3833;1,2997;41,2333;2,4498;2,1623;3;
2013;91;TECNOLOGIA EM GESTÃO HOSPITALAR;1978;FACULDADE METROPOLITANA DA GRANDE FORTALEZA;FAMETRO;Privada com fins lucrativos;Faculdade;2304400;FORTALEZA;CE;NORDESTE;1;119044;11;9;47,8222;2,9447;50,2222;3,9706;3,7141;4;
2013;91;TECNOLOGIA EM GESTÃO HOSPITALAR;1996;INSTITUTO CUIABÁ DE ENSINO E CULTURA;ICEC;Privada sem fins lucrativos;Faculdade;5103403;CUIABA;MT;CENTRO-OESTE;1;104886;1;1;.;.;.;.;.;SC;
2013;91;TECNOLOGIA EM GESTÃO HOSPITALAR;2075;INSTITUTO DE ENSINO SUPERIOR DE ALAGOAS;IESA;Privada sem fins lucrativos;Faculdade;2704302;MACEIO;AL;NORDESTE;1;87374;8;8;42,3875;1,8853;29,6875;0,4963;0,8436;1;
2013;91;TECNOLOGIA EM GESTÃO HOSPITALAR;2085;INSTITUTO BAIANO DE ENSINO SUPERIOR;IBES;Privada sem fins lucrativos;Faculdade;2927408;SALVADOR;BA;NORDESTE;1;79523;8;8;48,7500;3,1255;46,8625;3,4022;3,3330;4;
2013;91;TECNOLOGIA EM GESTÃO HOSPITALAR;2183;CENTRO UNIVERSITÁRIO FUNDAÇÃO SANTO ANDRÉ;CUFSA;Privada sem fins lucrativos;Centro Universitário;3547809;SANTO ANDRE;SP;SUDESTE;1;103784;30;29;42,2207;1,8528;33,5138;1,1437;1,3210;2;
2013;91;TECNOLOGIA EM GESTÃO HOSPITALAR;2336;FACULDADE MONTES BELOS;FMB;Privada com fins lucrativos;Faculdade;5220108;SAO LUIS DE MONTES BELOS;GO;CENTRO-OESTE;1;96251;5;0;.;.;.;.;.;SC;
2013;91;TECNOLOGIA EM GESTÃO HOSPITALAR;2908;FACULDADE NATALENSE DE ENSINO E CULTURA;FANEC;Privada sem fins lucrativos;Faculdade;2408102;NATAL;RN;NORDESTE;1;150017;9;9;47,6778;2,9165;32,2556;0,9308;1,4272;2;
2013;91;TECNOLOGIA EM GESTÃO HOSPITALAR;2911;FACULDADE PAN AMAZÔNIA;FAPAN;Privada sem fins lucrativos;Faculdade;1501402;BELEM;PA;NORTE;1;109819;61;53;38,1057;1,0507;30,3585;0,6099;0,7201;1;
2013;91;TECNOLOGIA EM GESTÃO HOSPITALAR;2917;FACULDADE BRASIL NORTE;FABRAN;Privada sem fins lucrativos;Faculdade;1600303;MACAPA;AP;NORTE;1;104884;19;16;34,9875;0,4429;31,1500;0,7438;0,6686;1;
2013;91;TECNOLOGIA EM GESTÃO HOSPITALAR;3162;INSTITUTO FEDERAL DE EDUCAÇÃO, CIÊNCIA E TECNOLOGIA  DE SANTA CATARINA;IFSC;Pública Federal;Ifet/Cefet;4209102;JOINVILLE;SC;SUL;1;1102973;30;27;58,3667;5,0000;51,7000;4,2206;4,4155;5;
2013;91;TECNOLOGIA EM GESTÃO HOSPITALAR;3184;INSTITUTO FEDERAL DE EDUCAÇÃO, CIÊNCIA E TECNOLOGIA DE RORAIMA;IFRR;Pública Federal;Ifet/Cefet;1400100;BOA VISTA;RR;NORTE;1;91907;115;73;48,8740;3,1497;35,8877;1,5453;1,9464;3;
2013;91;TECNOLOGIA EM GESTÃO HOSPITALAR;3396;FACULDADE LS;FACELS;Privada com fins lucrativos;Faculdade;5300108;BRASILIA;DF;CENTRO-OESTE;1;106992;14;10;43,6900;2,1392;39,1700;2,1007;2,1103;3;
2013;91;TECNOLOGIA EM GESTÃO HOSPITALAR;3876;AVM - FACULDADE INTEGRADA;IAVM;Privada com fins lucrativos;Faculdade;3304557;RIO DE JANEIRO;RJ;SUDESTE;1;5000946;3;3;53,8667;4,1229;44,7000;3,0363;3,3079;4;
2013;91;TECNOLOGIA EM GESTÃO HOSPITALAR;4450;FACULDADE METROPOLITANA DA AMAZÔNIA;FAMAZ;Privada sem fins lucrativos;Faculdade;1501402;BELEM;PA;NORTE;1;105736;35;31;39,7387;1,3690;36,0903;1,5796;1,5270;2;
2013;91;TECNOLOGIA EM GESTÃO HOSPITALAR;4633;FACULDADE ANGLO-AMERICANO DE PASSO FUNDO;FAAPF;Privada sem fins lucrativos;Faculdade;4314100;PASSO FUNDO;RS;SUL;1;1086363;9;8;42,1875;1,8463;38,7125;2,0233;1,9790;3;
2013;91;TECNOLOGIA EM GESTÃO HOSPITALAR;4725;FACULDADE DE TECNOLOGIA EGÍDIO JOSÉ DA SILVA;FATEGIDIO;Privada com fins lucrativos;Faculdade;3168606;TEOFILO OTONI;MG;SUDESTE;1;90411;10;9;44,8333;2,3621;33,9000;1,2090;1,4973;2;
2013;91;TECNOLOGIA EM GESTÃO HOSPITALAR;11593;FACULDADE DE TECNOLOGIA DE MACAPÁ;FTA;Privada com fins lucrativos;Faculdade;1600303;MACAPA;AP;NORTE;1;1009608;16;13;32,7154;0,0000;26,7538;0,0000;0,0000;1;
2013;91;TECNOLOGIA EM GESTÃO HOSPITALAR;13106;FACULDADE DE TECNOLOGIA LOURENÇO FILHO;FATEC FLF;Privada com fins lucrativos;Faculdade;2304400;FORTALEZA;CE;NORDESTE;1;1053310;5;5;38,6600;1,1587;48,0600;3,6048;2,9933;4;
2013;92;TECNOLOGIA EM GESTÃO AMBIENTAL;8;UNIVERSIDADE FEDERAL DE VIÇOSA;UFV;Pública Federal;Universidade;3126000;FLORESTAL;MG;SUDESTE;1;112074;25;24;54,9292;3,8828;40,3542;3,4603;3,5659;4;
2013;92;TECNOLOGIA EM GESTÃO AMBIENTAL;12;UNIVERSIDADE FEDERAL DO RIO GRANDE;FURG;Pública Federal;Universidade;4315602;RIO GRANDE;RS;SUL;1;1103532;3;3;54,1667;3,7358;33,9333;2,1363;2,5362;3;
2013;92;TECNOLOGIA EM GESTÃO AMBIENTAL;12;UNIVERSIDADE FEDERAL DO RIO GRANDE;FURG;Pública Federal;Universidade;4318804;SAO LOURENCO DO SUL;RS;SUL;1;1103533;6;5;39,4600;0,9016;29,3200;1,1851;1,1142;2;
2013;92;TECNOLOGIA EM GESTÃO AMBIENTAL;14;UNIVERSIDADE DO VALE DO RIO DOS SINOS;UNISINOS;Privada sem fins lucrativos;Universidade;4318705;SAO LEOPOLDO;RS;SUL;1;91921;43;38;48,2342;2,5925;42,1605;3,8328;3,5227;4;
2013;92;TECNOLOGIA EM GESTÃO AMBIENTAL;23;UNIVERSIDADE FEEVALE;FEEVALE;Privada sem fins lucrativos;Universidade;4313409;NOVO HAMBURGO;RS;SUL;1;1115799;16;16;58,3438;4,5408;46,1937;4,6644;4,6335;5;
2013;92;TECNOLOGIA EM GESTÃO AMBIENTAL;27;UNIVERSIDADE VALE DO RIO VERDE;UNINCOR;Privada sem fins lucrativos;Universidade;3147105;PARA DE MINAS;MG;SUDESTE;1;101233;22;22;42,5273;1,4927;26,8909;0,6842;0,8864;1;
2013;92;TECNOLOGIA EM GESTÃO AMBIENTAL;27;UNIVERSIDADE VALE DO RIO VERDE;UNINCOR;Privada sem fins lucrativos;Universidade;3169307;TRES CORACOES;MG;SUDESTE;1;91269;2;1;.;.;.;.;.;SC;
2013;92;TECNOLOGIA EM GESTÃO AMBIENTAL;82;UNIVERSIDADE DO OESTE DE SANTA CATARINA;UNOESC;Pública Municipal;Universidade;4217204;SAO MIGUEL D´OESTE;SC;SUL;1;98815;1;1;.;.;.;.;.;SC;
2013;92;TECNOLOGIA EM GESTÃO AMBIENTAL;146;CENTRO UNIVERSITÁRIO DE RIO PRETO;UNIRP;Privada com fins lucrativos;Centro Universitário;3549805;SAO JOSE DO RIO PRETO;SP;SUDESTE;1;1110378;11;11;44,4273;1,8589;36,7818;2,7237;2,5075;3;
2013;92;TECNOLOGIA EM GESTÃO AMBIENTAL;150;UNIVERSIDADE DE SOROCABA;UNISO;Privada sem fins lucrativos;Universidade;3552205;SOROCABA;SP;SUDESTE;1;63826;18;14;50,6286;3,0540;47,8214;5,0000;4,5135;5;
2013;92;TECNOLOGIA EM GESTÃO AMBIENTAL;163;UNIVERSIDADE ESTÁCIO DE SÁ;UNESA;Privada com fins lucrativos;Universidade;3300704;CABO FRIO;RJ;SUDESTE;1;97628;20;15;47,5400;2,4587;34,7867;2,3123;2,3489;3;
2013;92;TECNOLOGIA EM GESTÃO AMBIENTAL;163;UNIVERSIDADE ESTÁCIO DE SÁ;UNESA;Privada com fins lucrativos;Universidade;3302403;MACAE;RJ;SUDESTE;1;80495;9;7;46,7143;2,2996;35,4143;2,4417;2,4062;3;
2013;92;TECNOLOGIA EM GESTÃO AMBIENTAL;163;UNIVERSIDADE ESTÁCIO DE SÁ;UNESA;Privada com fins lucrativos;Universidade;3304557;RIO DE JANEIRO;RJ;SUDESTE;4;70257 - 90557 - 1121204 - 1174691;228;175;52,6126;3,4363;38,4903;3,0760;3,1661;4;
2013;92;TECNOLOGIA EM GESTÃO AMBIENTAL;165;UNIVERSIDADE VEIGA DE ALMEIDA;UVA;Privada com fins lucrativos;Universidade;3300704;CABO FRIO;RJ;SUDESTE;1;92765;14;12;49,0167;2,7433;40,2417;3,4371;3,2637;4;
2013;92;TECNOLOGIA EM GESTÃO AMBIENTAL;167;UNIVERSIDADE METODISTA DE SÃO PAULO;UMESP;Privada sem fins lucrativos;Universidade;3548708;SAO BERNARDO DO CAMPO;SP;SUDESTE;1;115806;174;123;49,5358;2,8434;36,1309;2,5895;2,6529;3;
2013;92;TECNOLOGIA EM GESTÃO AMBIENTAL;176;UNIVERSIDADE CASTELO BRANCO;UCB;Privada sem fins lucrativos;Universidade;3304557;RIO DE JANEIRO;RJ;SUDESTE;1;107584;68;50;44,9980;1,9689;32,4780;1,8363;1,8694;2;
2013;92;TECNOLOGIA EM GESTÃO AMBIENTAL;208;UNIVERSIDADE DE RIBEIRÃO PRETO;UNAERP;Privada sem fins lucrativos;Universidade;3518701;GUARUJA;SP;SUDESTE;1;107300;2;0;.;.;.;.;.;SC;
2013;92;TECNOLOGIA EM GESTÃO AMBIENTAL;216;CENTRO UNIVERSITÁRIO METODISTA IZABELA HENDRIX;CEUNIH;Privada sem fins lucrativos;Centro Universitário;3106200;BELO HORIZONTE;MG;SUDESTE;1;88008;3;1;.;.;.;.;.;SC;
2013;92;TECNOLOGIA EM GESTÃO AMBIENTAL;227;UNIVERSIDADE CATÓLICA DE SANTOS;UNISANTOS;Privada sem fins lucrativos;Universidade;3548500;SANTOS;SP;SUDESTE;1;102776;6;0;.;.;.;.;.;SC;
2013;92;TECNOLOGIA EM GESTÃO AMBIENTAL;242;CENTRO UNIVERSITÁRIO ANHANGUERA;UNIA;Privada com fins lucrativos;Centro Universitário;3547809;SANTO ANDRE;SP;SUDESTE;1;53930;71;51;44,2039;1,8158;33,0235;1,9488;1,9155;2;
2013;92;TECNOLOGIA EM GESTÃO AMBIENTAL;275;UNIVERSIDADE DO VALE DO PARAÍBA;UNIVAP;Privada sem fins lucrativos;Universidade;3549904;SAO JOSE DOS CAMPOS;SP;SUDESTE;1;117368;13;9;52,8222;3,4767;34,0111;2,1524;2,4835;3;
2013;92;TECNOLOGIA EM GESTÃO AMBIENTAL;296;UNIVERSIDADE DA REGIÃO DA CAMPANHA;URCAMP;Privada sem fins lucrativos;Universidade;4306601;DOM PEDRITO;RS;SUL;1;1111246;17;17;44,6765;1,9069;33,9000;2,1295;2,0738;3;
2013;92;TECNOLOGIA EM GESTÃO AMBIENTAL;298;UNIVERSIDADE NORTE DO PARANÁ;UNOPAR;Privada com fins lucrativos;Universidade;4113700;LONDRINA;PR;SUL;2;111094 - 1114746;2143;1647;43,3343;1,6482;31,0538;1,5426;1,5690;2;
2013;92;TECNOLOGIA EM GESTÃO AMBIENTAL;308;UNIVERSIDADE PRESIDENTE ANTÔNIO CARLOS;UNIPAC;Privada sem fins lucrativos;Universidade;3105608;BARBACENA;MG;SUDESTE;1;71454;40;36;41,3278;1,2615;29,5861;1,2400;1,2454;2;
2013;92;TECNOLOGIA EM GESTÃO AMBIENTAL;308;UNIVERSIDADE PRESIDENTE ANTÔNIO CARLOS;UNIPAC;Privada sem fins lucrativos;Universidade;3136702;JUIZ DE FORA;MG;SUDESTE;1;62148;20;15;38,2067;0,6600;33,0267;1,9494;1,6271;2;
2013;92;TECNOLOGIA EM GESTÃO AMBIENTAL;322;UNIVERSIDADE PAULISTA;UNIP;Privada sem fins lucrativos;Universidade;3550308;SAO PAULO;SP;SUDESTE;1;1180604;6;6;51,5667;3,2348;42,9833;4,0024;3,8105;4;
2013;92;TECNOLOGIA EM GESTÃO AMBIENTAL;330;UNIVERSIDADE IGUAÇU;UNIG;Privada sem fins lucrativos;Universidade;3303500;NOVA IGUACU;RJ;SUDESTE;1;79602;1;1;.;.;.;.;.;SC;
2013;92;TECNOLOGIA EM GESTÃO AMBIENTAL;344;CENTRO UNIVERSITÁRIO UNA;UNA;Privada com fins lucrativos;Centro Universitário;3106200;BELO HORIZONTE;MG;SUDESTE;2;115760 - 115764;50;38;43,4789;1,6761;38,0895;2,9933;2,6640;3;
2013;92;TECNOLOGIA EM GESTÃO AMBIENTAL;349;CENTRO UNIVERSITÁRIO DE BELO HORIZONTE;UNI-BH;Privada com fins lucrativos;Centro Universitário;3106200;BELO HORIZONTE;MG;SUDESTE;1;1115093;25;19;50,3526;3,0008;41,4105;3,6781;3,5088;4;
2013;92;TECNOLOGIA EM GESTÃO AMBIENTAL;353;FACULDADE EVANGÉLICA DO PARANÁ;FEPAR;Privada sem fins lucrativos;Faculdade;4106902;CURITIBA;PR;SUL;1;96261;39;36;46,6917;2,2953;35,6528;2,4909;2,4420;3;
2013;92;TECNOLOGIA EM GESTÃO AMBIENTAL;374;CENTRO UNIVERSITÁRIO DAS FACULDADES METROPOLITANAS UNIDAS;FMU;Privada sem fins lucrativos;Centro Universitário;3550308;SAO PAULO;SP;SUDESTE;1;96296;99;76;42,3487;1,4583;32,5013;1,8411;1,7454;2;
2013;92;TECNOLOGIA EM GESTÃO AMBIENTAL;376;CENTRO UNIVERSITÁRIO ANHANGUERA DE SÃO PAULO;;Privada com fins lucrativos;Centro Universitário;3550308;SAO PAULO;SP;SUDESTE;1;1167093;55;47;45,8617;2,1353;34,5000;2,2532;2,2237;3;
2013;92;TECNOLOGIA EM GESTÃO AMBIENTAL;385;UNIVERSIDADE SALVADOR;UNIFACS;Privada com fins lucrativos;Universidade;2927408;SALVADOR;BA;NORDESTE;1;97887;12;9;49,7889;2,8921;38,4444;3,0665;3,0229;4;
2013;92;TECNOLOGIA EM GESTÃO AMBIENTAL;386;CENTRO UNIVERSITÁRIO DE GOIÁS;UNI-ANHANGÜERA;Privada com fins lucrativos;Centro Universitário;5208707;GOIANIA;GO;CENTRO-OESTE;1;67133;19;14;40,0071;1,0070;31,8286;1,7024;1,5285;2;
2013;92;TECNOLOGIA EM GESTÃO AMBIENTAL;387;UNIVERSIDADE CATÓLICA DOM BOSCO;UCDB;Privada sem fins lucrativos;Universidade;5002704;CAMPO GRANDE;MS;CENTRO-OESTE;1;115950;46;35;50,7714;3,0815;36,8857;2,7451;2,8292;3;
2013;92;TECNOLOGIA EM GESTÃO AMBIENTAL;403;UNIVERSIDADE CATÓLICA DE BRASÍLIA;UCB;Privada sem fins lucrativos;Universidade;5300108;BRASILIA;DF;CENTRO-OESTE;1;119028;56;45;44,0044;1,7774;35,1444;2,3861;2,2339;3;
2013;92;TECNOLOGIA EM GESTÃO AMBIENTAL;417;UNIVERSIDADE CIDADE DE SÃO PAULO;UNICID;Privada com fins lucrativos;Universidade;3550308;SAO PAULO;SP;SUDESTE;1;85540;124;96;45,8656;2,1361;37,1604;2,8018;2,6353;3;
2013;92;TECNOLOGIA EM GESTÃO AMBIENTAL;430;CENTRO UNIVERSITÁRIO FILADÉLFIA;UNIFIL;Privada sem fins lucrativos;Centro Universitário;4113700;LONDRINA;PR;SUL;1;119104;24;24;44,2542;1,8255;35,8750;2,5367;2,3589;3;
2013;92;TECNOLOGIA EM GESTÃO AMBIENTAL;449;UNIVERSIDADE LUTERANA DO BRASIL;ULBRA;Privada sem fins lucrativos;Universidade;4304606;CANOAS;RS;SUL;2;102926 - 1205712;16;15;46,3667;2,2326;40,7000;3,5316;3,2069;4;
2013;92;TECNOLOGIA EM GESTÃO AMBIENTAL;449;UNIVERSIDADE LUTERANA DO BRASIL;ULBRA;Privada sem fins lucrativos;Universidade;4318408;SAO JERONIMO;RS;SUL;1;106074;28;26;48,1038;2,5674;41,5308;3,7029;3,4190;4;
2013;92;TECNOLOGIA EM GESTÃO AMBIENTAL;456;CENTRO UNIVERSITÁRIO SANT´ANNA;UNISANT'ANNA;Privada sem fins lucrativos;Centro Universitário;3550308;SAO PAULO;SP;SUDESTE;1;116224;1;0;.;.;.;.;.;SC;
2013;92;TECNOLOGIA EM GESTÃO AMBIENTAL;457;UNIVERSIDADE ANHANGUERA DE SÃO PAULO - UNIAN-SP;UNIAN - SP;Privada com fins lucrativos;Universidade;3547809;SANTO ANDRE;SP;SUDESTE;1;75431;45;41;39,9463;0,9953;30,2732;1,3816;1,2851;2;
2013;92;TECNOLOGIA EM GESTÃO AMBIENTAL;472;UNIVERSIDADE DO GRANDE RIO PROFESSOR JOSÉ DE SOUZA HERDY;UNIGRANRIO;Privada sem fins lucrativos;Universidade;3301702;DUQUE DE CAXIAS;RJ;SUDESTE;1;75949;32;22;47,3136;2,4151;36,4545;2,6562;2,5959;3;
2013;92;TECNOLOGIA EM GESTÃO AMBIENTAL;481;UNIVERSIDADE GUARULHOS;UNG;Privada sem fins lucrativos;Universidade;3518800;GUARULHOS;SP;SUDESTE;1;102180;31;30;43,3500;1,6513;35,6033;2,4807;2,2733;3;
2013;92;TECNOLOGIA EM GESTÃO AMBIENTAL;483;CENTRO UNIVERSITÁRIO METROPOLITANO DE SÃO PAULO;UNIMESP;Privada sem fins lucrativos;Centro Universitário;3518800;GUARULHOS;SP;SUDESTE;1;99065;12;10;50,2100;2,9733;43,4600;4,1007;3,8188;4;
2013;92;TECNOLOGIA EM GESTÃO AMBIENTAL;494;UNIVERSIDADE DO SUL DE SANTA CATARINA;UNISUL;Privada sem fins lucrativos;Universidade;4218707;TUBARAO;SC;SUL;1;117496;68;35;50,9314;3,1123;41,7286;3,7437;3,5858;4;
2013;92;TECNOLOGIA EM GESTÃO AMBIENTAL;496;UNIVERSIDADE DE FRANCA;UNIFRAN;Privada com fins lucrativos;Universidade;3516200;FRANCA;SP;SUDESTE;1;106169;21;18;47,2222;2,3975;34,1333;2,1776;2,2326;3;
2013;92;TECNOLOGIA EM GESTÃO AMBIENTAL;502;CENTRO UNIVERSITÁRIO MONTE SERRAT;UNIMONTE;Privada com fins lucrativos;Centro Universitário;3548500;SANTOS;SP;SUDESTE;1;98498;33;27;45,4222;2,0506;37,0111;2,7710;2,5909;3;
2013;92;TECNOLOGIA EM GESTÃO AMBIENTAL;515;CENTRO UNIVERSITÁRIO ANHANGUERA DE NITERÓI;UNIAN;Privada com fins lucrativos;Centro Universitário;3303302;NITEROI;RJ;SUDESTE;1;80354;72;65;45,8723;2,1373;30,2600;1,3789;1,5685;2;
2013;92;TECNOLOGIA EM GESTÃO AMBIENTAL;519;UNIVERSIDADE CATÓLICA DO SALVADOR;UCSAL;Privada sem fins lucrativos;Universidade;2927408;SALVADOR;BA;NORDESTE;1;1114795;11;6;41,2167;1,2401;29,9667;1,3184;1,2989;2;
2013;92;TECNOLOGIA EM GESTÃO AMBIENTAL;521;UNIVERSIDADE DE MOGI DAS CRUZES;UMC;Privada com fins lucrativos;Universidade;3530607;MOGI DAS CRUZES;SP;SUDESTE;1;86776;2;0;.;.;.;.;.;SC;
2013;92;TECNOLOGIA EM GESTÃO AMBIENTAL;521;UNIVERSIDADE DE MOGI DAS CRUZES;UMC;Privada com fins lucrativos;Universidade;3550308;SAO PAULO;SP;SUDESTE;1;72727;6;1;.;.;.;.;.;SC;Divulgação com base no Processo Administrativo Inep nº 23036.000209/2015-56
2013;92;TECNOLOGIA EM GESTÃO AMBIENTAL;526;UNIVERSIDADE BRAZ CUBAS;UBC;Privada com fins lucrativos;Universidade;3530607;MOGI DAS CRUZES;SP;SUDESTE;1;1166526;174;144;45,9375;2,1499;34,4042;2,2334;2,2126;3;
2013;92;TECNOLOGIA EM GESTÃO AMBIENTAL;527;PONTIFÍCIA UNIVERSIDADE CATÓLICA DE GOIÁS;PUC GOIÁS;Privada sem fins lucrativos;Universidade;5208707;GOIANIA;GO;CENTRO-OESTE;1;97698;21;18;46,4889;2,2562;34,4167;2,2360;2,2411;3;
2013;92;TECNOLOGIA EM GESTÃO AMBIENTAL;546;PONTIFÍCIA UNIVERSIDADE CATÓLICA DE SÃO PAULO;PUCSP;Privada sem fins lucrativos;Universidade;3550308;SAO PAULO;SP;SUDESTE;1;111256;10;5;.;.;.;.;.;SC;Conforme Nota Técnica Daes/Inep nº 90/2014
2013;92;TECNOLOGIA EM GESTÃO AMBIENTAL;582;UNIVERSIDADE FEDERAL DE SANTA MARIA;UFSM;Pública Federal;Universidade;4320651;SILVEIRA MARTINS;RS;SUL;1;1084801;15;15;41,5333;1,3011;36,4733;2,6601;2,3203;3;
2013;92;TECNOLOGIA EM GESTÃO AMBIENTAL;588;UNIVERSIDADE TECNOLÓGICA FEDERAL DO PARANÁ;UTFPR;Pública Federal;Universidade;4115804;MEDIANEIRA;PR;SUL;1;111100;50;49;48,9673;2,7338;42,8327;3,9713;3,6620;4;
2013;92;TECNOLOGIA EM GESTÃO AMBIENTAL;593;CENTRO FEDERAL DE EDUCAÇÃO TECNOLÓGICA CELSO SUCKOW DA FONSECA;CEFET/RJ;Pública Federal;Ifet/Cefet;3304557;RIO DE JANEIRO;RJ;SUDESTE;1;45815;44;28;55,4036;3,9742;42,4679;3,8961;3,9156;4;
2013;92;TECNOLOGIA EM GESTÃO AMBIENTAL;601;INSTITUTO FEDERAL DE EDUCAÇÃO, CIÊNCIA E TECNOLOGIA DO RIO GRANDE DO SUL;IFRS;Pública Federal;Ifet/Cefet;4314902;PORTO ALEGRE;RS;SUL;1;1117046;27;23;58,1304;4,4997;46,9609;4,8226;4,7418;5;
2013;92;TECNOLOGIA EM GESTÃO AMBIENTAL;601;INSTITUTO FEDERAL DE EDUCAÇÃO, CIÊNCIA E TECNOLOGIA DO RIO GRANDE DO SUL;IFRS;Pública Federal;Ifet/Cefet;4320503;SERTAO;RS;SUL;1;1103530;28;17;46,5588;2,2697;38,0529;2,9858;2,8068;3;
2013;92;TECNOLOGIA EM GESTÃO AMBIENTAL;634;UNIVERSIDADE FEDERAL DE PELOTAS;UFPEL;Pública Federal;Universidade;4314407;PELOTAS;RS;SUL;1;1184817;33;17;46,4706;2,2526;33,6706;2,0822;2,1248;3;
2013;92;TECNOLOGIA EM GESTÃO AMBIENTAL;634;UNIVERSIDADE FEDERAL DE PELOTAS;UFPEL;Pública Federal;Universidade;4314506;PINHEIRO MACHADO;RS;SUL;1;1128262;11;9;51,9778;3,3140;36,8222;2,7320;2,8775;3;
2013;92;TECNOLOGIA EM GESTÃO AMBIENTAL;664;UNIVERSIDADE VILA VELHA;UVV;Privada sem fins lucrativos;Universidade;3205200;VILA VELHA;ES;SUDESTE;1;112298;5;4;64,6250;5,0000;57,6500;5,0000;5,0000;5;
2013;92;TECNOLOGIA EM GESTÃO AMBIENTAL;667;FACULDADES INTEGRADAS DE JACAREPAGUÁ;FIJ;Privada sem fins lucrativos;Faculdade;3304557;RIO DE JANEIRO;RJ;SUDESTE;1;1052914;8;5;40,9200;1,1829;40,7400;3,5398;2,9506;4;
2013;92;TECNOLOGIA EM GESTÃO AMBIENTAL;668;CENTRO UNIVERSITÁRIO DE ENSINO SUPERIOR DO AMAZONAS;CIESA;Privada com fins lucrativos;Centro Universitário;1302603;MANAUS;AM;NORTE;1;109648;46;46;41,7239;1,3379;32,9913;1,9421;1,7910;2;
2013;92;TECNOLOGIA EM GESTÃO AMBIENTAL;670;UNIVERSIDADE SÃO FRANCISCO;USF;Privada sem fins lucrativos;Universidade;3507605;BRAGANCA PAULISTA;SP;SUDESTE;1;97947;15;15;44,3600;1,8459;33,5400;2,0552;2,0029;3;
2013;92;TECNOLOGIA EM GESTÃO AMBIENTAL;718;UNIVERSIDADE POTIGUAR;UNP;Privada com fins lucrativos;Universidade;2408003;MOSSORO;RN;NORDESTE;1;112010;21;17;45,0118;1,9715;31,6353;1,6625;1,7398;2;
2013;92;TECNOLOGIA EM GESTÃO AMBIENTAL;718;UNIVERSIDADE POTIGUAR;UNP;Privada com fins lucrativos;Universidade;2408102;NATAL;RN;NORDESTE;1;97978;41;39;46,0436;2,1704;39,3692;3,2572;2,9855;4;
2013;92;TECNOLOGIA EM GESTÃO AMBIENTAL;778;FACULDADE DE TECNOLOGIA DE JACAREÍ;ETEP;Privada com fins lucrativos;Faculdade;3524402;JACAREI;SP;SUDESTE;1;57670;12;11;44,1818;1,8116;39,3818;3,2598;2,8977;3;
2013;92;TECNOLOGIA EM GESTÃO AMBIENTAL;793;Centro Universitário Estácio Radial de São Paulo - Estácio UNIRADIAL;ESTÁCIO UNIRADIAL;Privada com fins lucrativos;Centro Universitário;3550308;SAO PAULO;SP;SUDESTE;1;108024;10;7;48,5000;2,6438;44,2714;4,2680;3,8619;4;
2013;92;TECNOLOGIA EM GESTÃO AMBIENTAL;823;UNIVERSIDADE DO CEUMA - UNICEUMA;UNICEUMA;Privada sem fins lucrativos;Universidade;2111300;SAO LUIS;MA;NORDESTE;1;1167038;26;22;49,7455;2,8838;34,9864;2,3535;2,4861;3;
2013;92;TECNOLOGIA EM GESTÃO AMBIENTAL;824;FACULDADE DE FILOSOFIA E CIÊNCIAS HUMANAS DE GOIATUBA;FAFICH;Pública Municipal;Faculdade;5209101;GOIATUBA;GO;CENTRO-OESTE;1;123864;41;40;36,9950;0,4265;23,5725;0,0000;0,1066;1;
2013;92;TECNOLOGIA EM GESTÃO AMBIENTAL;862;FACULDADE ESTÁCIO DE SÁ DE CAMPO GRANDE;FESCG;Privada com fins lucrativos;Faculdade;5002704;CAMPO GRANDE;MS;CENTRO-OESTE;1;1057519;30;26;48,0192;2,5511;34,1808;2,1874;2,2783;3;
2013;92;TECNOLOGIA EM GESTÃO AMBIENTAL;918;FACULDADE DE CIÊNCIAS SOCIAIS APLICADAS DE CASCAVEL;FCSAC;Privada sem fins lucrativos;Faculdade;4104808;CASCAVEL;PR;SUL;1;119136;43;35;52,5943;3,4328;39,9314;3,3731;3,3880;4;
2013;92;TECNOLOGIA EM GESTÃO AMBIENTAL;939;FACULDADE CATÓLICA DE ANÁPOLIS;CATÓLICA DE ANÁPOLIS;Privada sem fins lucrativos;Faculdade;5201108;ANAPOLIS;GO;CENTRO-OESTE;1;119148;25;23;42,2391;1,4372;33,7783;2,1044;1,9376;2;
2013;92;TECNOLOGIA EM GESTÃO AMBIENTAL;1028;UNIVERSIDADE ESTADUAL DE MATO GROSSO DO SUL;UEMS;Pública Estadual;Universidade;5005681;MUNDO NOVO;MS;CENTRO-OESTE;1;5000475;12;8;56,8750;4,2578;44,6125;4,3383;4,3182;5;
2013;92;TECNOLOGIA EM GESTÃO AMBIENTAL;1038;FACULDADES INTEGRADAS DE TRÊS LAGOAS;AEMS;Privada sem fins lucrativos;Faculdade;5008305;TRES LAGOAS;MS;CENTRO-OESTE;1;1111956;18;17;40,8765;1,1746;34,9706;2,3502;2,0563;3;
2013;92;TECNOLOGIA EM GESTÃO AMBIENTAL;1058;Estácio FIB - Centro Universitário Estácio da Bahia;Estácio FIB;Privada com fins lucrativos;Centro Universitário;2927408;SALVADOR;BA;NORDESTE;1;122838;17;16;43,0938;1,6019;30,4688;1,4220;1,4669;2;
2013;92;TECNOLOGIA EM GESTÃO AMBIENTAL;1082;INSTITUTO FEDERAL DE EDUCAÇÃO, CIÊNCIA E TECNOLOGIA DO RIO GRANDE DO NORTE;IFRN;Pública Federal;Ifet/Cefet;2408102;NATAL;RN;NORDESTE;1;103365;124;90;55,5133;3,9954;40,3056;3,4503;3,5865;4;
2013;92;TECNOLOGIA EM GESTÃO AMBIENTAL;1115;FACULDADE SANTA TEREZINHA;CEST;Privada sem fins lucrativos;Faculdade;2111300;SAO LUIS;MA;NORDESTE;1;1133465;60;52;51,7442;3,2690;37,4212;2,8555;2,9589;4;
2013;92;TECNOLOGIA EM GESTÃO AMBIENTAL;1128;UNIVERSIDADE DE ITAÚNA;UI;Privada sem fins lucrativos;Universidade;3133808;ITAUNA;MG;SUDESTE;1;79179;18;14;47,0214;2,3588;33,9643;2,1427;2,1967;3;
2013;92;TECNOLOGIA EM GESTÃO AMBIENTAL;1149;CENTRO UNIVERSITÁRIO NOSSA SENHORA DO PATROCÍNIO;CEUNSP;Privada com fins lucrativos;Centro Universitário;3545209;SALTO;SP;SUDESTE;1;89164;25;20;51,9300;3,3048;42,6900;3,9419;3,7826;4;
2013;92;TECNOLOGIA EM GESTÃO AMBIENTAL;1166;INSTITUTO FEDERAL DE EDUCAÇÃO, CIÊNCIA E TECNOLOGIA  DA PARAÍBA;IFPB;Pública Federal;Ifet/Cefet;2507507;JOAO PESSOA;PB;NORDESTE;1;123002;31;29;51,5586;3,2332;42,7586;3,9561;3,7754;4;
2013;92;TECNOLOGIA EM GESTÃO AMBIENTAL;1166;INSTITUTO FEDERAL DE EDUCAÇÃO, CIÊNCIA E TECNOLOGIA  DA PARAÍBA;IFPB;Pública Federal;Ifet/Cefet;2512309;PRINCESA ISABEL;PB;NORDESTE;1;123120;43;41;49,0488;2,7495;33,5976;2,0671;2,2377;3;
2013;92;TECNOLOGIA EM GESTÃO AMBIENTAL;1185;CENTRO UNIVERSITÁRIO JORGE AMADO;UNIJORGE;Privada com fins lucrativos;Centro Universitário;2927408;SALVADOR;BA;NORDESTE;1;1139913;98;76;44,7500;1,9211;37,0355;2,7760;2,5623;3;
2013;92;TECNOLOGIA EM GESTÃO AMBIENTAL;1196;CENTRO UNIVERSITÁRIO DE MARINGÁ - UNICESUMAR;UNICESUMAR;Privada com fins lucrativos;Centro Universitário;4115200;MARINGA;PR;SUL;1;1170031;74;69;50,1101;2,9541;42,7217;3,9485;3,6999;4;
2013;92;TECNOLOGIA EM GESTÃO AMBIENTAL;1233;CENTRO UNIVERSITÁRIO CÂNDIDO RONDON;UNIRONDON;Privada sem fins lucrativos;Centro Universitário;5103403;CUIABA;MT;CENTRO-OESTE;1;116446;27;21;41,1667;1,2305;32,7524;1,8928;1,7273;2;
2013;92;TECNOLOGIA EM GESTÃO AMBIENTAL;1273;FACULDADE CAMPO LIMPO PAULISTA;FACCAMP;Privada com fins lucrativos;Faculdade;3509601;CAMPO LIMPO PAULISTA;SP;SUDESTE;1;1050233;15;14;44,9429;1,9582;32,6143;1,8644;1,8878;2;
2013;92;TECNOLOGIA EM GESTÃO AMBIENTAL;1303;INSTITUTO FEDERAL DE EDUCAÇÃO, CIÊNCIA E TECNOLOGIA GOIANO;IF Goiano;Pública Federal;Ifet/Cefet;5221809;URUTAI;GO;CENTRO-OESTE;1;102047;26;23;43,1217;1,6073;28,9826;1,1155;1,2385;2;
2013;92;TECNOLOGIA EM GESTÃO AMBIENTAL;1345;FACULDADE ANHANGUERA DE OSASCO;FIZO;Privada com fins lucrativos;Faculdade;3534401;OSASCO;SP;SUDESTE;1;114045;76;55;47,5927;2,4689;34,4182;2,2363;2,2945;3;
2013;92;TECNOLOGIA EM GESTÃO AMBIENTAL;1433;FACULDADE ORÍGENES LESSA;FACOL;Privada sem fins lucrativos;Faculdade;3526803;LENCOIS PAULISTA;SP;SUDESTE;1;122412;34;21;41,4524;1,2855;32,1000;1,7583;1,6401;2;
2013;92;TECNOLOGIA EM GESTÃO AMBIENTAL;1445;CENTRO UNIVERSITÁRIO DO INSTITUTO MAUÁ DE TECNOLOGIA;CEUN-IMT;Privada sem fins lucrativos;Centro Universitário;3548807;SAO CAETANO DO SUL;SP;SUDESTE;1;100612;12;5;39,4000;0,8900;32,8200;1,9068;1,6526;2;
2013;92;TECNOLOGIA EM GESTÃO AMBIENTAL;1457;Faculdade Estácio Euro- Panamericana de Humanidades e Tecnologias - Estácio EUROPAN;ESTÁCIO EUROPAN;Privada com fins lucrativos;Faculdade;3513009;COTIA;SP;SUDESTE;1;107432;14;10;49,1300;2,7652;41,3800;3,6718;3,4452;4;
2013;92;TECNOLOGIA EM GESTÃO AMBIENTAL;1472;CENTRO UNIVERSITÁRIO LEONARDO DA VINCI;UNIASSELVI;Privada com fins lucrativos;Centro Universitário;4207502;INDAIAL;SC;SUL;1;109418;965;680;43,4537;1,6712;32,3128;1,8022;1,7695;2;
2013;92;TECNOLOGIA EM GESTÃO AMBIENTAL;1578;INSTITUTO FEDERAL DE EDUCAÇÃO, CIÊNCIA E TECNOLOGIA SUL-RIO-GRANDENSE;IFSul;Pública Federal;Ifet/Cefet;4314407;PELOTAS;RS;SUL;2;104444 - 1148226;20;16;47,8875;2,5257;33,6688;2,0818;2,1928;3;
2013;92;TECNOLOGIA EM GESTÃO AMBIENTAL;1699;FACULDADE DE EDUCAÇÃO DE JARU;UNICENTRO;Privada sem fins lucrativos;Faculdade;1100114;JARU;RO;NORTE;1;119164;12;12;43,6250;1,7042;38,5833;3,0952;2,7474;3;
2013;92;TECNOLOGIA EM GESTÃO AMBIENTAL;1700;FACULDADE PROMOVE DE SETE LAGOAS;FSLMG;Privada sem fins lucrativos;Faculdade;3167202;SETE LAGOAS;MG;SUDESTE;1;1052362;38;34;46,5088;2,2600;36,3176;2,6280;2,5360;3;
2013;92;TECNOLOGIA EM GESTÃO AMBIENTAL;1702;ESTÁCIO ATUAL - FACULDADE ESTÁCIO DA AMAZÔNIA;ESTÁCIO ATUAL;Privada com fins lucrativos;Faculdade;1400100;BOA VISTA;RR;NORTE;1;105764;35;30;44,0033;1,7772;27,8000;0,8717;1,0981;2;
2013;92;TECNOLOGIA EM GESTÃO AMBIENTAL;1728;FACULDADE INTERAMERICANA DE PORTO VELHO;UNIRON;Privada com fins lucrativos;Faculdade;1100205;PORTO VELHO;RO;NORTE;1;72565;36;33;47,8121;2,5112;30,7424;1,4784;1,7366;2;
2013;92;TECNOLOGIA EM GESTÃO AMBIENTAL;1743;FACULDADE DE TECNOLOGIA OSWALDO CRUZ;FATEC OSWALDO CRUZ;Privada com fins lucrativos;Faculdade;3550308;SAO PAULO;SP;SUDESTE;1;120444;14;12;50,6667;3,0613;38,0333;2,9817;3,0016;4;
2013;92;TECNOLOGIA EM GESTÃO AMBIENTAL;1759;FACULDADE PADRE JOÃO BAGOZZI;FACULDADE BAGOZZI;Privada sem fins lucrativos;Faculdade;4106902;CURITIBA;PR;SUL;1;1059861;13;12;45,2417;2,0158;33,7833;2,1054;2,0830;3;
2013;92;TECNOLOGIA EM GESTÃO AMBIENTAL;1788;FACULDADE DE ADMINISTRAÇÃO E ARTES DE LIMEIRA;FAAL;Privada com fins lucrativos;Faculdade;3526902;LIMEIRA;SP;SUDESTE;1;99760;27;25;47,8840;2,5250;38,0200;2,9790;2,8655;3;
2013;92;TECNOLOGIA EM GESTÃO AMBIENTAL;1805;FACULDADE DOS GUARARAPES;FG;Privada com fins lucrativos;Faculdade;2607901;JABOATAO DO GUARARAPES;PE;NORDESTE;1;1129000;53;50;46,4560;2,2498;36,0280;2,5683;2,4887;3;
2013;92;TECNOLOGIA EM GESTÃO AMBIENTAL;1807;INSTITUTO FEDERAL DE EDUCAÇÃO, CIÊNCIA E TECNOLOGIA DO CEARÁ;IFCE;Pública Federal;Ifet/Cefet;2304400;FORTALEZA;CE;NORDESTE;1;63393;25;17;56,9706;4,2762;46,3118;4,6887;4,5856;5;
2013;92;TECNOLOGIA EM GESTÃO AMBIENTAL;1809;INSTITUTO FEDERAL DE EDUCAÇÃO, CIÊNCIA E TECNOLOGIA DE PERNAMBUCO;IFPE;Pública Federal;Ifet/Cefet;2611606;RECIFE;PE;NORDESTE;2;48229 - 100746;332;223;49,4507;2,8270;37,4892;2,8696;2,8589;3;
2013;92;TECNOLOGIA EM GESTÃO AMBIENTAL;1810;INSTITUTO FEDERAL DE EDUCAÇÃO, CIÊNCIA E TECNOLOGIA DE SÃO PAULO;IFSP;Pública Federal;Ifet/Cefet;3550605;SAO ROQUE;SP;SUDESTE;1;1168209;17;17;57,7118;4,4190;39,2294;3,2284;3,5260;4;
2013;92;TECNOLOGIA EM GESTÃO AMBIENTAL;1813;INSTITUTO FEDERAL DE EDUCAÇÃO, CIÊNCIA E TECNOLOGIA DO PARÁ;IFPA;Pública Federal;Ifet/Cefet;1502707;CONCEICAO DO ARAGUAIA;PA;NORTE;1;1153899;74;67;44,7701;1,9249;40,3000;3,4491;3,0681;4;
2013;92;TECNOLOGIA EM GESTÃO AMBIENTAL;1820;INSTITUTO FEDERAL DE EDUCAÇÃO, CIÊNCIA E TECNOLOGIA DO PIAUÍ;IFPI;Pública Federal;Ifet/Cefet;2202901;CORRENTE;PI;NORDESTE;1;1127227;41;28;43,9786;1,7724;31,8321;1,7031;1,7204;2;
2013;92;TECNOLOGIA EM GESTÃO AMBIENTAL;1820;INSTITUTO FEDERAL DE EDUCAÇÃO, CIÊNCIA E TECNOLOGIA DO PIAUÍ;IFPI;Pública Federal;Ifet/Cefet;2211001;TERESINA;PI;NORDESTE;1;86806;34;27;58,3000;4,5324;41,7111;3,7401;3,9382;4;
2013;92;TECNOLOGIA EM GESTÃO AMBIENTAL;1836;CENTRO UNIVERSITÁRIO FUNDAÇÃO DE ENSINO OCTÁVIO BASTOS - FEOB;UNIFEOB;Privada sem fins lucrativos;Centro Universitário;3549102;SAO JOAO DA BOA VISTA;SP;SUDESTE;1;102924;17;15;46,0733;2,1761;33,6867;2,0855;2,1081;3;
2013;92;TECNOLOGIA EM GESTÃO AMBIENTAL;1854;FACULDADES INTEGRADAS CLARETIANAS;FIC;Privada sem fins lucrativos;Faculdade;3543907;RIO CLARO;SP;SUDESTE;1;105510;23;18;49,7944;2,8932;33,4889;2,0447;2,2568;3;
2013;92;TECNOLOGIA EM GESTÃO AMBIENTAL;1879;FACULDADE EDUCACIONAL DE ARAUCÁRIA;FACEAR;Privada com fins lucrativos;Faculdade;4101804;ARAUCARIA;PR;SUL;1;84342;28;16;41,8000;1,3525;36,1875;2,6011;2,2890;3;
2013;92;TECNOLOGIA EM GESTÃO AMBIENTAL;1892;FACULDADE ENIAC;ENIAC;Privada com fins lucrativos;Faculdade;3518800;GUARULHOS;SP;SUDESTE;1;122374;46;35;46,8457;2,3249;32,7400;1,8903;1,9990;3;
2013;92;TECNOLOGIA EM GESTÃO AMBIENTAL;1901;FACULDADE CATÓLICA DE UBERLÂNDIA;FCU;Privada sem fins lucrativos;Faculdade;3170206;UBERLANDIA;MG;SUDESTE;1;1078763;13;12;52,3750;3,3905;43,9333;4,1983;3,9964;5;
2013;92;TECNOLOGIA EM GESTÃO AMBIENTAL;1917;FACULDADE DE CIÊNCIAS BIOMÉDICAS DE CACOAL;FACIMED;Privada com fins lucrativos;Faculdade;1100049;CACOAL;RO;NORTE;1;106986;8;6;37,8167;0,5849;27,5167;0,8133;0,7562;1;
2013;92;TECNOLOGIA EM GESTÃO AMBIENTAL;1949;FACULDADE DE PAULÍNIA;FACP;Privada com fins lucrativos;Faculdade;3536505;PAULINIA;SP;SUDESTE;1;110516;18;18;40,4222;1,0870;31,5944;1,6541;1,5123;2;
2013;92;TECNOLOGIA EM GESTÃO AMBIENTAL;1958;FACULDADE DE TECNOLOGIA SENAI BLUMENAU;CET BLUMENAU;Privada sem fins lucrativos;Faculdade;4202404;BLUMENAU;SC;SUL;1;74532;12;5;40,5400;1,1097;44,3400;4,2821;3,4890;4;
2013;92;TECNOLOGIA EM GESTÃO AMBIENTAL;1984;FACULDADE DE CIÊNCIAS GERENCIAIS DE MANHUAÇU;FACIG;Privada com fins lucrativos;Faculdade;3139409;MANHUACU;MG;SUDESTE;1;99736;18;16;46,8500;2,3258;38,4000;3,0574;2,8745;3;
2013;92;TECNOLOGIA EM GESTÃO AMBIENTAL;2077;FACULDADE ANGLO-AMERICANO;FAA;Privada com fins lucrativos;Faculdade;4108304;FOZ DO IGUACU;PR;SUL;1;74568;1;0;.;.;.;.;.;SC;
2013;92;TECNOLOGIA EM GESTÃO AMBIENTAL;2123;FACULDADE MAX PLANCK;FMP;Privada com fins lucrativos;Faculdade;3520509;INDAIATUBA;SP;SUDESTE;1;1084161;21;20;53,8000;3,6652;42,2700;3,8553;3,8078;4;
2013;92;TECNOLOGIA EM GESTÃO AMBIENTAL;2132;FACULDADE BARÃO DO RIO BRANCO;FAB;Privada com fins lucrativos;Faculdade;1200401;RIO BRANCO;AC;NORTE;1;72567;46;36;37,5250;0,5287;29,3028;1,1816;1,0183;2;
2013;92;TECNOLOGIA EM GESTÃO AMBIENTAL;2183;CENTRO UNIVERSITÁRIO FUNDAÇÃO SANTO ANDRÉ;CUFSA;Privada sem fins lucrativos;Centro Universitário;3547809;SANTO ANDRE;SP;SUDESTE;1;92011;68;56;45,6625;2,0969;34,0375;2,1578;2,1426;3;
2013;92;TECNOLOGIA EM GESTÃO AMBIENTAL;2198;FACULDADE MONTEIRO LOBATO;FATO;Privada sem fins lucrativos;Faculdade;4314902;PORTO ALEGRE;RS;SUL;1;115394;6;6;45,6167;2,0881;34,5167;2,2566;2,2145;3;
2013;92;TECNOLOGIA EM GESTÃO AMBIENTAL;2336;FACULDADE MONTES BELOS;FMB;Privada com fins lucrativos;Faculdade;5220108;SAO LUIS DE MONTES BELOS;GO;CENTRO-OESTE;1;96247;43;16;40,4125;1,0851;28,5313;1,0225;1,0381;2;
2013;92;TECNOLOGIA EM GESTÃO AMBIENTAL;2365;FACULDADE CATÓLICA DO TOCANTINS;FACTO;Privada sem fins lucrativos;Faculdade;1721000;PALMAS;TO;NORTE;1;104096;46;17;42,2059;1,4308;35,1000;2,3769;2,1404;3;
2013;92;TECNOLOGIA EM GESTÃO AMBIENTAL;2548;FACULDADE DE TEOLOGIA, FILOSOFIA E CIÊNCIAS HUMANAS GAMALIEL;FATEFIG;Privada com fins lucrativos;Faculdade;1508100;TUCURUI;PA;NORTE;1;96457;34;31;46,9839;2,3516;32,9226;1,9279;2,0338;3;
2013;92;TECNOLOGIA EM GESTÃO AMBIENTAL;2745;ESCOLA SUPERIOR DA AMAZÔNIA;ESAMAZ;Privada com fins lucrativos;Faculdade;1501402;BELEM;PA;NORTE;1;95063;17;0;.;.;.;.;.;SC;
2013;92;TECNOLOGIA EM GESTÃO AMBIENTAL;2773;FACULDADE DE MACAPÁ;FAMA;Privada sem fins lucrativos;Faculdade;1600303;MACAPA;AP;NORTE;1;72915;60;38;44,8526;1,9408;38,1342;3,0025;2,7371;3;
2013;92;TECNOLOGIA EM GESTÃO AMBIENTAL;2796;FACULDADE DE IPORÁ;FAI;Privada com fins lucrativos;Faculdade;5210208;IPORA;GO;CENTRO-OESTE;1;1120519;14;9;35,0444;0,0506;26,7111;0,6472;0,4980;1;
2013;92;TECNOLOGIA EM GESTÃO AMBIENTAL;2814;FACULDADE SÃO SEBASTIÃO;;Privada com fins lucrativos;Faculdade;3550704;SAO SEBASTIAO;SP;SUDESTE;1;1145562;8;5;48,0000;2,5474;36,2400;2,6120;2,5958;3;
2013;92;TECNOLOGIA EM GESTÃO AMBIENTAL;3160;INSTITUTO FEDERAL DE EDUCAÇÃO, CIÊNCIA E TECNOLOGIA DE ALAGOAS;IFAL;Pública Federal;Ifet/Cefet;2704708;MARECHAL DEODORO;AL;NORDESTE;1;94175;49;41;44,6512;1,9020;32,3415;1,8081;1,8316;2;
2013;92;TECNOLOGIA EM GESTÃO AMBIENTAL;3163;INSTITUTO FEDERAL DE EDUCAÇÃO, CIÊNCIA E TECNOLOGIA DO RIO DE JANEIRO;IFRJ;Pública Federal;Ifet/Cefet;3304557;RIO DE JANEIRO;RJ;SUDESTE;1;121018;22;19;60,7263;5,0000;47,0579;4,8426;4,8819;5;
2013;92;TECNOLOGIA EM GESTÃO AMBIENTAL;3164;INSTITUTO FEDERAL DE EDUCAÇÃO, CIÊNCIA E TECNOLOGIA DE MATO GROSSO;IFMT;Pública Federal;Ifet/Cefet;5103403;CUIABA;MT;CENTRO-OESTE;1;110842;36;32;52,9625;3,5038;42,2188;3,8448;3,7595;4;
2013;92;TECNOLOGIA EM GESTÃO AMBIENTAL;3165;INSTITUTO FEDERAL DE EDUCAÇÃO, CIÊNCIA E TECNOLOGIA  DO TRIÂNGULO MINEIRO;;Pública Federal;Ifet/Cefet;3170107;UBERABA;MG;SUDESTE;1;56904;8;1;.;.;.;.;.;SC;
2013;92;TECNOLOGIA EM GESTÃO AMBIENTAL;3188;INSTITUTO FEDERAL DE EDUCAÇÃO, CIÊNCIA E TECNOLOGIA DO NORTE DE MINAS GERAIS;IFNMG;Pública Federal;Ifet/Cefet;3103405;ARACUAI;MG;SUDESTE;1;1162285;22;21;53,8524;3,6753;36,8714;2,7422;2,9754;4;
2013;92;TECNOLOGIA EM GESTÃO AMBIENTAL;3188;INSTITUTO FEDERAL DE EDUCAÇÃO, CIÊNCIA E TECNOLOGIA DO NORTE DE MINAS GERAIS;IFNMG;Pública Federal;Ifet/Cefet;3104502;ARINOS;MG;SUDESTE;1;1158260;30;26;43,7038;1,7194;40,9538;3,5839;3,1178;4;
2013;92;TECNOLOGIA EM GESTÃO AMBIENTAL;3189;INSTITUTO FEDERAL DE EDUCAÇÃO, CIÊNCIA E TECNOLOGIA DE MINAS GERAIS;IFMG;Pública Federal;Ifet/Cefet;3127701;GOVERNADOR VALADARES;MG;SUDESTE;1;5000411;67;55;51,1509;3,1546;38,6055;3,0997;3,1134;4;
2013;92;TECNOLOGIA EM GESTÃO AMBIENTAL;3193;FACULDADES INTEGRADAS DOS CAMPOS GERAIS;CESCAGE;Privada com fins lucrativos;Faculdade;4119905;PONTA GROSSA;PR;SUL;1;107594;16;14;44,7214;1,9156;37,9071;2,9557;2,6957;3;
2013;92;TECNOLOGIA EM GESTÃO AMBIENTAL;3205;FACULDADE DE CIÊNCIAS BIOLÓGICAS E DA SAÚDE;FACISA;Privada com fins lucrativos;Faculdade;3171303;VICOSA;MG;SUDESTE;1;101438;41;31;42,3968;1,4675;32,1065;1,7597;1,6866;2;
2013;92;TECNOLOGIA EM GESTÃO AMBIENTAL;3252;FACULDADE QUIRINÓPOLIS;FAQUI;Privada com fins lucrativos;Faculdade;5218508;QUIRINOPOLIS;GO;CENTRO-OESTE;1;1076209;38;30;42,4133;1,4707;30,8867;1,5081;1,4988;2;
2013;92;TECNOLOGIA EM GESTÃO AMBIENTAL;3279;INSTITUTO FEDERAL DE EDUCAÇÃO, CIÊNCIA E TECNOLOGIA DO SUDESTE DE MINAS GERAIS;IFSEMG;Pública Federal;Ifet/Cefet;3105608;BARBACENA;MG;SUDESTE;1;1103699;26;20;50,8200;3,0909;42,6900;3,9419;3,7292;4;
2013;92;TECNOLOGIA EM GESTÃO AMBIENTAL;3307;FACULDADE INED DE RIO CLARO;CBTA;Privada com fins lucrativos;Faculdade;3543907;RIO CLARO;SP;SUDESTE;1;72155;19;17;44,4353;1,8604;36,7647;2,7202;2,5052;3;
2013;92;TECNOLOGIA EM GESTÃO AMBIENTAL;3332;FACULDADE DE TECNOLOGIA SENAC RIO;FATEC;Privada sem fins lucrativos;Faculdade;3304557;RIO DE JANEIRO;RJ;SUDESTE;1;1164485;29;28;44,1929;1,8137;37,8571;2,9454;2,6625;3;
2013;92;TECNOLOGIA EM GESTÃO AMBIENTAL;3333;FACULDADE DE TECNOLOGIA TECBRASIL;Ftec Caxias;Privada com fins lucrativos;Faculdade;4305108;CAXIAS DO SUL;RS;SUL;1;1077731;28;24;50,7583;3,0790;38,3167;3,0402;3,0499;4;
2013;92;TECNOLOGIA EM GESTÃO AMBIENTAL;3336;UNIVERSIDADE ESTADUAL DO RIO GRANDE DO SUL;UERGS;Pública Estadual;Universidade;4307005;ERECHIM;RS;SUL;1;5000494;9;9;55,4889;3,9906;41,4778;3,6920;3,7666;4;
2013;92;TECNOLOGIA EM GESTÃO AMBIENTAL;3336;UNIVERSIDADE ESTADUAL DO RIO GRANDE DO SUL;UERGS;Pública Estadual;Universidade;4318200;SAO FRANCISCO DE PAULA;RS;SUL;1;73881;27;26;53,5077;3,6088;40,3577;3,4610;3,4980;4;
2013;92;TECNOLOGIA EM GESTÃO AMBIENTAL;3336;UNIVERSIDADE ESTADUAL DO RIO GRANDE DO SUL;UERGS;Pública Estadual;Universidade;4321105;TAPES;RS;SUL;1;5000495;12;12;50,7083;3,0693;40,2250;3,4337;3,3426;4;
2013;92;TECNOLOGIA EM GESTÃO AMBIENTAL;3460;INSTITUTO SUPERIOR DE ENSINO E PESQUISA DE ITUIUTABA;ISEPI;Privada sem fins lucrativos;Faculdade;3134202;ITUIUTABA;MG;SUDESTE;1;92488;2;1;.;.;.;.;.;SC;
2013;92;TECNOLOGIA EM GESTÃO AMBIENTAL;3610;FACULDADES INTEGRADAS PROMOVE DE BRASILIA;;Privada sem fins lucrativos;Faculdade;5300108;BRASILIA;DF;CENTRO-OESTE;1;70066;55;40;48,9800;2,7363;35,7325;2,5073;2,5646;3;
2013;92;TECNOLOGIA EM GESTÃO AMBIENTAL;3699;FACULDADE ECOAR;FAECO;Privada com fins lucrativos;Faculdade;4314100;PASSO FUNDO;RS;SUL;1;113935;15;12;45,5833;2,0817;41,8917;3,7773;3,3534;4;
2013;92;TECNOLOGIA EM GESTÃO AMBIENTAL;3985;CENTRO UNIVERSITÁRIO SENAC;SENACSP;Privada sem fins lucrativos;Centro Universitário;3550308;SAO PAULO;SP;SUDESTE;1;20454;66;54;49,9241;2,9182;41,5759;3,7122;3,5137;4;
2013;92;TECNOLOGIA EM GESTÃO AMBIENTAL;3990;FACULDADE ANHANGUERA DE TECNOLOGIA DE SÃO BERNARDO;FAT;Privada com fins lucrativos;Faculdade;3548708;SAO BERNARDO DO CAMPO;SP;SUDESTE;1;85032;72;68;43,7147;1,7215;28,5368;1,0236;1,1981;2;
2013;92;TECNOLOGIA EM GESTÃO AMBIENTAL;4017;CENTRO UNIVERSITÁRIO PADRE ANCHIETA;UNIANCHIETA;Privada com fins lucrativos;Centro Universitário;3525904;JUNDIAI;SP;SUDESTE;1;88668;22;20;48,6050;2,6640;32,5300;1,8470;2,0512;3;
2013;92;TECNOLOGIA EM GESTÃO AMBIENTAL;4022;FACULDADE DE TECNOLOGIA DE JUNDIAÍ;FATEC/JD;Pública Estadual;Faculdade;3525904;JUNDIAI;SP;SUDESTE;1;1177371;22;22;65,7000;5,0000;51,7545;5,0000;5,0000;5;
2013;92;TECNOLOGIA EM GESTÃO AMBIENTAL;4037;FACULDADE DE TECNOLOGIA INTENSIVA;FATECI;Privada com fins lucrativos;Faculdade;2304400;FORTALEZA;CE;NORDESTE;1;1136406;27;25;44,5320;1,8790;32,6200;1,8655;1,8689;2;
2013;92;TECNOLOGIA EM GESTÃO AMBIENTAL;4090;FACULDADE DE ROSEIRA;FARO;Privada com fins lucrativos;Faculdade;3544301;ROSEIRA;SP;SUDESTE;1;116628;24;20;50,7650;3,0803;35,9650;2,5553;2,6865;3;
2013;92;TECNOLOGIA EM GESTÃO AMBIENTAL;4097;FACULDADE DE TECNOLOGIA TECBRASIL - UNIDADE BENTO GONÇALVES;Ftec Bento Gonçalves;Privada com fins lucrativos;Faculdade;4302105;BENTO GONCALVES;RS;SUL;1;1068893;19;19;50,0000;2,9328;41,7421;3,7465;3,5431;4;
2013;92;TECNOLOGIA EM GESTÃO AMBIENTAL;4162;FACULDADE DE TECNOLOGIA SENAC GOIÁS;;Privada sem fins lucrativos;Faculdade;5208707;GOIANIA;GO;CENTRO-OESTE;1;115199;33;33;41,7606;1,3449;34,2697;2,2057;1,9905;3;
2013;92;TECNOLOGIA EM GESTÃO AMBIENTAL;4169;FACULDADE NOSSA CIDADE;FNC;Privada com fins lucrativos;Faculdade;3510609;CARAPICUIBA;SP;SUDESTE;1;1143410;40;24;43,7417;1,7267;35,4708;2,4534;2,2717;3;
2013;92;TECNOLOGIA EM GESTÃO AMBIENTAL;4209;FACULDADE DE TECNOLOGIA CÉSAR LATTES;;Privada com fins lucrativos;Faculdade;3523909;ITU;SP;SUDESTE;1;100192;62;56;44,6732;1,9063;32,1036;1,7591;1,7959;2;
2013;92;TECNOLOGIA EM GESTÃO AMBIENTAL;4358;INSTITUTO FEDERAL DE EDUCAÇÃO, CIÊNCIA E TECNOLOGIA DO SUL DE MINAS GERAIS;IF SUL DE MINAS;Pública Federal;Ifet/Cefet;3130606;INCONFIDENTES;MG;SUDESTE;1;80373;70;66;47,6924;2,4881;38,2121;3,0186;2,8860;3;
2013;92;TECNOLOGIA EM GESTÃO AMBIENTAL;4450;FACULDADE METROPOLITANA DA AMAZÔNIA;FAMAZ;Privada sem fins lucrativos;Faculdade;1501402;BELEM;PA;NORTE;1;1082424;39;29;44,3931;1,8523;35,8448;2,5305;2,3609;3;
2013;92;TECNOLOGIA EM GESTÃO AMBIENTAL;4522;CENTRO UNIVERSITÁRIO CATÓLICO SALESIANO AUXILIUM;UNISALESIANO;Privada sem fins lucrativos;Centro Universitário;3527108;LINS;SP;SUDESTE;1;1111024;26;24;41,1208;1,2216;35,6750;2,4955;2,1770;3;
2013;92;TECNOLOGIA EM GESTÃO AMBIENTAL;4629;FACULDADE DE TECNOLOGIA FUNDETEC;FATEF;Privada sem fins lucrativos;Faculdade;3550308;SAO PAULO;SP;SUDESTE;1;97171;10;9;40,7889;1,1577;31,0222;1,5361;1,4415;2;
2013;92;TECNOLOGIA EM GESTÃO AMBIENTAL;4669;FACULDADE DELTA;FACULDADE DELTA;Privada com fins lucrativos;Faculdade;5208707;GOIANIA;GO;CENTRO-OESTE;1;1048208;27;20;48,1650;2,5792;30,7600;1,4820;1,7563;2;
2013;92;TECNOLOGIA EM GESTÃO AMBIENTAL;4722;FACULDADES INTEGRADAS VIANNA JÚNIOR;FIVJ;Privada com fins lucrativos;Faculdade;3136702;JUIZ DE FORA;MG;SUDESTE;1;80206;31;24;44,0000;1,7765;33,0125;1,9465;1,9040;2;
2013;92;TECNOLOGIA EM GESTÃO AMBIENTAL;4751;FACULDADE DE TECNOLOGIA E CIENCIAS DO NORTE DO PARANÁ;FATECIE;Privada com fins lucrativos;Faculdade;4118402;PARANAVAI;PR;SUL;1;108411;14;13;44,8154;1,9337;37,2846;2,8274;2,6039;3;
2013;92;TECNOLOGIA EM GESTÃO AMBIENTAL;4785;INSTITUTO FEDERAL DE EDUCAÇÃO CIÊNCIA E TECNOLOGIA DE RONDÔNIA;IFRO;Pública Federal;Ifet/Cefet;1100064;COLORADO DO OESTE;RO;NORTE;1;90763;41;28;48,4286;2,6300;34,5500;2,2635;2,3551;3;
2013;92;TECNOLOGIA EM GESTÃO AMBIENTAL;4962;CENTRO UNIVERSITÁRIO DE SETE LAGOAS;UNIFEMM;Privada sem fins lucrativos;Centro Universitário;3167202;SETE LAGOAS;MG;SUDESTE;1;121356;1;1;.;.;.;.;.;SC;
2013;92;TECNOLOGIA EM GESTÃO AMBIENTAL;5053;FACULDADE DE EDUCAÇÃO TECNOLÓGICA DO ESTADO DO RIO DE JANEIRO;FAETERJ PARACAMBI;Pública Estadual;Faculdade;3303609;PARACAMBI;RJ;SUDESTE;1;96839;69;47;48,7702;2,6958;36,7872;2,7248;2,7176;3;
2013;92;TECNOLOGIA EM GESTÃO AMBIENTAL;5591;FACULDADES INTEGRADAS CAMÕES;FICA;Privada com fins lucrativos;Faculdade;4106902;CURITIBA;PR;SUL;1;68895;30;29;47,2414;2,4012;35,0690;2,3705;2,3782;3;
2013;92;TECNOLOGIA EM GESTÃO AMBIENTAL;11007;FACULDADE CENTRO OESTE;FACEOPAR;Privada com fins lucrativos;Faculdade;4113304;LARANJEIRAS DO SUL;PR;SUL;1;1026836;9;6;46,7500;2,3065;31,0500;1,5418;1,7330;2;
2013;92;TECNOLOGIA EM GESTÃO AMBIENTAL;13982;FACULDADE MAURÍCIO DE NASSAU DE BELÉM;FMN de Belém;Privada com fins lucrativos;Faculdade;1501402;BELEM;PA;NORTE;1;1077162;36;34;38,9471;0,8027;34,4000;2,2326;1,8751;2;
2013;92;TECNOLOGIA EM GESTÃO AMBIENTAL;14028;Faculdade Presidente Antônio Carlos de Betim;FUNEC Betim;Privada sem fins lucrativos;Faculdade;3106705;BETIM;MG;SUDESTE;1;91315;13;13;45,2385;2,0152;35,9846;2,5593;2,4233;3;
2013;92;TECNOLOGIA EM GESTÃO AMBIENTAL;14163;Faculdade de Educação e Estudos Sociais de Governador Valadares;FUNEES G. Valadares;Privada sem fins lucrativos;Faculdade;3127701;GOVERNADOR VALADARES;MG;SUDESTE;1;102227;30;29;40,6517;1,1312;29,4138;1,2044;1,1861;2;
2013;92;TECNOLOGIA EM GESTÃO AMBIENTAL;14249;Faculdade Presidente Antônio Carlos de Congonhas;;Privada sem fins lucrativos;Faculdade;3118007;CONGONHAS;MG;SUDESTE;1;93767;33;30;43,1533;1,6134;33,7700;2,1027;1,9803;3;
2013;92;TECNOLOGIA EM GESTÃO AMBIENTAL;15357;Faculdade Presidente Antônio Carlos de Ubá;;Privada sem fins lucrativos;Faculdade;3169901;UBA;MG;SUDESTE;1;120222;12;11;34,7818;0,0000;28,7273;1,0629;0,7972;1;
2013;92;TECNOLOGIA EM GESTÃO AMBIENTAL;15507;Instituto Federal de Educação, Ciência e Tecnologia do Acre;IFAC;Pública Federal;Ifet/Cefet;1200708;XAPURI;AC;NORTE;1;150339;34;29;49,9759;2,9282;29,3552;1,1924;1,6263;2;
2013;3501;EDUCAÇÃO FÍSICA (BACHARELADO);1;UNIVERSIDADE FEDERAL DE MATO GROSSO;UFMT;Pública Federal;Universidade;5106653;PONTAL DO ARAGUAIA;MT;CENTRO-OESTE;1;406052;18;15;43,6200;2,3650;46,2800;1,8106;1,9492;3;
2013;3501;EDUCAÇÃO FÍSICA (BACHARELADO);3;UNIVERSIDADE FEDERAL DE SERGIPE;UFS;Pública Federal;Universidade;2806701;SAO CRISTOVAO;SE;NORDESTE;1;99423;38;35;41,4114;1,9603;50,2971;2,3705;2,2679;3;
2013;3501;EDUCAÇÃO FÍSICA (BACHARELADO);4;UNIVERSIDADE FEDERAL DO AMAZONAS;UFAM;Pública Federal;Universidade;1302603;MANAUS;AM;NORTE;2;104364 - 104366;40;33;44,4515;2,5174;54,1303;2,9047;2,8079;3;
2013;3501;EDUCAÇÃO FÍSICA (BACHARELADO);6;UNIVERSIDADE FEDERAL DE OURO PRETO;UFOP;Pública Federal;Universidade;3146107;OURO PRETO;MG;SUDESTE;1;1083188;40;39;47,2846;3,0365;65,9795;4,5563;4,1763;5;
2013;3501;EDUCAÇÃO FÍSICA (BACHARELADO);8;UNIVERSIDADE FEDERAL DE VIÇOSA;UFV;Pública Federal;Universidade;3171303;VICOSA;MG;SUDESTE;1;300687;88;85;44,0141;2,4372;57,9518;3,4374;3,1873;4;
2013;3501;EDUCAÇÃO FÍSICA (BACHARELADO);9;UNIVERSIDADE ESTADUAL DE LONDRINA;UEL;Pública Estadual;Universidade;4113700;LONDRINA;PR;SUL;2;92157 - 92159;101;75;48,0640;3,1793;56,0933;3,1783;3,1786;4;
2013;3501;EDUCAÇÃO FÍSICA (BACHARELADO);10;PONTIFÍCIA UNIVERSIDADE CATÓLICA DO PARANÁ;PUCPR;Privada sem fins lucrativos;Universidade;4106902;CURITIBA;PR;SUL;1;57944;127;101;46,1683;2,8320;58,7505;3,5487;3,3695;4;
2013;3501;EDUCAÇÃO FÍSICA (BACHARELADO);13;UNIVERSIDADE DE CAXIAS DO SUL;UCS;Privada sem fins lucrativos;Universidade;4305108;CAXIAS DO SUL;RS;SUL;1;66131;135;120;43,3642;2,3181;52,5208;2,6804;2,5898;3;
2013;3501;EDUCAÇÃO FÍSICA (BACHARELADO);14;UNIVERSIDADE DO VALE DO RIO DOS SINOS;UNISINOS;Privada sem fins lucrativos;Universidade;4318705;SAO LEOPOLDO;RS;SUL;1;98393;60;50;43,1420;2,2774;52,5100;2,6789;2,5785;3;
2013;3501;EDUCAÇÃO FÍSICA (BACHARELADO);15;UNIVERSIDADE CATÓLICA DE PETRÓPOLIS;UCP;Privada sem fins lucrativos;Universidade;3303906;PETROPOLIS;RJ;SUDESTE;1;1192472;30;27;48,7704;3,3088;58,5259;3,5174;3,4652;4;
2013;3501;EDUCAÇÃO FÍSICA (BACHARELADO);16;UNIVERSIDADE GAMA FILHO - Descredenciada (Despacho SERES nº 2 de 13/01/2014);UGF;Privada com fins lucrativos;Universidade;3304557;RIO DE JANEIRO;RJ;SUDESTE;1;365805;73;38;40,8421;1,8560;45,6711;1,7257;1,7583;2;
2013;3501;EDUCAÇÃO FÍSICA (BACHARELADO);17;UNIVERSIDADE FEDERAL DE UBERLÂNDIA;UFU;Pública Federal;Universidade;3170206;UBERLANDIA;MG;SUDESTE;1;301438;51;38;42,1316;2,0923;58,3605;3,4943;3,1438;4;
2013;3501;EDUCAÇÃO FÍSICA (BACHARELADO);19;PONTIFÍCIA UNIVERSIDADE CATÓLICA DE CAMPINAS;PUC-CAMPINAS;Privada sem fins lucrativos;Universidade;3509502;CAMPINAS;SP;SUDESTE;1;301641;131;91;43,4088;2,3263;54,2901;2,9270;2,7768;3;
2013;3501;EDUCAÇÃO FÍSICA (BACHARELADO);20;UNIVERSIDADE DE PASSO FUNDO;UPF;Privada sem fins lucrativos;Universidade;4314100;PASSO FUNDO;RS;SUL;1;98359;63;59;44,4949;2,5253;52,6881;2,7037;2,6591;3;
2013;3501;EDUCAÇÃO FÍSICA (BACHARELADO);21;PONTIFÍCIA UNIVERSIDADE CATÓLICA DO RIO GRANDE DO SUL;PUCRS;Privada sem fins lucrativos;Universidade;4314902;PORTO ALEGRE;RS;SUL;1;89146;124;119;44,0664;2,4468;51,7756;2,5766;2,5441;3;
2013;3501;EDUCAÇÃO FÍSICA (BACHARELADO);22;UNIVERSIDADE PRESBITERIANA MACKENZIE;MACKENZIE;Privada sem fins lucrativos;Universidade;3505708;BARUERI;SP;SUDESTE;1;341878;48;47;46,5298;2,8982;54,5021;2,9566;2,9420;3;
2013;3501;EDUCAÇÃO FÍSICA (BACHARELADO);23;UNIVERSIDADE FEEVALE;FEEVALE;Privada sem fins lucrativos;Universidade;4313409;NOVO HAMBURGO;RS;SUL;1;102834;8;8;45,2125;2,6568;47,1375;1,9301;2,1118;3;
2013;3501;EDUCAÇÃO FÍSICA (BACHARELADO);30;UNIVERSIDADE JOSÉ DO ROSÁRIO VELLANO;UNIFENAS;Privada sem fins lucrativos;Universidade;3101607;ALFENAS;MG;SUDESTE;1;102550;21;20;48,2650;3,2162;56,6750;3,2594;3,2486;4;
2013;3501;EDUCAÇÃO FÍSICA (BACHARELADO);43;FUNDAÇÃO UNIVERSIDADE DO ESTADO DE SANTA CATARINA;UDESC;Pública Estadual;Universidade;4205407;FLORIANOPOLIS;SC;SUL;1;123128;24;23;40,8391;1,8554;62,9043;4,1277;3,5596;4;
2013;3501;EDUCAÇÃO FÍSICA (BACHARELADO);54;UNIVERSIDADE ESTADUAL DE CAMPINAS;UNICAMP;Pública Estadual;Universidade;3509502;CAMPINAS;SP;SUDESTE;2;91897 - 91899;94;72;37,5389;1,2507;52,4972;2,6771;2,3205;3;
2013;3501;EDUCAÇÃO FÍSICA (BACHARELADO);54;UNIVERSIDADE ESTADUAL DE CAMPINAS;UNICAMP;Pública Estadual;Universidade;3526902;LIMEIRA;SP;SUDESTE;1;122951;44;38;49,1079;3,3706;63,5605;4,2191;4,0070;5;
2013;3501;EDUCAÇÃO FÍSICA (BACHARELADO);56;UNIVERSIDADE ESTADUAL PAULISTA JÚLIO DE MESQUITA FILHO;UNESP;Pública Estadual;Universidade;3543907;RIO CLARO;SP;SUDESTE;1;420416;41;34;51,8029;3,8645;67,9647;4,8330;4,5908;5;
2013;3501;EDUCAÇÃO FÍSICA (BACHARELADO);57;UNIVERSIDADE ESTADUAL DE MARINGÁ;UEM;Pública Estadual;Universidade;4115200;MARINGA;PR;SUL;2;303410 - 399397;58;47;39,8021;1,6654;56,6255;3,2525;2,8557;3;
2013;3501;EDUCAÇÃO FÍSICA (BACHARELADO);74;FACULDADE DE FILOSOFIA CIÊNCIAS E LETRAS DE SÃO JOSÉ DO RIO PARDO;FFCL;Pública Municipal;Faculdade;3549706;SAO JOSE DO RIO PARDO;SP;SUDESTE;1;1153349;18;16;39,8063;1,6662;48,1750;2,0747;1,9726;3;
2013;3501;EDUCAÇÃO FÍSICA (BACHARELADO);76;UNIVERSIDADE REGIONAL DE BLUMENAU;FURB;Pública Municipal;Universidade;4202404;BLUMENAU;SC;SUL;1;303662;53;49;36,0449;0,9770;51,7367;2,5711;2,1726;3;
2013;3501;EDUCAÇÃO FÍSICA (BACHARELADO);80;CENTRO UNIVERSITÁRIO PARA O DESENVOLVIMENTO DO ALTO VALE DO ITAJAÍ;UNIDAVI;Privada sem fins lucrativos;Centro Universitário;4214805;RIO DO SUL;SC;SUL;1;384852;43;32;45,6000;2,7278;54,5563;2,9641;2,9050;3;
2013;3501;EDUCAÇÃO FÍSICA (BACHARELADO);81;UNIVERSIDADE DA REGIÃO DE JOINVILLE;UNIVILLE;Privada sem fins lucrativos;Universidade;4209102;JOINVILLE;SC;SUL;1;92151;76;68;39,8765;1,6790;45,0632;1,6410;1,6505;2;
2013;3501;EDUCAÇÃO FÍSICA (BACHARELADO);81;UNIVERSIDADE DA REGIÃO DE JOINVILLE;UNIVILLE;Privada sem fins lucrativos;Universidade;4215802;SAO BENTO DO SUL;SC;SUL;1;117010;17;14;44,9071;2,6009;55,7643;3,1325;2,9996;4;
2013;3501;EDUCAÇÃO FÍSICA (BACHARELADO);82;UNIVERSIDADE DO OESTE DE SANTA CATARINA;UNOESC;Pública Municipal;Universidade;4209003;JOACABA;SC;SUL;1;102752;38;33;49,1273;3,3742;57,2515;3,3398;3,3484;4;
2013;3501;EDUCAÇÃO FÍSICA (BACHARELADO);82;UNIVERSIDADE DO OESTE DE SANTA CATARINA;UNOESC;Pública Municipal;Universidade;4219309;VIDEIRA;SC;SUL;1;1192197;17;16;52,8312;4,0529;62,8063;4,1140;4,0987;5;
2013;3501;EDUCAÇÃO FÍSICA (BACHARELADO);83;UNIVERSIDADE DO VALE DO ITAJAÍ;UNIVALI;Privada sem fins lucrativos;Universidade;4208203;ITAJAI;SC;SUL;1;115340;54;50;43,6840;2,3767;54,4420;2,9482;2,8053;3;
2013;3501;EDUCAÇÃO FÍSICA (BACHARELADO);95;UNIVERSIDADE ESTADUAL DO VALE DO ACARAÚ;UVA;Pública Estadual;Universidade;2312908;SOBRAL;CE;NORDESTE;1;1146686;59;55;46,2291;2,8431;53,8182;2,8612;2,8567;3;
2013;3501;EDUCAÇÃO FÍSICA (BACHARELADO);124;CENTRO UNIVERSITÁRIO DE ARARAQUARA;UNIARA;Privada sem fins lucrativos;Centro Universitário;3503208;ARARAQUARA;SP;SUDESTE;1;320087;38;26;47,5269;3,0809;51,3538;2,5178;2,6586;3;
2013;3501;EDUCAÇÃO FÍSICA (BACHARELADO);131;FACULDADE DE EDUCAÇÃO FÍSICA DE BARRA BONITA;FAEFI;Privada sem fins lucrativos;Faculdade;3505302;BARRA BONITA;SP;SUDESTE;1;5000030;36;34;44,4118;2,5101;46,9500;1,9040;2,0555;3;
2013;3501;EDUCAÇÃO FÍSICA (BACHARELADO);135;CENTRO UNIVERSITÁRIO CLARETIANO;CEUCLAR;Privada sem fins lucrativos;Centro Universitário;3505906;BATATAIS;SP;SUDESTE;2;94157 - 1164982;52;41;48,9415;3,3401;49,4000;2,2454;2,5191;3;
2013;3501;EDUCAÇÃO FÍSICA (BACHARELADO);142;CENTRO UNIVERSITÁRIO DO TRIÂNGULO;UNITRI;Privada sem fins lucrativos;Centro Universitário;3170206;UBERLANDIA;MG;SUDESTE;1;1120772;84;27;47,7667;3,1248;58,4519;3,5071;3,4115;4;
2013;3501;EDUCAÇÃO FÍSICA (BACHARELADO);143;UNIVERSIDADE DE UBERABA;UNIUBE;Privada sem fins lucrativos;Universidade;3170107;UBERABA;MG;SUDESTE;1;76853;42;42;39,5714;1,6232;48,6643;2,1429;2,0130;3;
2013;3501;EDUCAÇÃO FÍSICA (BACHARELADO);146;CENTRO UNIVERSITÁRIO DE RIO PRETO;UNIRP;Privada com fins lucrativos;Centro Universitário;3549805;SAO JOSE DO RIO PRETO;SP;SUDESTE;1;20291;28;28;46,4321;2,8803;56,3286;3,2111;3,1284;4;
2013;3501;EDUCAÇÃO FÍSICA (BACHARELADO);163;UNIVERSIDADE ESTÁCIO DE SÁ;UNESA;Privada com fins lucrativos;Universidade;3302403;MACAE;RJ;SUDESTE;1;101634;8;7;48,4571;3,2514;55,3143;3,0698;3,1152;4;
2013;3501;EDUCAÇÃO FÍSICA (BACHARELADO);163;UNIVERSIDADE ESTÁCIO DE SÁ;UNESA;Privada com fins lucrativos;Universidade;3303401;NOVA FRIBURGO;RJ;SUDESTE;1;1161911;1;1;.;.;.;.;.;SC;
2013;3501;EDUCAÇÃO FÍSICA (BACHARELADO);163;UNIVERSIDADE ESTÁCIO DE SÁ;UNESA;Privada com fins lucrativos;Universidade;3303906;PETROPOLIS;RJ;SUDESTE;1;1142086;29;27;42,5296;2,1652;55,3037;3,0683;2,8425;3;
2013;3501;EDUCAÇÃO FÍSICA (BACHARELADO);163;UNIVERSIDADE ESTÁCIO DE SÁ;UNESA;Privada com fins lucrativos;Universidade;3304557;RIO DE JANEIRO;RJ;SUDESTE;4;101582 - 101586 - 101602 - 101673;128;110;43,9282;2,4215;49,0491;2,1965;2,2528;3;
2013;3501;EDUCAÇÃO FÍSICA (BACHARELADO);165;UNIVERSIDADE VEIGA DE ALMEIDA;UVA;Privada com fins lucrativos;Universidade;3300704;CABO FRIO;RJ;SUDESTE;1;72142;30;27;51,2185;3,7574;56,2926;3,2061;3,3439;4;
2013;3501;EDUCAÇÃO FÍSICA (BACHARELADO);167;UNIVERSIDADE METODISTA DE SÃO PAULO;UMESP;Privada sem fins lucrativos;Universidade;3548708;SAO BERNARDO DO CAMPO;SP;SUDESTE;1;107338;46;33;46,3061;2,8572;55,0970;3,0395;2,9939;4;
2013;3501;EDUCAÇÃO FÍSICA (BACHARELADO);176;UNIVERSIDADE CASTELO BRANCO;UCB;Privada sem fins lucrativos;Universidade;3304557;RIO DE JANEIRO;RJ;SUDESTE;1;305223;81;40;40,3775;1,7709;47,7225;2,0116;1,9514;3;
2013;3501;EDUCAÇÃO FÍSICA (BACHARELADO);203;UNIVERSIDADE SÃO JUDAS TADEU;USJT;Privada com fins lucrativos;Universidade;3550308;SAO PAULO;SP;SUDESTE;1;305497;59;50;49,1840;3,3846;58,7740;3,5520;3,5101;4;
2013;3501;EDUCAÇÃO FÍSICA (BACHARELADO);206;CENTRO UNIVERSITÁRIO ÍTALO-BRASILEIRO;UNIÍTALO;Privada sem fins lucrativos;Centro Universitário;3550308;SAO PAULO;SP;SUDESTE;1;1106930;340;208;39,5913;1,6268;43,1668;1,3767;1,4392;2;Divulgação com base no Processo Administrativo Inep nº 23036.003868/2014-63
2013;3501;EDUCAÇÃO FÍSICA (BACHARELADO);207;CENTRO UNIVERSITÁRIO MOURA LACERDA;CUML;Privada sem fins lucrativos;Centro Universitário;3524303;JABOTICABAL;SP;SUDESTE;1;123268;27;27;42,8259;2,2195;47,3444;1,9589;2,0241;3;
2013;3501;EDUCAÇÃO FÍSICA (BACHARELADO);207;CENTRO UNIVERSITÁRIO MOURA LACERDA;CUML;Privada sem fins lucrativos;Centro Universitário;3543402;RIBEIRAO PRETO;SP;SUDESTE;1;123273;15;14;44,7571;2,5734;48,3929;2,1051;2,2221;3;
2013;3501;EDUCAÇÃO FÍSICA (BACHARELADO);208;UNIVERSIDADE DE RIBEIRÃO PRETO;UNAERP;Privada sem fins lucrativos;Universidade;3518701;GUARUJA;SP;SUDESTE;1;98126;36;27;42,4778;2,1557;47,6593;2,0028;2,0410;3;
2013;3501;EDUCAÇÃO FÍSICA (BACHARELADO);208;UNIVERSIDADE DE RIBEIRÃO PRETO;UNAERP;Privada sem fins lucrativos;Universidade;3543402;RIBEIRAO PRETO;SP;SUDESTE;1;98124;51;48;45,7833;2,7614;57,0521;3,3120;3,1743;4;
2013;3501;EDUCAÇÃO FÍSICA (BACHARELADO);216;CENTRO UNIVERSITÁRIO METODISTA IZABELA HENDRIX;CEUNIH;Privada sem fins lucrativos;Centro Universitário;3106200;BELO HORIZONTE;MG;SUDESTE;1;1190775;37;23;45,0739;2,6314;48,1609;2,0727;2,2124;3;
2013;3501;EDUCAÇÃO FÍSICA (BACHARELADO);217;CENTRO UNIVERSITÁRIO DAS FACULDADES ASSOCIADAS DE ENSINO - FAE;UNIFAE;Pública Municipal;Centro Universitário;3549102;SAO JOAO DA BOA VISTA;SP;SUDESTE;1;91309;28;15;46,5933;2,9098;48,7467;2,1544;2,3432;3;
2013;3501;EDUCAÇÃO FÍSICA (BACHARELADO);221;UNIVERSIDADE CRUZEIRO DO SUL;UNICSUL;Privada com fins lucrativos;Universidade;3550308;SAO PAULO;SP;SUDESTE;1;305838;62;40;.;.;.;.;.;SC;Conforme Nota Técnica Daes/Inep nº 90/2014
2013;3501;EDUCAÇÃO FÍSICA (BACHARELADO);222;CENTRO UNIVERSITÁRIO DE VOTUPORANGA;UNIFEV;Privada sem fins lucrativos;Centro Universitário;3557105;VOTUPORANGA;SP;SUDESTE;1;320424;25;25;45,4880;2,7073;57,9880;3,4424;3,2586;4;
2013;3501;EDUCAÇÃO FÍSICA (BACHARELADO);243;FACULDADE DO CLUBE NÁUTICO MOGIANO;FCNM;Privada sem fins lucrativos;Faculdade;3530607;MOGI DAS CRUZES;SP;SUDESTE;1;6181;106;90;38,5022;1,4272;46,0578;1,7796;1,6915;2;
2013;3501;EDUCAÇÃO FÍSICA (BACHARELADO);244;CENTRO UNIVERSITÁRIO FIEO;UNIFIEO;Privada sem fins lucrativos;Centro Universitário;3534401;OSASCO;SP;SUDESTE;1;320545;13;13;55,2615;4,4982;52,4615;2,6722;3,1287;4;
2013;3501;EDUCAÇÃO FÍSICA (BACHARELADO);266;UNIVERSIDADE METODISTA DE PIRACICABA;UNIMEP;Privada sem fins lucrativos;Universidade;3538709;PIRACICABA;SP;SUDESTE;1;75837;71;65;42,1046;2,0873;54,5123;2,9580;2,7403;3;
2013;3501;EDUCAÇÃO FÍSICA (BACHARELADO);271;UNIVERSIDADE DO OESTE PAULISTA;UNOESTE;Privada sem fins lucrativos;Universidade;3541406;PRESIDENTE PRUDENTE;SP;SUDESTE;1;115438;92;82;42,8549;2,2248;51,2841;2,5080;2,4372;3;
2013;3501;EDUCAÇÃO FÍSICA (BACHARELADO);275;UNIVERSIDADE DO VALE DO PARAÍBA;UNIVAP;Privada sem fins lucrativos;Universidade;3549904;SAO JOSE DOS CAMPOS;SP;SUDESTE;1;306584;100;92;45,4880;2,7073;50,3076;2,3719;2,4558;3;
2013;3501;EDUCAÇÃO FÍSICA (BACHARELADO);277;CENTRO UNIVERSITÁRIO AUGUSTO MOTTA;UNISUAM;Privada sem fins lucrativos;Centro Universitário;3304557;RIO DE JANEIRO;RJ;SUDESTE;2;103950 - 1185746;241;166;41,8367;2,0383;46,5946;1,8544;1,9004;2;
2013;3501;EDUCAÇÃO FÍSICA (BACHARELADO);295;UNIVERSIDADE DE SANTA CRUZ DO SUL;UNISC;Privada sem fins lucrativos;Universidade;4316808;SANTA CRUZ DO SUL;RS;SUL;1;73500;10;10;49,1700;3,3820;61,0000;3,8622;3,7422;4;
2013;3501;EDUCAÇÃO FÍSICA (BACHARELADO);296;UNIVERSIDADE DA REGIÃO DA CAMPANHA;URCAMP;Privada sem fins lucrativos;Universidade;4300406;ALEGRETE;RS;SUL;1;318511;22;21;48,3810;3,2374;49,5429;2,2653;2,5084;3;
2013;3501;EDUCAÇÃO FÍSICA (BACHARELADO);298;UNIVERSIDADE NORTE DO PARANÁ;UNOPAR;Privada com fins lucrativos;Universidade;4101507;ARAPONGAS;PR;SUL;1;89474;65;57;47,1965;3,0204;52,8667;2,7286;2,8016;3;
2013;3501;EDUCAÇÃO FÍSICA (BACHARELADO);298;UNIVERSIDADE NORTE DO PARANÁ;UNOPAR;Privada com fins lucrativos;Universidade;4113700;LONDRINA;PR;SUL;1;89476;98;88;46,8000;2,9477;54,2182;2,9170;2,9247;3;
2013;3501;EDUCAÇÃO FÍSICA (BACHARELADO);308;UNIVERSIDADE PRESIDENTE ANTÔNIO CARLOS;UNIPAC;Privada sem fins lucrativos;Universidade;3103504;ARAGUARI;MG;SUDESTE;1;105068;7;0;.;.;.;.;.;SC;
2013;3501;EDUCAÇÃO FÍSICA (BACHARELADO);308;UNIVERSIDADE PRESIDENTE ANTÔNIO CARLOS;UNIPAC;Privada sem fins lucrativos;Universidade;3105608;BARBACENA;MG;SUDESTE;1;64455;23;22;49,6000;3,4608;48,2500;2,0852;2,4291;3;
2013;3501;EDUCAÇÃO FÍSICA (BACHARELADO);316;UNIVERSIDADE NOVE DE JULHO;UNINOVE;Privada sem fins lucrativos;Universidade;3550308;SAO PAULO;SP;SUDESTE;1;72379;209;171;43,2550;2,2981;46,4649;1,8363;1,9518;3;
2013;3501;EDUCAÇÃO FÍSICA (BACHARELADO);319;UNIVERSIDADE CAMILO CASTELO BRANCO;UNICASTELO;Privada sem fins lucrativos;Universidade;3550308;SAO PAULO;SP;SUDESTE;1;307202;14;4;.;.;.;.;.;SC;Conforme Nota Técnica Daes/Inep nº 90/2014
2013;3501;EDUCAÇÃO FÍSICA (BACHARELADO);322;UNIVERSIDADE PAULISTA;UNIP;Privada sem fins lucrativos;Universidade;3503208;ARARAQUARA;SP;SUDESTE;1;5000427;19;19;53,8895;4,2468;69,1632;5,0000;4,8117;5;
2013;3501;EDUCAÇÃO FÍSICA (BACHARELADO);322;UNIVERSIDADE PAULISTA;UNIP;Privada sem fins lucrativos;Universidade;3509502;CAMPINAS;SP;SUDESTE;1;5000430;24;23;50,7304;3,6679;57,0696;3,3144;3,4028;4;
2013;3501;EDUCAÇÃO FÍSICA (BACHARELADO);322;UNIVERSIDADE PAULISTA;UNIP;Privada sem fins lucrativos;Universidade;3526902;LIMEIRA;SP;SUDESTE;1;415466;10;10;49,7600;3,4901;56,6700;3,2587;3,3166;4;
2013;3501;EDUCAÇÃO FÍSICA (BACHARELADO);322;UNIVERSIDADE PAULISTA;UNIP;Privada sem fins lucrativos;Universidade;3543402;RIBEIRAO PRETO;SP;SUDESTE;1;5000434;23;21;45,2857;2,6702;60,7143;3,8224;3,5344;4;
2013;3501;EDUCAÇÃO FÍSICA (BACHARELADO);322;UNIVERSIDADE PAULISTA;UNIP;Privada sem fins lucrativos;Universidade;3547304;SANTANA DE PARNAIBA;SP;SUDESTE;1;5000412;10;10;52,3700;3,9684;67,6900;4,7947;4,5881;5;
2013;3501;EDUCAÇÃO FÍSICA (BACHARELADO);322;UNIVERSIDADE PAULISTA;UNIP;Privada sem fins lucrativos;Universidade;3548500;SANTOS;SP;SUDESTE;1;5000436;7;7;49,7143;3,4817;61,4857;3,9299;3,8179;4;
2013;3501;EDUCAÇÃO FÍSICA (BACHARELADO);322;UNIVERSIDADE PAULISTA;UNIP;Privada sem fins lucrativos;Universidade;3549706;SAO JOSE DO RIO PARDO;SP;SUDESTE;1;5000438;7;7;47,2571;3,0315;61,9143;3,9897;3,7501;4;
2013;3501;EDUCAÇÃO FÍSICA (BACHARELADO);322;UNIVERSIDADE PAULISTA;UNIP;Privada sem fins lucrativos;Universidade;3549805;SAO JOSE DO RIO PRETO;SP;SUDESTE;1;5000439;10;9;52,5222;3,9963;68,1222;4,8549;4,6403;5;
2013;3501;EDUCAÇÃO FÍSICA (BACHARELADO);322;UNIVERSIDADE PAULISTA;UNIP;Privada sem fins lucrativos;Universidade;3549904;SAO JOSE DOS CAMPOS;SP;SUDESTE;1;5000441;16;16;56,8563;4,7904;65,0500;4,4267;4,5176;5;
2013;3501;EDUCAÇÃO FÍSICA (BACHARELADO);322;UNIVERSIDADE PAULISTA;UNIP;Privada sem fins lucrativos;Universidade;3550308;SAO PAULO;SP;SUDESTE;7;76380 - 5000413 - 5000415 - 5000417 - 5000418 - 5000419 - 5000421;139;121;49,2835;3,4028;60,8215;3,8373;3,7287;4;
2013;3501;EDUCAÇÃO FÍSICA (BACHARELADO);322;UNIVERSIDADE PAULISTA;UNIP;Privada sem fins lucrativos;Universidade;3552205;SOROCABA;SP;SUDESTE;1;1178022;9;9;50,2111;3,5728;59,6222;3,6702;3,6458;4;
2013;3501;EDUCAÇÃO FÍSICA (BACHARELADO);322;UNIVERSIDADE PAULISTA;UNIP;Privada sem fins lucrativos;Universidade;5300108;BRASILIA;DF;CENTRO-OESTE;1;5000444;36;35;51,1543;3,7456;61,3629;3,9128;3,8710;4;
2013;3501;EDUCAÇÃO FÍSICA (BACHARELADO);330;UNIVERSIDADE IGUAÇU;UNIG;Privada sem fins lucrativos;Universidade;3303500;NOVA IGUACU;RJ;SUDESTE;1;1121953;42;35;42,2686;2,1174;52,8114;2,7209;2,5700;3;
2013;3501;EDUCAÇÃO FÍSICA (BACHARELADO);338;PONTIFÍCIA UNIVERSIDADE CATÓLICA DE MINAS GERAIS;PUC MINAS;Privada sem fins lucrativos;Universidade;3106200;BELO HORIZONTE;MG;SUDESTE;1;88509;92;85;43,1812;2,2846;57,3306;3,3508;3,0842;4;
2013;3501;EDUCAÇÃO FÍSICA (BACHARELADO);349;CENTRO UNIVERSITÁRIO DE BELO HORIZONTE;UNI-BH;Privada com fins lucrativos;Centro Universitário;3106200;BELO HORIZONTE;MG;SUDESTE;1;320834;140;124;48,3266;3,2275;63,2976;4,1825;3,9437;4;
2013;3501;EDUCAÇÃO FÍSICA (BACHARELADO);352;CENTRO UNIVERSITÁRIO DE JOÃO PESSOA;UNIPÊ;Privada sem fins lucrativos;Centro Universitário;2507507;JOAO PESSOA;PB;NORDESTE;1;5000026;32;27;43,0481;2,2602;52,6778;2,7023;2,5918;3;
2013;3501;EDUCAÇÃO FÍSICA (BACHARELADO);355;UNIVERSIDADE TUIUTI DO PARANÁ;UTP;Privada com fins lucrativos;Universidade;4106902;CURITIBA;PR;SUL;1;319219;42;28;43,7357;2,3862;55,2500;3,0608;2,8922;3;
2013;3501;EDUCAÇÃO FÍSICA (BACHARELADO);367;UNIVERSIDADE ESTADUAL DE MONTES CLAROS;UNIMONTES;Pública Estadual;Universidade;3143302;MONTES CLAROS;MG;SUDESTE;1;92601;24;19;45,7474;2,7548;61,3263;3,9077;3,6195;4;
2013;3501;EDUCAÇÃO FÍSICA (BACHARELADO);368;FACULDADE DE EDUCAÇÃO FÍSICA DA ASSOCIAÇÃO CRISTÃ DE MOÇOS DE SOROCABA;FEFISO;Privada sem fins lucrativos;Faculdade;3552205;SOROCABA;SP;SUDESTE;1;122596;129;124;43,0750;2,2651;47,0798;1,9221;2,0078;3;
2013;3501;EDUCAÇÃO FÍSICA (BACHARELADO);374;CENTRO UNIVERSITÁRIO DAS FACULDADES METROPOLITANAS UNIDAS;FMU;Privada sem fins lucrativos;Centro Universitário;3550308;SAO PAULO;SP;SUDESTE;1;307946;332;257;45,6226;2,7320;54,5883;2,9686;2,9094;3;
2013;3501;EDUCAÇÃO FÍSICA (BACHARELADO);375;UNIVERSIDADE DE SANTO AMARO;UNISA;Privada sem fins lucrativos;Universidade;3550308;SAO PAULO;SP;SUDESTE;1;111376;37;20;44,1000;2,4530;44,9850;1,6301;1,8358;2;Divulgação com base no Processo Administrativo Inep nº 23036.000074/2015-29
2013;3501;EDUCAÇÃO FÍSICA (BACHARELADO);384;CENTRO UNIVERSITÁRIO DE ANÁPOLIS;UNIEVANGÉLICA;Privada sem fins lucrativos;Centro Universitário;5201108;ANAPOLIS;GO;CENTRO-OESTE;1;81382;47;43;38,9605;1,5112;43,0744;1,3638;1,4006;2;
2013;3501;EDUCAÇÃO FÍSICA (BACHARELADO);387;UNIVERSIDADE CATÓLICA DOM BOSCO;UCDB;Privada sem fins lucrativos;Universidade;5002704;CAMPO GRANDE;MS;CENTRO-OESTE;1;318468;91;76;42,8566;2,2251;43,9303;1,4831;1,6686;2;
2013;3501;EDUCAÇÃO FÍSICA (BACHARELADO);398;UNIVERSIDADE TIRADENTES;UNIT;Privada com fins lucrativos;Universidade;2800308;ARACAJU;SE;NORDESTE;1;107246;129;119;45,0387;2,6250;54,0387;2,8920;2,8252;3;
2013;3501;EDUCAÇÃO FÍSICA (BACHARELADO);402;CENTRO UNIVERSITÁRIO DE BRASÍLIA;UNICEUB;Privada sem fins lucrativos;Centro Universitário;5300108;BRASILIA;DF;CENTRO-OESTE;1;396659;50;44;39,5977;1,6280;49,6932;2,2863;2,1217;3;
2013;3501;EDUCAÇÃO FÍSICA (BACHARELADO);403;UNIVERSIDADE CATÓLICA DE BRASÍLIA;UCB;Privada sem fins lucrativos;Universidade;5300108;BRASILIA;DF;CENTRO-OESTE;1;117334;136;113;42,1531;2,0962;51,6549;2,5597;2,4438;3;
2013;3501;EDUCAÇÃO FÍSICA (BACHARELADO);409;UNIVERSIDADE DE PERNAMBUCO;UPE;Pública Estadual;Universidade;2611606;RECIFE;PE;NORDESTE;1;95631;165;135;46,8037;2,9484;58,1881;3,4703;3,3398;4;
2013;3501;EDUCAÇÃO FÍSICA (BACHARELADO);417;UNIVERSIDADE CIDADE DE SÃO PAULO;UNICID;Privada com fins lucrativos;Universidade;3550308;SAO PAULO;SP;SUDESTE;1;318429;88;71;44,5366;2,5330;51,0014;2,4686;2,4847;3;
2013;3501;EDUCAÇÃO FÍSICA (BACHARELADO);420;UNIVERSIDADE DE MARÍLIA;UNIMAR;Privada com fins lucrativos;Universidade;3529005;MARILIA;SP;SUDESTE;1;308665;71;60;46,6800;2,9257;49,6400;2,2789;2,4406;3;
2013;3501;EDUCAÇÃO FÍSICA (BACHARELADO);423;UNIVERSIDADE REGIONAL INTEGRADA DO ALTO URUGUAI E DAS MISSÕES;URI;Privada sem fins lucrativos;Universidade;4307005;ERECHIM;RS;SUL;1;102075;20;20;47,1750;3,0164;54,0500;2,8935;2,9243;3;
2013;3501;EDUCAÇÃO FÍSICA (BACHARELADO);423;UNIVERSIDADE REGIONAL INTEGRADA DO ALTO URUGUAI E DAS MISSÕES;URI;Privada sem fins lucrativos;Universidade;4317509;SANTO ANGELO;RS;SUL;1;102077;14;11;46,5909;2,9094;54,8545;3,0057;2,9816;4;
2013;3501;EDUCAÇÃO FÍSICA (BACHARELADO);430;CENTRO UNIVERSITÁRIO FILADÉLFIA;UNIFIL;Privada sem fins lucrativos;Centro Universitário;4113700;LONDRINA;PR;SUL;1;92184;39;34;47,0324;2,9903;56,6000;3,2490;3,1843;4;
2013;3501;EDUCAÇÃO FÍSICA (BACHARELADO);437;UNIVERSIDADE PARANAENSE;UNIPAR;Privada sem fins lucrativos;Universidade;4105508;CIANORTE;PR;SUL;1;1111996;42;41;41,7220;2,0172;51,4902;2,5368;2,4069;3;
2013;3501;EDUCAÇÃO FÍSICA (BACHARELADO);437;UNIVERSIDADE PARANAENSE;UNIPAR;Privada sem fins lucrativos;Universidade;4127700;TOLEDO;PR;SUL;1;1111997;16;14;44,7714;2,5760;46,4429;1,8333;2,0190;3;
2013;3501;EDUCAÇÃO FÍSICA (BACHARELADO);437;UNIVERSIDADE PARANAENSE;UNIPAR;Privada sem fins lucrativos;Universidade;4128104;UMUARAMA;PR;SUL;1;112496;51;50;44,6860;2,5603;51,1860;2,4944;2,5109;3;
2013;3501;EDUCAÇÃO FÍSICA (BACHARELADO);441;UNIVERSIDADE DO CONTESTADO;UNC;Privada sem fins lucrativos;Universidade;4204301;CONCORDIA;SC;SUL;1;5000462;22;17;45,0353;2,6244;49,9412;2,3209;2,3967;3;
2013;3501;EDUCAÇÃO FÍSICA (BACHARELADO);441;UNIVERSIDADE DO CONTESTADO;UNC;Privada sem fins lucrativos;Universidade;4210100;MAFRA;SC;SUL;1;150063;28;27;41,3370;1,9467;49,9926;2,3280;2,2327;3;
2013;3501;EDUCAÇÃO FÍSICA (BACHARELADO);441;UNIVERSIDADE DO CONTESTADO;UNC;Privada sem fins lucrativos;Universidade;4213609;PORTO UNIAO;SC;SUL;1;5000461;12;10;41,0200;1,8886;41,6600;1,1666;1,3471;2;
2013;3501;EDUCAÇÃO FÍSICA (BACHARELADO);446;UNIVERSIDADE DE CRUZ ALTA;UNICRUZ;Privada sem fins lucrativos;Universidade;4306106;CRUZ ALTA;RS;SUL;1;1213944;15;9;49,1333;3,3753;54,5333;2,9609;3,0645;4;
2013;3501;EDUCAÇÃO FÍSICA (BACHARELADO);449;UNIVERSIDADE LUTERANA DO BRASIL;ULBRA;Privada sem fins lucrativos;Universidade;4304606;CANOAS;RS;SUL;1;45762;136;110;42,7127;2,1988;54,0464;2,8930;2,7195;3;
2013;3501;EDUCAÇÃO FÍSICA (BACHARELADO);449;UNIVERSIDADE LUTERANA DO BRASIL;ULBRA;Privada sem fins lucrativos;Universidade;4304705;CARAZINHO;RS;SUL;1;113270;18;18;48,9889;3,3488;57,1444;3,3248;3,3308;4;
2013;3501;EDUCAÇÃO FÍSICA (BACHARELADO);449;UNIVERSIDADE LUTERANA DO BRASIL;ULBRA;Privada sem fins lucrativos;Universidade;4309209;GRAVATAI;RS;SUL;1;113268;60;57;40,2316;1,7441;47,4105;1,9681;1,9121;2;
2013;3501;EDUCAÇÃO FÍSICA (BACHARELADO);450;CENTRO UNIVERSITÁRIO LUTERANO DE JI-PARANÁ;CEULJI/ULBRA;Privada sem fins lucrativos;Centro Universitário;1100122;JI-PARANA;RO;NORTE;1;86658;13;9;41,8111;2,0336;53,6556;2,8386;2,6373;3;
2013;3501;EDUCAÇÃO FÍSICA (BACHARELADO);453;CENTRO UNIVERSITÁRIO LUTERANO DE PALMAS;CEULP;Privada sem fins lucrativos;Centro Universitário;1721000;PALMAS;TO;NORTE;1;116946;23;21;41,0000;1,8849;55,1619;3,0485;2,7576;3;
2013;3501;EDUCAÇÃO FÍSICA (BACHARELADO);456;CENTRO UNIVERSITÁRIO SANT´ANNA;UNISANT'ANNA;Privada sem fins lucrativos;Centro Universitário;3550308;SAO PAULO;SP;SUDESTE;1;321714;266;137;.;.;.;.;.;SC;Conforme Nota Técnica Daes/Inep nº 90/2014
2013;3501;EDUCAÇÃO FÍSICA (BACHARELADO);457;UNIVERSIDADE ANHANGUERA DE SÃO PAULO - UNIAN-SP;UNIAN - SP;Privada com fins lucrativos;Universidade;3534401;OSASCO;SP;SUDESTE;1;344658;221;175;43,1286;2,2750;45,8977;1,7573;1,8867;2;
2013;3501;EDUCAÇÃO FÍSICA (BACHARELADO);457;UNIVERSIDADE ANHANGUERA DE SÃO PAULO - UNIAN-SP;UNIAN - SP;Privada com fins lucrativos;Universidade;3547809;SANTO ANDRE;SP;SUDESTE;1;106536;41;37;41,8081;2,0330;44,5432;1,5685;1,6846;2;
2013;3501;EDUCAÇÃO FÍSICA (BACHARELADO);457;UNIVERSIDADE ANHANGUERA DE SÃO PAULO - UNIAN-SP;UNIAN - SP;Privada com fins lucrativos;Universidade;3548708;SAO BERNARDO DO CAMPO;SP;SUDESTE;1;344656;141;131;43,5099;2,3448;47,6046;1,9952;2,0826;3;
2013;3501;EDUCAÇÃO FÍSICA (BACHARELADO);457;UNIVERSIDADE ANHANGUERA DE SÃO PAULO - UNIAN-SP;UNIAN - SP;Privada com fins lucrativos;Universidade;3550308;SAO PAULO;SP;SUDESTE;2;344965 - 355103;330;227;.;.;.;.;.;SC;Conforme Nota Técnica Daes/Inep nº 90/2014
2013;3501;EDUCAÇÃO FÍSICA (BACHARELADO);466;UNIVERSIDADE ANHEMBI MORUMBI;UAM;Privada com fins lucrativos;Universidade;3550308;SAO PAULO;SP;SUDESTE;1;121886;8;7;52,2429;3,9451;65,9429;4,5512;4,3996;5;
2013;3501;EDUCAÇÃO FÍSICA (BACHARELADO);472;UNIVERSIDADE DO GRANDE RIO PROFESSOR JOSÉ DE SOUZA HERDY;UNIGRANRIO;Privada sem fins lucrativos;Universidade;3301702;DUQUE DE CAXIAS;RJ;SUDESTE;1;150056;53;41;40,6073;1,8130;43,8366;1,4700;1,5558;2;
2013;3501;EDUCAÇÃO FÍSICA (BACHARELADO);481;UNIVERSIDADE GUARULHOS;UNG;Privada sem fins lucrativos;Universidade;3518800;GUARULHOS;SP;SUDESTE;1;102194;60;58;46,1172;2,8226;47,7690;2,0181;2,2192;3;
2013;3501;EDUCAÇÃO FÍSICA (BACHARELADO);482;UNIVERSIDADE DO EXTREMO SUL CATARINENSE;UNESC;Privada sem fins lucrativos;Universidade;4204608;CRICIUMA;SC;SUL;1;69430;69;67;42,9940;2,2503;52,9373;2,7385;2,6164;3;
2013;3501;EDUCAÇÃO FÍSICA (BACHARELADO);483;CENTRO UNIVERSITÁRIO METROPOLITANO DE SÃO PAULO;UNIMESP;Privada sem fins lucrativos;Centro Universitário;3518800;GUARULHOS;SP;SUDESTE;1;59782;36;27;36,4852;1,0576;44,9370;1,6234;1,4820;2;
2013;3501;EDUCAÇÃO FÍSICA (BACHARELADO);489;CENTRO UNIVERSITÁRIO DE VOLTA REDONDA;UNIFOA;Privada sem fins lucrativos;Centro Universitário;3306305;VOLTA REDONDA;RJ;SUDESTE;1;109456;31;30;44,3833;2,5049;51,1500;2,4894;2,4932;3;
2013;3501;EDUCAÇÃO FÍSICA (BACHARELADO);494;UNIVERSIDADE DO SUL DE SANTA CATARINA;UNISUL;Privada sem fins lucrativos;Universidade;4211900;PALHOCA;SC;SUL;1;61072;64;51;48,5275;3,2643;54,7686;2,9937;3,0613;4;
2013;3501;EDUCAÇÃO FÍSICA (BACHARELADO);494;UNIVERSIDADE DO SUL DE SANTA CATARINA;UNISUL;Privada sem fins lucrativos;Universidade;4218707;TUBARAO;SC;SUL;1;67643;30;28;49,3143;3,4084;54,9929;3,0250;3,1208;4;
2013;3501;EDUCAÇÃO FÍSICA (BACHARELADO);495;FACULDADE DE CIÊNCIAS E LETRAS DE BRAGANÇA PAULISTA;FESB;Pública Municipal;Faculdade;3507605;BRAGANCA PAULISTA;SP;SUDESTE;1;150186;57;52;47,9481;3,1581;54,6865;2,9823;3,0262;4;
2013;3501;EDUCAÇÃO FÍSICA (BACHARELADO);496;UNIVERSIDADE DE FRANCA;UNIFRAN;Privada com fins lucrativos;Universidade;3516200;FRANCA;SP;SUDESTE;1;310162;105;98;41,2827;1,9367;43,4622;1,4178;1,5476;2;
2013;3501;EDUCAÇÃO FÍSICA (BACHARELADO);519;UNIVERSIDADE CATÓLICA DO SALVADOR;UCSAL;Privada sem fins lucrativos;Universidade;2927408;SALVADOR;BA;NORDESTE;1;1205022;13;8;40,8750;1,8620;48,1625;2,0730;2,0202;3;
2013;3501;EDUCAÇÃO FÍSICA (BACHARELADO);521;UNIVERSIDADE DE MOGI DAS CRUZES;UMC;Privada com fins lucrativos;Universidade;3530607;MOGI DAS CRUZES;SP;SUDESTE;1;39077;132;63;46,7683;2,9419;55,3889;3,0802;3,0456;4;
2013;3501;EDUCAÇÃO FÍSICA (BACHARELADO);522;CENTRO UNIVERSITÁRIO CELSO LISBOA;UCL;Privada sem fins lucrativos;Centro Universitário;3304557;RIO DE JANEIRO;RJ;SUDESTE;1;358455;70;56;42,1036;2,0871;44,9429;1,6242;1,7399;2;
2013;3501;EDUCAÇÃO FÍSICA (BACHARELADO);532;UNIVERSIDADE REGIONAL DO NOROESTE DO ESTADO DO RIO GRANDE DO SUL;UNIJUI;Privada sem fins lucrativos;Universidade;4310207;IJUI;RS;SUL;1;310981;37;37;43,9838;2,4317;50,8541;2,4481;2,4440;3;
2013;3501;EDUCAÇÃO FÍSICA (BACHARELADO);532;UNIVERSIDADE REGIONAL DO NOROESTE DO ESTADO DO RIO GRANDE DO SUL;UNIJUI;Privada sem fins lucrativos;Universidade;4317202;SANTA ROSA;RS;SUL;1;310988;23;22;51,6182;3,8306;58,3591;3,4941;3,5783;4;
2013;3501;EDUCAÇÃO FÍSICA (BACHARELADO);533;FACULDADES INTEGRADAS DE ITAPETININGA;FII;Privada sem fins lucrativos;Faculdade;3522307;ITAPETININGA;SP;SUDESTE;1;1106642;32;26;41,7923;2,0301;40,1962;0,9626;1,2295;2;
2013;3501;EDUCAÇÃO FÍSICA (BACHARELADO);547;UNIVERSIDADE DO ESTADO DO RIO DE JANEIRO;UERJ;Pública Estadual;Universidade;3304557;RIO DE JANEIRO;RJ;SUDESTE;1;311300;74;70;51,0586;3,7281;67,4214;4,7572;4,4999;5;
2013;3501;EDUCAÇÃO FÍSICA (BACHARELADO);549;UNIVERSIDADE FEDERAL DO ACRE;UFAC;Pública Federal;Universidade;1200401;RIO BRANCO;AC;NORTE;1;11542;64;47;38,3809;1,4050;47,5851;1,9925;1,8456;2;
2013;3501;EDUCAÇÃO FÍSICA (BACHARELADO);555;UNIVERSIDADE DE FORTALEZA;UNIFOR;Privada sem fins lucrativos;Universidade;2304400;FORTALEZA;CE;NORDESTE;1;311717;42;37;35,8622;0,9435;47,5541;1,9882;1,7270;2;
2013;3501;EDUCAÇÃO FÍSICA (BACHARELADO);570;UNIVERSIDADE FEDERAL DO RIO GRANDE DO NORTE;UFRN;Pública Federal;Universidade;2408102;NATAL;RN;NORDESTE;1;12327;44;33;45,6970;2,7456;64,8636;4,4007;3,9870;5;
2013;3501;EDUCAÇÃO FÍSICA (BACHARELADO);571;UNIVERSIDADE FEDERAL DO PARANÁ;UFPR;Pública Federal;Universidade;4106902;CURITIBA;PR;SUL;1;312562;77;54;41,4056;1,9592;50,6778;2,4235;2,3075;3;
2013;3501;EDUCAÇÃO FÍSICA (BACHARELADO);573;UNIVERSIDADE FEDERAL DO ESPÍRITO SANTO;UFES;Pública Federal;Universidade;3205309;VITORIA;ES;SUDESTE;1;1112869;53;48;34,4021;0,6759;43,4188;1,4118;1,2278;2;
2013;3501;EDUCAÇÃO FÍSICA (BACHARELADO);575;UNIVERSIDADE FEDERAL DE MINAS GERAIS;UFMG;Pública Federal;Universidade;3106200;BELO HORIZONTE;MG;SUDESTE;1;312952;165;130;41,2415;1,9292;59,5377;3,6584;3,2261;4;
2013;3501;EDUCAÇÃO FÍSICA (BACHARELADO);576;UNIVERSIDADE FEDERAL DE JUIZ DE FORA;UFJF;Pública Federal;Universidade;3136702;JUIZ DE FORA;MG;SUDESTE;1;313092;95;78;48,0564;3,1779;60,4821;3,7900;3,6370;4;
2013;3501;EDUCAÇÃO FÍSICA (BACHARELADO);577;UNIVERSIDADE FEDERAL DE ALAGOAS;UFAL;Pública Federal;Universidade;2704302;MACEIO;AL;NORDESTE;1;104158;102;91;38,8297;1,4872;48,5901;2,1326;1,9712;3;
2013;3501;EDUCAÇÃO FÍSICA (BACHARELADO);579;UNIVERSIDADE FEDERAL DA PARAÍBA;UFPB;Pública Federal;Universidade;2507507;JOAO PESSOA;PB;NORDESTE;1;122288;5;4;44,4000;2,5079;56,2500;3,2002;3,0271;4;
2013;3501;EDUCAÇÃO FÍSICA (BACHARELADO);581;UNIVERSIDADE FEDERAL DO RIO GRANDE DO SUL;UFRGS;Pública Federal;Universidade;4314902;PORTO ALEGRE;RS;SUL;1;88652;66;61;39,5410;1,6176;57,7902;3,4148;2,9655;4;
2013;3501;EDUCAÇÃO FÍSICA (BACHARELADO);582;UNIVERSIDADE FEDERAL DE SANTA MARIA;UFSM;Pública Federal;Universidade;4316907;SANTA MARIA;RS;SUL;1;103346;53;51;45,3686;2,6854;62,8608;4,1216;3,7625;4;
2013;3501;EDUCAÇÃO FÍSICA (BACHARELADO);583;UNIVERSIDADE FEDERAL DO CEARÁ;UFC;Pública Federal;Universidade;2304400;FORTALEZA;CE;NORDESTE;2;100256 - 1191555;47;41;43,1585;2,2805;61,3024;3,9044;3,4984;4;
2013;3501;EDUCAÇÃO FÍSICA (BACHARELADO);584;UNIVERSIDADE FEDERAL DE GOIÁS;UFG;Pública Federal;Universidade;5208707;GOIANIA;GO;CENTRO-OESTE;1;1113011;42;39;43,4846;2,3402;50,1077;2,3441;2,3431;3;
2013;3501;EDUCAÇÃO FÍSICA (BACHARELADO);584;UNIVERSIDADE FEDERAL DE GOIÁS;UFG;Pública Federal;Universidade;5211909;JATAI;GO;CENTRO-OESTE;1;1113009;28;27;45,1556;2,6464;49,1259;2,2072;2,3170;3;
2013;3501;EDUCAÇÃO FÍSICA (BACHARELADO);585;UNIVERSIDADE FEDERAL DE SANTA CATARINA;UFSC;Pública Federal;Universidade;4205407;FLORIANOPOLIS;SC;SUL;1;97099;62;53;44,4887;2,5242;60,3151;3,7668;3,4561;4;
2013;3501;EDUCAÇÃO FÍSICA (BACHARELADO);586;UNIVERSIDADE FEDERAL DO RIO DE JANEIRO;UFRJ;Pública Federal;Universidade;3304557;RIO DE JANEIRO;RJ;SUDESTE;1;44892;292;231;45,0117;2,6200;53,4667;2,8122;2,7642;3;
2013;3501;EDUCAÇÃO FÍSICA (BACHARELADO);588;UNIVERSIDADE TECNOLÓGICA FEDERAL DO PARANÁ;UTFPR;Pública Federal;Universidade;4106902;CURITIBA;PR;SUL;1;102665;58;55;45,8691;2,7771;63,2200;4,1717;3,8230;4;
2013;3501;EDUCAÇÃO FÍSICA (BACHARELADO);591;UNIVERSIDADE FEDERAL DE SÃO PAULO;UNIFESP;Pública Federal;Universidade;3548500;SANTOS;SP;SUDESTE;1;94115;51;46;41,7326;2,0192;59,9043;3,7095;3,2869;4;
2013;3501;EDUCAÇÃO FÍSICA (BACHARELADO);592;UNIVERSIDADE FEDERAL DE LAVRAS;UFLA;Pública Federal;Universidade;3138203;LAVRAS;MG;SUDESTE;1;114417;68;60;48,3550;3,2327;62,5800;4,0824;3,8700;4;
2013;3501;EDUCAÇÃO FÍSICA (BACHARELADO);597;UNIVERSIDADE FEDERAL DO TRIÂNGULO MINEIRO;UFTM;Pública Federal;Universidade;3170107;UBERABA;MG;SUDESTE;1;114444;27;20;44,6500;2,5538;61,9650;3,9967;3,6360;4;
2013;3501;EDUCAÇÃO FÍSICA (BACHARELADO);608;"ESCOLA SUPERIOR DE CRUZEIRO ""PREFEITO HAMILTON VIEIRA MENDES""";ESEFIC;Pública Municipal;Faculdade;3513405;CRUZEIRO;SP;SUDESTE;1;64898;72;56;35,8196;0,9357;43,5857;1,4351;1,3102;2;
2013;3501;EDUCAÇÃO FÍSICA (BACHARELADO);609;UNIVERSIDADE ESTADUAL DO OESTE DO PARANÁ;UNIOESTE;Pública Estadual;Universidade;4114609;MARECHAL CANDIDO RONDON;PR;SUL;1;92167;28;24;44,9833;2,6148;55,9208;3,1543;3,0194;4;
2013;3501;EDUCAÇÃO FÍSICA (BACHARELADO);610;CENTRO UNIVERSITÁRIO METODISTA BENNETT;BENNETT;Privada sem fins lucrativos;Centro Universitário;3304557;RIO DE JANEIRO;RJ;SUDESTE;1;1109594;13;13;40,1923;1,7369;47,9308;2,0407;1,9647;3;
2013;3501;EDUCAÇÃO FÍSICA (BACHARELADO);621;CENTRO UNIVERSITÁRIO CESMAC;CESMAC;Privada sem fins lucrativos;Centro Universitário;2704302;MACEIO;AL;NORDESTE;1;1123281;31;30;36,3767;1,0377;54,1133;2,9024;2,4362;3;
2013;3501;EDUCAÇÃO FÍSICA (BACHARELADO);634;UNIVERSIDADE FEDERAL DE PELOTAS;UFPEL;Pública Federal;Universidade;4314407;PELOTAS;RS;SUL;1;102304;27;24;45,0958;2,6354;56,1167;3,1816;3,0451;4;
2013;3501;EDUCAÇÃO FÍSICA (BACHARELADO);640;FACULDADES INTEGRADAS MARIA THEREZA;FAMATH;Privada com fins lucrativos;Faculdade;3304904;SAO GONCALO;RJ;SUDESTE;1;315082;12;11;48,1091;3,1876;56,1636;3,1881;3,1880;4;
2013;3501;EDUCAÇÃO FÍSICA (BACHARELADO);641;CENTRO UNIVERSITÁRIO LA SALLE;UNILASALLE;Privada sem fins lucrativos;Centro Universitário;4304606;CANOAS;RS;SUL;1;116904;61;60;47,6033;3,0949;57,8150;3,4183;3,3375;4;
2013;3501;EDUCAÇÃO FÍSICA (BACHARELADO);649;CENTRO UNIVERSITÁRIO DE UNIÃO DA VITÓRIA;UNIUV;Pública Municipal;Centro Universitário;4128203;UNIAO DA VITORIA;PR;SUL;1;82336;11;11;44,5000;2,5263;51,9091;2,5952;2,5779;3;
2013;3501;EDUCAÇÃO FÍSICA (BACHARELADO);663;UNIVERSIDADE SALGADO DE OLIVEIRA;UNIVERSO;Privada sem fins lucrativos;Universidade;2611606;RECIFE;PE;NORDESTE;1;65892;52;49;41,9918;2,0667;54,4122;2,9440;2,7247;3;
2013;3501;EDUCAÇÃO FÍSICA (BACHARELADO);663;UNIVERSIDADE SALGADO DE OLIVEIRA;UNIVERSO;Privada sem fins lucrativos;Universidade;3106200;BELO HORIZONTE;MG;SUDESTE;1;150300;135;114;38,0482;1,3440;51,8579;2,5880;2,2770;3;
2013;3501;EDUCAÇÃO FÍSICA (BACHARELADO);663;UNIVERSIDADE SALGADO DE OLIVEIRA;UNIVERSO;Privada sem fins lucrativos;Universidade;3136702;JUIZ DE FORA;MG;SUDESTE;1;150302;53;52;44,1462;2,4614;51,3808;2,5215;2,5065;3;
2013;3501;EDUCAÇÃO FÍSICA (BACHARELADO);663;UNIVERSIDADE SALGADO DE OLIVEIRA;UNIVERSO;Privada sem fins lucrativos;Universidade;3301009;CAMPOS DO GOYTACAZES;RJ;SUDESTE;1;1189180;32;27;42,1778;2,1007;46,4593;1,8356;1,9019;2;
2013;3501;EDUCAÇÃO FÍSICA (BACHARELADO);663;UNIVERSIDADE SALGADO DE OLIVEIRA;UNIVERSO;Privada sem fins lucrativos;Universidade;3303302;NITEROI;RJ;SUDESTE;1;1189179;103;87;38,4207;1,4123;42,4172;1,2722;1,3072;2;
2013;3501;EDUCAÇÃO FÍSICA (BACHARELADO);663;UNIVERSIDADE SALGADO DE OLIVEIRA;UNIVERSO;Privada sem fins lucrativos;Universidade;3304904;SAO GONCALO;RJ;SUDESTE;1;1187487;97;92;38,4761;1,4224;44,0130;1,4946;1,4766;2;
2013;3501;EDUCAÇÃO FÍSICA (BACHARELADO);663;UNIVERSIDADE SALGADO DE OLIVEIRA;UNIVERSO;Privada sem fins lucrativos;Universidade;5208707;GOIANIA;GO;CENTRO-OESTE;1;150301;57;53;43,5208;2,3468;52,1472;2,6283;2,5580;3;
2013;3501;EDUCAÇÃO FÍSICA (BACHARELADO);664;UNIVERSIDADE VILA VELHA;UVV;Privada sem fins lucrativos;Universidade;3205200;VILA VELHA;ES;SUDESTE;1;117050;75;66;34,4500;0,6847;47,2273;1,9426;1,6281;2;
2013;3501;EDUCAÇÃO FÍSICA (BACHARELADO);665;UNIVERSIDADE DE TAUBATÉ;UNITAU;Pública Municipal;Universidade;3554102;TAUBATE;SP;SUDESTE;1;1120717;87;73;43,7918;2,3965;49,4082;2,2466;2,2841;3;
2013;3501;EDUCAÇÃO FÍSICA (BACHARELADO);670;UNIVERSIDADE SÃO FRANCISCO;USF;Privada sem fins lucrativos;Universidade;3507605;BRAGANCA PAULISTA;SP;SUDESTE;1;367453;1;0;.;.;.;.;.;SC;
2013;3501;EDUCAÇÃO FÍSICA (BACHARELADO);671;UNIVERSIDADE ANHANGUERA - UNIDERP;UNIDERP;Privada com fins lucrativos;Universidade;5002704;CAMPO GRANDE;MS;CENTRO-OESTE;1;360729;38;31;42,3258;2,1279;46,0742;1,7819;1,8684;2;
2013;3501;EDUCAÇÃO FÍSICA (BACHARELADO);673;CENTRO UNIVERSITÁRIO DA GRANDE DOURADOS;UNIGRAN;Privada sem fins lucrativos;Centro Universitário;5003702;DOURADOS;MS;CENTRO-OESTE;1;315605;29;27;44,0074;2,4360;50,1852;2,3549;2,3752;3;
2013;3501;EDUCAÇÃO FÍSICA (BACHARELADO);707;CENTRO UNIVERSITÁRIO CENTRAL PAULISTA;UNICEP;Privada com fins lucrativos;Centro Universitário;3548906;SAO CARLOS;SP;SUDESTE;1;112850;29;18;41,3111;1,9419;57,2778;3,3434;2,9931;4;
2013;3501;EDUCAÇÃO FÍSICA (BACHARELADO);716;FACULDADES INTEGRADAS DE BOTUCATU;UNIFAC;Privada sem fins lucrativos;Faculdade;3507506;BOTUCATU;SP;SUDESTE;1;350145;31;25;35,9160;0,9533;46,8120;1,8847;1,6519;2;
2013;3501;EDUCAÇÃO FÍSICA (BACHARELADO);718;UNIVERSIDADE POTIGUAR;UNP;Privada com fins lucrativos;Universidade;2408102;NATAL;RN;NORDESTE;1;75604;131;110;45,6027;2,7283;53,1955;2,7744;2,7629;3;
2013;3501;EDUCAÇÃO FÍSICA (BACHARELADO);730;UNIVERSIDADE ESTADUAL DE PONTA GROSSA;UEPG;Pública Estadual;Universidade;4119905;PONTA GROSSA;PR;SUL;1;102820;18;15;45,2067;2,6558;63,2267;4,1726;3,7934;4;
2013;3501;EDUCAÇÃO FÍSICA (BACHARELADO);736;FACULDADE PITÁGORAS DE LINHARES;;Privada com fins lucrativos;Faculdade;3203205;LINHARES;ES;SUDESTE;1;59750;37;36;39,8639;1,6767;54,4944;2,9555;2,6358;3;
2013;3501;EDUCAÇÃO FÍSICA (BACHARELADO);750;CENTRO UNIVERSITÁRIO UNIRG;UNIRG;Pública Municipal;Centro Universitário;1709500;GURUPI;TO;NORTE;1;1118130;5;4;33,7000;0,5473;46,6250;1,8587;1,5308;2;
2013;3501;EDUCAÇÃO FÍSICA (BACHARELADO);780;UNIVERSIDADE DE CUIABÁ;UNIC / PITÁGORAS;Privada com fins lucrativos;Universidade;5103403;CUIABA;MT;CENTRO-OESTE;1;118380;16;14;41,2929;1,9386;55,4929;3,0947;2,8056;3;
2013;3501;EDUCAÇÃO FÍSICA (BACHARELADO);793;Centro Universitário Estácio Radial de São Paulo - Estácio UNIRADIAL;ESTÁCIO UNIRADIAL;Privada com fins lucrativos;Centro Universitário;3550308;SAO PAULO;SP;SUDESTE;1;111786;44;30;.;.;.;.;.;SC;Conforme Nota Técnica Daes/Inep nº 90/2014
2013;3501;EDUCAÇÃO FÍSICA (BACHARELADO);794;CENTRO UNIVERSITÁRIO DE VÁRZEA GRANDE;UNIVAG;Privada sem fins lucrativos;Centro Universitário;5108402;VARZEA GRANDE;MT;CENTRO-OESTE;1;1122942;25;20;42,2550;2,1149;57,0300;3,3089;3,0104;4;
2013;3501;EDUCAÇÃO FÍSICA (BACHARELADO);825;FACULDADE PRESBITERIANA GAMMON;FAGAMMON;Privada sem fins lucrativos;Faculdade;3138203;LAVRAS;MG;SUDESTE;1;1108935;11;11;43,3455;2,3147;61,6364;3,9509;3,5419;4;
2013;3501;EDUCAÇÃO FÍSICA (BACHARELADO);878;CENTRO UNIVERSITÁRIO DO LESTE DE MINAS GERAIS;UNILESTEMG;Privada sem fins lucrativos;Centro Universitário;3131307;IPATINGA;MG;SUDESTE;1;115702;39;34;48,6324;3,2835;60,0206;3,7257;3,6152;4;
2013;3501;EDUCAÇÃO FÍSICA (BACHARELADO);915;FACULDADE DE ADMINISTRAÇÃO DE FÁTIMA DO SUL;FAFS;Privada sem fins lucrativos;Faculdade;5003801;FATIMA DO SUL;MS;CENTRO-OESTE;1;401194;20;19;36,4684;1,0546;41,0000;1,0747;1,0696;2;
2013;3501;EDUCAÇÃO FÍSICA (BACHARELADO);952;UNIVERSIDADE SANTA CECÍLIA;UNISANTA;Privada sem fins lucrativos;Universidade;3548500;SANTOS;SP;SUDESTE;1;319204;112;97;47,2052;3,0220;53,4309;2,8073;2,8609;3;
2013;3501;EDUCAÇÃO FÍSICA (BACHARELADO);953;UNIVERSIDADE METROPOLITANA DE SANTOS;UNIMES;Privada sem fins lucrativos;Universidade;3548500;SANTOS;SP;SUDESTE;1;17663;76;66;41,3061;1,9410;43,8545;1,4725;1,5896;2;
2013;3501;EDUCAÇÃO FÍSICA (BACHARELADO);1038;FACULDADES INTEGRADAS DE TRÊS LAGOAS;AEMS;Privada sem fins lucrativos;Faculdade;5008305;TRES LAGOAS;MS;CENTRO-OESTE;1;385424;22;22;45,2182;2,6579;44,1318;1,5112;1,7978;2;
2013;3501;EDUCAÇÃO FÍSICA (BACHARELADO);1041;CENTRO UNIVERSITÁRIO UNIVATES;UNIVATES;Privada sem fins lucrativos;Centro Universitário;4311403;LAJEADO;RS;SUL;1;110004;10;10;47,1600;3,0137;61,8100;3,9751;3,7348;4;
2013;3501;EDUCAÇÃO FÍSICA (BACHARELADO);1042;UNIVERSIDADE POSITIVO;UP;Privada com fins lucrativos;Universidade;4106902;CURITIBA;PR;SUL;1;320325;69;52;43,2519;2,2976;49,5308;2,2637;2,2721;3;
2013;3501;EDUCAÇÃO FÍSICA (BACHARELADO);1043;CENTRO UNIVERSITÁRIO HERMINIO OMETTO;UNIARARAS;Privada sem fins lucrativos;Centro Universitário;3503307;ARARAS;SP;SUDESTE;1;321096;62;55;50,2909;3,5874;61,0945;3,8754;3,8034;4;
2013;3501;EDUCAÇÃO FÍSICA (BACHARELADO);1045;CENTRO UNIVERSITÁRIO ANHANGÜERA;UNIFIAN;Privada com fins lucrativos;Centro Universitário;3526704;LEME;SP;SUDESTE;1;352543;29;27;49,7815;3,4940;57,3852;3,3584;3,3923;4;
2013;3501;EDUCAÇÃO FÍSICA (BACHARELADO);1046;UNIÃO DAS FACULDADES DOS GRANDES LAGOS;UNILAGO;Privada sem fins lucrativos;Faculdade;3549805;SAO JOSE DO RIO PRETO;SP;SUDESTE;1;383139;27;21;45,3571;2,6833;50,4619;2,3934;2,4659;3;
2013;3501;EDUCAÇÃO FÍSICA (BACHARELADO);1078;FACULDADE INTEGRADO DE CAMPO MOURÃO;CEI;Privada com fins lucrativos;Faculdade;4104303;CAMPO MOURAO;PR;SUL;1;113204;52;47;42,0532;2,0779;56,6064;3,2499;2,9569;4;
2013;3501;EDUCAÇÃO FÍSICA (BACHARELADO);1085;FACULDADE METODISTA DE SANTA MARIA;FAMES;Privada sem fins lucrativos;Faculdade;4316907;SANTA MARIA;RS;SUL;1;68119;53;50;40,0060;1,7028;48,6820;2,1454;2,0347;3;
2013;3501;EDUCAÇÃO FÍSICA (BACHARELADO);1092;FACULDADES INTEGRADAS DE BAURU;FIB;Privada com fins lucrativos;Faculdade;3506003;BAURU;SP;SUDESTE;1;50963;55;40;47,6375;3,1012;52,5150;2,6796;2,7850;3;
2013;3501;EDUCAÇÃO FÍSICA (BACHARELADO);1107;Centro Universitário Estácio do Ceará;Estácio FIC;Privada com fins lucrativos;Centro Universitário;2304400;FORTALEZA;CE;NORDESTE;1;320717;54;47;42,8979;2,2327;53,8574;2,8667;2,7082;3;
2013;3501;EDUCAÇÃO FÍSICA (BACHARELADO);1113;CENTRO UNIVERSITÁRIO EURO-AMERICANO;UNIEURO;Privada sem fins lucrativos;Centro Universitário;5300108;BRASILIA;DF;CENTRO-OESTE;2;90363 - 102574;81;59;40,2220;1,7424;50,5475;2,4054;2,2396;3;
2013;3501;EDUCAÇÃO FÍSICA (BACHARELADO);1126;UNIVERSIDADE ESTADUAL DO CENTRO OESTE;UNICENTRO;Pública Estadual;Universidade;4109401;GUARAPUAVA;PR;SUL;1;61592;52;41;43,1488;2,2787;46,5659;1,8504;1,9575;3;
2013;3501;EDUCAÇÃO FÍSICA (BACHARELADO);1128;UNIVERSIDADE DE ITAÚNA;UI;Privada sem fins lucrativos;Universidade;3133808;ITAUNA;MG;SUDESTE;1;318956;107;83;42,9578;2,2437;49,6807;2,2846;2,2743;3;
2013;3501;EDUCAÇÃO FÍSICA (BACHARELADO);1129;CENTRO UNIVERSITÁRIO DO NORTE PAULISTA;UNORP;Privada sem fins lucrativos;Centro Universitário;3549805;SAO JOSE DO RIO PRETO;SP;SUDESTE;1;320348;89;75;36,9787;1,1481;39,4760;0,8622;0,9337;1;
2013;3501;EDUCAÇÃO FÍSICA (BACHARELADO);1131;FACULDADE SANTO AGOSTINHO;FSA;Privada com fins lucrativos;Faculdade;2211001;TERESINA;PI;NORDESTE;1;5000011;26;24;45,8583;2,7752;51,6292;2,5561;2,6109;3;
2013;3501;EDUCAÇÃO FÍSICA (BACHARELADO);1149;CENTRO UNIVERSITÁRIO NOSSA SENHORA DO PATROCÍNIO;CEUNSP;Privada com fins lucrativos;Centro Universitário;3523909;ITU;SP;SUDESTE;1;415436;73;54;48,7444;3,3040;55,4926;3,0946;3,1470;4;
2013;3501;EDUCAÇÃO FÍSICA (BACHARELADO);1157;ESCOLA SUPERIOR SÃO FRANCISCO DE ASSIS;ESFA;Privada sem fins lucrativos;Faculdade;3204609;SANTA TERESA;ES;SUDESTE;1;321269;18;17;45,1529;2,6459;52,7647;2,7144;2,6973;3;
2013;3501;EDUCAÇÃO FÍSICA (BACHARELADO);1185;CENTRO UNIVERSITÁRIO JORGE AMADO;UNIJORGE;Privada com fins lucrativos;Centro Universitário;2927408;SALVADOR;BA;NORDESTE;1;1111526;17;14;40,3357;1,7632;48,6286;2,1379;2,0442;3;
2013;3501;EDUCAÇÃO FÍSICA (BACHARELADO);1196;CENTRO UNIVERSITÁRIO DE MARINGÁ - UNICESUMAR;UNICESUMAR;Privada com fins lucrativos;Centro Universitário;4115200;MARINGA;PR;SUL;1;97647;74;72;46,6958;2,9286;56,1694;3,1890;3,1239;4;
2013;3501;EDUCAÇÃO FÍSICA (BACHARELADO);1202;FACULDADE SANTA RITA;FASAR;Privada com fins lucrativos;Faculdade;3118304;CONSELHEIRO LAFAIETE;MG;SUDESTE;1;359760;16;16;44,5563;2,5366;49,9937;2,3282;2,3803;3;
2013;3501;EDUCAÇÃO FÍSICA (BACHARELADO);1224;CENTRO UNIVERSITÁRIO DE JALES;UNIJALES;Privada sem fins lucrativos;Centro Universitário;3524808;JALES;SP;SUDESTE;1;390367;31;29;45,9138;2,7853;33,2897;0,0000;0,6963;1;
2013;3501;EDUCAÇÃO FÍSICA (BACHARELADO);1225;CENTRO UNIVERSITÁRIO AMPARENSE;UNIFIA;Privada com fins lucrativos;Centro Universitário;3501905;AMPARO;SP;SUDESTE;1;119298;44;44;42,8091;2,2164;50,6409;2,4184;2,3679;3;
2013;3501;EDUCAÇÃO FÍSICA (BACHARELADO);1232;CENTRO UNIVERSITÁRIO CAMPOS DE ANDRADE;UNIANDRADE;Privada sem fins lucrativos;Centro Universitário;4106902;CURITIBA;PR;SUL;1;111884;21;18;42,4667;2,1537;45,8611;1,7522;1,8526;2;
2013;3501;EDUCAÇÃO FÍSICA (BACHARELADO);1253;FACULDADE METODISTA GRANBERY;FMG;Privada sem fins lucrativos;Faculdade;3136702;JUIZ DE FORA;MG;SUDESTE;1;66103;69;57;41,8561;2,0418;53,5105;2,8184;2,6242;3;
2013;3501;EDUCAÇÃO FÍSICA (BACHARELADO);1255;FACULDADE BOA VIAGEM;FBV;Privada com fins lucrativos;Faculdade;2611606;RECIFE;PE;NORDESTE;1;86205;12;7;42,4714;2,1545;59,7429;3,6870;3,3039;4;
2013;3501;EDUCAÇÃO FÍSICA (BACHARELADO);1258;FACULDADE ANHANGUERA DE CASCAVEL;;Privada com fins lucrativos;Faculdade;4104808;CASCAVEL;PR;SUL;1;390517;95;90;34,3033;0,6578;33,9156;0,0872;0,2299;1;
2013;3501;EDUCAÇÃO FÍSICA (BACHARELADO);1292;FACULDADES ADAMANTINENSES INTEGRADAS;FAI;Pública Municipal;Faculdade;3500105;ADAMANTINA;SP;SUDESTE;1;1212462;33;15;38,8933;1,4989;41,1000;1,0886;1,1912;2;
2013;3501;EDUCAÇÃO FÍSICA (BACHARELADO);1298;Faculdade Estácio de Alagoas - Estácio FAL;ESTÁCIO FAL;Privada com fins lucrativos;Faculdade;2704302;MACEIO;AL;NORDESTE;1;348488;96;73;33,4438;0,5003;39,8904;0,9200;0,8151;1;
2013;3501;EDUCAÇÃO FÍSICA (BACHARELADO);1299;FACULDADES INTEGRADAS DE FERNANDÓPOLIS;FIFE;Privada sem fins lucrativos;Faculdade;3515509;FERNANDOPOLIS;SP;SUDESTE;1;1161630;33;29;40,9448;1,8748;35,7483;0,3427;0,7257;1;
2013;3501;EDUCAÇÃO FÍSICA (BACHARELADO);1304;FACULDADES INTEGRADAS DE RIBEIRÃO PIRES;FIRP;Privada sem fins lucrativos;Faculdade;3543303;RIBEIRAO PIRES;SP;SUDESTE;1;319908;64;62;46,6532;2,9208;50,3226;2,3740;2,5107;3;
2013;3501;EDUCAÇÃO FÍSICA (BACHARELADO);1310;FACULDADE DE AMERICANA;FAM;Privada sem fins lucrativos;Faculdade;3501608;AMERICANA;SP;SUDESTE;1;321976;29;28;51,4393;3,7978;63,4500;4,2037;4,1022;5;
2013;3501;EDUCAÇÃO FÍSICA (BACHARELADO);1336;FACULDADE ASSIS GURGACZ;FAG;Privada sem fins lucrativos;Faculdade;4104808;CASCAVEL;PR;SUL;1;5000150;73;66;43,7091;2,3813;51,2000;2,4963;2,4676;3;
2013;3501;EDUCAÇÃO FÍSICA (BACHARELADO);1356;FACULDADES INTEGRADAS DE SANTA FÉ DO SUL;FUNEC;Pública Municipal;Faculdade;3546603;SANTA FE DO SUL;SP;SUDESTE;1;20307;25;22;43,7045;2,3805;47,5818;1,9920;2,0891;3;
2013;3501;EDUCAÇÃO FÍSICA (BACHARELADO);1362;FACULDADE UBAENSE OZANAM COELHO;FAGOC;Privada com fins lucrativos;Faculdade;3169901;UBA;MG;SUDESTE;1;109692;18;18;48,9611;3,3437;59,8611;3,7035;3,6135;4;
2013;3501;EDUCAÇÃO FÍSICA (BACHARELADO);1364;FACULDADE DE TECNOLOGIA E CIÊNCIAS DE VITÓRIA DA CONQUISTA;FTC;Privada com fins lucrativos;Faculdade;2933307;VITORIA DA CONQUISTA;BA;NORDESTE;1;80101;52;40;43,0425;2,2592;53,9125;2,8744;2,7206;3;
2013;3501;EDUCAÇÃO FÍSICA (BACHARELADO);1365;CENTRO UNIVERSITÁRIO ADVENTISTA DE SÃO PAULO;UNASP;Privada sem fins lucrativos;Centro Universitário;3550308;SAO PAULO;SP;SUDESTE;1;342502;58;40;.;.;.;.;.;SC;Conforme Nota Técnica Daes/Inep nº 90/2014
2013;3501;EDUCAÇÃO FÍSICA (BACHARELADO);1418;CENTRO UNIVERSITÁRIO TOLEDO;UNITOLEDO;Privada com fins lucrativos;Centro Universitário;3502804;ARACATUBA;SP;SUDESTE;1;96729;49;47;39,0319;1,5243;42,7021;1,3119;1,3650;2;
2013;3501;EDUCAÇÃO FÍSICA (BACHARELADO);1420;FACULDADES DE DRACENA;;Privada sem fins lucrativos;Faculdade;3514403;DRACENA;SP;SUDESTE;1;391943;34;32;45,8937;2,7817;53,5750;2,8273;2,8159;3;
2013;3501;EDUCAÇÃO FÍSICA (BACHARELADO);1427;FACULDADE DA SERRA GAÚCHA;FSG;Privada com fins lucrativos;Faculdade;4305108;CAXIAS DO SUL;RS;SUL;1;350265;47;42;42,8548;2,2248;49,8405;2,3068;2,2863;3;
2013;3501;EDUCAÇÃO FÍSICA (BACHARELADO);1444;FACULDADES INTEGRADAS EINSTEIN DE LIMEIRA;FIEL;Privada sem fins lucrativos;Faculdade;3526902;LIMEIRA;SP;SUDESTE;1;350447;26;24;38,0458;1,3436;52,4667;2,6729;2,3406;3;
2013;3501;EDUCAÇÃO FÍSICA (BACHARELADO);1450;CENTRO UNIVERSITÁRIO DO CERRADO-PATROCÍNIO;UNICERP;Privada sem fins lucrativos;Centro Universitário;3148103;PATROCINIO;MG;SUDESTE;1;1156760;37;36;41,8500;2,0407;44,7889;1,6027;1,7122;2;
2013;3501;EDUCAÇÃO FÍSICA (BACHARELADO);1461;FACULDADE DE TECNOLOGIA E CIÊNCIAS;FTC SALVADOR;Privada com fins lucrativos;Faculdade;2927408;SALVADOR;BA;NORDESTE;1;63076;25;15;54,9000;4,4320;61,9067;3,9886;4,0994;5;
2013;3501;EDUCAÇÃO FÍSICA (BACHARELADO);1486;FACULDADE ESTÁCIO DE SÁ DE VITÓRIA;FESV;Privada com fins lucrativos;Faculdade;3205309;VITORIA;ES;SUDESTE;1;66566;30;27;41,7444;2,0213;48,8593;2,1701;2,1329;3;
2013;3501;EDUCAÇÃO FÍSICA (BACHARELADO);1487;FACULDADE DOM BOSCO;FDB;Privada com fins lucrativos;Faculdade;4106902;CURITIBA;PR;SUL;1;321646;134;105;43,1743;2,2833;51,5524;2,5454;2,4799;3;
2013;3501;EDUCAÇÃO FÍSICA (BACHARELADO);1490;FACULDADE DE JAGUARIÚNA;FAJ;Privada com fins lucrativos;Faculdade;3524709;JAGUARIUNA;SP;SUDESTE;1;68524;37;34;50,7618;3,6737;64,6588;4,3722;4,1976;5;
2013;3501;EDUCAÇÃO FÍSICA (BACHARELADO);1509;FACULDADE ESTÁCIO DE SÁ DE BELO HORIZONTE;FESBH;Privada com fins lucrativos;Centro Universitário;3106200;BELO HORIZONTE;MG;SUDESTE;1;366629;42;34;45,2412;2,6621;50,3441;2,3770;2,4483;3;
2013;3501;EDUCAÇÃO FÍSICA (BACHARELADO);1518;FACULDADE ANHANGUERA DE TAGUATINGA;;Privada com fins lucrativos;Faculdade;5300108;BRASILIA;DF;CENTRO-OESTE;1;110315;46;39;41,7897;2,0296;42,8077;1,3266;1,5024;2;
2013;3501;EDUCAÇÃO FÍSICA (BACHARELADO);1519;FACULDADE DE PATO BRANCO;FADEP;Privada com fins lucrativos;Faculdade;4118501;PATO BRANCO;PR;SUL;1;108676;68;54;42,5519;2,1693;46,5519;1,8485;1,9287;2;
2013;3501;EDUCAÇÃO FÍSICA (BACHARELADO);1542;CENTRO UNIVERSITÁRIO GERALDO DI BIASE;UGB;Privada sem fins lucrativos;Centro Universitário;3300308;BARRA DO PIRAI;RJ;SUDESTE;1;420185;21;19;48,0684;3,1801;55,8632;3,1463;3,1547;4;
2013;3501;EDUCAÇÃO FÍSICA (BACHARELADO);1554;FACULDADES INTEGRADAS DO VALE DO RIBEIRA;FIVR;Privada com fins lucrativos;Faculdade;3542602;REGISTRO;SP;SUDESTE;1;119016;29;25;47,4400;3,0650;58,6800;3,5389;3,4204;4;
2013;3501;EDUCAÇÃO FÍSICA (BACHARELADO);1557;UNIVERSIDADE FUMEC;FUMEC;Privada sem fins lucrativos;Universidade;3144805;NOVA LIMA;MG;SUDESTE;1;73161;21;3;38,6667;1,4574;38,9000;0,7820;0,9508;2;
2013;3501;EDUCAÇÃO FÍSICA (BACHARELADO);1559;CENTRO UNIVERSITÁRIO DO ESPÍRITO SANTO;UNESC;Privada sem fins lucrativos;Centro Universitário;3201506;COLATINA;ES;SUDESTE;1;92734;32;30;47,1300;3,0082;47,9700;2,0461;2,2866;3;
2013;3501;EDUCAÇÃO FÍSICA (BACHARELADO);1561;FACULDADE ESAMC SOROCABA;ESAMC;Privada com fins lucrativos;Faculdade;3552205;SOROCABA;SP;SUDESTE;1;1111305;10;10;37,9600;1,3279;41,0800;1,0858;1,1463;2;
2013;3501;EDUCAÇÃO FÍSICA (BACHARELADO);1563;CENTRO UNIVERSITÁRIO DA FACULDADE DE SAÚDE, CIÊNCIAS HUMANAS E TECNOLÓGICAS DO PIAUÍ;NOVAFAPI;Privada com fins lucrativos;Centro Universitário;2211001;TERESINA;PI;NORDESTE;1;96693;28;26;51,1654;3,7476;54,9231;3,0152;3,1983;4;
2013;3501;EDUCAÇÃO FÍSICA (BACHARELADO);1575;CENTRO UNIVERSITÁRIO DO PLANALTO DE ARAXÁ;UNIARAXÁ;Privada sem fins lucrativos;Centro Universitário;3104007;ARAXA;MG;SUDESTE;1;356706;32;26;40,6885;1,8278;43,0308;1,3577;1,4752;2;
2013;3501;EDUCAÇÃO FÍSICA (BACHARELADO);1586;UNIVERSIDADE DO VALE DO SAPUCAÍ;UNIVÁS;Privada sem fins lucrativos;Universidade;3152501;POUSO ALEGRE;MG;SUDESTE;1;44174;40;36;39,4250;1,5963;52,8222;2,7224;2,4409;3;
2013;3501;EDUCAÇÃO FÍSICA (BACHARELADO);1641;FACULDADE SOCIAL DA BAHIA;FSBA;Privada sem fins lucrativos;Faculdade;2927408;SALVADOR;BA;NORDESTE;1;5000322;46;36;34,4028;0,6761;43,8778;1,4758;1,2758;2;
2013;3501;EDUCAÇÃO FÍSICA (BACHARELADO);1659;FACULDADE ESTÁCIO DE SÁ DE OURINHOS;FAESO;Privada com fins lucrativos;Faculdade;3534708;OURINHOS;SP;SUDESTE;1;74922;18;15;46,2267;2,8427;60,4933;3,7916;3,5544;4;
2013;3501;EDUCAÇÃO FÍSICA (BACHARELADO);1718;FACULDADE NOBRE DE FEIRA DE SANTANA;FAN;Privada com fins lucrativos;Faculdade;2910800;FEIRA DE SANTANA;BA;NORDESTE;1;71146;30;19;42,4684;2,1540;46,3053;1,8141;1,8991;2;
2013;3501;EDUCAÇÃO FÍSICA (BACHARELADO);1721;FACULDADE DE VIÇOSA;FDV;Privada com fins lucrativos;Faculdade;3171303;VICOSA;MG;SUDESTE;1;5000012;8;8;44,7125;2,5652;60,6000;3,8065;3,4962;4;
2013;3501;EDUCAÇÃO FÍSICA (BACHARELADO);1738;INSTITUTO LUTERANO DE ENSINO SUPERIOR DE PORTO VELHO;ULBRA ILES;Privada sem fins lucrativos;Faculdade;1100205;PORTO VELHO;RO;NORTE;1;59662;30;18;45,0333;2,6240;50,4556;2,3926;2,4504;3;
2013;3501;EDUCAÇÃO FÍSICA (BACHARELADO);1772;FACULDADE NORDESTE;FANOR;Privada com fins lucrativos;Faculdade;2304400;FORTALEZA;CE;NORDESTE;1;5000272;2;2;67,0500;5,0000;74,6500;5,0000;5,0000;5;
2013;3501;EDUCAÇÃO FÍSICA (BACHARELADO);1783;FACULDADE DE CIÊNCIAS SOCIAIS APLICADAS;FACISA - CELER;Privada com fins lucrativos;Faculdade;4219705;XAXIM;SC;SUL;1;1029922;21;18;37,5056;1,2446;39,6722;0,8896;0,9783;2;
2013;3501;EDUCAÇÃO FÍSICA (BACHARELADO);1785;FACULDADE DE COLIDER;FACIDER;Privada sem fins lucrativos;Faculdade;5103205;COLIDER;MT;CENTRO-OESTE;1;120771;4;4;40,7500;1,8391;47,9250;2,0399;1,9897;3;
2013;3501;EDUCAÇÃO FÍSICA (BACHARELADO);1805;FACULDADE DOS GUARARAPES;FG;Privada com fins lucrativos;Faculdade;2607901;JABOATAO DO GUARARAPES;PE;NORDESTE;1;107619;50;49;41,1122;1,9055;49,3592;2,2397;2,1562;3;
2013;3501;EDUCAÇÃO FÍSICA (BACHARELADO);1818;FACULDADE PITÁGORAS DE BELO HORIZONTE;FPAS;Privada com fins lucrativos;Faculdade;3106200;BELO HORIZONTE;MG;SUDESTE;1;94917;38;29;52,6241;4,0149;61,1621;3,8848;3,9173;4;
2013;3501;EDUCAÇÃO FÍSICA (BACHARELADO);1844;FACULDADES INTEGRADAS STELLA MARIS DE ANDRADINA;FISMA;Privada sem fins lucrativos;Faculdade;3502101;ANDRADINA;SP;SUDESTE;1;118822;17;16;47,1437;3,0107;43,6750;1,4475;1,8383;2;
2013;3501;EDUCAÇÃO FÍSICA (BACHARELADO);1845;FEFISA - FACULDADES INTEGRADAS DE SANTO ANDRÉ;FEFISA;Privada com fins lucrativos;Faculdade;3547809;SANTO ANDRE;SP;SUDESTE;1;73820;152;115;45,5957;2,7270;50,6922;2,4255;2,5009;3;
2013;3501;EDUCAÇÃO FÍSICA (BACHARELADO);1854;FACULDADES INTEGRADAS CLARETIANAS;FIC;Privada sem fins lucrativos;Faculdade;3543907;RIO CLARO;SP;SUDESTE;1;405984;35;29;46,3828;2,8713;50,9828;2,4660;2,5673;3;
2013;3501;EDUCAÇÃO FÍSICA (BACHARELADO);1869;CENTRO UNIVERSITÁRIO DE ITAJUBÁ;FEPI;Privada sem fins lucrativos;Centro Universitário;3132404;ITAJUBA;MG;SUDESTE;1;102754;35;32;47,8469;3,1395;56,9719;3,3008;3,2605;4;
2013;3501;EDUCAÇÃO FÍSICA (BACHARELADO);1870;FACULDADES INTEGRADAS REGIONAIS DE AVARÉ;FIRA;Pública Municipal;Faculdade;3504503;AVARE;SP;SUDESTE;1;1214165;30;28;40,6357;1,8182;45,2857;1,6720;1,7085;2;
2013;3501;EDUCAÇÃO FÍSICA (BACHARELADO);1883;FACULDADE DE CIÊNCIAS AGRÁRIAS E DA SAÚDE;FAS;Privada com fins lucrativos;Faculdade;2919207;LAURO DE FREITAS;BA;NORDESTE;1;118712;8;4;37,8000;1,2986;51,9250;2,5974;2,2727;3;
2013;3501;EDUCAÇÃO FÍSICA (BACHARELADO);1913;FACULDADE DE MINAS;FAMINAS;Privada com fins lucrativos;Faculdade;3143906;MURIAE;MG;SUDESTE;1;119000;37;30;44,2233;2,4756;59,8100;3,6964;3,3912;4;
2013;3501;EDUCAÇÃO FÍSICA (BACHARELADO);1917;FACULDADE DE CIÊNCIAS BIOMÉDICAS DE CACOAL;FACIMED;Privada com fins lucrativos;Faculdade;1100049;CACOAL;RO;NORTE;1;54418;44;39;35,3615;0,8517;47,8256;2,0260;1,7324;2;
2013;3501;EDUCAÇÃO FÍSICA (BACHARELADO);1927;FACULDADES INTEGRADAS DO VALE DO IGUAÇU;;Privada com fins lucrativos;Faculdade;4128203;UNIAO DA VITORIA;PR;SUL;1;117308;27;26;48,9577;3,3431;58,8423;3,5615;3,5069;4;
2013;3501;EDUCAÇÃO FÍSICA (BACHARELADO);1956;INSTITUTO BATISTA DE ENSINO SUPERIOR DE ALAGOAS;IBESA;Privada sem fins lucrativos;Faculdade;2704302;MACEIO;AL;NORDESTE;1;351810;39;35;30,2857;0,0000;42,5114;1,2853;0,9640;2;
2013;3501;EDUCAÇÃO FÍSICA (BACHARELADO);1961;INSTITUTO TECNOLÓGICO E DAS CIÊNCIAS SOCIAIS APLICADAS E DA SAÚDE DO CENTRO EDUC. N. SRª AUXILIADORA;ITCSAS/CENSA;Privada sem fins lucrativos;Faculdade;3301009;CAMPOS DO GOYTACAZES;RJ;SUDESTE;1;117808;3;2;58,0000;5,0000;68,5000;4,9076;4,9307;5;
2013;3501;EDUCAÇÃO FÍSICA (BACHARELADO);1986;FACULDADE ESTÁCIO DE SÁ DE JUIZ DE FORA;FESJF;Privada com fins lucrativos;Faculdade;3136702;JUIZ DE FORA;MG;SUDESTE;1;71477;29;26;47,5346;3,0823;53,0731;2,7574;2,8386;3;
2013;3501;EDUCAÇÃO FÍSICA (BACHARELADO);2076;FACULDADE REGIONAL DA BAHIA;FARB;Privada com fins lucrativos;Faculdade;2927408;SALVADOR;BA;NORDESTE;1;1045497;12;8;33,2125;0,4579;40,2500;0,9701;0,8421;1;
2013;3501;EDUCAÇÃO FÍSICA (BACHARELADO);2123;FACULDADE MAX PLANCK;FMP;Privada com fins lucrativos;Faculdade;3520509;INDAIATUBA;SP;SUDESTE;1;5000300;12;12;45,9000;2,7828;64,4500;4,3431;3,9530;5;
2013;3501;EDUCAÇÃO FÍSICA (BACHARELADO);2160;FACULDADE SANT'ANA;IESSA;Privada sem fins lucrativos;Faculdade;4119905;PONTA GROSSA;PR;SUL;1;117968;44;39;46,1923;2,8364;51,8897;2,5925;2,6534;3;
2013;3501;EDUCAÇÃO FÍSICA (BACHARELADO);2175;FACULDADE METROPOLITANA DE BLUMENAU;FAMEBLU;Privada com fins lucrativos;Faculdade;4202404;BLUMENAU;SC;SUL;1;122592;113;81;43,6296;2,3668;50,6494;2,4196;2,4064;3;
2013;3501;EDUCAÇÃO FÍSICA (BACHARELADO);2271;FACULDADE PITÁGORAS DE IPATINGA;FPI;Privada com fins lucrativos;Faculdade;3131307;IPATINGA;MG;SUDESTE;1;96434;23;20;39,4800;1,6064;44,2000;1,5207;1,5421;2;
2013;3501;EDUCAÇÃO FÍSICA (BACHARELADO);2279;FACULDADE INTEGRADA METROPOLITANA DE CAMPINAS;METROCAMP;Privada com fins lucrativos;Faculdade;3509502;CAMPINAS;SP;SUDESTE;1;359003;36;26;49,3308;3,4115;59,5885;3,6655;3,6020;4;
2013;3501;EDUCAÇÃO FÍSICA (BACHARELADO);2409;FACULDADE ASCES;ASCES;Privada sem fins lucrativos;Faculdade;2604106;CARUARU;PE;NORDESTE;1;67259;62;48;35,8854;0,9477;46,1208;1,7884;1,5782;2;
2013;3501;EDUCAÇÃO FÍSICA (BACHARELADO);2437;FACULDADE PITÁGORAS DE TEIXEIRA DE FREITAS;PIT TEIXEIRA;Privada com fins lucrativos;Faculdade;2931350;TEIXEIRA DE FREITAS;BA;NORDESTE;1;73515;22;20;45,0400;2,6252;51,2550;2,5040;2,5343;3;
2013;3501;EDUCAÇÃO FÍSICA (BACHARELADO);2501;FACULDADE ESTÁCIO DE SÁ DE GOIÁS;FESGO;Privada com fins lucrativos;Faculdade;5208707;GOIANIA;GO;CENTRO-OESTE;1;108723;54;42;42,2119;2,1070;48,3667;2,1014;2,1028;3;
2013;3501;EDUCAÇÃO FÍSICA (BACHARELADO);2565;ABEU - CENTRO UNIVERSITÁRIO;UNIABEU;Privada sem fins lucrativos;Centro Universitário;3300456;BELFORD ROXO;RJ;SUDESTE;1;120026;123;101;45,7188;2,7496;48,2574;2,0862;2,2520;3;
2013;3501;EDUCAÇÃO FÍSICA (BACHARELADO);2576;FACULDADES PITÁGORAS UNIDADE GUARAPARI;FIPAG;Privada com fins lucrativos;Faculdade;3202405;GUARAPARI;ES;SUDESTE;1;117881;18;15;49,7333;3,4852;44,0800;1,5039;1,9993;3;
2013;3501;EDUCAÇÃO FÍSICA (BACHARELADO);2579;FACULDADE ATENAS;;Privada com fins lucrativos;Faculdade;3147006;PARACATU;MG;SUDESTE;1;405178;10;9;52,4111;3,9759;62,9889;4,1394;4,0986;5;
2013;3501;EDUCAÇÃO FÍSICA (BACHARELADO);2722;FACULDADE CATÓLICA DO CEARÁ;FCC;Privada sem fins lucrativos;Faculdade;2304400;FORTALEZA;CE;NORDESTE;1;65209;15;15;30,7133;0,0000;43,3133;1,3971;1,0478;2;
2013;3501;EDUCAÇÃO FÍSICA (BACHARELADO);2774;Centro Universitário UNIFAFIBE;FAFIBE;Privada sem fins lucrativos;Centro Universitário;3506102;BEBEDOURO;SP;SUDESTE;1;21231;24;24;49,9875;3,5318;57,7375;3,4075;3,4386;4;
2013;3501;EDUCAÇÃO FÍSICA (BACHARELADO);2835;CENTRO UNIVERSITÁRIO MAURÍCIO DE NASSAU;UNINASSAU;Privada com fins lucrativos;Centro Universitário;2611606;RECIFE;PE;NORDESTE;1;80330;95;68;42,9426;2,2409;57,5471;3,3810;3,0959;4;
2013;3501;EDUCAÇÃO FÍSICA (BACHARELADO);2944;FACULDADE DO SUL;FACSUL;Privada com fins lucrativos;Faculdade;2914802;ITABUNA;BA;NORDESTE;1;373442;15;10;46,0600;2,8121;57,5600;3,3828;3,2401;4;
2013;3501;EDUCAÇÃO FÍSICA (BACHARELADO);2973;FACULDADE DE CIÊNCIAS HUMANAS E BIOLÓGICAS E DA SAÚDE;;Privada com fins lucrativos;Faculdade;5107040;PRIMAVERA DO LESTE;MT;CENTRO-OESTE;1;80360;9;8;52,0500;3,9097;49,1375;2,2089;2,6341;3;
2013;3501;EDUCAÇÃO FÍSICA (BACHARELADO);3151;UNIVERSIDADE COMUNITÁRIA DA REGIÃO DE CHAPECÓ;UNOCHAPECÓ;Privada sem fins lucrativos;Universidade;4204202;CHAPECO;SC;SUL;1;119844;35;34;47,3206;3,0431;51,7912;2,5787;2,6948;3;
2013;3501;EDUCAÇÃO FÍSICA (BACHARELADO);3304;FACULDADES INTEGRADAS DE PATOS;FIP;Privada sem fins lucrativos;Faculdade;2510808;PATOS;PB;NORDESTE;1;119004;86;72;39,2097;1,5569;44,8958;1,6177;1,6025;2;
2013;3501;EDUCAÇÃO FÍSICA (BACHARELADO);3368;CENTRO UNIVERSITÁRIO DO SUL DE MINAS;UNIS-MG;Privada sem fins lucrativos;Centro Universitário;3170701;VARGINHA;MG;SUDESTE;1;112220;21;20;53,0250;4,0884;58,9800;3,5807;3,7076;4;
2013;3501;EDUCAÇÃO FÍSICA (BACHARELADO);3371;CENTRO UNIVERSITÁRIO DE PATOS DE MINAS;UNIPAM;Privada sem fins lucrativos;Centro Universitário;3148004;PATOS DE MINAS;MG;SUDESTE;1;105522;22;19;44,9105;2,6015;58,3158;3,4881;3,2665;4;
2013;3501;EDUCAÇÃO FÍSICA (BACHARELADO);3393;FACULDADE DE ENSINO SUPERIOR DOM BOSCO;FACDOMBOSCO;Privada com fins lucrativos;Faculdade;4106407;CORNELIO PROCOPIO;PR;SUL;1;405974;22;21;45,6333;2,7339;50,9667;2,4638;2,5313;3;
2013;3501;EDUCAÇÃO FÍSICA (BACHARELADO);3495;FACULDADE PINHALZINHO;HORUS;Privada com fins lucrativos;Faculdade;4212908;PINHALZINHO;SC;SUL;1;405872;23;20;43,7900;2,3962;41,5750;1,1548;1,4651;2;
2013;3501;EDUCAÇÃO FÍSICA (BACHARELADO);3516;FACULDADE DE CIÊNCIAS DA SAÚDE ARCHIMEDES THEODORO;FAC - SAUDE ARTHE;Pública Municipal;Faculdade;3101508;ALEM PARAIBA;MG;SUDESTE;1;65138;34;26;39,9077;1,6848;39,4462;0,8581;1,0648;2;
2013;3501;EDUCAÇÃO FÍSICA (BACHARELADO);3518;FACULDADE JANGADA;FJ;Privada com fins lucrativos;Faculdade;4208906;JARAGUA DO SUL;SC;SUL;1;375150;27;21;42,8095;2,2165;45,8381;1,7490;1,8659;2;
2013;3501;EDUCAÇÃO FÍSICA (BACHARELADO);3602;FACULDADES INTEGRADAS DO BRASIL;FACBRASIL;Privada com fins lucrativos;Faculdade;4106902;CURITIBA;PR;SUL;1;95151;67;60;44,7867;2,5788;54,2717;2,9244;2,8380;3;
2013;3501;EDUCAÇÃO FÍSICA (BACHARELADO);3603;FACULDADE ANHANGUERA DE GUARULHOS;;Privada com fins lucrativos;Faculdade;3518800;GUARULHOS;SP;SUDESTE;1;100055;57;50;40,4000;1,7750;45,8460;1,7501;1,7563;2;
2013;3501;EDUCAÇÃO FÍSICA (BACHARELADO);3641;CENTRO UNIVERSITÁRIO DA FUNDAÇÃO EDUCACIONAL DE BARRETOS;UNIFEB;Privada sem fins lucrativos;Centro Universitário;3505500;BARRETOS;SP;SUDESTE;1;1106222;14;14;44,3214;2,4935;48,6071;2,1349;2,2246;3;
2013;3501;EDUCAÇÃO FÍSICA (BACHARELADO);3797;FACULDADE GUAIRACÁ;FAG;Privada com fins lucrativos;Faculdade;4109401;GUARAPUAVA;PR;SUL;1;80810;42;38;43,7868;2,3956;46,4868;1,8394;1,9785;3;
2013;3501;EDUCAÇÃO FÍSICA (BACHARELADO);3817;FACULDADE MAURÍCIO DE NASSAU DE JOÃO PESSOA;FMN JOÃO PESSOA;Privada sem fins lucrativos;Faculdade;2507507;JOAO PESSOA;PB;NORDESTE;1;1047529;53;51;39,3078;1,5749;48,1471;2,0708;1,9468;3;
2013;3501;EDUCAÇÃO FÍSICA (BACHARELADO);3875;CENTRO UNIVERSITÁRIO DA FUNDAÇÃO EDUCACIONAL GUAXUPÉ;UNIFEG;Privada sem fins lucrativos;Centro Universitário;3128709;GUAXUPE;MG;SUDESTE;1;112772;11;10;44,2600;2,4823;58,1600;3,4664;3,2204;4;
2013;3501;EDUCAÇÃO FÍSICA (BACHARELADO);3966;CENTRO UNIVERSITÁRIO DE CARATINGA;UNEC;Privada sem fins lucrativos;Centro Universitário;3113404;CARATINGA;MG;SUDESTE;1;398622;17;17;51,6353;3,8337;59,4941;3,6523;3,6977;4;
2013;3501;EDUCAÇÃO FÍSICA (BACHARELADO);3966;CENTRO UNIVERSITÁRIO DE CARATINGA;UNEC;Privada sem fins lucrativos;Centro Universitário;3144300;NANUQUE;MG;SUDESTE;1;150036;19;19;43,3053;2,3073;53,3316;2,7934;2,6719;3;
2013;3501;EDUCAÇÃO FÍSICA (BACHARELADO);3974;UNIVERSIDADE DE RIO VERDE;FESURV;Pública Municipal;Universidade;5218805;RIO VERDE;GO;CENTRO-OESTE;1;318336;15;7;44,3000;2,4896;38,9714;0,7919;1,2163;2;
2013;3501;EDUCAÇÃO FÍSICA (BACHARELADO);3983;CENTRO UNIVERSITÁRIO DE FORMIGA;UNIFORMG;Privada sem fins lucrativos;Centro Universitário;3126109;FORMIGA;MG;SUDESTE;1;118432;39;32;40,1188;1,7234;43,6437;1,4431;1,5132;2;
2013;3501;EDUCAÇÃO FÍSICA (BACHARELADO);3984;FUNDAÇÃO UNIVERSIDADE FEDERAL DO VALE DO SÃO FRANCISCO;UNIVASF;Pública Federal;Universidade;2611101;PETROLINA;PE;NORDESTE;1;416944;11;11;44,3909;2,5063;63,6091;4,2259;3,7960;4;
2013;3501;EDUCAÇÃO FÍSICA (BACHARELADO);3987;FACULDADE UNIÃO DE GOYAZES;FUG;Privada com fins lucrativos;Faculdade;5221403;TRINDADE;GO;CENTRO-OESTE;1;105174;71;67;39,4313;1,5975;40,6269;1,0227;1,1664;2;
2013;3501;EDUCAÇÃO FÍSICA (BACHARELADO);4000;FACULDADE DE ENSINO SUPERIOR DO INTERIOR PAULISTA;FAIP;Privada com fins lucrativos;Faculdade;3529005;MARILIA;SP;SUDESTE;1;1055019;15;15;49,1933;3,3863;50,7200;2,4294;2,6686;3;
2013;3501;EDUCAÇÃO FÍSICA (BACHARELADO);4010;CENTRO UNIVERSITÁRIO METODISTA;IPA;Privada sem fins lucrativos;Centro Universitário;4314902;PORTO ALEGRE;RS;SUL;1;83938;118;107;46,2290;2,8431;56,0075;3,1664;3,0856;4;
2013;3501;EDUCAÇÃO FÍSICA (BACHARELADO);4017;CENTRO UNIVERSITÁRIO PADRE ANCHIETA;UNIANCHIETA;Privada com fins lucrativos;Centro Universitário;3525904;JUNDIAI;SP;SUDESTE;1;88664;43;35;40,4886;1,7912;48,8457;2,1682;2,0739;3;
2013;3501;EDUCAÇÃO FÍSICA (BACHARELADO);4029;FACULDADE POLITEC;FAP;Privada com fins lucrativos;Faculdade;3545803;SANTA BARBARA D´OESTE;SP;SUDESTE;1;417432;22;20;51,3200;3,7760;56,5050;3,2357;3,3708;4;
2013;3501;EDUCAÇÃO FÍSICA (BACHARELADO);4197;FACULDADE ALIANÇA;FACE;Privada com fins lucrativos;Faculdade;2211001;TERESINA;PI;NORDESTE;1;101506;29;26;46,6269;2,9160;49,7846;2,2990;2,4533;3;
2013;3501;EDUCAÇÃO FÍSICA (BACHARELADO);4358;INSTITUTO FEDERAL DE EDUCAÇÃO, CIÊNCIA E TECNOLOGIA DO SUL DE MINAS GERAIS;IF SUL DE MINAS;Pública Federal;Ifet/Cefet;3144102;MUZAMBINHO;MG;SUDESTE;1;1118111;62;53;41,5094;1,9783;47,6302;1,9988;1,9936;3;
2013;3501;EDUCAÇÃO FÍSICA (BACHARELADO);4362;FACULDADE PITÁGORAS DE BETIM;PITÁGORAS-BETIM;Privada com fins lucrativos;Faculdade;3106705;BETIM;MG;SUDESTE;1;107631;51;36;44,9333;2,6057;50,7389;2,4321;2,4755;3;
2013;3501;EDUCAÇÃO FÍSICA (BACHARELADO);4522;CENTRO UNIVERSITÁRIO CATÓLICO SALESIANO AUXILIUM;UNISALESIANO;Privada sem fins lucrativos;Centro Universitário;3502804;ARACATUBA;SP;SUDESTE;1;119810;39;28;47,3250;3,0439;52,4143;2,6656;2,7602;3;
2013;3501;EDUCAÇÃO FÍSICA (BACHARELADO);4522;CENTRO UNIVERSITÁRIO CATÓLICO SALESIANO AUXILIUM;UNISALESIANO;Privada sem fins lucrativos;Centro Universitário;3527108;LINS;SP;SUDESTE;1;88074;39;34;45,8088;2,7661;51,9853;2,6058;2,6459;3;
2013;3501;EDUCAÇÃO FÍSICA (BACHARELADO);4567;FACULDADE CENTRO MATO-GROSSENSE;;Privada sem fins lucrativos;Faculdade;5107925;SORRISO;MT;CENTRO-OESTE;1;407852;3;3;47,5000;3,0760;54,8333;3,0027;3,0210;4;
2013;3501;EDUCAÇÃO FÍSICA (BACHARELADO);4793;FACULDADES INTEGRADAS DE ITARARÉ;FAFIT-FACIC;Privada com fins lucrativos;Faculdade;3523206;ITARARE;SP;SUDESTE;1;1099294;42;39;45,4308;2,6968;52,0564;2,6157;2,6360;3;
2013;3501;EDUCAÇÃO FÍSICA (BACHARELADO);4826;FACULDADE ANHANGÜERA DE CAMPINAS;;Privada com fins lucrativos;Faculdade;3509502;CAMPINAS;SP;SUDESTE;1;399212;55;48;44,4083;2,5095;52,3083;2,6508;2,6155;3;
2013;3501;EDUCAÇÃO FÍSICA (BACHARELADO);4962;CENTRO UNIVERSITÁRIO DE SETE LAGOAS;UNIFEMM;Privada sem fins lucrativos;Centro Universitário;3167202;SETE LAGOAS;MG;SUDESTE;1;1121383;13;12;45,5583;2,7202;54,1250;2,9040;2,8581;3;
2013;3501;EDUCAÇÃO FÍSICA (BACHARELADO);5107;FACULDADE SOGIPA DE EDUCAÇÃO FÍSICA;;Privada sem fins lucrativos;Faculdade;4314902;PORTO ALEGRE;RS;SUL;1;116986;31;30;46,7167;2,9324;58,7700;3,5514;3,3967;4;
2013;3501;EDUCAÇÃO FÍSICA (BACHARELADO);5215;FACULDADES INTEGRADAS PADRE ALBINO;FIPA;Privada sem fins lucrativos;Faculdade;3511102;CATANDUVA;SP;SUDESTE;1;1113106;35;35;48,8543;3,3241;50,1629;2,3518;2,5949;3;
2013;3501;EDUCAÇÃO FÍSICA (BACHARELADO);5314;Faculdades Unificadas de Guarapari;FUG;Privada sem fins lucrativos;Faculdade;3202405;GUARAPARI;ES;SUDESTE;1;90593;12;12;41,0083;1,8865;42,2667;1,2512;1,4100;2;
2013;3501;EDUCAÇÃO FÍSICA (BACHARELADO);5369;FACULDADES INTEGRADAS ASMEC;ASMEC;Privada com fins lucrativos;Faculdade;3146008;OURO FINO;MG;SUDESTE;1;118998;17;15;48,7200;3,2995;60,5400;3,7981;3,6735;4;
2013;3501;EDUCAÇÃO FÍSICA (BACHARELADO);5451;FACULDADE ANHANGÜERA DE BAURU;;Privada com fins lucrativos;Faculdade;3506003;BAURU;SP;SUDESTE;1;74484;45;37;42,3027;2,1236;49,7135;2,2891;2,2478;3;
2013;3501;EDUCAÇÃO FÍSICA (BACHARELADO);5593;FACULDADE ADVENTISTA DE HORTOLÂNDIA;FAH;Privada sem fins lucrativos;Faculdade;3519071;HORTOLANDIA;SP;SUDESTE;1;320165;100;86;39,6326;1,6344;44,9558;1,6260;1,6281;2;
2013;3501;EDUCAÇÃO FÍSICA (BACHARELADO);12522;FACULDADE MOGIANA DO ESTADO DE SÃO PAULO;FAMOESP;Privada sem fins lucrativos;Faculdade;3530706;MOGI-GUACU;SP;SUDESTE;1;1036842;29;27;45,8593;2,7753;53,0815;2,7586;2,7628;3;
2013;3501;EDUCAÇÃO FÍSICA (BACHARELADO);13717;FACULDADES FUTURÃO;CENTEFF;Privada com fins lucrativos;Faculdade;4201406;ARARANGUA;SC;SUL;1;1103785;5;5;49,1400;3,3765;58,3000;3,4859;3,4586;4;
2013;3501;EDUCAÇÃO FÍSICA (BACHARELADO);14724;INSTITUTO FEDERAL DE EDUCAÇÃO, CIÊNCIA E TECNOLOGIA DO PARANÁ;IFPR;Pública Federal;Ifet/Cefet;4117602;PALMAS;PR;SUL;1;94561;10;9;32,8000;0,3824;51,7778;2,5768;2,0282;3;
2013;3501;EDUCAÇÃO FÍSICA (BACHARELADO);15015;Universidade Estadual do Norte do Paraná;UENP;Pública Estadual;Universidade;4111803;JACAREZINHO;PR;SUL;1;302525;28;15;40,8000;1,8483;52,1333;2,6264;2,4319;3;
2013;3501;EDUCAÇÃO FÍSICA (BACHARELADO);15032;UNIVERSIDADE ALTO VALE DO RIO DO PEIXE;UNIARP;Privada sem fins lucrativos;Universidade;4203006;CACADOR;SC;SUL;1;150058;18;17;43,1824;2,2848;45,5765;1,7125;1,8556;2;
2013;3501;EDUCAÇÃO FÍSICA (BACHARELADO);15453;Faculdade Presidente Antônio Carlos de Conselheiro Lafaiete;;Privada sem fins lucrativos;Faculdade;3118304;CONSELHEIRO LAFAIETE;MG;SUDESTE;1;359371;20;19;52,2684;3,9497;51,7947;2,5792;2,9218;3;
