Ano;Código da IES;Nome da IES;Sigla da IES;Organização Acadêmica;Categoria Administrativa;Código do Curso;Código da Área;Área de Enquadramento;Modalidade de Ensino;Código do Município;Município do Curso;Sigla da UF;Concluintes Inscritos;Concluintes Participantes;Concluintes Participantes com nota no Enem;Percentual de Concluintes participantes com nota no Enem;Nota Bruta - IDD;Nota Padronizada - IDD;IDD (Faixa)
2016;1;UNIVERSIDADE FEDERAL DE MATO GROSSO;UFMT;Universidade;Pessoa Jurídica de Direito Público - Federal;7;38;SERVIÇO SOCIAL;Educação Presencial;5103403;CUIABÁ;MT;34;32;32;1,0000;-1,3751;2,0024;3
2016;1;UNIVERSIDADE FEDERAL DE MATO GROSSO;UFMT;Universidade;Pessoa Jurídica de Direito Público - Federal;9;17;AGRONOMIA;Educação Presencial;5103403;CUIABÁ;MT;54;52;44;0,8462;-0,2610;2,6986;3
2016;1;UNIVERSIDADE FEDERAL DE MATO GROSSO;UFMT;Universidade;Pessoa Jurídica de Direito Público - Federal;12;12;MEDICINA;Educação Presencial;5103403;CUIABÁ;MT;35;33;31;0,9394;-3,4093;0,0000;1
2016;1;UNIVERSIDADE FEDERAL DE MATO GROSSO;UFMT;Universidade;Pessoa Jurídica de Direito Público - Federal;17;23;ENFERMAGEM;Educação Presencial;5103403;CUIABÁ;MT;29;28;27;0,9643;-0,1876;2,4153;3
2016;1;UNIVERSIDADE FEDERAL DE MATO GROSSO;UFMT;Universidade;Pessoa Jurídica de Direito Público - Federal;20;28;NUTRIÇÃO;Educação Presencial;5103403;CUIABÁ;MT;19;18;18;1,0000;0,3282;2,5919;3
2016;1;UNIVERSIDADE FEDERAL DE MATO GROSSO;UFMT;Universidade;Pessoa Jurídica de Direito Público - Federal;37;5;MEDICINA VETERINÁRIA;Educação Presencial;5103403;CUIABÁ;MT;29;29;27;0,9310;-0,8728;1,9397;2
2016;2;UNIVERSIDADE DE BRASÍLIA;UNB;Universidade;Pessoa Jurídica de Direito Público - Federal;126;38;SERVIÇO SOCIAL;Educação Presencial;5300108;BRASÍLIA;DF;79;63;54;0,8571;0,3152;2,7912;3
2016;2;UNIVERSIDADE DE BRASÍLIA;UNB;Universidade;Pessoa Jurídica de Direito Público - Federal;135;17;AGRONOMIA;Educação Presencial;5300108;BRASÍLIA;DF;113;86;60;0,6977;1,1513;3,5517;4
2016;2;UNIVERSIDADE DE BRASÍLIA;UNB;Universidade;Pessoa Jurídica de Direito Público - Federal;140;12;MEDICINA;Educação Presencial;5300108;BRASÍLIA;DF;89;85;66;0,7765;-0,0997;2,8169;3
2016;2;UNIVERSIDADE DE BRASÍLIA;UNB;Universidade;Pessoa Jurídica de Direito Público - Federal;141;6;ODONTOLOGIA;Educação Presencial;5300108;BRASÍLIA;DF;54;54;46;0,8519;0,8354;3,3520;4
2016;2;UNIVERSIDADE DE BRASÍLIA;UNB;Universidade;Pessoa Jurídica de Direito Público - Federal;143;23;ENFERMAGEM;Educação Presencial;5300108;BRASÍLIA;DF;55;51;38;0,7451;0,1672;2,5823;3
2016;2;UNIVERSIDADE DE BRASÍLIA;UNB;Universidade;Pessoa Jurídica de Direito Público - Federal;144;28;NUTRIÇÃO;Educação Presencial;5300108;BRASÍLIA;DF;60;49;35;0,7143;0,6107;2,7193;3
2016;3;UNIVERSIDADE FEDERAL DE SERGIPE;UFS;Universidade;Pessoa Jurídica de Direito Público - Federal;302;23;ENFERMAGEM;Educação Presencial;2800308;ARACAJU;SE;89;68;63;0,9265;-1,3016;1,8909;2
2016;3;UNIVERSIDADE FEDERAL DE SERGIPE;UFS;Universidade;Pessoa Jurídica de Direito Público - Federal;303;12;MEDICINA;Educação Presencial;2800308;ARACAJU;SE;53;53;39;0,7358;0,3088;3,2623;4
2016;3;UNIVERSIDADE FEDERAL DE SERGIPE;UFS;Universidade;Pessoa Jurídica de Direito Público - Federal;304;6;ODONTOLOGIA;Educação Presencial;2800308;ARACAJU;SE;46;46;38;0,8261;-0,4020;2,0476;3
2016;3;UNIVERSIDADE FEDERAL DE SERGIPE;UFS;Universidade;Pessoa Jurídica de Direito Público - Federal;319;17;AGRONOMIA;Educação Presencial;2806701;SÃO CRISTÓVÃO;SE;25;24;4;0,1667;;;SC
2016;4;UNIVERSIDADE FEDERAL DO AMAZONAS;UFAM;Universidade;Pessoa Jurídica de Direito Público - Federal;377;38;SERVIÇO SOCIAL;Educação Presencial;1302603;MANAUS;AM;96;84;76;0,9048;0,2049;2,7397;3
2016;4;UNIVERSIDADE FEDERAL DO AMAZONAS;UFAM;Universidade;Pessoa Jurídica de Direito Público - Federal;389;12;MEDICINA;Educação Presencial;1302603;MANAUS;AM;36;35;34;0,9714;-0,1420;2,7708;3
2016;4;UNIVERSIDADE FEDERAL DO AMAZONAS;UFAM;Universidade;Pessoa Jurídica de Direito Público - Federal;390;19;FARMÁCIA;Educação Presencial;1302603;MANAUS;AM;28;28;27;0,9643;0,0421;2,4318;3
2016;4;UNIVERSIDADE FEDERAL DO AMAZONAS;UFAM;Universidade;Pessoa Jurídica de Direito Público - Federal;391;6;ODONTOLOGIA;Educação Presencial;1302603;MANAUS;AM;23;23;18;0,7826;1,3630;3,9084;4
2016;4;UNIVERSIDADE FEDERAL DO AMAZONAS;UFAM;Universidade;Pessoa Jurídica de Direito Público - Federal;399;17;AGRONOMIA;Educação Presencial;1302603;MANAUS;AM;15;15;9;0,6000;2,2994;4,2453;5
2016;5;UNIVERSIDADE FEDERAL DO PIAUÍ;UFPI;Universidade;Pessoa Jurídica de Direito Público - Federal;484;12;MEDICINA;Educação Presencial;2211001;TERESINA;PI;45;45;43;0,9556;-0,7101;2,1515;3
2016;5;UNIVERSIDADE FEDERAL DO PIAUÍ;UFPI;Universidade;Pessoa Jurídica de Direito Público - Federal;485;6;ODONTOLOGIA;Educação Presencial;2211001;TERESINA;PI;50;49;46;0,9388;0,3134;2,8018;3
2016;5;UNIVERSIDADE FEDERAL DO PIAUÍ;UFPI;Universidade;Pessoa Jurídica de Direito Público - Federal;486;23;ENFERMAGEM;Educação Presencial;2211001;TERESINA;PI;48;48;47;0,9792;0,1997;2,5976;3
2016;5;UNIVERSIDADE FEDERAL DO PIAUÍ;UFPI;Universidade;Pessoa Jurídica de Direito Público - Federal;488;28;NUTRIÇÃO;Educação Presencial;2211001;TERESINA;PI;73;69;64;0,9275;-0,3428;2,2893;3
2016;5;UNIVERSIDADE FEDERAL DO PIAUÍ;UFPI;Universidade;Pessoa Jurídica de Direito Público - Federal;497;38;SERVIÇO SOCIAL;Educação Presencial;2211001;TERESINA;PI;37;33;33;1,0000;0,2490;2,7603;3
2016;5;UNIVERSIDADE FEDERAL DO PIAUÍ;UFPI;Universidade;Pessoa Jurídica de Direito Público - Federal;504;5;MEDICINA VETERINÁRIA;Educação Presencial;2211001;TERESINA;PI;53;52;41;0,7885;-0,0354;2,5701;3
2016;5;UNIVERSIDADE FEDERAL DO PIAUÍ;UFPI;Universidade;Pessoa Jurídica de Direito Público - Federal;508;17;AGRONOMIA;Educação Presencial;2211001;TERESINA;PI;43;42;34;0,8095;-0,2809;2,6865;3
2016;5;UNIVERSIDADE FEDERAL DO PIAUÍ;UFPI;Universidade;Pessoa Jurídica de Direito Público - Federal;516;19;FARMÁCIA;Educação Presencial;2211001;TERESINA;PI;25;23;22;0,9565;0,8139;2,7673;3
2016;6;UNIVERSIDADE FEDERAL DE OURO PRETO;UFOP;Universidade;Pessoa Jurídica de Direito Público - Federal;590;19;FARMÁCIA;Educação Presencial;3146107;OURO PRETO;MG;51;46;42;0,9130;-0,5314;2,1824;3
2016;6;UNIVERSIDADE FEDERAL DE OURO PRETO;UFOP;Universidade;Pessoa Jurídica de Direito Público - Federal;591;28;NUTRIÇÃO;Educação Presencial;3146107;OURO PRETO;MG;34;29;27;0,9310;0,1601;2,5161;3
2016;7;UNIVERSIDADE FEDERAL DE SÃO CARLOS;UFSCAR;Universidade;Pessoa Jurídica de Direito Público - Federal;626;23;ENFERMAGEM;Educação Presencial;3548906;SÃO CARLOS;SP;33;33;32;0,9697;0,2173;2,6059;3
2016;7;UNIVERSIDADE FEDERAL DE SÃO CARLOS;UFSCAR;Universidade;Pessoa Jurídica de Direito Público - Federal;627;36;FISIOTERAPIA;Educação Presencial;3548906;SÃO CARLOS;SP;13;9;9;1,0000;0,0635;2,5145;3
2016;7;UNIVERSIDADE FEDERAL DE SÃO CARLOS;UFSCAR;Universidade;Pessoa Jurídica de Direito Público - Federal;632;17;AGRONOMIA;Educação Presencial;3503307;ARARAS;SP;81;73;69;0,9452;-0,4173;2,6042;3
2016;8;UNIVERSIDADE FEDERAL DE VIÇOSA;UFV;Universidade;Pessoa Jurídica de Direito Público - Federal;685;17;AGRONOMIA;Educação Presencial;3171303;VIÇOSA;MG;200;188;182;0,9681;-0,5784;2,5068;3
2016;8;UNIVERSIDADE FEDERAL DE VIÇOSA;UFV;Universidade;Pessoa Jurídica de Direito Público - Federal;695;5;MEDICINA VETERINÁRIA;Educação Presencial;3171303;VIÇOSA;MG;80;80;79;0,9875;-0,8310;1,9712;3
2016;8;UNIVERSIDADE FEDERAL DE VIÇOSA;UFV;Universidade;Pessoa Jurídica de Direito Público - Federal;698;28;NUTRIÇÃO;Educação Presencial;3171303;VIÇOSA;MG;61;61;61;1,0000;0,2456;2,5547;3
2016;8;UNIVERSIDADE FEDERAL DE VIÇOSA;UFV;Universidade;Pessoa Jurídica de Direito Público - Federal;701;51;ZOOTECNIA;Educação Presencial;3171303;VIÇOSA;MG;50;47;43;0,9149;0,2918;2,9263;3
2016;9;UNIVERSIDADE ESTADUAL DE LONDRINA;UEL;Universidade;Pessoa Jurídica de Direito Público - Estadual;751;17;AGRONOMIA;Educação Presencial;4113700;LONDRINA;PR;69;68;53;0,7794;0,2254;2,9924;4
2016;9;UNIVERSIDADE ESTADUAL DE LONDRINA;UEL;Universidade;Pessoa Jurídica de Direito Público - Estadual;758;12;MEDICINA;Educação Presencial;4113700;LONDRINA;PR;86;86;78;0,9070;-0,0159;2,9083;3
2016;9;UNIVERSIDADE ESTADUAL DE LONDRINA;UEL;Universidade;Pessoa Jurídica de Direito Público - Estadual;759;36;FISIOTERAPIA;Educação Presencial;4113700;LONDRINA;PR;47;46;41;0,8913;-0,1972;2,3981;3
2016;9;UNIVERSIDADE ESTADUAL DE LONDRINA;UEL;Universidade;Pessoa Jurídica de Direito Público - Estadual;760;6;ODONTOLOGIA;Educação Presencial;4113700;LONDRINA;PR;50;48;39;0,8125;-0,1409;2,3228;3
2016;9;UNIVERSIDADE ESTADUAL DE LONDRINA;UEL;Universidade;Pessoa Jurídica de Direito Público - Estadual;761;19;FARMÁCIA;Educação Presencial;4113700;LONDRINA;PR;36;36;31;0,8611;-0,4307;2,2262;3
2016;9;UNIVERSIDADE ESTADUAL DE LONDRINA;UEL;Universidade;Pessoa Jurídica de Direito Público - Estadual;762;38;SERVIÇO SOCIAL;Educação Presencial;4113700;LONDRINA;PR;66;60;47;0,7833;-1,7652;1,8204;2
2016;9;UNIVERSIDADE ESTADUAL DE LONDRINA;UEL;Universidade;Pessoa Jurídica de Direito Público - Estadual;763;23;ENFERMAGEM;Educação Presencial;4113700;LONDRINA;PR;47;43;36;0,8372;-0,9814;2,0416;3
2016;9;UNIVERSIDADE ESTADUAL DE LONDRINA;UEL;Universidade;Pessoa Jurídica de Direito Público - Estadual;777;5;MEDICINA VETERINÁRIA;Educação Presencial;4113700;LONDRINA;PR;73;71;51;0,7183;0,1652;2,7211;3
2016;10;PONTIFÍCIA UNIVERSIDADE CATÓLICA DO PARANÁ;PUCPR;Universidade;Privada sem fins lucrativos;859;38;SERVIÇO SOCIAL;Educação Presencial;4106902;CURITIBA;PR;45;41;37;0,9024;0,3195;2,7932;3
2016;10;PONTIFÍCIA UNIVERSIDADE CATÓLICA DO PARANÁ;PUCPR;Universidade;Privada sem fins lucrativos;867;23;ENFERMAGEM;Educação Presencial;4106902;CURITIBA;PR;40;35;27;0,7714;0,0705;2,5368;3
2016;10;PONTIFÍCIA UNIVERSIDADE CATÓLICA DO PARANÁ;PUCPR;Universidade;Privada sem fins lucrativos;868;12;MEDICINA;Educação Presencial;4106902;CURITIBA;PR;165;164;159;0,9695;0,2632;3,2126;4
2016;10;PONTIFÍCIA UNIVERSIDADE CATÓLICA DO PARANÁ;PUCPR;Universidade;Privada sem fins lucrativos;869;6;ODONTOLOGIA;Educação Presencial;4106902;CURITIBA;PR;77;77;67;0,8701;-0,0037;2,4674;3
2016;10;PONTIFÍCIA UNIVERSIDADE CATÓLICA DO PARANÁ;PUCPR;Universidade;Privada sem fins lucrativos;870;36;FISIOTERAPIA;Educação Presencial;4106902;CURITIBA;PR;57;52;51;0,9808;-0,0941;2,4441;3
2016;10;PONTIFÍCIA UNIVERSIDADE CATÓLICA DO PARANÁ;PUCPR;Universidade;Privada sem fins lucrativos;886;17;AGRONOMIA;Educação Presencial;4125506;SÃO JOSÉ DOS PINHAIS;PR;58;49;32;0,6531;0,1532;2,9488;4
2016;10;PONTIFÍCIA UNIVERSIDADE CATÓLICA DO PARANÁ;PUCPR;Universidade;Privada sem fins lucrativos;888;5;MEDICINA VETERINÁRIA;Educação Presencial;4125506;SÃO JOSÉ DOS PINHAIS;PR;50;40;27;0,6750;-1,0830;1,7815;2
2016;11;UNIVERSIDADE CATÓLICA DE PERNAMBUCO;UNICAP;Universidade;Privada sem fins lucrativos;953;27;FONOAUDIOLOGIA;Educação Presencial;2611606;RECIFE;PE;7;7;7;1,0000;0,4907;2,5454;3
2016;11;UNIVERSIDADE CATÓLICA DE PERNAMBUCO;UNICAP;Universidade;Privada sem fins lucrativos;957;38;SERVIÇO SOCIAL;Educação Presencial;2611606;RECIFE;PE;49;44;30;0,6818;0,2273;2,7502;3
2016;12;UNIVERSIDADE FEDERAL DO RIO GRANDE;FURG;Universidade;Pessoa Jurídica de Direito Público - Federal;1026;12;MEDICINA;Educação Presencial;4315602;RIO GRANDE;RS;63;63;61;0,9683;-0,4333;2,4533;3
2016;12;UNIVERSIDADE FEDERAL DO RIO GRANDE;FURG;Universidade;Pessoa Jurídica de Direito Público - Federal;1043;23;ENFERMAGEM;Educação Presencial;4315602;RIO GRANDE;RS;32;32;31;0,9688;-0,3930;2,3186;3
2016;13;UNIVERSIDADE DE CAXIAS DO SUL;UCS;Universidade;Privada sem fins lucrativos;1098;38;SERVIÇO SOCIAL;Educação Presencial;4305108;CAXIAS DO SUL;RS;21;17;6;0,3529;4,1046;4,5594;5
2016;13;UNIVERSIDADE DE CAXIAS DO SUL;UCS;Universidade;Privada sem fins lucrativos;1107;12;MEDICINA;Educação Presencial;4305108;CAXIAS DO SUL;RS;77;77;73;0,9481;0,2119;3,1566;4
2016;14;UNIVERSIDADE DO VALE DO RIO DOS SINOS;UNISINOS;Universidade;Privada sem fins lucrativos;1225;23;ENFERMAGEM;Educação Presencial;4318705;SÃO LEOPOLDO;RS;52;52;30;0,5769;0,8814;2,9185;3
2016;14;UNIVERSIDADE DO VALE DO RIO DOS SINOS;UNISINOS;Universidade;Privada sem fins lucrativos;1227;28;NUTRIÇÃO;Educação Presencial;4318705;SÃO LEOPOLDO;RS;59;58;33;0,5690;0,3747;2,6129;3
2016;14;UNIVERSIDADE DO VALE DO RIO DOS SINOS;UNISINOS;Universidade;Privada sem fins lucrativos;1242;38;SERVIÇO SOCIAL;Educação Presencial;4318705;SÃO LEOPOLDO;RS;29;28;16;0,5714;0,3771;2,8200;3
2016;15;UNIVERSIDADE CATÓLICA DE PETRÓPOLIS;UCP;Universidade;Privada sem fins lucrativos;1322;36;FISIOTERAPIA;Educação Presencial;3303906;PETRÓPOLIS;RJ;11;10;6;0,6000;0,3749;2,6535;3
2016;17;UNIVERSIDADE FEDERAL DE UBERLÂNDIA;UFU;Universidade;Pessoa Jurídica de Direito Público - Federal;1433;17;AGRONOMIA;Educação Presencial;3170206;UBERLÂNDIA;MG;116;113;92;0,8142;-0,6889;2,4401;3
2016;17;UNIVERSIDADE FEDERAL DE UBERLÂNDIA;UFU;Universidade;Pessoa Jurídica de Direito Público - Federal;1439;12;MEDICINA;Educação Presencial;3170206;UBERLÂNDIA;MG;87;87;86;0,9885;-0,5762;2,2976;3
2016;17;UNIVERSIDADE FEDERAL DE UBERLÂNDIA;UFU;Universidade;Pessoa Jurídica de Direito Público - Federal;1440;5;MEDICINA VETERINÁRIA;Educação Presencial;3170206;UBERLÂNDIA;MG;88;83;76;0,9157;0,1203;2,6872;3
2016;17;UNIVERSIDADE FEDERAL DE UBERLÂNDIA;UFU;Universidade;Pessoa Jurídica de Direito Público - Federal;1441;6;ODONTOLOGIA;Educação Presencial;3170206;UBERLÂNDIA;MG;85;82;76;0,9268;-0,2979;2,1573;3
2016;18;UNIVERSIDADE CATÓLICA DE PELOTAS;UCPEL;Universidade;Privada sem fins lucrativos;1518;12;MEDICINA;Educação Presencial;4314407;PELOTAS;RS;83;83;81;0,9759;-0,6612;2,2049;3
2016;18;UNIVERSIDADE CATÓLICA DE PELOTAS;UCPEL;Universidade;Privada sem fins lucrativos;1526;38;SERVIÇO SOCIAL;Educação Presencial;4314407;PELOTAS;RS;33;32;29;0,9063;0,0922;2,6871;3
2016;19;PONTIFÍCIA UNIVERSIDADE CATÓLICA DE CAMPINAS;PUC-CAMPINAS;Universidade;Privada sem fins lucrativos;1627;23;ENFERMAGEM;Educação Presencial;3509502;CAMPINAS;SP;56;56;50;0,8929;0,3079;2,6485;3
2016;19;PONTIFÍCIA UNIVERSIDADE CATÓLICA DE CAMPINAS;PUC-CAMPINAS;Universidade;Privada sem fins lucrativos;1628;36;FISIOTERAPIA;Educação Presencial;3509502;CAMPINAS;SP;38;36;32;0,8889;0,0059;2,4887;3
2016;19;PONTIFÍCIA UNIVERSIDADE CATÓLICA DE CAMPINAS;PUC-CAMPINAS;Universidade;Privada sem fins lucrativos;1629;12;MEDICINA;Educação Presencial;3509502;CAMPINAS;SP;133;133;128;0,9624;-1,7105;1,0610;2
2016;19;PONTIFÍCIA UNIVERSIDADE CATÓLICA DE CAMPINAS;PUC-CAMPINAS;Universidade;Privada sem fins lucrativos;1630;28;NUTRIÇÃO;Educação Presencial;3509502;CAMPINAS;SP;27;26;22;0,8462;0,5678;2,7000;3
2016;19;PONTIFÍCIA UNIVERSIDADE CATÓLICA DE CAMPINAS;PUC-CAMPINAS;Universidade;Privada sem fins lucrativos;1631;6;ODONTOLOGIA;Educação Presencial;3509502;CAMPINAS;SP;77;76;69;0,9079;-0,2013;2,2591;3
2016;19;PONTIFÍCIA UNIVERSIDADE CATÓLICA DE CAMPINAS;PUC-CAMPINAS;Universidade;Privada sem fins lucrativos;1644;27;FONOAUDIOLOGIA;Educação Presencial;3509502;CAMPINAS;SP;18;18;16;0,8889;0,5016;2,5505;3
2016;19;PONTIFÍCIA UNIVERSIDADE CATÓLICA DE CAMPINAS;PUC-CAMPINAS;Universidade;Privada sem fins lucrativos;1650;38;SERVIÇO SOCIAL;Educação Presencial;3509502;CAMPINAS;SP;40;35;28;0,8000;0,2377;2,7550;3
2016;20;UNIVERSIDADE DE PASSO FUNDO;UPF;Universidade;Privada sem fins lucrativos;1725;12;MEDICINA;Educação Presencial;4314100;PASSO FUNDO;RS;95;93;59;0,6344;0,4264;3,3905;4
2016;20;UNIVERSIDADE DE PASSO FUNDO;UPF;Universidade;Privada sem fins lucrativos;1726;6;ODONTOLOGIA;Educação Presencial;4314100;PASSO FUNDO;RS;58;57;52;0,9123;0,1384;2,6172;3
2016;20;UNIVERSIDADE DE PASSO FUNDO;UPF;Universidade;Privada sem fins lucrativos;1727;23;ENFERMAGEM;Educação Presencial;4314100;PASSO FUNDO;RS;54;47;45;0,9574;0,4350;2,7084;3
2016;20;UNIVERSIDADE DE PASSO FUNDO;UPF;Universidade;Privada sem fins lucrativos;1728;17;AGRONOMIA;Educação Presencial;4314100;PASSO FUNDO;RS;84;77;56;0,7273;0,2143;2,9857;4
2016;21;PONTIFÍCIA UNIVERSIDADE CATÓLICA DO RIO GRANDE DO SUL;PUCRS;Universidade;Privada sem fins lucrativos;1879;12;MEDICINA;Educação Presencial;4314902;PORTO ALEGRE;RS;68;68;67;0,9853;0,1692;3,1102;4
2016;21;PONTIFÍCIA UNIVERSIDADE CATÓLICA DO RIO GRANDE DO SUL;PUCRS;Universidade;Privada sem fins lucrativos;1883;6;ODONTOLOGIA;Educação Presencial;4314902;PORTO ALEGRE;RS;70;70;65;0,9286;0,2585;2,7438;3
2016;21;PONTIFÍCIA UNIVERSIDADE CATÓLICA DO RIO GRANDE DO SUL;PUCRS;Universidade;Privada sem fins lucrativos;1887;38;SERVIÇO SOCIAL;Educação Presencial;4314902;PORTO ALEGRE;RS;58;56;45;0,8036;-0,8822;2,2324;3
2016;21;PONTIFÍCIA UNIVERSIDADE CATÓLICA DO RIO GRANDE DO SUL;PUCRS;Universidade;Privada sem fins lucrativos;1924;19;FARMÁCIA;Educação Presencial;4314902;PORTO ALEGRE;RS;62;61;38;0,6230;0,4467;2,6077;3
2016;23;UNIVERSIDADE FEEVALE;FEEVALE;Universidade;Privada sem fins lucrativos;2089;36;FISIOTERAPIA;Educação Presencial;4313409;NOVO HAMBURGO;RS;48;48;17;0,3542;0,8110;2,8482;3
2016;24;UNIVERSIDADE ESTADUAL DE SANTA CRUZ;UESC;Universidade;Pessoa Jurídica de Direito Público - Estadual;2112;23;ENFERMAGEM;Educação Presencial;2913606;ILHÉUS;BA;49;46;43;0,9348;-0,8484;2,1042;3
2016;24;UNIVERSIDADE ESTADUAL DE SANTA CRUZ;UESC;Universidade;Pessoa Jurídica de Direito Público - Estadual;2113;17;AGRONOMIA;Educação Presencial;2913606;ILHÉUS;BA;28;28;20;0,7143;1,3827;3,6915;4
2016;4;UNIVERSIDADE FEDERAL DO AMAZONAS;UFAM;Universidade;Pessoa Jurídica de Direito Público - Federal;2133;23;ENFERMAGEM;Educação Presencial;1302603;MANAUS;AM;39;37;29;0,7838;0,4032;2,6934;3
2016;27;UNIVERSIDADE VALE DO RIO VERDE;UNINCOR;Universidade;Privada sem fins lucrativos;2147;6;ODONTOLOGIA;Educação Presencial;3169307;TRÊS CORAÇÕES;MG;29;28;22;0,7857;-0,6370;1,7997;2
2016;29;UNIVERSIDADE ESTADUAL DO CEARÁ;UECE;Universidade;Pessoa Jurídica de Direito Público - Estadual;2191;5;MEDICINA VETERINÁRIA;Educação Presencial;2304400;FORTALEZA;CE;60;51;32;0,6275;0,0594;2,6414;3
2016;29;UNIVERSIDADE ESTADUAL DO CEARÁ;UECE;Universidade;Pessoa Jurídica de Direito Público - Estadual;2192;23;ENFERMAGEM;Educação Presencial;2304400;FORTALEZA;CE;53;50;45;0,9000;0,1759;2,5864;3
2016;29;UNIVERSIDADE ESTADUAL DO CEARÁ;UECE;Universidade;Pessoa Jurídica de Direito Público - Estadual;2202;28;NUTRIÇÃO;Educação Presencial;2304400;FORTALEZA;CE;71;68;61;0,8971;0,4951;2,6672;3
2016;29;UNIVERSIDADE ESTADUAL DO CEARÁ;UECE;Universidade;Pessoa Jurídica de Direito Público - Estadual;2214;38;SERVIÇO SOCIAL;Educação Presencial;2304400;FORTALEZA;CE;206;169;136;0,8047;-3,0506;1,2206;2
2016;30;UNIVERSIDADE JOSÉ DO ROSÁRIO VELLANO;UNIFENAS;Universidade;Privada sem fins lucrativos;2295;5;MEDICINA VETERINÁRIA;Educação Presencial;3101607;ALFENAS;MG;36;34;30;0,8824;0,5922;3,0425;4
2016;30;UNIVERSIDADE JOSÉ DO ROSÁRIO VELLANO;UNIFENAS;Universidade;Privada sem fins lucrativos;2297;6;ODONTOLOGIA;Educação Presencial;3101607;ALFENAS;MG;116;113;105;0,9292;0,0589;2,5334;3
2016;30;UNIVERSIDADE JOSÉ DO ROSÁRIO VELLANO;UNIFENAS;Universidade;Privada sem fins lucrativos;2298;17;AGRONOMIA;Educação Presencial;3101607;ALFENAS;MG;25;19;17;0,8947;-2,1230;1,5738;2
2016;30;UNIVERSIDADE JOSÉ DO ROSÁRIO VELLANO;UNIFENAS;Universidade;Privada sem fins lucrativos;2304;12;MEDICINA;Educação Presencial;3101607;ALFENAS;MG;163;162;149;0,9198;-0,5314;2,3464;3
2016;32;UNIVERSIDADE ESTADUAL DE CIÊNCIAS DA SAÚDE DE ALAGOAS - UNCISAL;UNCISAL;Universidade;Pessoa Jurídica de Direito Público - Estadual;2348;12;MEDICINA;Educação Presencial;2704302;MACEIÓ;AL;48;47;39;0,8298;-1,2416;1,5722;2
2016;32;UNIVERSIDADE ESTADUAL DE CIÊNCIAS DA SAÚDE DE ALAGOAS - UNCISAL;UNCISAL;Universidade;Pessoa Jurídica de Direito Público - Estadual;2350;27;FONOAUDIOLOGIA;Educação Presencial;2704302;MACEIÓ;AL;24;24;22;0,9167;-0,0705;2,2849;3
2016;32;UNIVERSIDADE ESTADUAL DE CIÊNCIAS DA SAÚDE DE ALAGOAS - UNCISAL;UNCISAL;Universidade;Pessoa Jurídica de Direito Público - Estadual;2351;36;FISIOTERAPIA;Educação Presencial;2704302;MACEIÓ;AL;39;39;32;0,8205;0,2642;2,6041;3
2016;40;UNIVERSIDADE DO ESTADO DA BAHIA;UNEB;Universidade;Pessoa Jurídica de Direito Público - Estadual;2442;17;AGRONOMIA;Educação Presencial;2918407;JUAZEIRO;BA;45;43;34;0,7907;-12,9491;0,0000;1
2016;40;UNIVERSIDADE DO ESTADO DA BAHIA;UNEB;Universidade;Pessoa Jurídica de Direito Público - Estadual;2451;28;NUTRIÇÃO;Educação Presencial;2927408;SALVADOR;BA;36;35;31;0,8857;-0,7251;2,1170;3
2016;43;FUNDAÇÃO UNIVERSIDADE DO ESTADO DE SANTA CATARINA;UDESC;Universidade;Pessoa Jurídica de Direito Público - Estadual;2535;5;MEDICINA VETERINÁRIA;Educação Presencial;4209300;LAGES;SC;50;49;39;0,7959;0,1539;2,7126;3
2016;43;FUNDAÇÃO UNIVERSIDADE DO ESTADO DE SANTA CATARINA;UDESC;Universidade;Pessoa Jurídica de Direito Público - Estadual;2536;17;AGRONOMIA;Educação Presencial;4209300;LAGES;SC;50;48;31;0,6458;1,1787;3,5683;4
2016;43;FUNDAÇÃO UNIVERSIDADE DO ESTADO DE SANTA CATARINA;UDESC;Universidade;Pessoa Jurídica de Direito Público - Estadual;2544;36;FISIOTERAPIA;Educação Presencial;4205407;FLORIANÓPOLIS;SC;12;12;11;0,9167;2,5686;3,6329;4
2016;54;UNIVERSIDADE ESTADUAL DE CAMPINAS;UNICAMP;Universidade;Pessoa Jurídica de Direito Público - Estadual;2694;6;ODONTOLOGIA;Educação Presencial;3538709;PIRACICABA;SP;79;79;78;0,9873;-0,1129;2,3523;3
2016;54;UNIVERSIDADE ESTADUAL DE CAMPINAS;UNICAMP;Universidade;Pessoa Jurídica de Direito Público - Estadual;2695;12;MEDICINA;Educação Presencial;3509502;CAMPINAS;SP;106;106;102;0,9623;0,1161;3,0522;4
2016;54;UNIVERSIDADE ESTADUAL DE CAMPINAS;UNICAMP;Universidade;Pessoa Jurídica de Direito Público - Estadual;2701;23;ENFERMAGEM;Educação Presencial;3509502;CAMPINAS;SP;39;37;37;1,0000;-1,5637;1,7675;2
2016;56;UNIVERSIDADE ESTADUAL PAULISTA JÚLIO DE MESQUITA FILHO;UNESP;Universidade;Pessoa Jurídica de Direito Público - Estadual;3127;6;ODONTOLOGIA;Educação Presencial;3503208;ARARAQUARA;SP;76;75;73;0,9733;-0,5989;1,8400;2
2016;56;UNIVERSIDADE ESTADUAL PAULISTA JÚLIO DE MESQUITA FILHO;UNESP;Universidade;Pessoa Jurídica de Direito Público - Estadual;3128;19;FARMÁCIA;Educação Presencial;3503208;ARARAQUARA;SP;182;176;157;0,8920;-1,2502;1,8700;2
2016;56;UNIVERSIDADE ESTADUAL PAULISTA JÚLIO DE MESQUITA FILHO;UNESP;Universidade;Pessoa Jurídica de Direito Público - Estadual;3137;38;SERVIÇO SOCIAL;Educação Presencial;3516200;FRANCA;SP;104;86;75;0,8721;-2,4312;1,5096;2
2016;56;UNIVERSIDADE ESTADUAL PAULISTA JÚLIO DE MESQUITA FILHO;UNESP;Universidade;Pessoa Jurídica de Direito Público - Estadual;3138;51;ZOOTECNIA;Educação Presencial;3524303;JABOTICABAL;SP;60;54;42;0,7778;-0,6218;2,5476;3
2016;56;UNIVERSIDADE ESTADUAL PAULISTA JÚLIO DE MESQUITA FILHO;UNESP;Universidade;Pessoa Jurídica de Direito Público - Estadual;3139;17;AGRONOMIA;Educação Presencial;3524303;JABOTICABAL;SP;103;92;82;0,8913;-1,7901;1,7749;2
2016;56;UNIVERSIDADE ESTADUAL PAULISTA JÚLIO DE MESQUITA FILHO;UNESP;Universidade;Pessoa Jurídica de Direito Público - Estadual;3140;5;MEDICINA VETERINÁRIA;Educação Presencial;3524303;JABOTICABAL;SP;57;56;55;0,9821;0,1633;2,7197;3
2016;56;UNIVERSIDADE ESTADUAL PAULISTA JÚLIO DE MESQUITA FILHO;UNESP;Universidade;Pessoa Jurídica de Direito Público - Estadual;3148;12;MEDICINA;Educação Presencial;3507506;BOTUCATU;SP;86;86;86;1,0000;-1,2912;1,5180;2
2016;56;UNIVERSIDADE ESTADUAL PAULISTA JÚLIO DE MESQUITA FILHO;UNESP;Universidade;Pessoa Jurídica de Direito Público - Estadual;3151;17;AGRONOMIA;Educação Presencial;3507506;BOTUCATU;SP;104;92;83;0,9022;-2,1490;1,5581;2
2016;56;UNIVERSIDADE ESTADUAL PAULISTA JÚLIO DE MESQUITA FILHO;UNESP;Universidade;Pessoa Jurídica de Direito Público - Estadual;3160;17;AGRONOMIA;Educação Presencial;3520442;ILHA SOLTEIRA;SP;109;99;79;0,7980;-2,3051;1,4638;2
2016;56;UNIVERSIDADE ESTADUAL PAULISTA JÚLIO DE MESQUITA FILHO;UNESP;Universidade;Pessoa Jurídica de Direito Público - Estadual;3161;6;ODONTOLOGIA;Educação Presencial;3502804;ARAÇATUBA;SP;104;103;98;0,9515;0,0310;2,5040;3
2016;56;UNIVERSIDADE ESTADUAL PAULISTA JÚLIO DE MESQUITA FILHO;UNESP;Universidade;Pessoa Jurídica de Direito Público - Estadual;3173;6;ODONTOLOGIA;Educação Presencial;3549904;SÃO JOSÉ DOS CAMPOS;SP;76;76;72;0,9474;-0,0781;2,3890;3
2016;56;UNIVERSIDADE ESTADUAL PAULISTA JÚLIO DE MESQUITA FILHO;UNESP;Universidade;Pessoa Jurídica de Direito Público - Estadual;3176;5;MEDICINA VETERINÁRIA;Educação Presencial;3507506;BOTUCATU;SP;50;49;46;0,9388;-0,1264;2,5016;3
2016;56;UNIVERSIDADE ESTADUAL PAULISTA JÚLIO DE MESQUITA FILHO;UNESP;Universidade;Pessoa Jurídica de Direito Público - Estadual;3177;51;ZOOTECNIA;Educação Presencial;3507506;BOTUCATU;SP;70;60;58;0,9667;-0,6700;2,5276;3
2016;56;UNIVERSIDADE ESTADUAL PAULISTA JÚLIO DE MESQUITA FILHO;UNESP;Universidade;Pessoa Jurídica de Direito Público - Estadual;3206;36;FISIOTERAPIA;Educação Presencial;3541406;PRESIDENTE PRUDENTE;SP;42;40;36;0,9000;-0,3603;2,3253;3
2016;56;UNIVERSIDADE ESTADUAL PAULISTA JÚLIO DE MESQUITA FILHO;UNESP;Universidade;Pessoa Jurídica de Direito Público - Estadual;3215;23;ENFERMAGEM;Educação Presencial;3507506;BOTUCATU;SP;36;35;34;0,9714;-1,9037;1,6075;2
2016;56;UNIVERSIDADE ESTADUAL PAULISTA JÚLIO DE MESQUITA FILHO;UNESP;Universidade;Pessoa Jurídica de Direito Público - Estadual;3220;27;FONOAUDIOLOGIA;Educação Presencial;3529005;MARÍLIA;SP;34;32;31;0,9688;-3,0515;0,9007;1
2016;56;UNIVERSIDADE ESTADUAL PAULISTA JÚLIO DE MESQUITA FILHO;UNESP;Universidade;Pessoa Jurídica de Direito Público - Estadual;3221;5;MEDICINA VETERINÁRIA;Educação Presencial;3502804;ARAÇATUBA;SP;46;46;41;0,8913;0,6303;3,0711;4
2016;57;UNIVERSIDADE ESTADUAL DE MARINGÁ;UEM;Universidade;Pessoa Jurídica de Direito Público - Estadual;3411;19;FARMÁCIA;Educação Presencial;4115200;MARINGÁ;PR;55;54;40;0,7407;0,4736;2,6193;3
2016;57;UNIVERSIDADE ESTADUAL DE MARINGÁ;UEM;Universidade;Pessoa Jurídica de Direito Público - Estadual;3412;51;ZOOTECNIA;Educação Presencial;4115200;MARINGÁ;PR;44;42;23;0,5476;0,4009;2,9716;4
2016;57;UNIVERSIDADE ESTADUAL DE MARINGÁ;UEM;Universidade;Pessoa Jurídica de Direito Público - Estadual;3413;17;AGRONOMIA;Educação Presencial;4115200;MARINGÁ;PR;73;73;52;0,7123;0,4798;3,1461;4
2016;57;UNIVERSIDADE ESTADUAL DE MARINGÁ;UEM;Universidade;Pessoa Jurídica de Direito Público - Estadual;3417;6;ODONTOLOGIA;Educação Presencial;4115200;MARINGÁ;PR;30;30;28;0,9333;0,9430;3,4656;4
2016;57;UNIVERSIDADE ESTADUAL DE MARINGÁ;UEM;Universidade;Pessoa Jurídica de Direito Público - Estadual;3418;12;MEDICINA;Educação Presencial;4115200;MARINGÁ;PR;42;42;39;0,9286;0,5846;3,5630;4
2016;3641;CENTRO UNIVERSITÁRIO DA FUNDAÇÃO EDUCACIONAL DE BARRETOS;UNIFEB;Centro Universitário;Privada sem fins lucrativos;3527;6;ODONTOLOGIA;Educação Presencial;3505500;BARRETOS;SP;72;68;60;0,8824;0,1369;2,6157;3
2016;71;UNIVERSIDADE DO ESTADO DO RIO GRANDE DO NORTE;UERN;Universidade;Pessoa Jurídica de Direito Público - Estadual;3562;38;SERVIÇO SOCIAL;Educação Presencial;2408003;MOSSORÓ;RN;55;50;44;0,8800;-0,3579;2,4771;3
2016;71;UNIVERSIDADE DO ESTADO DO RIO GRANDE DO NORTE;UERN;Universidade;Pessoa Jurídica de Direito Público - Estadual;3564;23;ENFERMAGEM;Educação Presencial;2408003;MOSSORÓ;RN;11;11;11;1,0000;-0,1505;2,4327;3
2016;18492;Universidade Estadual do Paraná;UNESPAR;Universidade;Pessoa Jurídica de Direito Público - Estadual;3641;23;ENFERMAGEM;Educação Presencial;4118402;PARANAVAÍ;PR;24;24;18;0,7500;-1,0555;2,0068;3
2016;76;UNIVERSIDADE REGIONAL DE BLUMENAU;FURB;Universidade;Pessoa Jurídica de Direito Público - Municipal;3672;38;SERVIÇO SOCIAL;Educação Presencial;4202404;BLUMENAU;SC;23;23;5;0,2174;2,2424;3,6904;4
2016;76;UNIVERSIDADE REGIONAL DE BLUMENAU;FURB;Universidade;Pessoa Jurídica de Direito Público - Municipal;3677;12;MEDICINA;Educação Presencial;4202404;BLUMENAU;SC;65;65;56;0,8615;-1,6585;1,1176;2
2016;76;UNIVERSIDADE REGIONAL DE BLUMENAU;FURB;Universidade;Pessoa Jurídica de Direito Público - Municipal;3683;36;FISIOTERAPIA;Educação Presencial;4202404;BLUMENAU;SC;15;15;12;0,8000;2,0001;3,3790;4
2016;3151;UNIVERSIDADE COMUNITÁRIA DA REGIÃO DE CHAPECÓ;UNOCHAPECÓ;Universidade;Pessoa Jurídica de Direito Privado - Sem fins lucrativos - Fundação;3844;38;SERVIÇO SOCIAL;Educação Presencial;4204202;CHAPECÓ;SC;34;28;13;0,4643;1,1942;3,2013;4
2016;3151;UNIVERSIDADE COMUNITÁRIA DA REGIÃO DE CHAPECÓ;UNOCHAPECÓ;Universidade;Pessoa Jurídica de Direito Privado - Sem fins lucrativos - Fundação;3851;17;AGRONOMIA;Educação Presencial;4204202;CHAPECÓ;SC;64;40;26;0,6500;0,7345;3,2999;4
2016;83;UNIVERSIDADE DO VALE DO ITAJAÍ;UNIVALI;Universidade;Pessoa Jurídica de Direito Privado - Sem fins lucrativos - Fundação;3932;6;ODONTOLOGIA;Educação Presencial;4208203;ITAJAÍ;SC;67;67;40;0,5970;0,5553;3,0567;4
2016;83;UNIVERSIDADE DO VALE DO ITAJAÍ;UNIVALI;Universidade;Pessoa Jurídica de Direito Privado - Sem fins lucrativos - Fundação;3936;27;FONOAUDIOLOGIA;Educação Presencial;4208203;ITAJAÍ;SC;22;19;7;0,3684;5,7769;5,0000;5
2016;83;UNIVERSIDADE DO VALE DO ITAJAÍ;UNIVALI;Universidade;Pessoa Jurídica de Direito Privado - Sem fins lucrativos - Fundação;3947;36;FISIOTERAPIA;Educação Presencial;4208203;ITAJAÍ;SC;41;41;29;0,7073;0,8445;2,8631;3
2016;83;UNIVERSIDADE DO VALE DO ITAJAÍ;UNIVALI;Universidade;Pessoa Jurídica de Direito Privado - Sem fins lucrativos - Fundação;3949;28;NUTRIÇÃO;Educação Presencial;4208203;ITAJAÍ;SC;46;46;26;0,5652;0,9548;2,8745;3
2016;15015;Universidade Estadual do Norte do Paraná;UENP;Universidade;Pessoa Jurídica de Direito Público - Estadual;4056;17;AGRONOMIA;Educação Presencial;4102406;BANDEIRANTES;PR;43;41;34;0,8293;0,9761;3,4459;4
2016;3974;UNIVERSIDADE DE RIO VERDE;FESURV;Universidade;Pessoa Jurídica de Direito Público - Municipal;4068;17;AGRONOMIA;Educação Presencial;5218805;RIO VERDE;GO;97;79;47;0,5949;-0,5008;2,5537;3
2016;93;FACULDADE DE MEDICINA DE JUNDIAÍ;FMJ;Faculdade ;Pessoa Jurídica de Direito Público - Municipal;4082;12;MEDICINA;Educação Presencial;3525904;JUNDIAÍ;SP;75;75;72;0,9600;0,0269;2,9550;4
2016;95;UNIVERSIDADE ESTADUAL DO VALE DO ACARAÚ;UVA;Universidade;Pessoa Jurídica de Direito Público - Estadual;4087;23;ENFERMAGEM;Educação Presencial;2312908;SOBRAL;CE;66;64;60;0,9375;0,2356;2,6145;3
2016;95;UNIVERSIDADE ESTADUAL DO VALE DO ACARAÚ;UVA;Universidade;Pessoa Jurídica de Direito Público - Estadual;4104;51;ZOOTECNIA;Educação Presencial;2312908;SOBRAL;CE;38;37;29;0,7838;0,0770;2,8373;3
2016;3972;CENTRO SUPERIOR DE ENSINO E PESQUISA DE MACHADO;CESEP;Faculdade ;Privada sem fins lucrativos;4144;17;AGRONOMIA;Educação Presencial;3139003;MACHADO;MG;23;23;11;0,4783;0,7266;3,2952;4
2016;997;Centro Universitário de Bauru;0;Centro Universitário;Privada sem fins lucrativos;4278;38;SERVIÇO SOCIAL;Educação Presencial;3506003;BAURU;SP;28;25;16;0,6400;-0,3724;2,4703;3
2016;1841;CENTRO UNIVERSITÁRIO ANTÔNIO EUFRÁSIO DE TOLEDO DE PRESIDENTE PRUDENTE - TOLEDO PRUDENTE;TOLEDO PRUDENTE;Centro Universitário;Privada sem fins lucrativos;4304;38;SERVIÇO SOCIAL;Educação Presencial;3541406;PRESIDENTE PRUDENTE;SP;55;43;23;0,5349;1,2120;3,2097;4
2016;135;CENTRO UNIVERSITÁRIO CLARETIANO;CEUCLAR;Centro Universitário;Privada sem fins lucrativos;4375;36;FISIOTERAPIA;Educação Presencial;3505906;BATATAIS;SP;52;51;45;0,8824;0,1994;2,5751;3
2016;137;UNIVERSIDADE DO SAGRADO CORAÇÃO;USC;Universidade;Privada sem fins lucrativos;4399;19;FARMÁCIA;Educação Presencial;3506003;BAURU;SP;15;14;12;0,8571;1,9640;3,2672;4
2016;137;UNIVERSIDADE DO SAGRADO CORAÇÃO;USC;Universidade;Privada sem fins lucrativos;4407;23;ENFERMAGEM;Educação Presencial;3506003;BAURU;SP;20;20;15;0,7500;0,3548;2,6706;3
2016;137;UNIVERSIDADE DO SAGRADO CORAÇÃO;USC;Universidade;Privada sem fins lucrativos;4408;28;NUTRIÇÃO;Educação Presencial;3506003;BAURU;SP;32;32;25;0,7813;0,7540;2,7839;3
2016;137;UNIVERSIDADE DO SAGRADO CORAÇÃO;USC;Universidade;Privada sem fins lucrativos;4415;6;ODONTOLOGIA;Educação Presencial;3506003;BAURU;SP;76;75;58;0,7733;0,0415;2,5151;3
2016;137;UNIVERSIDADE DO SAGRADO CORAÇÃO;USC;Universidade;Privada sem fins lucrativos;4418;36;FISIOTERAPIA;Educação Presencial;3506003;BAURU;SP;44;44;38;0,8636;0,8825;2,8801;3
2016;140;UNIVERSIDADE SEVERINO SOMBRA;USS;Universidade;Privada sem fins lucrativos;4503;12;MEDICINA;Educação Presencial;3306206;VASSOURAS;RJ;102;102;76;0,7451;0,1239;3,0607;4
2016;142;CENTRO UNIVERSITÁRIO DO TRIÂNGULO;UNITRI;Centro Universitário;Pessoa Jurídica de Direito Privado - Sem fins lucrativos - Fundação;4535;36;FISIOTERAPIA;Educação Presencial;3170206;UBERLÂNDIA;MG;27;25;18;0,7200;0,3591;2,6464;3
2016;143;UNIVERSIDADE DE UBERABA;UNIUBE;Universidade;Privada sem fins lucrativos;4585;6;ODONTOLOGIA;Educação Presencial;3170107;UBERABA;MG;132;130;111;0,8538;0,2671;2,7529;3
2016;146;CENTRO UNIVERSITÁRIO DE RIO PRETO;UNIRP;Centro Universitário;Privada com fins lucrativos;4679;5;MEDICINA VETERINÁRIA;Educação Presencial;3549805;SÃO JOSÉ DO RIO PRETO;SP;126;126;74;0,5873;-0,1735;2,4661;3
2016;149;FACULDADE DE MEDICINA DE SÃO JOSÉ DO RIO PRETO;FAMERP;Faculdade ;Pessoa Jurídica de Direito Público - Estadual;4720;12;MEDICINA;Educação Presencial;3549805;SÃO JOSÉ DO RIO PRETO;SP;62;62;60;0,9677;-0,0389;2,8832;3
2016;149;FACULDADE DE MEDICINA DE SÃO JOSÉ DO RIO PRETO;FAMERP;Faculdade ;Pessoa Jurídica de Direito Público - Estadual;4721;23;ENFERMAGEM;Educação Presencial;3549805;SÃO JOSÉ DO RIO PRETO;SP;38;38;37;0,9737;1,0933;3,0182;4
2016;163;UNIVERSIDADE ESTÁCIO DE SÁ;UNESA;Universidade;Privada com fins lucrativos;4913;36;FISIOTERAPIA;Educação Presencial;3304557;RIO DE JANEIRO;RJ;13;9;1;0,1111;;;SC
2016;163;UNIVERSIDADE ESTÁCIO DE SÁ;UNESA;Universidade;Privada com fins lucrativos;4940;36;FISIOTERAPIA;Educação Presencial;3304557;RIO DE JANEIRO;RJ;9;9;1;0,1111;;;SC
2016;163;UNIVERSIDADE ESTÁCIO DE SÁ;UNESA;Universidade;Privada com fins lucrativos;4959;5;MEDICINA VETERINÁRIA;Educação Presencial;3304557;RIO DE JANEIRO;RJ;61;59;33;0,5593;-0,2923;2,3767;3
2016;163;UNIVERSIDADE ESTÁCIO DE SÁ;UNESA;Universidade;Privada com fins lucrativos;4966;36;FISIOTERAPIA;Educação Presencial;3303401;NOVA FRIBURGO;RJ;9;8;4;0,5000;-5,5567;0,0053;1
2016;165;UNIVERSIDADE VEIGA DE ALMEIDA;UVA;Universidade;Privada com fins lucrativos;5073;38;SERVIÇO SOCIAL;Educação Presencial;3304557;RIO DE JANEIRO;RJ;29;24;14;0,5833;-0,3237;2,4931;3
2016;165;UNIVERSIDADE VEIGA DE ALMEIDA;UVA;Universidade;Privada com fins lucrativos;5075;27;FONOAUDIOLOGIA;Educação Presencial;3304557;RIO DE JANEIRO;RJ;55;49;26;0,5306;-0,8477;1,9239;2
2016;167;UNIVERSIDADE METODISTA DE SÃO PAULO;UMESP;Universidade;Privada sem fins lucrativos;5117;6;ODONTOLOGIA;Educação Presencial;3548708;SÃO BERNARDO DO CAMPO;SP;61;60;49;0,8167;-0,0825;2,3844;3
2016;167;UNIVERSIDADE METODISTA DE SÃO PAULO;UMESP;Universidade;Privada sem fins lucrativos;5133;5;MEDICINA VETERINÁRIA;Educação Presencial;3548708;SÃO BERNARDO DO CAMPO;SP;57;57;44;0,7719;0,2521;2,7865;3
2016;1586;UNIVERSIDADE DO VALE DO SAPUCAÍ;UNIVÁS;Universidade;Privada sem fins lucrativos;5206;12;MEDICINA;Educação Presencial;3152501;POUSO ALEGRE;MG;84;83;79;0,9518;-0,2090;2,6978;3
2016;176;UNIVERSIDADE CASTELO BRANCO;UCB;Universidade;Privada sem fins lucrativos;5221;36;FISIOTERAPIA;Educação Presencial;3304557;RIO DE JANEIRO;RJ;70;66;46;0,6970;0,0011;2,4866;3
2016;176;UNIVERSIDADE CASTELO BRANCO;UCB;Universidade;Privada sem fins lucrativos;5228;38;SERVIÇO SOCIAL;Educação Presencial;3304557;RIO DE JANEIRO;RJ;81;72;27;0,3750;-1,5075;1,9407;2
2016;2409;FACULDADE ASCES;ASCES;Centro Universitário;Privada sem fins lucrativos;5277;6;ODONTOLOGIA;Educação Presencial;2604106;CARUARU;PE;83;83;75;0,9036;0,2868;2,7737;3
2016;3372;CENTRO UNIVERSITÁRIO DE LAVRAS;UNILAVRAS;Centro Universitário;Privada sem fins lucrativos;5283;6;ODONTOLOGIA;Educação Presencial;3138203;LAVRAS;MG;43;43;41;0,9535;-0,1413;2,3223;3
2016;190;ESCOLA DE MEDICINA SOUZA MARQUES DA FUNDAÇÃO TÉCNICO-EDUCACIONAL SOUZA MARQUES;EMSM;Faculdade ;Privada sem fins lucrativos;5345;12;MEDICINA;Educação Presencial;3304557;RIO DE JANEIRO;RJ;166;163;155;0,9509;-0,9047;1,9394;2
2016;203;UNIVERSIDADE SÃO JUDAS TADEU;USJT;Universidade;Privada com fins lucrativos;5496;28;NUTRIÇÃO;Educação Presencial;3550308;SÃO PAULO;SP;35;35;33;0,9429;1,2073;2,9883;4
2016;208;UNIVERSIDADE DE RIBEIRÃO PRETO;UNAERP;Universidade;Privada sem fins lucrativos;5613;38;SERVIÇO SOCIAL;Educação Presencial;3543402;RIBEIRÃO PRETO;SP;21;19;13;0,6842;0,1059;2,6935;3
2016;208;UNIVERSIDADE DE RIBEIRÃO PRETO;UNAERP;Universidade;Privada sem fins lucrativos;5623;6;ODONTOLOGIA;Educação Presencial;3543402;RIBEIRÃO PRETO;SP;95;94;81;0,8617;-0,5683;1,8722;2
2016;457;UNIVERSIDADE ANHANGUERA DE SÃO PAULO - UNIAN-SP;UNIAN - SP;Universidade;Privada com fins lucrativos;5734;36;FISIOTERAPIA;Educação Presencial;3547809;SANTO ANDRÉ;SP;18;18;14;0,7778;-0,1458;2,4210;3
2016;457;UNIVERSIDADE ANHANGUERA DE SÃO PAULO - UNIAN-SP;UNIAN - SP;Universidade;Privada com fins lucrativos;5741;23;ENFERMAGEM;Educação Presencial;3547809;SANTO ANDRÉ;SP;40;36;22;0,6111;0,5858;2,7793;3
2016;457;UNIVERSIDADE ANHANGUERA DE SÃO PAULO - UNIAN-SP;UNIAN - SP;Universidade;Privada com fins lucrativos;5742;28;NUTRIÇÃO;Educação Presencial;3547809;SANTO ANDRÉ;SP;36;33;21;0,6364;-0,8561;2,0579;3
2016;216;CENTRO UNIVERSITÁRIO METODISTA IZABELA HENDRIX;CEUNIH;Centro Universitário;Privada sem fins lucrativos;5781;27;FONOAUDIOLOGIA;Educação Presencial;3106200;BELO HORIZONTE;MG;22;20;13;0,6500;-4,5122;0,2224;1
2016;221;UNIVERSIDADE CRUZEIRO DO SUL;UNICSUL;Universidade;Pessoa Jurídica de Direito Privado - Com fins lucrativos - Sociedade Civil;5845;38;SERVIÇO SOCIAL;Educação Presencial;3550308;SÃO PAULO;SP;48;46;19;0,4130;0,9544;3,0895;4
2016;224;FACULDADE DE MEDICINA DO ABC;FMABC;Faculdade ;Privada sem fins lucrativos;5909;12;MEDICINA;Educação Presencial;3547809;SANTO ANDRÉ;SP;105;105;103;0,9810;0,0066;2,9328;3
2016;226;CENTRO UNIVERSITÁRIO LUSÍADA;UNILUS;Centro Universitário;Pessoa Jurídica de Direito Privado - Sem fins lucrativos - Fundação;5920;12;MEDICINA;Educação Presencial;3548500;SANTOS;SP;71;71;67;0,9437;-0,5922;2,2801;3
2016;227;UNIVERSIDADE CATÓLICA DE SANTOS;UNISANTOS;Universidade;Privada sem fins lucrativos;5962;38;SERVIÇO SOCIAL;Educação Presencial;3548500;SANTOS;SP;10;8;4;0,5000;4,1491;4,5802;5
2016;227;UNIVERSIDADE CATÓLICA DE SANTOS;UNISANTOS;Universidade;Privada sem fins lucrativos;5963;23;ENFERMAGEM;Educação Presencial;3548500;SANTOS;SP;22;22;15;0,6818;-0,7918;2,1309;3
2016;227;UNIVERSIDADE CATÓLICA DE SANTOS;UNISANTOS;Universidade;Privada sem fins lucrativos;5966;19;FARMÁCIA;Educação Presencial;3548500;SANTOS;SP;32;31;21;0,6774;0,6530;2,6973;3
2016;234;FACULDADES OSWALDO CRUZ;FOC;Faculdade ;Privada com fins lucrativos;6063;19;FARMÁCIA;Educação Presencial;3550308;SÃO PAULO;SP;78;76;70;0,9211;-0,6503;2,1308;3
2016;1836;CENTRO UNIVERSITÁRIO FUNDAÇÃO DE ENSINO OCTÁVIO BASTOS - FEOB;UNIFEOB;Centro Universitário;Privada sem fins lucrativos;6113;5;MEDICINA VETERINÁRIA;Educação Presencial;3549102;SÃO JOÃO DA BOA VISTA;SP;55;54;48;0,8889;-0,3267;2,3508;3
2016;243;FACULDADE DO CLUBE NÁUTICO MOGIANO;FCNM;Faculdade ;Privada sem fins lucrativos;6181;3501;EDUCAÇÃO FÍSICA (BACHARELADO);Educação Presencial;3530607;MOGI DAS CRUZES;SP;94;79;33;0,4177;-0,0126;2,4635;3
2016;243;FACULDADE DO CLUBE NÁUTICO MOGIANO;FCNM;Faculdade ;Privada sem fins lucrativos;6182;36;FISIOTERAPIA;Educação Presencial;3530607;MOGI DAS CRUZES;SP;15;14;9;0,6429;-0,6828;2,1813;3
2016;266;UNIVERSIDADE METODISTA DE PIRACICABA;UNIMEP;Universidade;Privada sem fins lucrativos;6397;36;FISIOTERAPIA;Educação Presencial;3538709;PIRACICABA;SP;75;73;53;0,7260;-0,0518;2,4630;3
2016;266;UNIVERSIDADE METODISTA DE PIRACICABA;UNIMEP;Universidade;Privada sem fins lucrativos;6398;28;NUTRIÇÃO;Educação Presencial;3538709;PIRACICABA;SP;37;36;21;0,5833;-0,9870;1,9989;3
2016;266;UNIVERSIDADE METODISTA DE PIRACICABA;UNIMEP;Universidade;Privada sem fins lucrativos;6411;19;FARMÁCIA;Educação Presencial;3538709;PIRACICABA;SP;27;27;22;0,8148;-0,9494;2,0007;3
2016;266;UNIVERSIDADE METODISTA DE PIRACICABA;UNIMEP;Universidade;Privada sem fins lucrativos;6425;6;ODONTOLOGIA;Educação Presencial;3527108;LINS;SP;1;1;0;0,0000;;;SC
2016;271;UNIVERSIDADE DO OESTE PAULISTA;UNOESTE;Universidade;Privada sem fins lucrativos;6483;6;ODONTOLOGIA;Educação Presencial;3541406;PRESIDENTE PRUDENTE;SP;96;67;59;0,8806;0,6134;3,1180;4
2016;271;UNIVERSIDADE DO OESTE PAULISTA;UNOESTE;Universidade;Privada sem fins lucrativos;6485;36;FISIOTERAPIA;Educação Presencial;3541406;PRESIDENTE PRUDENTE;SP;47;35;33;0,9429;0,1324;2,5452;3
2016;271;UNIVERSIDADE DO OESTE PAULISTA;UNOESTE;Universidade;Privada sem fins lucrativos;6486;19;FARMÁCIA;Educação Presencial;3541406;PRESIDENTE PRUDENTE;SP;21;21;14;0,6667;1,5150;3,0721;4
2016;271;UNIVERSIDADE DO OESTE PAULISTA;UNOESTE;Universidade;Privada sem fins lucrativos;6487;28;NUTRIÇÃO;Educação Presencial;3541406;PRESIDENTE PRUDENTE;SP;17;11;8;0,7273;4,4426;4,4472;5
2016;271;UNIVERSIDADE DO OESTE PAULISTA;UNOESTE;Universidade;Privada sem fins lucrativos;6489;23;ENFERMAGEM;Educação Presencial;3541406;PRESIDENTE PRUDENTE;SP;103;91;59;0,6484;0,4382;2,7098;3
2016;271;UNIVERSIDADE DO OESTE PAULISTA;UNOESTE;Universidade;Privada sem fins lucrativos;6490;17;AGRONOMIA;Educação Presencial;3541406;PRESIDENTE PRUDENTE;SP;66;50;39;0,7800;0,7567;3,3134;4
2016;271;UNIVERSIDADE DO OESTE PAULISTA;UNOESTE;Universidade;Privada sem fins lucrativos;6495;51;ZOOTECNIA;Educação Presencial;3541406;PRESIDENTE PRUDENTE;SP;4;4;3;0,7500;12,0929;5,0000;5
2016;271;UNIVERSIDADE DO OESTE PAULISTA;UNOESTE;Universidade;Privada sem fins lucrativos;6496;12;MEDICINA;Educação Presencial;3541406;PRESIDENTE PRUDENTE;SP;308;297;230;0,7744;-0,5142;2,3652;3
2016;271;UNIVERSIDADE DO OESTE PAULISTA;UNOESTE;Universidade;Privada sem fins lucrativos;6497;5;MEDICINA VETERINÁRIA;Educação Presencial;3541406;PRESIDENTE PRUDENTE;SP;73;63;50;0,7937;0,6228;3,0655;4
2016;275;UNIVERSIDADE DO VALE DO PARAÍBA;UNIVAP;Universidade;Privada sem fins lucrativos;6573;38;SERVIÇO SOCIAL;Educação Presencial;3549904;SÃO JOSÉ DOS CAMPOS;SP;1;0;0;0,0000;;;SC
2016;275;UNIVERSIDADE DO VALE DO PARAÍBA;UNIVAP;Universidade;Privada sem fins lucrativos;6583;6;ODONTOLOGIA;Educação Presencial;3549904;SÃO JOSÉ DOS CAMPOS;SP;33;32;25;0,7813;-0,1944;2,2663;3
2016;277;CENTRO UNIVERSITÁRIO AUGUSTO MOTTA;UNISUAM;Centro Universitário;Privada sem fins lucrativos;6623;38;SERVIÇO SOCIAL;Educação Presencial;3304557;RIO DE JANEIRO;RJ;140;117;39;0,3333;0,1855;2,7307;3
2016;277;CENTRO UNIVERSITÁRIO AUGUSTO MOTTA;UNISUAM;Centro Universitário;Privada sem fins lucrativos;6631;36;FISIOTERAPIA;Educação Presencial;3304557;RIO DE JANEIRO;RJ;34;25;5;0,2000;0,1903;2,5711;3
2016;284;FACULDADE DE MEDICINA DE ITAJUBÁ;FMIT;Faculdade ;Privada sem fins lucrativos;6711;12;MEDICINA;Educação Presencial;3132404;ITAJUBÁ;MG;77;77;77;1,0000;-0,8017;2,0517;3
2016;5318;FACULDADE GUILHERME GUIMBALA;FGG;Faculdade ;Privada sem fins lucrativos;6737;36;FISIOTERAPIA;Educação Presencial;4209102;JOINVILLE;SC;46;42;18;0,4286;-0,5656;2,2336;3
2016;296;UNIVERSIDADE DA REGIÃO DA CAMPANHA;URCAMP;Universidade;Privada sem fins lucrativos;6806;17;AGRONOMIA;Educação Presencial;4301602;BAGÉ;RS;11;10;5;0,5000;-2,1740;1,5430;2
2016;296;UNIVERSIDADE DA REGIÃO DA CAMPANHA;URCAMP;Universidade;Privada sem fins lucrativos;6807;5;MEDICINA VETERINÁRIA;Educação Presencial;4301602;BAGÉ;RS;49;48;25;0,5208;-0,7389;2,0405;3
2016;296;UNIVERSIDADE DA REGIÃO DA CAMPANHA;URCAMP;Universidade;Privada sem fins lucrativos;6817;36;FISIOTERAPIA;Educação Presencial;4301602;BAGÉ;RS;27;27;22;0,8148;-0,6065;2,2153;3
2016;296;UNIVERSIDADE DA REGIÃO DA CAMPANHA;URCAMP;Universidade;Privada sem fins lucrativos;6848;23;ENFERMAGEM;Educação Presencial;4301602;BAGÉ;RS;12;12;11;0,9167;0,2636;2,6277;3
2016;298;UNIVERSIDADE NORTE DO PARANÁ;UNOPAR;Universidade;Privada com fins lucrativos;6981;27;FONOAUDIOLOGIA;Educação Presencial;4113700;LONDRINA;PR;14;14;12;0,8571;-0,7881;1,9516;3
2016;307;FACULDADE DE MEDICINA DE BARBACENA;FAME;Faculdade ;Pessoa Jurídica de Direito Privado - Sem fins lucrativos - Fundação;7105;12;MEDICINA;Educação Presencial;3105608;BARBACENA;MG;85;85;73;0,8588;-0,0293;2,8938;3
2016;319;UNIVERSIDADE CAMILO CASTELO BRANCO;UNICASTELO;Universidade;Pessoa Jurídica de Direito Privado - Sem fins lucrativos - Fundação;7195;6;ODONTOLOGIA;Educação Presencial;3550308;SÃO PAULO;SP;233;211;86;0,4076;-0,2903;2,1652;3
2016;319;UNIVERSIDADE CAMILO CASTELO BRANCO;UNICASTELO;Universidade;Pessoa Jurídica de Direito Privado - Sem fins lucrativos - Fundação;7196;19;FARMÁCIA;Educação Presencial;3550308;SÃO PAULO;SP;79;76;32;0,4211;-1,2084;1,8881;2
2016;319;UNIVERSIDADE CAMILO CASTELO BRANCO;UNICASTELO;Universidade;Pessoa Jurídica de Direito Privado - Sem fins lucrativos - Fundação;7210;5;MEDICINA VETERINÁRIA;Educação Presencial;3515509;FERNANDÓPOLIS;SP;30;30;22;0,7333;0,0690;2,6487;3
2016;322;UNIVERSIDADE PAULISTA;UNIP;Universidade;Privada sem fins lucrativos;7269;6;ODONTOLOGIA;Educação Presencial;3550308;SÃO PAULO;SP;28;19;16;0,8421;2,3985;5,0000;5
2016;322;UNIVERSIDADE PAULISTA;UNIP;Universidade;Privada sem fins lucrativos;7278;5;MEDICINA VETERINÁRIA;Educação Presencial;3550308;SÃO PAULO;SP;59;55;37;0,6727;-1,6352;1,3658;2
2016;1128;UNIVERSIDADE DE ITAÚNA;UI;Universidade;Privada sem fins lucrativos;7399;6;ODONTOLOGIA;Educação Presencial;3133808;ITAÚNA;MG;113;110;95;0,8636;-0,6938;1,7398;2
2016;1221;FACULDADE GAMMON;0;Faculdade ;Privada sem fins lucrativos;7403;17;AGRONOMIA;Educação Presencial;3535507;PARAGUAÇU PAULISTA;SP;34;32;13;0,4063;-1,0752;2,2068;3
2016;330;UNIVERSIDADE IGUAÇU;UNIG;Universidade;Privada sem fins lucrativos;7414;12;MEDICINA;Educação Presencial;3303500;NOVA IGUAÇU;RJ;93;91;46;0,5055;-2,6717;0,0131;1
2016;330;UNIVERSIDADE IGUAÇU;UNIG;Universidade;Privada sem fins lucrativos;7415;6;ODONTOLOGIA;Educação Presencial;3303500;NOVA IGUAÇU;RJ;68;62;27;0,4355;-1,7060;0,6727;1
2016;330;UNIVERSIDADE IGUAÇU;UNIG;Universidade;Privada sem fins lucrativos;7419;36;FISIOTERAPIA;Educação Presencial;3303500;NOVA IGUAÇU;RJ;14;14;9;0,6429;-2,4142;1,4083;2
2016;1846;CENTRO UNIVERSITÁRIO DE LINS;UNILINS;Centro Universitário;Privada sem fins lucrativos;7452;38;SERVIÇO SOCIAL;Educação Presencial;3527108;LINS;SP;20;19;13;0,6842;0,0266;2,6565;3
2016;338;PONTIFÍCIA UNIVERSIDADE CATÓLICA DE MINAS GERAIS;PUC MINAS;Universidade;Pessoa Jurídica de Direito Privado - Sem fins lucrativos - Fundação;7491;23;ENFERMAGEM;Educação Presencial;3106200;BELO HORIZONTE;MG;37;34;25;0,7353;0,4748;2,7271;3
2016;338;PONTIFÍCIA UNIVERSIDADE CATÓLICA DE MINAS GERAIS;PUC MINAS;Universidade;Pessoa Jurídica de Direito Privado - Sem fins lucrativos - Fundação;7492;6;ODONTOLOGIA;Educação Presencial;3106200;BELO HORIZONTE;MG;129;126;116;0,9206;-0,1853;2,2760;3
2016;338;PONTIFÍCIA UNIVERSIDADE CATÓLICA DE MINAS GERAIS;PUC MINAS;Universidade;Pessoa Jurídica de Direito Privado - Sem fins lucrativos - Fundação;7504;38;SERVIÇO SOCIAL;Educação Presencial;3106200;BELO HORIZONTE;MG;50;49;36;0,7347;-0,0913;2,6015;3
2016;338;PONTIFÍCIA UNIVERSIDADE CATÓLICA DE MINAS GERAIS;PUC MINAS;Universidade;Pessoa Jurídica de Direito Privado - Sem fins lucrativos - Fundação;7526;38;SERVIÇO SOCIAL;Educação Presencial;3118601;CONTAGEM;MG;23;23;22;0,9565;-2,2050;1,6152;2
2016;339;FACULDADE SANTA EMÍLIA DE RODAT;FASER;Faculdade ;Privada sem fins lucrativos;7571;23;ENFERMAGEM;Educação Presencial;2507507;JOÃO PESSOA;PB;45;43;15;0,3488;-2,8687;1,1533;2
2016;346;INSTITUTO SUPERIOR DE CIÊNCIAS APLICADAS - ISCA;ISCA;Faculdade ;Privada sem fins lucrativos;7638;38;SERVIÇO SOCIAL;Educação Presencial;3526902;LIMEIRA;SP;21;20;14;0,7000;-0,0142;2,6375;3
2016;351;FACULDADE DE CIÊNCIAS MÉDICAS DE MINAS GERAIS;FCMMG;Faculdade ;Privada sem fins lucrativos;7676;12;MEDICINA;Educação Presencial;3106200;BELO HORIZONTE;MG;96;94;91;0,9681;-0,5378;2,3394;3
2016;351;FACULDADE DE CIÊNCIAS MÉDICAS DE MINAS GERAIS;FCMMG;Faculdade ;Privada sem fins lucrativos;7677;36;FISIOTERAPIA;Educação Presencial;3106200;BELO HORIZONTE;MG;30;30;23;0,7667;1,8556;3,3146;4
2016;353;FACULDADE EVANGÉLICA DO PARANÁ;FEPAR;Faculdade ;Privada sem fins lucrativos;7705;12;MEDICINA;Educação Presencial;4106902;CURITIBA;PR;105;103;97;0,9417;0,2152;3,1603;4
2016;355;UNIVERSIDADE TUIUTI DO PARANÁ;UTP;Universidade;Privada com fins lucrativos;7712;27;FONOAUDIOLOGIA;Educação Presencial;4106902;CURITIBA;PR;25;25;13;0,5200;-0,1359;2,2545;3
2016;355;UNIVERSIDADE TUIUTI DO PARANÁ;UTP;Universidade;Privada com fins lucrativos;7713;36;FISIOTERAPIA;Educação Presencial;4106902;CURITIBA;PR;24;24;16;0,6667;-0,8679;2,0986;3
2016;355;UNIVERSIDADE TUIUTI DO PARANÁ;UTP;Universidade;Privada com fins lucrativos;7716;6;ODONTOLOGIA;Educação Presencial;4106902;CURITIBA;PR;68;65;40;0,6154;-0,0308;2,4389;3
2016;361;FACULDADE PAULISTA DE SERVIÇO SOCIAL DE SÃO CAETANO DO SUL;FAPSS-SCS;Faculdade ;Privada sem fins lucrativos;7791;38;SERVIÇO SOCIAL;Educação Presencial;3548807;SÃO CAETANO DO SUL;SP;21;20;6;0,3000;5,5664;5,0000;5
2016;362;FACULDADE PAULISTA DE SERVIÇO SOCIAL;FAPSS-SP.;Faculdade ;Privada sem fins lucrativos;7793;38;SERVIÇO SOCIAL;Educação Presencial;3550308;SÃO PAULO;SP;17;17;9;0,5294;0,5555;2,9033;3
2016;367;UNIVERSIDADE ESTADUAL DE MONTES CLAROS;UNIMONTES;Universidade;Pessoa Jurídica de Direito Público - Estadual;7837;12;MEDICINA;Educação Presencial;3143302;MONTES CLAROS;MG;47;46;38;0,8261;-0,8040;2,0492;3
2016;367;UNIVERSIDADE ESTADUAL DE MONTES CLAROS;UNIMONTES;Universidade;Pessoa Jurídica de Direito Público - Estadual;7841;23;ENFERMAGEM;Educação Presencial;3143302;MONTES CLAROS;MG;27;25;22;0,8800;0,9346;2,9435;3
2016;367;UNIVERSIDADE ESTADUAL DE MONTES CLAROS;UNIMONTES;Universidade;Pessoa Jurídica de Direito Público - Estadual;7843;17;AGRONOMIA;Educação Presencial;3135100;JANAÚBA;MG;28;27;21;0,7778;1,3386;3,6649;4
2016;374;CENTRO UNIVERSITÁRIO DAS FACULDADES METROPOLITANAS UNIDAS;FMU;Centro Universitário;Pessoa Jurídica de Direito Privado - Com fins lucrativos - Sociedade Civil;7945;38;SERVIÇO SOCIAL;Educação Presencial;3550308;SÃO PAULO;SP;92;89;27;0,3034;0,6126;2,9300;3
2016;383;UNIVERSIDADE DA AMAZÔNIA;UNAMA;Universidade;Privada com fins lucrativos;8065;38;SERVIÇO SOCIAL;Educação Presencial;1501402;BELÉM;PA;106;92;77;0,8370;0,0737;2,6785;3
2016;384;CENTRO UNIVERSITÁRIO DE ANÁPOLIS;UNIEVANGÉLICA;Centro Universitário;Privada sem fins lucrativos;8100;6;ODONTOLOGIA;Educação Presencial;5201108;ANÁPOLIS;GO;127;126;116;0,9206;0,1317;2,6102;3
2016;387;UNIVERSIDADE CATÓLICA DOM BOSCO;UCDB;Universidade;Privada sem fins lucrativos;8153;38;SERVIÇO SOCIAL;Educação Presencial;5002704;CAMPO GRANDE;MS;20;20;13;0,6500;0,0292;2,6577;3
2016;387;UNIVERSIDADE CATÓLICA DOM BOSCO;UCDB;Universidade;Privada sem fins lucrativos;8163;36;FISIOTERAPIA;Educação Presencial;5002704;CAMPO GRANDE;MS;32;31;28;0,9032;-0,1423;2,4226;3
2016;398;UNIVERSIDADE TIRADENTES;UNIT;Universidade;Privada com fins lucrativos;8259;38;SERVIÇO SOCIAL;Educação Presencial;2800308;ARACAJU;SE;41;35;24;0,6857;-0,0101;2,6394;3
2016;398;UNIVERSIDADE TIRADENTES;UNIT;Universidade;Privada com fins lucrativos;8266;36;FISIOTERAPIA;Educação Presencial;2800308;ARACAJU;SE;47;45;39;0,8667;0,3379;2,6370;3
2016;1034;UNIÃO DE ESCOLAS SUPERIORES DA FUNESO;UNESF;Faculdade ;Privada sem fins lucrativos;8407;23;ENFERMAGEM;Educação Presencial;2609600;OLINDA;PE;88;74;40;0,5405;-0,4601;2,2870;3
2016;409;UNIVERSIDADE DE PERNAMBUCO;UPE;Universidade;Pessoa Jurídica de Direito Público - Estadual;8414;6;ODONTOLOGIA;Educação Presencial;2603454;CAMARAGIBE;PE;72;71;71;1,0000;0,1989;2,6810;3
2016;409;UNIVERSIDADE DE PERNAMBUCO;UPE;Universidade;Pessoa Jurídica de Direito Público - Estadual;8427;23;ENFERMAGEM;Educação Presencial;2611606;RECIFE;PE;100;98;97;0,9898;-0,5072;2,2648;3
2016;409;UNIVERSIDADE DE PERNAMBUCO;UPE;Universidade;Pessoa Jurídica de Direito Público - Estadual;8437;12;MEDICINA;Educação Presencial;2611606;RECIFE;PE;148;146;142;0,9726;-0,1066;2,8094;3
2016;415;FACULDADE DE CIÊNCIAS MÉDICAS DA SANTA CASA SÃO PAULO;FCMSCSP;Faculdade ;Privada sem fins lucrativos;8554;12;MEDICINA;Educação Presencial;3550308;SÃO PAULO;SP;114;113;111;0,9823;0,1747;3,1161;4
2016;417;UNIVERSIDADE CIDADE DE SÃO PAULO;UNICID;Universidade;Privada com fins lucrativos;8576;36;FISIOTERAPIA;Educação Presencial;3550308;SÃO PAULO;SP;31;30;17;0,5667;1,3408;3,0847;4
2016;417;UNIVERSIDADE CIDADE DE SÃO PAULO;UNICID;Universidade;Privada com fins lucrativos;8579;6;ODONTOLOGIA;Educação Presencial;3550308;SÃO PAULO;SP;60;59;42;0,7119;-0,5497;1,8918;2
2016;417;UNIVERSIDADE CIDADE DE SÃO PAULO;UNICID;Universidade;Privada com fins lucrativos;8582;23;ENFERMAGEM;Educação Presencial;3550308;SÃO PAULO;SP;65;65;29;0,4462;1,2175;3,0767;4
2016;420;UNIVERSIDADE DE MARÍLIA;UNIMAR;Universidade;Privada com fins lucrativos;8666;6;ODONTOLOGIA;Educação Presencial;3529005;MARÍLIA;SP;83;83;66;0,7952;-0,2242;2,2350;3
2016;420;UNIVERSIDADE DE MARÍLIA;UNIMAR;Universidade;Privada com fins lucrativos;8669;5;MEDICINA VETERINÁRIA;Educação Presencial;3529005;MARÍLIA;SP;47;46;38;0,8261;0,5601;3,0184;4
2016;420;UNIVERSIDADE DE MARÍLIA;UNIMAR;Universidade;Privada com fins lucrativos;8675;36;FISIOTERAPIA;Educação Presencial;3529005;MARÍLIA;SP;17;16;16;1,0000;-0,2502;2,3744;3
2016;420;UNIVERSIDADE DE MARÍLIA;UNIMAR;Universidade;Privada com fins lucrativos;8676;28;NUTRIÇÃO;Educação Presencial;3529005;MARÍLIA;SP;15;14;7;0,5000;2,8326;3,7212;4
2016;420;UNIVERSIDADE DE MARÍLIA;UNIMAR;Universidade;Privada com fins lucrativos;8677;17;AGRONOMIA;Educação Presencial;3529005;MARÍLIA;SP;27;22;15;0,6818;0,5722;3,2019;4
2016;420;UNIVERSIDADE DE MARÍLIA;UNIMAR;Universidade;Privada com fins lucrativos;8689;23;ENFERMAGEM;Educação Presencial;3529005;MARÍLIA;SP;30;30;17;0,5667;-1,2828;1,8998;2
2016;420;UNIVERSIDADE DE MARÍLIA;UNIMAR;Universidade;Privada com fins lucrativos;8698;12;MEDICINA;Educação Presencial;3529005;MARÍLIA;SP;55;55;36;0,6545;-1,1842;1,6347;2
2016;426;CENTRO UNIVERSITÁRIO FRANCISCANO;UNIFRA;Centro Universitário;Privada sem fins lucrativos;8929;23;ENFERMAGEM;Educação Presencial;4316907;SANTA MARIA;RS;41;37;31;0,8378;-0,5091;2,2640;3
2016;430;CENTRO UNIVERSITÁRIO FILADÉLFIA;UNIFIL;Centro Universitário;Privada sem fins lucrativos;8940;23;ENFERMAGEM;Educação Presencial;4113700;LONDRINA;PR;48;45;26;0,5778;1,9849;3,4379;4
2016;430;CENTRO UNIVERSITÁRIO FILADÉLFIA;UNIFIL;Centro Universitário;Privada sem fins lucrativos;8946;28;NUTRIÇÃO;Educação Presencial;4113700;LONDRINA;PR;38;37;17;0,4595;1,9773;3,3355;4
2016;431;FACULDADE DE MEDICINA DE MARÍLIA;FAMEMA;Faculdade ;Pessoa Jurídica de Direito Público - Estadual;8960;12;MEDICINA;Educação Presencial;3529005;MARÍLIA;SP;76;76;76;1,0000;-0,0930;2,8243;3
2016;431;FACULDADE DE MEDICINA DE MARÍLIA;FAMEMA;Faculdade ;Pessoa Jurídica de Direito Público - Estadual;8961;23;ENFERMAGEM;Educação Presencial;3529005;MARÍLIA;SP;28;28;25;0,8929;-0,7619;2,1450;3
2016;4010;CENTRO UNIVERSITÁRIO METODISTA;IPA;Centro Universitário;Privada sem fins lucrativos;9018;36;FISIOTERAPIA;Educação Presencial;4314902;PORTO ALEGRE;RS;123;105;69;0,6571;-0,0422;2,4673;3
2016;437;UNIVERSIDADE PARANAENSE;UNIPAR;Universidade;Privada sem fins lucrativos;9035;6;ODONTOLOGIA;Educação Presencial;4128104;UMUARAMA;PR;50;49;39;0,7959;0,2834;2,7701;3
2016;437;UNIVERSIDADE PARANAENSE;UNIPAR;Universidade;Privada sem fins lucrativos;9044;5;MEDICINA VETERINÁRIA;Educação Presencial;4128104;UMUARAMA;PR;30;30;25;0,8333;0,4698;2,9504;4
2016;439;FACULDADE DOUTOR FRANCISCO MAEDA;FAFRAM;Faculdade ;Privada sem fins lucrativos;9094;17;AGRONOMIA;Educação Presencial;3524105;ITUVERAVA;SP;43;38;32;0,8421;-2,7467;1,1970;2
2016;15032;UNIVERSIDADE ALTO VALE DO RIO DO PEIXE;UNIARP;Universidade;Privada sem fins lucrativos;9099;38;SERVIÇO SOCIAL;Educação Presencial;4203006;CAÇADOR;SC;8;7;5;0,7143;4,7612;4,8658;5
2016;446;UNIVERSIDADE DE CRUZ ALTA;UNICRUZ;Universidade;Privada sem fins lucrativos;9226;36;FISIOTERAPIA;Educação Presencial;4306106;CRUZ ALTA;RS;1;1;1;1,0000;;;SC
2016;446;UNIVERSIDADE DE CRUZ ALTA;UNICRUZ;Universidade;Privada sem fins lucrativos;9228;17;AGRONOMIA;Educação Presencial;4306106;CRUZ ALTA;RS;32;30;24;0,8000;1,0683;3,5016;4
2016;449;UNIVERSIDADE LUTERANA DO BRASIL;ULBRA;Universidade;Pessoa Jurídica de Direito Privado - Sem fins lucrativos - Fundação;9276;38;SERVIÇO SOCIAL;Educação Presencial;4304606;CANOAS;RS;30;27;5;0,1852;;;SC
2016;449;UNIVERSIDADE LUTERANA DO BRASIL;ULBRA;Universidade;Pessoa Jurídica de Direito Privado - Sem fins lucrativos - Fundação;9278;23;ENFERMAGEM;Educação Presencial;4304606;CANOAS;RS;30;29;15;0,5172;0,5891;2,7809;3
2016;449;UNIVERSIDADE LUTERANA DO BRASIL;ULBRA;Universidade;Pessoa Jurídica de Direito Privado - Sem fins lucrativos - Fundação;9290;6;ODONTOLOGIA;Educação Presencial;4304606;CANOAS;RS;75;74;47;0,6351;0,3372;2,8268;3
2016;449;UNIVERSIDADE LUTERANA DO BRASIL;ULBRA;Universidade;Pessoa Jurídica de Direito Privado - Sem fins lucrativos - Fundação;9301;19;FARMÁCIA;Educação Presencial;4304606;CANOAS;RS;15;15;8;0,5333;3,3369;3,8641;4
2016;449;UNIVERSIDADE LUTERANA DO BRASIL;ULBRA;Universidade;Pessoa Jurídica de Direito Privado - Sem fins lucrativos - Fundação;9309;36;FISIOTERAPIA;Educação Presencial;4304606;CANOAS;RS;45;41;25;0,6098;-0,2365;2,3805;3
2016;449;UNIVERSIDADE LUTERANA DO BRASIL;ULBRA;Universidade;Pessoa Jurídica de Direito Privado - Sem fins lucrativos - Fundação;9317;5;MEDICINA VETERINÁRIA;Educação Presencial;4304606;CANOAS;RS;58;56;21;0,3750;0,2205;2,7627;3
2016;449;UNIVERSIDADE LUTERANA DO BRASIL;ULBRA;Universidade;Pessoa Jurídica de Direito Privado - Sem fins lucrativos - Fundação;9321;27;FONOAUDIOLOGIA;Educação Presencial;4304606;CANOAS;RS;14;13;8;0,6154;2,2674;3,3704;4
2016;449;UNIVERSIDADE LUTERANA DO BRASIL;ULBRA;Universidade;Pessoa Jurídica de Direito Privado - Sem fins lucrativos - Fundação;9326;12;MEDICINA;Educação Presencial;4304606;CANOAS;RS;102;102;80;0,7843;-0,2319;2,6728;3
2016;450;CENTRO UNIVERSITÁRIO LUTERANO DE JI-PARANÁ;CEULJI/ULBRA;Centro Universitário;Pessoa Jurídica de Direito Privado - Sem fins lucrativos - Fundação;9413;17;AGRONOMIA;Educação Presencial;1100122;JI-PARANÁ;RO;24;22;18;0,8182;1,0538;3,4928;4
2016;572;UNIVERSIDADE FEDERAL FLUMINENSE;UFF;Universidade;Pessoa Jurídica de Direito Público - Federal;9709;6;ODONTOLOGIA;Educação Presencial;3303401;NOVA FRIBURGO;RJ;56;55;54;0,9818;-0,0660;2,4017;3
2016;472;UNIVERSIDADE DO GRANDE RIO PROFESSOR JOSÉ DE SOUZA HERDY;UNIGRANRIO;Universidade;Privada sem fins lucrativos;9722;6;ODONTOLOGIA;Educação Presencial;3301702;DUQUE DE CAXIAS;RJ;88;87;55;0,6322;-0,2628;2,1942;3
2016;472;UNIVERSIDADE DO GRANDE RIO PROFESSOR JOSÉ DE SOUZA HERDY;UNIGRANRIO;Universidade;Privada sem fins lucrativos;9723;23;ENFERMAGEM;Educação Presencial;3301702;DUQUE DE CAXIAS;RJ;198;185;93;0,5027;0,0875;2,5448;3
2016;472;UNIVERSIDADE DO GRANDE RIO PROFESSOR JOSÉ DE SOUZA HERDY;UNIGRANRIO;Universidade;Privada sem fins lucrativos;9724;19;FARMÁCIA;Educação Presencial;3301702;DUQUE DE CAXIAS;RJ;65;62;38;0,6129;-0,4361;2,2239;3
2016;472;UNIVERSIDADE DO GRANDE RIO PROFESSOR JOSÉ DE SOUZA HERDY;UNIGRANRIO;Universidade;Privada sem fins lucrativos;9733;5;MEDICINA VETERINÁRIA;Educação Presencial;3301702;DUQUE DE CAXIAS;RJ;40;36;29;0,8056;0,8701;3,2517;4
2016;475;FACULDADE DE MEDICINA DE PETRÓPOLIS;FMP;Faculdade ;Privada sem fins lucrativos;9772;12;MEDICINA;Educação Presencial;3303906;PETRÓPOLIS;RJ;108;107;92;0,8598;-0,2086;2,6983;3
2016;480;CENTRO UNIVERSITÁRIO SERRA DOS ÓRGÃOS;UNIFESO;Centro Universitário;Privada sem fins lucrativos;9805;12;MEDICINA;Educação Presencial;3305802;TERESÓPOLIS;RJ;174;172;152;0,8837;-0,8422;2,0076;3
2016;481;UNIVERSIDADE GUARULHOS;UNG;Universidade;Pessoa Jurídica de Direito Privado - Com fins lucrativos - Sociedade Civil;9818;23;ENFERMAGEM;Educação Presencial;3518800;GUARULHOS;SP;199;171;54;0,3158;-0,5334;2,2525;3
2016;481;UNIVERSIDADE GUARULHOS;UNG;Universidade;Pessoa Jurídica de Direito Privado - Com fins lucrativos - Sociedade Civil;9829;28;NUTRIÇÃO;Educação Presencial;3518800;GUARULHOS;SP;61;55;33;0,6000;0,3853;2,6176;3
2016;481;UNIVERSIDADE GUARULHOS;UNG;Universidade;Pessoa Jurídica de Direito Privado - Com fins lucrativos - Sociedade Civil;9836;6;ODONTOLOGIA;Educação Presencial;3518800;GUARULHOS;SP;256;208;94;0,4519;-0,0596;2,4085;3
2016;481;UNIVERSIDADE GUARULHOS;UNG;Universidade;Pessoa Jurídica de Direito Privado - Com fins lucrativos - Sociedade Civil;9842;36;FISIOTERAPIA;Educação Presencial;3518800;GUARULHOS;SP;147;55;28;0,5091;0,1069;2,5338;3
2016;5242;UNIVERSIDADE ESTADUAL DE ALAGOAS - UNEAL;UNEAL;Universidade;Pessoa Jurídica de Direito Público - Estadual;9980;51;ZOOTECNIA;Educação Presencial;2708006;SANTANA DO IPANEMA;AL;36;33;14;0,4242;-0,1825;2,7297;3
2016;489;CENTRO UNIVERSITÁRIO DE VOLTA REDONDA;UNIFOA;Centro Universitário;Privada sem fins lucrativos;9984;6;ODONTOLOGIA;Educação Presencial;3306305;VOLTA REDONDA;RJ;64;64;44;0,6875;-0,3212;2,1327;3
2016;489;CENTRO UNIVERSITÁRIO DE VOLTA REDONDA;UNIFOA;Centro Universitário;Privada sem fins lucrativos;9988;12;MEDICINA;Educação Presencial;3306305;VOLTA REDONDA;RJ;88;88;81;0,9205;-0,2858;2,6141;3
2016;490;CENTRO DE ENSINO SUPERIOR DE VALENÇA;CESVA;Faculdade ;Privada sem fins lucrativos;9996;12;MEDICINA;Educação Presencial;3306107;VALENÇA;RJ;89;88;29;0,3295;1,4866;4,5463;5
2016;490;CENTRO DE ENSINO SUPERIOR DE VALENÇA;CESVA;Faculdade ;Privada sem fins lucrativos;10004;6;ODONTOLOGIA;Educação Presencial;3306107;VALENÇA;RJ;55;53;39;0,7358;0,9858;3,5106;4
2016;490;CENTRO DE ENSINO SUPERIOR DE VALENÇA;CESVA;Faculdade ;Privada sem fins lucrativos;10006;5;MEDICINA VETERINÁRIA;Educação Presencial;3306107;VALENÇA;RJ;22;21;17;0,8095;0,1580;2,7157;3
2016;496;UNIVERSIDADE DE FRANCA;UNIFRAN;Universidade;Privada com fins lucrativos;10150;27;FONOAUDIOLOGIA;Educação Presencial;3516200;FRANCA;SP;31;30;25;0,8333;-0,9310;1,8853;2
2016;5215;FACULDADES INTEGRADAS PADRE ALBINO;FIPA;Faculdade ;Privada sem fins lucrativos;10222;12;MEDICINA;Educação Presencial;3511102;CATANDUVA;SP;64;64;63;0,9844;-0,0910;2,8265;3
2016;501;ESCOLA SUPERIOR DE CIÊNCIAS DA SANTA CASA DE MISERICÓRDIA DE VITÓRIA;EMESCAM;Faculdade ;Privada sem fins lucrativos;10224;12;MEDICINA;Educação Presencial;3205309;VITÓRIA;ES;127;126;124;0,9841;-1,1628;1,6580;2
2016;4030;CENTRO UNIVERSITÁRIO FLUMINENSE;UNIFLU;Centro Universitário;Privada sem fins lucrativos;10268;6;ODONTOLOGIA;Educação Presencial;3301009;CAMPOS DOS GOYTACAZES;RJ;35;33;26;0,7879;-0,3136;2,1407;3
2016;506;FACULDADE DE MEDICINA DE CAMPOS;FMC;Faculdade ;Privada sem fins lucrativos;10289;12;MEDICINA;Educação Presencial;3301009;CAMPOS DOS GOYTACAZES;RJ;95;95;85;0,8947;-0,2546;2,6481;3
2016;510;ESCOLA DE ENFERMAGEM WENCESLAU BRAZ;EEWB;Faculdade ;Privada sem fins lucrativos;10316;23;ENFERMAGEM;Educação Presencial;3132404;ITAJUBÁ;MG;44;43;35;0,8140;1,1007;3,0217;4
2016;513;UNIVERSIDADE VALE DO RIO DOCE;UNIVALE;Universidade;Pessoa Jurídica de Direito Privado - Sem fins lucrativos - Fundação;10350;6;ODONTOLOGIA;Educação Presencial;3127701;GOVERNADOR VALADARES;MG;115;114;94;0,8246;-0,0929;2,3734;3
2016;513;UNIVERSIDADE VALE DO RIO DOCE;UNIVALE;Universidade;Pessoa Jurídica de Direito Privado - Sem fins lucrativos - Fundação;10360;17;AGRONOMIA;Educação Presencial;3127701;GOVERNADOR VALADARES;MG;17;16;14;0,8750;0,8574;3,3742;4
2016;514;CENTRO UNIVERSITÁRIO DE BARRA MANSA;UBM;Centro Universitário;Privada sem fins lucrativos;10394;23;ENFERMAGEM;Educação Presencial;3300407;BARRA MANSA;RJ;38;36;18;0,5000;-0,7147;2,1672;3
2016;515;CENTRO UNIVERSITÁRIO ANHANGUERA DE NITERÓI;UNIAN;Centro Universitário;Privada com fins lucrativos;10423;5;MEDICINA VETERINÁRIA;Educação Presencial;3301900;ITABORAÍ;RJ;70;26;17;0,6538;-0,5033;2,2179;3
2016;519;UNIVERSIDADE CATÓLICA DO SALVADOR;UCSAL;Universidade;Privada sem fins lucrativos;10501;38;SERVIÇO SOCIAL;Educação Presencial;2927408;SALVADOR;BA;79;67;51;0,7612;-1,2854;2,0443;3
2016;519;UNIVERSIDADE CATÓLICA DO SALVADOR;UCSAL;Universidade;Privada sem fins lucrativos;10505;23;ENFERMAGEM;Educação Presencial;2927408;SALVADOR;BA;95;86;69;0,8023;-0,4418;2,2956;3
2016;519;UNIVERSIDADE CATÓLICA DO SALVADOR;UCSAL;Universidade;Privada sem fins lucrativos;10516;36;FISIOTERAPIA;Educação Presencial;2927408;SALVADOR;BA;51;45;19;0,4222;-0,0970;2,4428;3
2016;521;UNIVERSIDADE DE MOGI DAS CRUZES;UMC;Universidade;Privada com fins lucrativos;10589;28;NUTRIÇÃO;Educação Presencial;3530607;MOGI DAS CRUZES;SP;4;0;0;0,0000;;;SC
2016;521;UNIVERSIDADE DE MOGI DAS CRUZES;UMC;Universidade;Privada com fins lucrativos;10591;12;MEDICINA;Educação Presencial;3530607;MOGI DAS CRUZES;SP;89;88;81;0,9205;-0,5861;2,2868;3
2016;521;UNIVERSIDADE DE MOGI DAS CRUZES;UMC;Universidade;Privada com fins lucrativos;10592;6;ODONTOLOGIA;Educação Presencial;3530607;MOGI DAS CRUZES;SP;36;36;25;0,6944;0,5803;3,0832;4
2016;521;UNIVERSIDADE DE MOGI DAS CRUZES;UMC;Universidade;Privada com fins lucrativos;10594;23;ENFERMAGEM;Educação Presencial;3530607;MOGI DAS CRUZES;SP;57;51;32;0,6275;0,5289;2,7525;3
2016;521;UNIVERSIDADE DE MOGI DAS CRUZES;UMC;Universidade;Privada com fins lucrativos;10606;19;FARMÁCIA;Educação Presencial;3530607;MOGI DAS CRUZES;SP;42;40;28;0,7000;0,9669;2,8338;3
2016;521;UNIVERSIDADE DE MOGI DAS CRUZES;UMC;Universidade;Privada com fins lucrativos;10607;36;FISIOTERAPIA;Educação Presencial;3530607;MOGI DAS CRUZES;SP;12;12;8;0,6667;0,0663;2,5157;3
2016;526;UNIVERSIDADE BRAZ CUBAS;UBC;Universidade;Pessoa Jurídica de Direito Privado - Com fins lucrativos - Sociedade Civil;10752;6;ODONTOLOGIA;Educação Presencial;3530607;MOGI DAS CRUZES;SP;27;27;9;0,3333;0,6008;3,1047;4
2016;527;PONTIFÍCIA UNIVERSIDADE CATÓLICA DE GOIÁS;PUC GOIÁS;Universidade;Privada sem fins lucrativos;10796;27;FONOAUDIOLOGIA;Educação Presencial;5208707;GOIÂNIA;GO;98;92;76;0,8261;-0,3491;2,1555;3
2016;527;PONTIFÍCIA UNIVERSIDADE CATÓLICA DE GOIÁS;PUC GOIÁS;Universidade;Privada sem fins lucrativos;10798;38;SERVIÇO SOCIAL;Educação Presencial;5208707;GOIÂNIA;GO;210;175;117;0,6686;-0,4547;2,4319;3
2016;527;PONTIFÍCIA UNIVERSIDADE CATÓLICA DE GOIÁS;PUC GOIÁS;Universidade;Privada sem fins lucrativos;10802;55;BIOMEDICINA;Educação Presencial;5208707;GOIÂNIA;GO;82;71;64;0,9014;-0,3624;2,2252;3
2016;527;PONTIFÍCIA UNIVERSIDADE CATÓLICA DE GOIÁS;PUC GOIÁS;Universidade;Privada sem fins lucrativos;10808;23;ENFERMAGEM;Educação Presencial;5208707;GOIÂNIA;GO;46;41;35;0,8537;0,7331;2,8487;3
2016;527;PONTIFÍCIA UNIVERSIDADE CATÓLICA DE GOIÁS;PUC GOIÁS;Universidade;Privada sem fins lucrativos;10813;51;ZOOTECNIA;Educação Presencial;5208707;GOIÂNIA;GO;43;41;16;0,3902;-0,9083;2,4289;3
2016;528;PONTIFÍCIA UNIVERSIDADE CATÓLICA DO RIO DE JANEIRO;PUC-RIO;Universidade;Privada sem fins lucrativos;10873;38;SERVIÇO SOCIAL;Educação Presencial;3304557;RIO DE JANEIRO;RJ;25;23;19;0,8261;0,6585;2,9513;4
2016;532;UNIVERSIDADE REGIONAL DO NOROESTE DO ESTADO DO RIO GRANDE DO SUL;UNIJUI;Universidade;Privada sem fins lucrativos;10967;23;ENFERMAGEM;Educação Presencial;4310207;IJUÍ;RS;23;23;16;0,6957;-0,6346;2,2049;3
2016;532;UNIVERSIDADE REGIONAL DO NOROESTE DO ESTADO DO RIO GRANDE DO SUL;UNIJUI;Universidade;Privada sem fins lucrativos;10968;28;NUTRIÇÃO;Educação Presencial;4310207;IJUÍ;RS;13;12;10;0,8333;2,1663;3,4207;4
2016;532;UNIVERSIDADE REGIONAL DO NOROESTE DO ESTADO DO RIO GRANDE DO SUL;UNIJUI;Universidade;Privada sem fins lucrativos;10975;17;AGRONOMIA;Educação Presencial;4310207;IJUÍ;RS;30;30;19;0,6333;-0,1700;2,7535;3
2016;534;ESCOLA BAHIANA DE MEDICINA E SAÚDE PÚBLICA;EBMSP;Faculdade ;Privada sem fins lucrativos;11114;12;MEDICINA;Educação Presencial;2927408;SALVADOR;BA;169;167;158;0,9461;0,0358;2,9646;4
2016;534;ESCOLA BAHIANA DE MEDICINA E SAÚDE PÚBLICA;EBMSP;Faculdade ;Privada sem fins lucrativos;11115;36;FISIOTERAPIA;Educação Presencial;2927408;SALVADOR;BA;36;36;30;0,8333;0,3609;2,6472;3
2016;1036;UNIVERSIDADE DO ESTADO DE MINAS GERAIS;UEMG;Universidade;Pessoa Jurídica de Direito Público - Estadual;11154;23;ENFERMAGEM;Educação Presencial;3147907;PASSOS;MG;45;29;16;0,5517;-1,8457;1,6348;2
2016;546;PONTIFÍCIA UNIVERSIDADE CATÓLICA DE SÃO PAULO;PUCSP;Universidade;Privada sem fins lucrativos;11222;38;SERVIÇO SOCIAL;Educação Presencial;3550308;SÃO PAULO;SP;60;53;29;0,5472;0,1610;2,7192;3
2016;546;PONTIFÍCIA UNIVERSIDADE CATÓLICA DE SÃO PAULO;PUCSP;Universidade;Privada sem fins lucrativos;11232;27;FONOAUDIOLOGIA;Educação Presencial;3550308;SÃO PAULO;SP;9;8;5;0,6250;4,4893;4,4021;5
2016;546;PONTIFÍCIA UNIVERSIDADE CATÓLICA DE SÃO PAULO;PUCSP;Universidade;Privada sem fins lucrativos;11233;12;MEDICINA;Educação Presencial;3552205;SOROCABA;SP;99;95;93;0,9789;-0,0026;2,9229;3
2016;546;PONTIFÍCIA UNIVERSIDADE CATÓLICA DE SÃO PAULO;PUCSP;Universidade;Privada sem fins lucrativos;11234;23;ENFERMAGEM;Educação Presencial;3552205;SOROCABA;SP;26;25;19;0,7600;1,1306;3,0358;4
2016;547;UNIVERSIDADE DO ESTADO DO RIO DE JANEIRO;UERJ;Universidade;Pessoa Jurídica de Direito Público - Estadual;11299;23;ENFERMAGEM;Educação Presencial;3304557;RIO DE JANEIRO;RJ;31;30;30;1,0000;1,1143;3,0281;4
2016;547;UNIVERSIDADE DO ESTADO DO RIO DE JANEIRO;UERJ;Universidade;Pessoa Jurídica de Direito Público - Estadual;11311;28;NUTRIÇÃO;Educação Presencial;3304557;RIO DE JANEIRO;RJ;103;75;74;0,9867;-0,7472;2,1070;3
2016;547;UNIVERSIDADE DO ESTADO DO RIO DE JANEIRO;UERJ;Universidade;Pessoa Jurídica de Direito Público - Estadual;11313;38;SERVIÇO SOCIAL;Educação Presencial;3304557;RIO DE JANEIRO;RJ;146;135;104;0,7704;-1,5491;1,9213;2
2016;547;UNIVERSIDADE DO ESTADO DO RIO DE JANEIRO;UERJ;Universidade;Pessoa Jurídica de Direito Público - Estadual;11316;12;MEDICINA;Educação Presencial;3304557;RIO DE JANEIRO;RJ;98;97;94;0,9691;0,4324;3,3971;4
2016;547;UNIVERSIDADE DO ESTADO DO RIO DE JANEIRO;UERJ;Universidade;Pessoa Jurídica de Direito Público - Estadual;11317;6;ODONTOLOGIA;Educação Presencial;3304557;RIO DE JANEIRO;RJ;42;42;41;0,9762;-0,2072;2,2528;3
2016;548;UNIVERSIDADE FEDERAL DO MARANHÃO;UFMA;Universidade;Pessoa Jurídica de Direito Público - Federal;11434;38;SERVIÇO SOCIAL;Educação Presencial;2111300;SÃO LUÍS;MA;57;57;45;0,7895;-0,5922;2,3678;3
2016;548;UNIVERSIDADE FEDERAL DO MARANHÃO;UFMA;Universidade;Pessoa Jurídica de Direito Público - Federal;11436;23;ENFERMAGEM;Educação Presencial;2111300;SÃO LUÍS;MA;37;35;32;0,9143;-0,4876;2,2741;3
2016;548;UNIVERSIDADE FEDERAL DO MARANHÃO;UFMA;Universidade;Pessoa Jurídica de Direito Público - Federal;11437;19;FARMÁCIA;Educação Presencial;2111300;SÃO LUÍS;MA;34;33;32;0,9697;-0,3341;2,2682;3
2016;548;UNIVERSIDADE FEDERAL DO MARANHÃO;UFMA;Universidade;Pessoa Jurídica de Direito Público - Federal;11438;6;ODONTOLOGIA;Educação Presencial;2111300;SÃO LUÍS;MA;9;9;8;0,8889;-0,0078;2,4631;3
2016;548;UNIVERSIDADE FEDERAL DO MARANHÃO;UFMA;Universidade;Pessoa Jurídica de Direito Público - Federal;11446;12;MEDICINA;Educação Presencial;2111300;SÃO LUÍS;MA;75;75;74;0,9867;-0,9268;1,9153;2
2016;549;UNIVERSIDADE FEDERAL DO ACRE;UFAC;Universidade;Pessoa Jurídica de Direito Público - Federal;11528;17;AGRONOMIA;Educação Presencial;1200401;RIO BRANCO;AC;53;52;26;0,5000;-0,8899;2,3187;3
2016;549;UNIVERSIDADE FEDERAL DO ACRE;UFAC;Universidade;Pessoa Jurídica de Direito Público - Federal;11533;23;ENFERMAGEM;Educação Presencial;1200401;RIO BRANCO;AC;19;18;17;0,9444;-0,6522;2,1966;3
2016;549;UNIVERSIDADE FEDERAL DO ACRE;UFAC;Universidade;Pessoa Jurídica de Direito Público - Federal;11542;3501;EDUCAÇÃO FÍSICA (BACHARELADO);Educação Presencial;1200401;RIO BRANCO;AC;38;31;19;0,6129;-0,7849;2,1093;3
2016;550;UNIVERSIDADE ESTADUAL DA PARAÍBA;UEPB;Universidade;Pessoa Jurídica de Direito Público - Estadual;11595;6;ODONTOLOGIA;Educação Presencial;2504009;CAMPINA GRANDE;PB;51;49;42;0,8571;0,0327;2,5058;3
2016;550;UNIVERSIDADE ESTADUAL DA PARAÍBA;UEPB;Universidade;Pessoa Jurídica de Direito Público - Estadual;11606;38;SERVIÇO SOCIAL;Educação Presencial;2504009;CAMPINA GRANDE;PB;125;112;64;0,5714;-0,5882;2,3696;3
2016;550;UNIVERSIDADE ESTADUAL DA PARAÍBA;UEPB;Universidade;Pessoa Jurídica de Direito Público - Estadual;11607;19;FARMÁCIA;Educação Presencial;2504009;CAMPINA GRANDE;PB;52;50;49;0,9800;-0,4685;2,2098;3
2016;550;UNIVERSIDADE ESTADUAL DA PARAÍBA;UEPB;Universidade;Pessoa Jurídica de Direito Público - Estadual;11608;36;FISIOTERAPIA;Educação Presencial;2504009;CAMPINA GRANDE;PB;20;19;17;0,8947;0,6908;2,7945;3
2016;1036;UNIVERSIDADE DO ESTADO DE MINAS GERAIS;UEMG;Universidade;Pessoa Jurídica de Direito Público - Estadual;11657;17;AGRONOMIA;Educação Presencial;3134202;ITUIUTABA;MG;26;25;12;0,4800;-0,2308;2,7168;3
2016;555;UNIVERSIDADE DE FORTALEZA;UNIFOR;Universidade;Privada sem fins lucrativos;11718;36;FISIOTERAPIA;Educação Presencial;2304400;FORTALEZA;CE;122;120;88;0,7333;-0,0519;2,4629;3
2016;555;UNIVERSIDADE DE FORTALEZA;UNIFOR;Universidade;Privada sem fins lucrativos;11719;23;ENFERMAGEM;Educação Presencial;2304400;FORTALEZA;CE;128;122;78;0,6393;-0,0343;2,4874;3
2016;555;UNIVERSIDADE DE FORTALEZA;UNIFOR;Universidade;Privada sem fins lucrativos;11727;27;FONOAUDIOLOGIA;Educação Presencial;2304400;FORTALEZA;CE;42;37;30;0,8108;0,5874;2,5903;3
2016;555;UNIVERSIDADE DE FORTALEZA;UNIFOR;Universidade;Privada sem fins lucrativos;11731;6;ODONTOLOGIA;Educação Presencial;2304400;FORTALEZA;CE;109;109;90;0,8257;-0,1606;2,3020;3
2016;568;UNIVERSIDADE ESTADUAL DO MARANHÃO;UEMA;Universidade;Pessoa Jurídica de Direito Público - Estadual;11874;5;MEDICINA VETERINÁRIA;Educação Presencial;2111300;SÃO LUÍS;MA;91;89;82;0,9213;-0,1864;2,4564;3
2016;568;UNIVERSIDADE ESTADUAL DO MARANHÃO;UEMA;Universidade;Pessoa Jurídica de Direito Público - Estadual;11878;17;AGRONOMIA;Educação Presencial;2111300;SÃO LUÍS;MA;100;96;81;0,8438;-0,5501;2,5239;3
2016;569;UNIVERSIDADE FEDERAL DO PARÁ;UFPA;Universidade;Pessoa Jurídica de Direito Público - Federal;11998;38;SERVIÇO SOCIAL;Educação Presencial;1501402;BELÉM;PA;116;111;106;0,9550;-3,3845;1,0648;2
2016;569;UNIVERSIDADE FEDERAL DO PARÁ;UFPA;Universidade;Pessoa Jurídica de Direito Público - Federal;12013;23;ENFERMAGEM;Educação Presencial;1501402;BELÉM;PA;99;88;86;0,9773;-0,3561;2,3360;3
2016;569;UNIVERSIDADE FEDERAL DO PARÁ;UFPA;Universidade;Pessoa Jurídica de Direito Público - Federal;12014;55;BIOMEDICINA;Educação Presencial;1501402;BELÉM;PA;57;53;51;0,9623;-0,6670;2,0731;3
2016;569;UNIVERSIDADE FEDERAL DO PARÁ;UFPA;Universidade;Pessoa Jurídica de Direito Público - Federal;12015;12;MEDICINA;Educação Presencial;1501402;BELÉM;PA;178;167;156;0,9341;-0,9520;1,8878;2
2016;569;UNIVERSIDADE FEDERAL DO PARÁ;UFPA;Universidade;Pessoa Jurídica de Direito Público - Federal;12017;6;ODONTOLOGIA;Educação Presencial;1501402;BELÉM;PA;147;142;131;0,9225;-0,4860;1,9589;3
2016;569;UNIVERSIDADE FEDERAL DO PARÁ;UFPA;Universidade;Pessoa Jurídica de Direito Público - Federal;12018;28;NUTRIÇÃO;Educação Presencial;1501402;BELÉM;PA;56;48;45;0,9375;-0,8880;2,0435;3
2016;570;UNIVERSIDADE FEDERAL DO RIO GRANDE DO NORTE;UFRN;Universidade;Pessoa Jurídica de Direito Público - Federal;12325;38;SERVIÇO SOCIAL;Educação Presencial;2408102;NATAL;RN;97;91;84;0,9231;-0,2538;2,5257;3
2016;570;UNIVERSIDADE FEDERAL DO RIO GRANDE DO NORTE;UFRN;Universidade;Pessoa Jurídica de Direito Público - Federal;12326;23;ENFERMAGEM;Educação Presencial;2408102;NATAL;RN;78;75;71;0,9467;0,2748;2,6329;3
2016;570;UNIVERSIDADE FEDERAL DO RIO GRANDE DO NORTE;UFRN;Universidade;Pessoa Jurídica de Direito Público - Federal;12327;3501;EDUCAÇÃO FÍSICA (BACHARELADO);Educação Presencial;2408102;NATAL;RN;60;50;26;0,5200;0,4858;2,6920;3
2016;570;UNIVERSIDADE FEDERAL DO RIO GRANDE DO NORTE;UFRN;Universidade;Pessoa Jurídica de Direito Público - Federal;12328;19;FARMÁCIA;Educação Presencial;2408102;NATAL;RN;164;150;133;0,8867;0,3956;2,5854;3
2016;570;UNIVERSIDADE FEDERAL DO RIO GRANDE DO NORTE;UFRN;Universidade;Pessoa Jurídica de Direito Público - Federal;12329;28;NUTRIÇÃO;Educação Presencial;2408102;NATAL;RN;74;72;70;0,9722;0,1853;2,5275;3
2016;570;UNIVERSIDADE FEDERAL DO RIO GRANDE DO NORTE;UFRN;Universidade;Pessoa Jurídica de Direito Público - Federal;12330;6;ODONTOLOGIA;Educação Presencial;2408102;NATAL;RN;81;81;79;0,9753;0,0143;2,4864;3
2016;570;UNIVERSIDADE FEDERAL DO RIO GRANDE DO NORTE;UFRN;Universidade;Pessoa Jurídica de Direito Público - Federal;12331;36;FISIOTERAPIA;Educação Presencial;2408102;NATAL;RN;42;38;34;0,8947;0,3413;2,6385;3
2016;570;UNIVERSIDADE FEDERAL DO RIO GRANDE DO NORTE;UFRN;Universidade;Pessoa Jurídica de Direito Público - Federal;12345;12;MEDICINA;Educação Presencial;2408102;NATAL;RN;86;84;79;0,9405;0,2737;3,2240;4
2016;571;UNIVERSIDADE FEDERAL DO PARANÁ;UFPR;Universidade;Pessoa Jurídica de Direito Público - Federal;12569;12;MEDICINA;Educação Presencial;4106902;CURITIBA;PR;160;156;149;0,9551;-0,3767;2,5150;3
2016;571;UNIVERSIDADE FEDERAL DO PARANÁ;UFPR;Universidade;Pessoa Jurídica de Direito Público - Federal;12570;28;NUTRIÇÃO;Educação Presencial;4106902;CURITIBA;PR;28;25;24;0,9600;0,4509;2,6472;3
2016;571;UNIVERSIDADE FEDERAL DO PARANÁ;UFPR;Universidade;Pessoa Jurídica de Direito Público - Federal;12582;19;FARMÁCIA;Educação Presencial;4106902;CURITIBA;PR;44;44;43;0,9773;-1,0216;1,9693;3
2016;571;UNIVERSIDADE FEDERAL DO PARANÁ;UFPR;Universidade;Pessoa Jurídica de Direito Público - Federal;12583;5;MEDICINA VETERINÁRIA;Educação Presencial;4106902;CURITIBA;PR;56;53;45;0,8491;0,3277;2,8434;3
2016;571;UNIVERSIDADE FEDERAL DO PARANÁ;UFPR;Universidade;Pessoa Jurídica de Direito Público - Federal;12584;6;ODONTOLOGIA;Educação Presencial;4106902;CURITIBA;PR;93;92;90;0,9783;-0,5239;1,9190;2
2016;571;UNIVERSIDADE FEDERAL DO PARANÁ;UFPR;Universidade;Pessoa Jurídica de Direito Público - Federal;12586;17;AGRONOMIA;Educação Presencial;4106902;CURITIBA;PR;125;116;98;0,8448;-0,1977;2,7368;3
2016;571;UNIVERSIDADE FEDERAL DO PARANÁ;UFPR;Universidade;Pessoa Jurídica de Direito Público - Federal;12590;5;MEDICINA VETERINÁRIA;Educação Presencial;4117909;PALOTINA;PR;36;34;31;0,9118;-0,2123;2,4369;3
2016;572;UNIVERSIDADE FEDERAL FLUMINENSE;UFF;Universidade;Pessoa Jurídica de Direito Público - Federal;12691;38;SERVIÇO SOCIAL;Educação Presencial;3303302;NITERÓI;RJ;260;220;168;0,7636;-1,9616;1,7287;2
2016;572;UNIVERSIDADE FEDERAL FLUMINENSE;UFF;Universidade;Pessoa Jurídica de Direito Público - Federal;12692;12;MEDICINA;Educação Presencial;3303302;NITERÓI;RJ;159;155;146;0,9419;-0,6547;2,2119;3
2016;572;UNIVERSIDADE FEDERAL FLUMINENSE;UFF;Universidade;Pessoa Jurídica de Direito Público - Federal;12693;6;ODONTOLOGIA;Educação Presencial;3303302;NITERÓI;RJ;51;51;49;0,9608;-1,7437;0,6330;1
2016;572;UNIVERSIDADE FEDERAL FLUMINENSE;UFF;Universidade;Pessoa Jurídica de Direito Público - Federal;12694;28;NUTRIÇÃO;Educação Presencial;3303302;NITERÓI;RJ;69;68;62;0,9118;-0,4266;2,2516;3
2016;572;UNIVERSIDADE FEDERAL FLUMINENSE;UFF;Universidade;Pessoa Jurídica de Direito Público - Federal;12695;19;FARMÁCIA;Educação Presencial;3303302;NITERÓI;RJ;56;52;41;0,7885;-0,7503;2,0873;3
2016;572;UNIVERSIDADE FEDERAL FLUMINENSE;UFF;Universidade;Pessoa Jurídica de Direito Público - Federal;12696;38;SERVIÇO SOCIAL;Educação Presencial;3301009;CAMPOS DOS GOYTACAZES;RJ;136;114;77;0,6754;-0,8394;2,2524;3
2016;572;UNIVERSIDADE FEDERAL FLUMINENSE;UFF;Universidade;Pessoa Jurídica de Direito Público - Federal;12704;5;MEDICINA VETERINÁRIA;Educação Presencial;3303302;NITERÓI;RJ;120;119;101;0,8487;-0,1068;2,5163;3
2016;572;UNIVERSIDADE FEDERAL FLUMINENSE;UFF;Universidade;Pessoa Jurídica de Direito Público - Federal;12708;23;ENFERMAGEM;Educação Presencial;3303302;NITERÓI;RJ;84;81;76;0,9383;-0,4349;2,2989;3
2016;573;UNIVERSIDADE FEDERAL DO ESPÍRITO SANTO;UFES;Universidade;Pessoa Jurídica de Direito Público - Federal;12811;17;AGRONOMIA;Educação Presencial;3200201;ALEGRE;ES;40;40;39;0,9750;0,3268;3,0537;4
2016;573;UNIVERSIDADE FEDERAL DO ESPÍRITO SANTO;UFES;Universidade;Pessoa Jurídica de Direito Público - Federal;12813;12;MEDICINA;Educação Presencial;3205309;VITÓRIA;ES;88;87;82;0,9425;-1,0818;1,7464;2
2016;573;UNIVERSIDADE FEDERAL DO ESPÍRITO SANTO;UFES;Universidade;Pessoa Jurídica de Direito Público - Federal;12814;6;ODONTOLOGIA;Educação Presencial;3205309;VITÓRIA;ES;65;64;61;0,9531;0,3058;2,7937;3
2016;573;UNIVERSIDADE FEDERAL DO ESPÍRITO SANTO;UFES;Universidade;Pessoa Jurídica de Direito Público - Federal;12815;23;ENFERMAGEM;Educação Presencial;3205309;VITÓRIA;ES;48;45;44;0,9778;-1,2645;1,9084;2
2016;573;UNIVERSIDADE FEDERAL DO ESPÍRITO SANTO;UFES;Universidade;Pessoa Jurídica de Direito Público - Federal;12821;38;SERVIÇO SOCIAL;Educação Presencial;3205309;VITÓRIA;ES;72;67;60;0,8955;0,1380;2,7085;3
2016;574;UNIVERSIDADE FEDERAL RURAL DO RIO DE JANEIRO;UFRRJ;Universidade;Pessoa Jurídica de Direito Público - Federal;12905;17;AGRONOMIA;Educação Presencial;3305554;SEROPÉDICA;RJ;138;134;104;0,7761;-0,4452;2,5873;3
2016;574;UNIVERSIDADE FEDERAL RURAL DO RIO DE JANEIRO;UFRRJ;Universidade;Pessoa Jurídica de Direito Público - Federal;12909;5;MEDICINA VETERINÁRIA;Educação Presencial;3305554;SEROPÉDICA;RJ;191;185;175;0,9459;-0,0781;2,5379;3
2016;574;UNIVERSIDADE FEDERAL RURAL DO RIO DE JANEIRO;UFRRJ;Universidade;Pessoa Jurídica de Direito Público - Federal;12910;51;ZOOTECNIA;Educação Presencial;3305554;SEROPÉDICA;RJ;71;55;38;0,6909;0,6944;3,0932;4
2016;575;UNIVERSIDADE FEDERAL DE MINAS GERAIS;UFMG;Universidade;Pessoa Jurídica de Direito Público - Federal;12953;23;ENFERMAGEM;Educação Presencial;3106200;BELO HORIZONTE;MG;70;69;65;0,9420;-0,2577;2,3823;3
2016;575;UNIVERSIDADE FEDERAL DE MINAS GERAIS;UFMG;Universidade;Pessoa Jurídica de Direito Público - Federal;12964;36;FISIOTERAPIA;Educação Presencial;3106200;BELO HORIZONTE;MG;78;75;68;0,9067;-0,0945;2,4439;3
2016;575;UNIVERSIDADE FEDERAL DE MINAS GERAIS;UFMG;Universidade;Pessoa Jurídica de Direito Público - Federal;12970;12;MEDICINA;Educação Presencial;3106200;BELO HORIZONTE;MG;305;303;288;0,9505;-0,7166;2,1444;3
2016;575;UNIVERSIDADE FEDERAL DE MINAS GERAIS;UFMG;Universidade;Pessoa Jurídica de Direito Público - Federal;12971;5;MEDICINA VETERINÁRIA;Educação Presencial;3106200;BELO HORIZONTE;MG;147;146;121;0,8288;-0,8398;1,9646;3
2016;575;UNIVERSIDADE FEDERAL DE MINAS GERAIS;UFMG;Universidade;Pessoa Jurídica de Direito Público - Federal;12972;6;ODONTOLOGIA;Educação Presencial;3106200;BELO HORIZONTE;MG;139;138;131;0,9493;-0,5869;1,8526;2
2016;576;UNIVERSIDADE FEDERAL DE JUIZ DE FORA;UFJF;Universidade;Pessoa Jurídica de Direito Público - Federal;13103;12;MEDICINA;Educação Presencial;3136702;JUIZ DE FORA;MG;154;149;144;0,9664;0,0646;2,9961;4
2016;576;UNIVERSIDADE FEDERAL DE JUIZ DE FORA;UFJF;Universidade;Pessoa Jurídica de Direito Público - Federal;13104;6;ODONTOLOGIA;Educação Presencial;3136702;JUIZ DE FORA;MG;147;145;141;0,9724;-0,3414;2,1114;3
2016;576;UNIVERSIDADE FEDERAL DE JUIZ DE FORA;UFJF;Universidade;Pessoa Jurídica de Direito Público - Federal;13107;38;SERVIÇO SOCIAL;Educação Presencial;3136702;JUIZ DE FORA;MG;67;61;58;0,9508;-3,8615;0,8422;1
2016;576;UNIVERSIDADE FEDERAL DE JUIZ DE FORA;UFJF;Universidade;Pessoa Jurídica de Direito Público - Federal;13118;36;FISIOTERAPIA;Educação Presencial;3136702;JUIZ DE FORA;MG;25;25;23;0,9200;1,0063;2,9354;3
2016;577;UNIVERSIDADE FEDERAL DE ALAGOAS;UFAL;Universidade;Pessoa Jurídica de Direito Público - Federal;13193;17;AGRONOMIA;Educação Presencial;2707701;RIO LARGO;AL;55;52;35;0,6731;-0,4500;2,5844;3
2016;577;UNIVERSIDADE FEDERAL DE ALAGOAS;UFAL;Universidade;Pessoa Jurídica de Direito Público - Federal;13199;23;ENFERMAGEM;Educação Presencial;2704302;MACEIÓ;AL;25;23;19;0,8261;0,6341;2,8021;3
2016;577;UNIVERSIDADE FEDERAL DE ALAGOAS;UFAL;Universidade;Pessoa Jurídica de Direito Público - Federal;13200;12;MEDICINA;Educação Presencial;2704302;MACEIÓ;AL;42;41;40;0,9756;0,3387;3,2949;4
2016;577;UNIVERSIDADE FEDERAL DE ALAGOAS;UFAL;Universidade;Pessoa Jurídica de Direito Público - Federal;13201;28;NUTRIÇÃO;Educação Presencial;2704302;MACEIÓ;AL;35;34;30;0,8824;0,7486;2,7815;3
2016;577;UNIVERSIDADE FEDERAL DE ALAGOAS;UFAL;Universidade;Pessoa Jurídica de Direito Público - Federal;13202;6;ODONTOLOGIA;Educação Presencial;2704302;MACEIÓ;AL;46;44;35;0,7955;-0,2241;2,2351;3
2016;577;UNIVERSIDADE FEDERAL DE ALAGOAS;UFAL;Universidade;Pessoa Jurídica de Direito Público - Federal;13214;38;SERVIÇO SOCIAL;Educação Presencial;2704302;MACEIÓ;AL;171;155;121;0,7806;-0,6225;2,3536;3
2016;4503;UNIVERSIDADE FEDERAL DO RECÔNCAVO DA BAHIA;UFRB;Universidade;Pessoa Jurídica de Direito Público - Federal;13282;17;AGRONOMIA;Educação Presencial;2909802;CRUZ DAS ALMAS;BA;63;46;35;0,7609;-0,5399;2,5301;3
2016;578;UNIVERSIDADE FEDERAL DA BAHIA;UFBA;Universidade;Pessoa Jurídica de Direito Público - Federal;13284;23;ENFERMAGEM;Educação Presencial;2927408;SALVADOR;BA;29;28;24;0,8571;0,5284;2,7523;3
2016;578;UNIVERSIDADE FEDERAL DA BAHIA;UFBA;Universidade;Pessoa Jurídica de Direito Público - Federal;13285;19;FARMÁCIA;Educação Presencial;2927408;SALVADOR;BA;63;62;47;0,7581;0,1666;2,4859;3
2016;578;UNIVERSIDADE FEDERAL DA BAHIA;UFBA;Universidade;Pessoa Jurídica de Direito Público - Federal;13286;12;MEDICINA;Educação Presencial;2927408;SALVADOR;BA;70;69;51;0,7391;-0,5793;2,2941;3
2016;578;UNIVERSIDADE FEDERAL DA BAHIA;UFBA;Universidade;Pessoa Jurídica de Direito Público - Federal;13287;5;MEDICINA VETERINÁRIA;Educação Presencial;2927408;SALVADOR;BA;53;50;22;0,4400;0,3981;2,8964;3
2016;578;UNIVERSIDADE FEDERAL DA BAHIA;UFBA;Universidade;Pessoa Jurídica de Direito Público - Federal;13288;28;NUTRIÇÃO;Educação Presencial;2927408;SALVADOR;BA;41;39;30;0,7692;0,2279;2,5467;3
2016;578;UNIVERSIDADE FEDERAL DA BAHIA;UFBA;Universidade;Pessoa Jurídica de Direito Público - Federal;13289;6;ODONTOLOGIA;Educação Presencial;2927408;SALVADOR;BA;55;52;48;0,9231;0,2812;2,7678;3
2016;579;UNIVERSIDADE FEDERAL DA PARAÍBA;UFPB;Universidade;Pessoa Jurídica de Direito Público - Federal;13403;51;ZOOTECNIA;Educação Presencial;2501104;AREIA;PB;26;26;22;0,8462;0,8724;3,1670;4
2016;579;UNIVERSIDADE FEDERAL DA PARAÍBA;UFPB;Universidade;Pessoa Jurídica de Direito Público - Federal;13417;38;SERVIÇO SOCIAL;Educação Presencial;2507507;JOÃO PESSOA;PB;157;135;109;0,8074;0,1094;2,6951;3
2016;579;UNIVERSIDADE FEDERAL DA PARAÍBA;UFPB;Universidade;Pessoa Jurídica de Direito Público - Federal;13421;19;FARMÁCIA;Educação Presencial;2507507;JOÃO PESSOA;PB;75;74;65;0,8784;0,2667;2,5294;3
2016;579;UNIVERSIDADE FEDERAL DA PARAÍBA;UFPB;Universidade;Pessoa Jurídica de Direito Público - Federal;13422;36;FISIOTERAPIA;Educação Presencial;2507507;JOÃO PESSOA;PB;61;61;55;0,9016;-0,0799;2,4504;3
2016;579;UNIVERSIDADE FEDERAL DA PARAÍBA;UFPB;Universidade;Pessoa Jurídica de Direito Público - Federal;13424;12;MEDICINA;Educação Presencial;2507507;JOÃO PESSOA;PB;114;111;106;0,9550;-0,2306;2,6743;3
2016;579;UNIVERSIDADE FEDERAL DA PARAÍBA;UFPB;Universidade;Pessoa Jurídica de Direito Público - Federal;13425;28;NUTRIÇÃO;Educação Presencial;2507507;JOÃO PESSOA;PB;74;68;64;0,9412;0,1287;2,5020;3
2016;579;UNIVERSIDADE FEDERAL DA PARAÍBA;UFPB;Universidade;Pessoa Jurídica de Direito Público - Federal;13426;6;ODONTOLOGIA;Educação Presencial;2507507;JOÃO PESSOA;PB;57;56;51;0,9107;0,2754;2,7617;3
2016;2564;UNIVERSIDADE FEDERAL DE CAMPINA GRANDE;UFCG;Universidade;Pessoa Jurídica de Direito Público - Federal;13437;5;MEDICINA VETERINÁRIA;Educação Presencial;2510808;PATOS;PB;40;39;35;0,8974;0,6295;3,0705;4
2016;2564;UNIVERSIDADE FEDERAL DE CAMPINA GRANDE;UFCG;Universidade;Pessoa Jurídica de Direito Público - Federal;13453;12;MEDICINA;Educação Presencial;2504009;CAMPINA GRANDE;PB;73;72;70;0,9722;-0,2688;2,6326;3
2016;579;UNIVERSIDADE FEDERAL DA PARAÍBA;UFPB;Universidade;Pessoa Jurídica de Direito Público - Federal;13454;17;AGRONOMIA;Educação Presencial;2501104;AREIA;PB;65;59;45;0,7627;-0,3731;2,6309;3
2016;580;UNIVERSIDADE FEDERAL DE PERNAMBUCO;UFPE;Universidade;Pessoa Jurídica de Direito Público - Federal;13581;38;SERVIÇO SOCIAL;Educação Presencial;2611606;RECIFE;PE;116;97;96;0,9897;-0,9689;2,1920;3
2016;580;UNIVERSIDADE FEDERAL DE PERNAMBUCO;UFPE;Universidade;Pessoa Jurídica de Direito Público - Federal;13597;55;BIOMEDICINA;Educação Presencial;2611606;RECIFE;PE;143;97;93;0,9588;0,1085;2,4603;3
2016;580;UNIVERSIDADE FEDERAL DE PERNAMBUCO;UFPE;Universidade;Pessoa Jurídica de Direito Público - Federal;13599;23;ENFERMAGEM;Educação Presencial;2611606;RECIFE;PE;61;58;58;1,0000;-0,5676;2,2364;3
2016;580;UNIVERSIDADE FEDERAL DE PERNAMBUCO;UFPE;Universidade;Pessoa Jurídica de Direito Público - Federal;13600;19;FARMÁCIA;Educação Presencial;2611606;RECIFE;PE;64;48;45;0,9375;-0,1178;2,3622;3
2016;580;UNIVERSIDADE FEDERAL DE PERNAMBUCO;UFPE;Universidade;Pessoa Jurídica de Direito Público - Federal;13601;12;MEDICINA;Educação Presencial;2611606;RECIFE;PE;276;275;272;0,9891;-0,1048;2,8114;3
2016;580;UNIVERSIDADE FEDERAL DE PERNAMBUCO;UFPE;Universidade;Pessoa Jurídica de Direito Público - Federal;13602;28;NUTRIÇÃO;Educação Presencial;2611606;RECIFE;PE;59;58;58;1,0000;0,5177;2,6774;3
2016;580;UNIVERSIDADE FEDERAL DE PERNAMBUCO;UFPE;Universidade;Pessoa Jurídica de Direito Público - Federal;13611;6;ODONTOLOGIA;Educação Presencial;2611606;RECIFE;PE;128;126;124;0,9841;-0,0502;2,4184;3
2016;580;UNIVERSIDADE FEDERAL DE PERNAMBUCO;UFPE;Universidade;Pessoa Jurídica de Direito Público - Federal;13614;36;FISIOTERAPIA;Educação Presencial;2611606;RECIFE;PE;64;61;61;1,0000;-0,3836;2,3149;3
2016;581;UNIVERSIDADE FEDERAL DO RIO GRANDE DO SUL;UFRGS;Universidade;Pessoa Jurídica de Direito Público - Federal;13699;17;AGRONOMIA;Educação Presencial;4314902;PORTO ALEGRE;RS;93;89;60;0,6742;0,4130;3,1058;4
2016;581;UNIVERSIDADE FEDERAL DO RIO GRANDE DO SUL;UFRGS;Universidade;Pessoa Jurídica de Direito Público - Federal;13718;19;FARMÁCIA;Educação Presencial;4314902;PORTO ALEGRE;RS;130;129;110;0,8527;-0,5174;2,1885;3
2016;581;UNIVERSIDADE FEDERAL DO RIO GRANDE DO SUL;UFRGS;Universidade;Pessoa Jurídica de Direito Público - Federal;13719;5;MEDICINA VETERINÁRIA;Educação Presencial;4314902;PORTO ALEGRE;RS;69;68;56;0,8235;0,3304;2,8454;3
2016;581;UNIVERSIDADE FEDERAL DO RIO GRANDE DO SUL;UFRGS;Universidade;Pessoa Jurídica de Direito Público - Federal;13720;6;ODONTOLOGIA;Educação Presencial;4314902;PORTO ALEGRE;RS;100;100;97;0,9700;0,0781;2,5537;3
2016;581;UNIVERSIDADE FEDERAL DO RIO GRANDE DO SUL;UFRGS;Universidade;Pessoa Jurídica de Direito Público - Federal;13723;12;MEDICINA;Educação Presencial;4314902;PORTO ALEGRE;RS;132;129;124;0,9612;-0,3631;2,5298;3
2016;582;UNIVERSIDADE FEDERAL DE SANTA MARIA;UFSM;Universidade;Pessoa Jurídica de Direito Público - Federal;13854;51;ZOOTECNIA;Educação Presencial;4316907;SANTA MARIA;RS;44;43;40;0,9302;-0,5468;2,5787;3
2016;582;UNIVERSIDADE FEDERAL DE SANTA MARIA;UFSM;Universidade;Pessoa Jurídica de Direito Público - Federal;13857;5;MEDICINA VETERINÁRIA;Educação Presencial;4316907;SANTA MARIA;RS;69;67;62;0,9254;0,4848;2,9617;4
2016;582;UNIVERSIDADE FEDERAL DE SANTA MARIA;UFSM;Universidade;Pessoa Jurídica de Direito Público - Federal;13859;17;AGRONOMIA;Educação Presencial;4316907;SANTA MARIA;RS;173;162;152;0,9383;0,1232;2,9307;3
2016;582;UNIVERSIDADE FEDERAL DE SANTA MARIA;UFSM;Universidade;Pessoa Jurídica de Direito Público - Federal;13862;36;FISIOTERAPIA;Educação Presencial;4316907;SANTA MARIA;RS;32;32;29;0,9063;0,3423;2,6389;3
2016;582;UNIVERSIDADE FEDERAL DE SANTA MARIA;UFSM;Universidade;Pessoa Jurídica de Direito Público - Federal;13864;27;FONOAUDIOLOGIA;Educação Presencial;4316907;SANTA MARIA;RS;31;31;30;0,9677;0,5401;2,5684;3
2016;582;UNIVERSIDADE FEDERAL DE SANTA MARIA;UFSM;Universidade;Pessoa Jurídica de Direito Público - Federal;13865;23;ENFERMAGEM;Educação Presencial;4316907;SANTA MARIA;RS;25;25;23;0,9200;0,5275;2,7519;3
2016;582;UNIVERSIDADE FEDERAL DE SANTA MARIA;UFSM;Universidade;Pessoa Jurídica de Direito Público - Federal;13866;12;MEDICINA;Educação Presencial;4316907;SANTA MARIA;RS;98;98;95;0,9694;-0,2357;2,6687;3
2016;582;UNIVERSIDADE FEDERAL DE SANTA MARIA;UFSM;Universidade;Pessoa Jurídica de Direito Público - Federal;13867;6;ODONTOLOGIA;Educação Presencial;4316907;SANTA MARIA;RS;73;73;71;0,9726;0,0788;2,5544;3
2016;582;UNIVERSIDADE FEDERAL DE SANTA MARIA;UFSM;Universidade;Pessoa Jurídica de Direito Público - Federal;13868;19;FARMÁCIA;Educação Presencial;4316907;SANTA MARIA;RS;58;58;53;0,9138;0,4392;2,6044;3
2016;583;UNIVERSIDADE FEDERAL DO CEARÁ;UFC;Universidade;Pessoa Jurídica de Direito Público - Federal;13965;17;AGRONOMIA;Educação Presencial;2304400;FORTALEZA;CE;107;102;70;0,6863;-0,0084;2,8512;3
2016;583;UNIVERSIDADE FEDERAL DO CEARÁ;UFC;Universidade;Pessoa Jurídica de Direito Público - Federal;13994;23;ENFERMAGEM;Educação Presencial;2304400;FORTALEZA;CE;25;24;22;0,9167;0,6657;2,8169;3
2016;583;UNIVERSIDADE FEDERAL DO CEARÁ;UFC;Universidade;Pessoa Jurídica de Direito Público - Federal;13995;19;FARMÁCIA;Educação Presencial;2304400;FORTALEZA;CE;62;61;42;0,6885;0,3173;2,5514;3
2016;583;UNIVERSIDADE FEDERAL DO CEARÁ;UFC;Universidade;Pessoa Jurídica de Direito Público - Federal;13996;12;MEDICINA;Educação Presencial;2304400;FORTALEZA;CE;131;126;114;0,9048;-0,0007;2,9249;3
2016;583;UNIVERSIDADE FEDERAL DO CEARÁ;UFC;Universidade;Pessoa Jurídica de Direito Público - Federal;13997;6;ODONTOLOGIA;Educação Presencial;2304400;FORTALEZA;CE;41;39;37;0,9487;-0,3690;2,0823;3
2016;584;UNIVERSIDADE FEDERAL DE GOIÁS;UFG;Universidade;Pessoa Jurídica de Direito Público - Federal;14091;23;ENFERMAGEM;Educação Presencial;5208707;GOIÂNIA;GO;36;36;34;0,9444;1,1840;3,0609;4
2016;584;UNIVERSIDADE FEDERAL DE GOIÁS;UFG;Universidade;Pessoa Jurídica de Direito Público - Federal;14092;19;FARMÁCIA;Educação Presencial;5208707;GOIÂNIA;GO;87;86;82;0,9535;0,2302;2,5135;3
2016;584;UNIVERSIDADE FEDERAL DE GOIÁS;UFG;Universidade;Pessoa Jurídica de Direito Público - Federal;14093;12;MEDICINA;Educação Presencial;5208707;GOIÂNIA;GO;102;101;96;0,9505;-0,4450;2,4405;3
2016;584;UNIVERSIDADE FEDERAL DE GOIÁS;UFG;Universidade;Pessoa Jurídica de Direito Público - Federal;14094;5;MEDICINA VETERINÁRIA;Educação Presencial;5208707;GOIÂNIA;GO;50;40;33;0,8250;-0,1261;2,5018;3
2016;584;UNIVERSIDADE FEDERAL DE GOIÁS;UFG;Universidade;Pessoa Jurídica de Direito Público - Federal;14095;28;NUTRIÇÃO;Educação Presencial;5208707;GOIÂNIA;GO;61;60;55;0,9167;-1,6072;1,7192;2
2016;584;UNIVERSIDADE FEDERAL DE GOIÁS;UFG;Universidade;Pessoa Jurídica de Direito Público - Federal;14096;6;ODONTOLOGIA;Educação Presencial;5208707;GOIÂNIA;GO;54;54;54;1,0000;0,0419;2,5155;3
2016;584;UNIVERSIDADE FEDERAL DE GOIÁS;UFG;Universidade;Pessoa Jurídica de Direito Público - Federal;14097;17;AGRONOMIA;Educação Presencial;5208707;GOIÂNIA;GO;134;126;104;0,8254;-0,0276;2,8396;3
2016;585;UNIVERSIDADE FEDERAL DE SANTA CATARINA;UFSC;Universidade;Pessoa Jurídica de Direito Público - Federal;14214;17;AGRONOMIA;Educação Presencial;4205407;FLORIANÓPOLIS;SC;88;84;54;0,6429;0,2939;3,0338;4
2016;585;UNIVERSIDADE FEDERAL DE SANTA CATARINA;UFSC;Universidade;Pessoa Jurídica de Direito Público - Federal;14225;23;ENFERMAGEM;Educação Presencial;4205407;FLORIANÓPOLIS;SC;64;61;47;0,7705;-0,3239;2,3511;3
2016;585;UNIVERSIDADE FEDERAL DE SANTA CATARINA;UFSC;Universidade;Pessoa Jurídica de Direito Público - Federal;14227;19;FARMÁCIA;Educação Presencial;4205407;FLORIANÓPOLIS;SC;110;106;91;0,8585;-1,1758;1,9023;2
2016;585;UNIVERSIDADE FEDERAL DE SANTA CATARINA;UFSC;Universidade;Pessoa Jurídica de Direito Público - Federal;14234;12;MEDICINA;Educação Presencial;4205407;FLORIANÓPOLIS;SC;84;84;79;0,9405;-0,3727;2,5194;3
2016;585;UNIVERSIDADE FEDERAL DE SANTA CATARINA;UFSC;Universidade;Pessoa Jurídica de Direito Público - Federal;14235;28;NUTRIÇÃO;Educação Presencial;4205407;FLORIANÓPOLIS;SC;43;40;32;0,8000;-4,9649;0,2051;1
2016;585;UNIVERSIDADE FEDERAL DE SANTA CATARINA;UFSC;Universidade;Pessoa Jurídica de Direito Público - Federal;14236;6;ODONTOLOGIA;Educação Presencial;4205407;FLORIANÓPOLIS;SC;82;80;76;0,9500;0,2152;2,6982;3
2016;585;UNIVERSIDADE FEDERAL DE SANTA CATARINA;UFSC;Universidade;Pessoa Jurídica de Direito Público - Federal;14240;38;SERVIÇO SOCIAL;Educação Presencial;4205407;FLORIANÓPOLIS;SC;91;71;49;0,6901;-1,6635;1,8679;2
2016;586;UNIVERSIDADE FEDERAL DO RIO DE JANEIRO;UFRJ;Universidade;Pessoa Jurídica de Direito Público - Federal;14358;38;SERVIÇO SOCIAL;Educação Presencial;3304557;RIO DE JANEIRO;RJ;226;171;110;0,6433;-3,7181;0,9091;1
2016;586;UNIVERSIDADE FEDERAL DO RIO DE JANEIRO;UFRJ;Universidade;Pessoa Jurídica de Direito Público - Federal;14359;12;MEDICINA;Educação Presencial;3304557;RIO DE JANEIRO;RJ;256;254;250;0,9843;-0,1884;2,7203;3
2016;586;UNIVERSIDADE FEDERAL DO RIO DE JANEIRO;UFRJ;Universidade;Pessoa Jurídica de Direito Público - Federal;14360;28;NUTRIÇÃO;Educação Presencial;3304557;RIO DE JANEIRO;RJ;84;80;79;0,9875;-0,1059;2,3962;3
2016;586;UNIVERSIDADE FEDERAL DO RIO DE JANEIRO;UFRJ;Universidade;Pessoa Jurídica de Direito Público - Federal;14361;6;ODONTOLOGIA;Educação Presencial;3304557;RIO DE JANEIRO;RJ;7;7;7;1,0000;0,0598;2,5343;3
2016;586;UNIVERSIDADE FEDERAL DO RIO DE JANEIRO;UFRJ;Universidade;Pessoa Jurídica de Direito Público - Federal;14369;19;FARMÁCIA;Educação Presencial;3304557;RIO DE JANEIRO;RJ;146;129;99;0,7674;-1,1041;1,9335;2
2016;586;UNIVERSIDADE FEDERAL DO RIO DE JANEIRO;UFRJ;Universidade;Pessoa Jurídica de Direito Público - Federal;14373;36;FISIOTERAPIA;Educação Presencial;3304557;RIO DE JANEIRO;RJ;74;74;69;0,9324;-0,4900;2,2673;3
2016;586;UNIVERSIDADE FEDERAL DO RIO DE JANEIRO;UFRJ;Universidade;Pessoa Jurídica de Direito Público - Federal;14376;27;FONOAUDIOLOGIA;Educação Presencial;3304557;RIO DE JANEIRO;RJ;54;50;50;1,0000;-0,5020;2,0845;3
2016;587;UNIVERSIDADE FEDERAL RURAL DE PERNAMBUCO;UFRPE;Universidade;Pessoa Jurídica de Direito Público - Federal;14502;17;AGRONOMIA;Educação Presencial;2611606;RECIFE;PE;75;67;55;0,8209;-0,8860;2,3210;3
2016;587;UNIVERSIDADE FEDERAL RURAL DE PERNAMBUCO;UFRPE;Universidade;Pessoa Jurídica de Direito Público - Federal;14507;5;MEDICINA VETERINÁRIA;Educação Presencial;2611606;RECIFE;PE;141;127;105;0,8268;-0,1569;2,4786;3
2016;587;UNIVERSIDADE FEDERAL RURAL DE PERNAMBUCO;UFRPE;Universidade;Pessoa Jurídica de Direito Público - Federal;14508;51;ZOOTECNIA;Educação Presencial;2611606;RECIFE;PE;33;30;27;0,9000;-0,2690;2,6939;3
2016;588;UNIVERSIDADE TECNOLÓGICA FEDERAL DO PARANÁ;UTFPR;Universidade;Pessoa Jurídica de Direito Público - Federal;14536;17;AGRONOMIA;Educação Presencial;4118501;PATO BRANCO;PR;45;38;37;0,9737;0,5201;3,1704;4
2016;589;UNIVERSIDADE FEDERAL RURAL DO SEMI-ÁRIDO;UFERSA;Universidade;Pessoa Jurídica de Direito Público - Federal;14554;17;AGRONOMIA;Educação Presencial;2408003;MOSSORÓ;RN;66;61;47;0,7705;0,2314;2,9960;4
2016;589;UNIVERSIDADE FEDERAL RURAL DO SEMI-ÁRIDO;UFERSA;Universidade;Pessoa Jurídica de Direito Público - Federal;14555;5;MEDICINA VETERINÁRIA;Educação Presencial;2408003;MOSSORÓ;RN;62;52;37;0,7115;0,0619;2,6433;3
2016;590;UNIVERSIDADE FEDERAL RURAL DA AMAZÔNIA;UFRA;Universidade;Pessoa Jurídica de Direito Público - Federal;14557;17;AGRONOMIA;Educação Presencial;1501402;BELÉM;PA;118;114;100;0,8772;-0,3302;2,6568;3
2016;590;UNIVERSIDADE FEDERAL RURAL DA AMAZÔNIA;UFRA;Universidade;Pessoa Jurídica de Direito Público - Federal;14559;5;MEDICINA VETERINÁRIA;Educação Presencial;1501402;BELÉM;PA;79;75;55;0,7333;-0,5766;2,1627;3
2016;591;UNIVERSIDADE FEDERAL DE SÃO PAULO;UNIFESP;Universidade;Pessoa Jurídica de Direito Público - Federal;14563;12;MEDICINA;Educação Presencial;3550308;SÃO PAULO;SP;121;116;113;0,9741;-0,6472;2,2201;3
2016;591;UNIVERSIDADE FEDERAL DE SÃO PAULO;UNIFESP;Universidade;Pessoa Jurídica de Direito Público - Federal;14564;55;BIOMEDICINA;Educação Presencial;3550308;SÃO PAULO;SP;29;29;29;1,0000;-4,8194;0,0000;1
2016;591;UNIVERSIDADE FEDERAL DE SÃO PAULO;UNIFESP;Universidade;Pessoa Jurídica de Direito Público - Federal;14565;27;FONOAUDIOLOGIA;Educação Presencial;3550308;SÃO PAULO;SP;24;24;24;1,0000;0,4661;2,5340;3
2016;591;UNIVERSIDADE FEDERAL DE SÃO PAULO;UNIFESP;Universidade;Pessoa Jurídica de Direito Público - Federal;14567;23;ENFERMAGEM;Educação Presencial;3550308;SÃO PAULO;SP;75;75;74;0,9867;-0,3241;2,3510;3
2016;592;UNIVERSIDADE FEDERAL DE LAVRAS;UFLA;Universidade;Pessoa Jurídica de Direito Público - Federal;14576;17;AGRONOMIA;Educação Presencial;3138203;LAVRAS;MG;218;203;193;0,9507;-0,4334;2,5944;3
2016;592;UNIVERSIDADE FEDERAL DE LAVRAS;UFLA;Universidade;Pessoa Jurídica de Direito Público - Federal;14577;51;ZOOTECNIA;Educação Presencial;3138203;LAVRAS;MG;54;50;46;0,9200;0,1745;2,8777;3
2016;592;UNIVERSIDADE FEDERAL DE LAVRAS;UFLA;Universidade;Pessoa Jurídica de Direito Público - Federal;14582;5;MEDICINA VETERINÁRIA;Educação Presencial;3138203;LAVRAS;MG;106;102;97;0,9510;0,1661;2,7218;3
2016;595;UNIVERSIDADE FEDERAL DE ALFENAS;UNIFAL-MG;Universidade;Pessoa Jurídica de Direito Público - Federal;14606;19;FARMÁCIA;Educação Presencial;3101607;ALFENAS;MG;132;130;125;0,9615;0,0436;2,4324;3
2016;595;UNIVERSIDADE FEDERAL DE ALFENAS;UNIFAL-MG;Universidade;Pessoa Jurídica de Direito Público - Federal;14607;6;ODONTOLOGIA;Educação Presencial;3101607;ALFENAS;MG;91;91;91;1,0000;0,0387;2,5121;3
2016;595;UNIVERSIDADE FEDERAL DE ALFENAS;UNIFAL-MG;Universidade;Pessoa Jurídica de Direito Público - Federal;14608;23;ENFERMAGEM;Educação Presencial;3101607;ALFENAS;MG;24;23;23;1,0000;1,5400;3,2285;4
2016;596;UNIVERSIDADE FEDERAL DOS VALES DO JEQUITINHONHA E MUCURI;UFVJM;Universidade;Pessoa Jurídica de Direito Público - Federal;14613;6;ODONTOLOGIA;Educação Presencial;3121605;DIAMANTINA;MG;62;62;62;1,0000;-0,5128;1,9307;2
2016;597;UNIVERSIDADE FEDERAL DO TRIÂNGULO MINEIRO;UFTM;Universidade;Pessoa Jurídica de Direito Público - Federal;14615;12;MEDICINA;Educação Presencial;3170107;UBERABA;MG;75;75;72;0,9600;-0,7469;2,1115;3
2016;597;UNIVERSIDADE FEDERAL DO TRIÂNGULO MINEIRO;UFTM;Universidade;Pessoa Jurídica de Direito Público - Federal;14616;23;ENFERMAGEM;Educação Presencial;3170107;UBERABA;MG;44;43;39;0,9070;0,3941;2,6891;3
2016;609;UNIVERSIDADE ESTADUAL DO OESTE DO PARANÁ;UNIOESTE;Universidade;Pessoa Jurídica de Direito Público - Estadual;14703;23;ENFERMAGEM;Educação Presencial;4104808;CASCAVEL;PR;24;22;17;0,7727;0,1283;2,5640;3
2016;609;UNIVERSIDADE ESTADUAL DO OESTE DO PARANÁ;UNIOESTE;Universidade;Pessoa Jurídica de Direito Público - Estadual;14716;38;SERVIÇO SOCIAL;Educação Presencial;4127700;TOLEDO;PR;23;23;17;0,7391;-2,1940;1,6203;2
2016;609;UNIVERSIDADE ESTADUAL DO OESTE DO PARANÁ;UNIOESTE;Universidade;Pessoa Jurídica de Direito Público - Estadual;14725;12;MEDICINA;Educação Presencial;4104808;CASCAVEL;PR;44;44;43;0,9773;0,4017;3,3636;4
2016;609;UNIVERSIDADE ESTADUAL DO OESTE DO PARANÁ;UNIOESTE;Universidade;Pessoa Jurídica de Direito Público - Estadual;14726;6;ODONTOLOGIA;Educação Presencial;4104808;CASCAVEL;PR;41;40;40;1,0000;0,0748;2,5502;3
2016;609;UNIVERSIDADE ESTADUAL DO OESTE DO PARANÁ;UNIOESTE;Universidade;Pessoa Jurídica de Direito Público - Estadual;14727;17;AGRONOMIA;Educação Presencial;4114609;MARECHAL CÂNDIDO RONDON;PR;41;41;36;0,8780;-2,4868;1,3540;2
2016;3432;FACULDADES INTEGRADAS DE CIÊNCIAS HUMANAS, SAÚDE E EDUCAÇÃO DE GUARULHOS;FG;Faculdade ;Privada sem fins lucrativos;14847;23;ENFERMAGEM;Educação Presencial;3518800;GUARULHOS;SP;1;0;0;0,0000;;;SC
2016;1043;CENTRO UNIVERSITÁRIO HERMINIO OMETTO;UNIARARAS;Centro Universitário;Privada sem fins lucrativos;14855;55;BIOMEDICINA;Educação Presencial;3503307;ARARAS;SP;63;61;57;0,9344;0,8150;2,8130;3
2016;1043;CENTRO UNIVERSITÁRIO HERMINIO OMETTO;UNIARARAS;Centro Universitário;Privada sem fins lucrativos;14857;19;FARMÁCIA;Educação Presencial;3503307;ARARAS;SP;46;45;35;0,7778;0,6048;2,6764;3
2016;1043;CENTRO UNIVERSITÁRIO HERMINIO OMETTO;UNIARARAS;Centro Universitário;Privada sem fins lucrativos;14858;6;ODONTOLOGIA;Educação Presencial;3503307;ARARAS;SP;100;77;64;0,8312;-0,2966;2,1586;3
2016;1043;CENTRO UNIVERSITÁRIO HERMINIO OMETTO;UNIARARAS;Centro Universitário;Privada sem fins lucrativos;14863;23;ENFERMAGEM;Educação Presencial;3503307;ARARAS;SP;63;57;44;0,7719;2,0453;3,4663;4
2016;634;UNIVERSIDADE FEDERAL DE PELOTAS;UFPEL;Universidade;Pessoa Jurídica de Direito Público - Federal;14970;17;AGRONOMIA;Educação Presencial;4304663;CAPÃO DO LEÃO;RS;156;101;84;0,8317;-0,2052;2,7323;3
2016;634;UNIVERSIDADE FEDERAL DE PELOTAS;UFPEL;Universidade;Pessoa Jurídica de Direito Público - Federal;14973;6;ODONTOLOGIA;Educação Presencial;4314407;PELOTAS;RS;72;68;68;1,0000;-0,8458;1,5796;2
2016;634;UNIVERSIDADE FEDERAL DE PELOTAS;UFPEL;Universidade;Pessoa Jurídica de Direito Público - Federal;14974;5;MEDICINA VETERINÁRIA;Educação Presencial;4304663;CAPÃO DO LEÃO;RS;93;93;84;0,9032;0,0466;2,6318;3
2016;634;UNIVERSIDADE FEDERAL DE PELOTAS;UFPEL;Universidade;Pessoa Jurídica de Direito Público - Federal;14975;12;MEDICINA;Educação Presencial;4314407;PELOTAS;RS;95;95;92;0,9684;-0,8803;1,9660;3
2016;634;UNIVERSIDADE FEDERAL DE PELOTAS;UFPEL;Universidade;Pessoa Jurídica de Direito Público - Federal;14979;28;NUTRIÇÃO;Educação Presencial;4314407;PELOTAS;RS;81;79;73;0,9241;-0,3841;2,2707;3
2016;634;UNIVERSIDADE FEDERAL DE PELOTAS;UFPEL;Universidade;Pessoa Jurídica de Direito Público - Federal;14980;23;ENFERMAGEM;Educação Presencial;4314407;PELOTAS;RS;68;63;59;0,9365;-0,6234;2,2101;3
2016;647;FACULDADE DE ENFERMAGEM LUIZA DE MARILLAC;FELM;Faculdade ;Privada sem fins lucrativos;15156;23;ENFERMAGEM;Educação Presencial;3304557;RIO DE JANEIRO;RJ;154;145;68;0,4690;-0,9002;2,0799;3
2016;648;FACULDADES ASSOCIADAS DE UBERABA - FAZU;FAZU;Faculdade ;Privada sem fins lucrativos;15158;51;ZOOTECNIA;Educação Presencial;3170107;UBERABA;MG;28;24;13;0,5417;3,9594;4,4466;5
2016;648;FACULDADES ASSOCIADAS DE UBERABA - FAZU;FAZU;Faculdade ;Privada sem fins lucrativos;15159;17;AGRONOMIA;Educação Presencial;3170107;UBERABA;MG;121;115;60;0,5217;0,1681;2,9578;4
2016;663;UNIVERSIDADE SALGADO DE OLIVEIRA;UNIVERSO;Universidade;Pessoa Jurídica de Direito Privado - Sem fins lucrativos - Fundação;15246;28;NUTRIÇÃO;Educação Presencial;3304904;SÃO GONÇALO;RJ;74;72;37;0,5139;-2,3793;1,3711;2
2016;663;UNIVERSIDADE SALGADO DE OLIVEIRA;UNIVERSO;Universidade;Pessoa Jurídica de Direito Privado - Sem fins lucrativos - Fundação;15267;36;FISIOTERAPIA;Educação Presencial;3304904;SÃO GONÇALO;RJ;26;23;11;0,4783;-1,9425;1,6189;2
2016;663;UNIVERSIDADE SALGADO DE OLIVEIRA;UNIVERSO;Universidade;Pessoa Jurídica de Direito Privado - Sem fins lucrativos - Fundação;15270;36;FISIOTERAPIA;Educação Presencial;3303302;NITERÓI;RJ;28;24;5;0,2083;-2,9848;1,1535;2
2016;665;UNIVERSIDADE DE TAUBATÉ;UNITAU;Universidade;Pessoa Jurídica de Direito Público - Municipal;15343;12;MEDICINA;Educação Presencial;3554102;TAUBATÉ;SP;84;84;81;0,9643;-0,7223;2,1382;3
2016;665;UNIVERSIDADE DE TAUBATÉ;UNITAU;Universidade;Pessoa Jurídica de Direito Público - Municipal;15345;6;ODONTOLOGIA;Educação Presencial;3554102;TAUBATÉ;SP;134;130;107;0,8231;-0,4547;1,9919;3
2016;665;UNIVERSIDADE DE TAUBATÉ;UNITAU;Universidade;Pessoa Jurídica de Direito Público - Municipal;15347;38;SERVIÇO SOCIAL;Educação Presencial;3554102;TAUBATÉ;SP;15;14;10;0,7143;2,3711;3,7505;4
2016;666;UNIVERSIDADE ESTADUAL DE FEIRA DE SANTANA;UEFS;Universidade;Pessoa Jurídica de Direito Público - Estadual;15403;23;ENFERMAGEM;Educação Presencial;2910800;FEIRA DE SANTANA;BA;48;46;41;0,8913;0,7068;2,8363;3
2016;666;UNIVERSIDADE ESTADUAL DE FEIRA DE SANTANA;UEFS;Universidade;Pessoa Jurídica de Direito Público - Estadual;15408;6;ODONTOLOGIA;Educação Presencial;2910800;FEIRA DE SANTANA;BA;47;46;43;0,9348;0,7800;3,2937;4
2016;670;UNIVERSIDADE SÃO FRANCISCO;USF;Universidade;Privada sem fins lucrativos;15475;12;MEDICINA;Educação Presencial;3507605;BRAGANÇA PAULISTA;SP;117;117;106;0,9060;-0,3886;2,5020;3
2016;670;UNIVERSIDADE SÃO FRANCISCO;USF;Universidade;Privada sem fins lucrativos;15476;6;ODONTOLOGIA;Educação Presencial;3507605;BRAGANÇA PAULISTA;SP;33;33;26;0,7879;-0,3191;2,1349;3
2016;670;UNIVERSIDADE SÃO FRANCISCO;USF;Universidade;Privada sem fins lucrativos;15480;19;FARMÁCIA;Educação Presencial;3507605;BRAGANÇA PAULISTA;SP;32;29;24;0,8276;-0,0013;2,4129;3
2016;671;UNIVERSIDADE ANHANGUERA - UNIDERP;UNIDERP;Universidade;Privada com fins lucrativos;15550;17;AGRONOMIA;Educação Presencial;5002704;CAMPO GRANDE;MS;25;21;19;0,9048;-0,2220;2,7222;3
2016;671;UNIVERSIDADE ANHANGUERA - UNIDERP;UNIDERP;Universidade;Privada com fins lucrativos;15554;5;MEDICINA VETERINÁRIA;Educação Presencial;5002704;CAMPO GRANDE;MS;34;31;30;0,9677;-0,6503;2,1072;3
2016;677;FACULDADE DE REABILITAÇÃO DA ASCE;FRASCE;Faculdade ;Privada sem fins lucrativos;15644;36;FISIOTERAPIA;Educação Presencial;3304557;RIO DE JANEIRO;RJ;20;18;12;0,6667;-0,7597;2,1469;3
2016;5439;FACULDADES INTEGRADAS DA UNIÃO EDUCACIONAL DO PLANALTO CENTRAL - FACIPLAC;FACIPLAC;Faculdade ;Privada com fins lucrativos;15648;6;ODONTOLOGIA;Educação Presencial;5300108;BRASÍLIA;DF;63;54;26;0,4815;-1,0543;1,3597;2
2016;5439;FACULDADES INTEGRADAS DA UNIÃO EDUCACIONAL DO PLANALTO CENTRAL - FACIPLAC;FACIPLAC;Faculdade ;Privada com fins lucrativos;15650;36;FISIOTERAPIA;Educação Presencial;5300108;BRASÍLIA;DF;8;8;4;0,5000;1,4845;3,1489;4
2016;688;UNIVERSIDADE ESTADUAL DO SUDOESTE DA BAHIA;UESB;Universidade;Pessoa Jurídica de Direito Público - Estadual;15739;17;AGRONOMIA;Educação Presencial;2933307;VITÓRIA DA CONQUISTA;BA;23;21;11;0,5238;-0,5473;2,5257;3
2016;688;UNIVERSIDADE ESTADUAL DO SUDOESTE DA BAHIA;UESB;Universidade;Pessoa Jurídica de Direito Público - Estadual;15742;23;ENFERMAGEM;Educação Presencial;2918001;JEQUIÉ;BA;37;35;33;0,9429;0,9091;2,9315;3
2016;688;UNIVERSIDADE ESTADUAL DO SUDOESTE DA BAHIA;UESB;Universidade;Pessoa Jurídica de Direito Público - Estadual;15743;51;ZOOTECNIA;Educação Presencial;2916401;ITAPETINGA;BA;32;30;22;0,7333;-0,3217;2,6720;3
2016;4010;CENTRO UNIVERSITÁRIO METODISTA;IPA;Centro Universitário;Privada sem fins lucrativos;15762;28;NUTRIÇÃO;Educação Presencial;4314902;PORTO ALEGRE;RS;60;53;34;0,6415;0,1700;2,5206;3
2016;4010;CENTRO UNIVERSITÁRIO METODISTA;IPA;Centro Universitário;Privada sem fins lucrativos;15763;27;FONOAUDIOLOGIA;Educação Presencial;4314902;PORTO ALEGRE;RS;6;6;6;1,0000;3,8316;4,0967;5
2016;693;UNIVERSIDADE FEDERAL DO ESTADO DO RIO DE JANEIRO;UNIRIO;Universidade;Pessoa Jurídica de Direito Público - Federal;15782;23;ENFERMAGEM;Educação Presencial;3304557;RIO DE JANEIRO;RJ;31;30;26;0,8667;-0,2742;2,3745;3
2016;693;UNIVERSIDADE FEDERAL DO ESTADO DO RIO DE JANEIRO;UNIRIO;Universidade;Pessoa Jurídica de Direito Público - Federal;15783;12;MEDICINA;Educação Presencial;3304557;RIO DE JANEIRO;RJ;160;157;152;0,9682;-0,6608;2,2053;3
2016;693;UNIVERSIDADE FEDERAL DO ESTADO DO RIO DE JANEIRO;UNIRIO;Universidade;Pessoa Jurídica de Direito Público - Federal;15784;28;NUTRIÇÃO;Educação Presencial;3304557;RIO DE JANEIRO;RJ;27;24;22;0,9167;0,2335;2,5492;3
2016;693;UNIVERSIDADE FEDERAL DO ESTADO DO RIO DE JANEIRO;UNIRIO;Universidade;Pessoa Jurídica de Direito Público - Federal;15789;55;BIOMEDICINA;Educação Presencial;3304557;RIO DE JANEIRO;RJ;38;37;32;0,8649;-0,5915;2,1108;3
2016;694;UNIVERSIDADE FEDERAL DE MATO GROSSO DO SUL;UFMS;Universidade;Pessoa Jurídica de Direito Público - Federal;15838;19;FARMÁCIA;Educação Presencial;5002704;CAMPO GRANDE;MS;22;21;21;1,0000;0,6301;2,6874;3
2016;694;UNIVERSIDADE FEDERAL DE MATO GROSSO DO SUL;UFMS;Universidade;Pessoa Jurídica de Direito Público - Federal;15839;12;MEDICINA;Educação Presencial;5002704;CAMPO GRANDE;MS;63;62;61;0,9839;0,0210;2,9486;4
2016;694;UNIVERSIDADE FEDERAL DE MATO GROSSO DO SUL;UFMS;Universidade;Pessoa Jurídica de Direito Público - Federal;15840;5;MEDICINA VETERINÁRIA;Educação Presencial;5002704;CAMPO GRANDE;MS;42;40;37;0,9250;0,0419;2,6283;3
2016;694;UNIVERSIDADE FEDERAL DE MATO GROSSO DO SUL;UFMS;Universidade;Pessoa Jurídica de Direito Público - Federal;15841;6;ODONTOLOGIA;Educação Presencial;5002704;CAMPO GRANDE;MS;39;37;36;0,9730;-0,2703;2,1864;3
2016;4504;FUNDAÇÃO UNIVERSIDADE FEDERAL DA GRANDE DOURADOS;UFGD;Universidade;Pessoa Jurídica de Direito Público - Federal;15853;17;AGRONOMIA;Educação Presencial;5003702;DOURADOS;MS;75;72;62;0,8611;0,2234;2,9912;4
2016;694;UNIVERSIDADE FEDERAL DE MATO GROSSO DO SUL;UFMS;Universidade;Pessoa Jurídica de Direito Público - Federal;15874;23;ENFERMAGEM;Educação Presencial;5002704;CAMPO GRANDE;MS;48;48;46;0,9583;0,3271;2,6575;3
2016;1426;INSTITUTO LUTERANO DE ENSINO SUPERIOR DE ITUMBIARA;ILES;Faculdade ;Pessoa Jurídica de Direito Privado - Sem fins lucrativos - Fundação;15977;17;AGRONOMIA;Educação Presencial;5211503;ITUMBIARA;GO;79;75;47;0,6267;-0,6743;2,4489;3
2016;699;FUNDAÇÃO UNIVERSIDADE FEDERAL DE RONDÔNIA;UNIR;Universidade;Pessoa Jurídica de Direito Público - Federal;15998;23;ENFERMAGEM;Educação Presencial;1100205;PORTO VELHO;RO;6;6;6;1,0000;1,8196;3,3601;4
2016;704;FACULDADE DE CIÊNCIAS AGRÁRIAS DE ARARIPINA;FACIAGRA;Faculdade ;Pessoa Jurídica de Direito Público - Municipal;16108;17;AGRONOMIA;Educação Presencial;2601102;ARARIPINA;PE;38;37;29;0,7838;-0,7046;2,4306;3
2016;712;CENTRO UNIVERSITÁRIO HERMÍNIO DA SILVEIRA;UNI IBMR;Centro Universitário;Privada com fins lucrativos;16170;36;FISIOTERAPIA;Educação Presencial;3304557;RIO DE JANEIRO;RJ;72;65;35;0,5385;-0,3153;2,3453;3
2016;716;FACULDADES INTEGRADAS DE BOTUCATU;UNIFAC;Faculdade ;Privada sem fins lucrativos;16218;38;SERVIÇO SOCIAL;Educação Presencial;3507506;BOTUCATU;SP;15;15;5;0,3333;0,2810;2,7752;3
2016;717;FUNDAÇÃO UNIVERSIDADE FEDERAL DE CIÊNCIAS DA SAÚDE DE PORTO ALEGRE;UFCSPA;Universidade;Pessoa Jurídica de Direito Público - Federal;16236;12;MEDICINA;Educação Presencial;4314902;PORTO ALEGRE;RS;87;85;83;0,9765;-0,4784;2,4041;3
2016;730;UNIVERSIDADE ESTADUAL DE PONTA GROSSA;UEPG;Universidade;Pessoa Jurídica de Direito Público - Estadual;16386;17;AGRONOMIA;Educação Presencial;4119905;PONTA GROSSA;PR;54;53;42;0,7925;0,8317;3,3586;4
2016;730;UNIVERSIDADE ESTADUAL DE PONTA GROSSA;UEPG;Universidade;Pessoa Jurídica de Direito Público - Estadual;16390;6;ODONTOLOGIA;Educação Presencial;4119905;PONTA GROSSA;PR;55;55;51;0,9273;0,7542;3,2665;4
2016;730;UNIVERSIDADE ESTADUAL DE PONTA GROSSA;UEPG;Universidade;Pessoa Jurídica de Direito Público - Estadual;16391;19;FARMÁCIA;Educação Presencial;4119905;PONTA GROSSA;PR;42;42;41;0,9762;0,6511;2,6965;3
2016;730;UNIVERSIDADE ESTADUAL DE PONTA GROSSA;UEPG;Universidade;Pessoa Jurídica de Direito Público - Estadual;16393;38;SERVIÇO SOCIAL;Educação Presencial;4119905;PONTA GROSSA;PR;37;37;28;0,7568;-6,0091;0,0000;1
2016;737;CENTRO UNIVERSITÁRIO SÃO CAMILO;SAO CAMILO;Centro Universitário;Privada sem fins lucrativos;16508;28;NUTRIÇÃO;Educação Presencial;3550308;SÃO PAULO;SP;92;87;62;0,7126;0,3961;2,6225;3
2016;737;CENTRO UNIVERSITÁRIO SÃO CAMILO;SAO CAMILO;Centro Universitário;Privada sem fins lucrativos;16510;23;ENFERMAGEM;Educação Presencial;3550308;SÃO PAULO;SP;27;25;17;0,6800;0,6840;2,8256;3
2016;763;INSTITUTO UNIFICADO DE ENSINO SUPERIOR OBJETIVO;IUESO;Faculdade ;Privada sem fins lucrativos;16739;19;FARMÁCIA;Educação Presencial;5208707;GOIÂNIA;GO;10;10;6;0,6000;0,1037;2,4585;3
2016;780;UNIVERSIDADE DE CUIABÁ;UNIC / PITÁGORAS;Universidade;Pessoa Jurídica de Direito Privado - Com fins lucrativos - Sociedade Civil;16825;36;FISIOTERAPIA;Educação Presencial;5103403;CUIABÁ;MT;78;65;53;0,8154;0,3029;2,6213;3
2016;780;UNIVERSIDADE DE CUIABÁ;UNIC / PITÁGORAS;Universidade;Pessoa Jurídica de Direito Privado - Com fins lucrativos - Sociedade Civil;16826;19;FARMÁCIA;Educação Presencial;5103403;CUIABÁ;MT;44;44;35;0,7955;0,4822;2,6231;3
2016;780;UNIVERSIDADE DE CUIABÁ;UNIC / PITÁGORAS;Universidade;Pessoa Jurídica de Direito Privado - Com fins lucrativos - Sociedade Civil;16827;6;ODONTOLOGIA;Educação Presencial;5103403;CUIABÁ;MT;58;42;39;0,9286;0,6273;3,1326;4
2016;780;UNIVERSIDADE DE CUIABÁ;UNIC / PITÁGORAS;Universidade;Pessoa Jurídica de Direito Privado - Com fins lucrativos - Sociedade Civil;16834;5;MEDICINA VETERINÁRIA;Educação Presencial;5103403;CUIABÁ;MT;39;38;34;0,8947;1,4813;3,7117;4
2016;789;UNIVERSIDADE FEDERAL DE RORAIMA;UFRR;Universidade;Pessoa Jurídica de Direito Público - Federal;16903;17;AGRONOMIA;Educação Presencial;1400100;BOA VISTA;RR;19;5;2;0,4000;-3,6524;0,6499;1
2016;789;UNIVERSIDADE FEDERAL DE RORAIMA;UFRR;Universidade;Pessoa Jurídica de Direito Público - Federal;16904;12;MEDICINA;Educação Presencial;1400100;BOA VISTA;RR;25;24;24;1,0000;-2,5484;0,1475;1
2016;790;Faculdade Israelita de Ciências da Saúde Albert Einstein;FICSAE;Faculdade ;Privada sem fins lucrativos;16929;23;ENFERMAGEM;Educação Presencial;3550308;SÃO PAULO;SP;37;34;19;0,5588;1,5714;3,2432;4
2016;1046;UNIÃO DAS FACULDADES DOS GRANDES LAGOS;UNILAGO;Faculdade ;Privada sem fins lucrativos;17005;38;SERVIÇO SOCIAL;Educação Presencial;3549805;SÃO JOSÉ DO RIO PRETO;SP;19;17;5;0,2941;2,1381;3,6418;4
2016;757;FACULDADES INTEGRADAS DO TAPAJÓS;ISES;Faculdade ;Privada com fins lucrativos;17046;23;ENFERMAGEM;Educação Presencial;1506807;SANTARÉM;PA;60;59;48;0,8136;0,0334;2,5193;3
2016;4396;CENTRO UNIVERSITÁRIO DE MINEIROS;UNIFIMES;Centro Universitário;Pessoa Jurídica de Direito Público - Municipal;17075;17;AGRONOMIA;Educação Presencial;5213103;MINEIROS;GO;54;44;17;0,3864;-2,0850;1,5967;2
2016;3849;FUNDAÇÃO UNIVERSIDADE FEDERAL DO TOCANTINS;UFT;Universidade;Pessoa Jurídica de Direito Público - Federal;17147;5;MEDICINA VETERINÁRIA;Educação Presencial;1702109;ARAGUAÍNA;TO;45;43;22;0,5116;-1,5400;1,4375;2
2016;3849;FUNDAÇÃO UNIVERSIDADE FEDERAL DO TOCANTINS;UFT;Universidade;Pessoa Jurídica de Direito Público - Federal;17149;17;AGRONOMIA;Educação Presencial;1709500;GURUPI;TO;67;64;37;0,5781;0,2340;2,9976;4
2016;830;UNIVERSIDADE FEDERAL DO AMAPÁ;UNIFAP;Universidade;Pessoa Jurídica de Direito Público - Federal;17201;23;ENFERMAGEM;Educação Presencial;1600303;MACAPÁ;AP;43;37;31;0,8378;-0,9909;2,0372;3
2016;1307;FACULDADE DE ENSINO SUPERIOR E FORMAÇÃO INTEGRAL;FAEF;Faculdade ;Pessoa Jurídica de Direito Privado - Com fins lucrativos - Sociedade Civil;17259;17;AGRONOMIA;Educação Presencial;3516705;GARÇA;SP;80;72;39;0,5417;-0,7443;2,4066;3
2016;322;UNIVERSIDADE PAULISTA;UNIP;Universidade;Privada sem fins lucrativos;17283;19;FARMÁCIA;Educação Presencial;3549805;SÃO JOSÉ DO RIO PRETO;SP;27;25;22;0,8800;0,7997;2,7611;3
2016;1032;CENTRO UNIVERSITÁRIO SALESIANO DE SÃO PAULO;UNISAL;Centro Universitário;Privada sem fins lucrativos;17328;38;SERVIÇO SOCIAL;Educação Presencial;3501608;AMERICANA;SP;37;35;20;0,5714;-0,2815;2,5127;3
2016;953;UNIVERSIDADE METROPOLITANA DE SANTOS;UNIMES;Universidade;Privada sem fins lucrativos;17662;6;ODONTOLOGIA;Educação Presencial;3548500;SANTOS;SP;23;23;19;0,8261;-0,2302;2,2286;3
2016;953;UNIVERSIDADE METROPOLITANA DE SANTOS;UNIMES;Universidade;Privada sem fins lucrativos;17663;3501;EDUCAÇÃO FÍSICA (BACHARELADO);Educação Presencial;3548500;SANTOS;SP;82;63;24;0,3810;-0,3368;2,3148;3
2016;1027;UNIVERSIDADE ESTADUAL DO NORTE FLUMINENSE DARCY RIBEIRO;UENF;Universidade;Pessoa Jurídica de Direito Público - Estadual;17725;5;MEDICINA VETERINÁRIA;Educação Presencial;3301009;CAMPOS DOS GOYTACAZES;RJ;38;36;32;0,8889;-0,0795;2,5369;3
2016;1028;UNIVERSIDADE ESTADUAL DE MATO GROSSO DO SUL;UEMS;Universidade;Pessoa Jurídica de Direito Público - Estadual;17735;51;ZOOTECNIA;Educação Presencial;5001102;AQUIDAUANA;MS;25;17;17;1,0000;-2,0606;1,9512;3
2016;1028;UNIVERSIDADE ESTADUAL DE MATO GROSSO DO SUL;UEMS;Universidade;Pessoa Jurídica de Direito Público - Estadual;17768;23;ENFERMAGEM;Educação Presencial;5003702;DOURADOS;MS;9;8;8;1,0000;2,9658;3,8996;4
2016;1568;FACULDADES INTEGRADAS DE CARATINGA;FIC;Faculdade ;Pessoa Jurídica de Direito Privado - Sem fins lucrativos - Fundação;17843;38;SERVIÇO SOCIAL;Educação Presencial;3113404;CARATINGA;MG;25;25;21;0,8400;-0,0903;2,6020;3
2016;1014;INSTITUTO SUPERIOR E CENTRO EDUCACIONAL LUTERANO - BOM JESUS - IELUSC;BOM JESUS/IELUSC;Faculdade ;Privada sem fins lucrativos;17927;23;ENFERMAGEM;Educação Presencial;4209102;JOINVILLE;SC;44;44;25;0,5682;0,2352;2,6143;3
2016;1078;FACULDADE INTEGRADO DE CAMPO MOURÃO;CEI;Faculdade ;Privada com fins lucrativos;17934;5;MEDICINA VETERINÁRIA;Educação Presencial;4104303;CAMPO MOURÃO;PR;30;20;13;0,6500;3,7749;5,0000;5
2016;994;Faculdade de Duque de Caxias;FDC;Faculdade ;Privada sem fins lucrativos;17938;38;SERVIÇO SOCIAL;Educação Presencial;3301702;DUQUE DE CAXIAS;RJ;63;63;29;0,4603;0,5019;2,8783;3
2016;1080;FACULDADE ARTHUR SÁ EARP NETO;FASE;Faculdade ;Privada sem fins lucrativos;17941;28;NUTRIÇÃO;Educação Presencial;3303906;PETRÓPOLIS;RJ;38;38;33;0,8684;-0,1122;2,3933;3
2016;1087;FACULDADES INTEGRADAS APARÍCIO CARVALHO;FIMCA;Faculdade ;Pessoa Jurídica de Direito Privado - Com fins lucrativos - Sociedade Civil;17955;6;ODONTOLOGIA;Educação Presencial;1100205;PORTO VELHO;RO;34;30;21;0,7000;-0,1742;2,2877;3
2016;1365;CENTRO UNIVERSITÁRIO ADVENTISTA DE SÃO PAULO;UNASP;Centro Universitário;Privada sem fins lucrativos;18000;36;FISIOTERAPIA;Educação Presencial;3550308;SÃO PAULO;SP;34;32;24;0,7500;-0,0299;2,4727;3
2016;2;UNIVERSIDADE DE BRASÍLIA;UNB;Universidade;Pessoa Jurídica de Direito Público - Federal;18030;19;FARMÁCIA;Educação Presencial;5300108;BRASÍLIA;DF;57;54;39;0,7222;-0,2393;2,3094;3
2016;2;UNIVERSIDADE DE BRASÍLIA;UNB;Universidade;Pessoa Jurídica de Direito Público - Federal;18031;5;MEDICINA VETERINÁRIA;Educação Presencial;5300108;BRASÍLIA;DF;97;94;69;0,7340;-0,0687;2,5450;3
2016;446;UNIVERSIDADE DE CRUZ ALTA;UNICRUZ;Universidade;Privada sem fins lucrativos;18053;19;FARMÁCIA;Educação Presencial;4306106;CRUZ ALTA;RS;10;8;5;0,6250;1,2843;2,9718;4
2016;3966;CENTRO UNIVERSITÁRIO DE CARATINGA;UNEC;Centro Universitário;Privada sem fins lucrativos;18059;36;FISIOTERAPIA;Educação Presencial;3113404;CARATINGA;MG;27;26;25;0,9615;0,1829;2,5678;3
2016;621;CENTRO UNIVERSITÁRIO CESMAC;CESMAC;Centro Universitário;Privada sem fins lucrativos;18089;19;FARMÁCIA;Educação Presencial;2704302;MACEIÓ;AL;56;55;34;0,6182;-0,0912;2,3738;3
2016;664;UNIVERSIDADE VILA VELHA;UVV;Universidade;Privada sem fins lucrativos;18093;27;FONOAUDIOLOGIA;Educação Presencial;3205200;VILA VELHA;ES;10;8;8;1,0000;7,1330;5,0000;5
2016;664;UNIVERSIDADE VILA VELHA;UVV;Universidade;Privada sem fins lucrativos;18096;36;FISIOTERAPIA;Educação Presencial;3205200;VILA VELHA;ES;9;9;5;0,5556;5,6308;5,0000;5
2016;826;CENTRO UNIVERSITÁRIO DE DESENVOLVIMENTO DO CENTRO-OESTE;UNIDESC;Centro Universitário;Privada sem fins lucrativos;18099;5;MEDICINA VETERINÁRIA;Educação Presencial;5212501;LUZIÂNIA;GO;48;42;15;0,3571;-1,8709;1,1884;2
2016;298;UNIVERSIDADE NORTE DO PARANÁ;UNOPAR;Universidade;Privada com fins lucrativos;18127;5;MEDICINA VETERINÁRIA;Educação Presencial;4101507;ARAPONGAS;PR;27;25;22;0,8800;1,4531;3,6905;4
2016;792;CENTRO UNIVERSITÁRIO DO ESTADO DO PARÁ;CESUPA;Centro Universitário;Privada sem fins lucrativos;18166;6;ODONTOLOGIA;Educação Presencial;1501402;BELÉM;PA;75;73;65;0,8904;-0,5969;1,8421;2
2016;5439;FACULDADES INTEGRADAS DA UNIÃO EDUCACIONAL DO PLANALTO CENTRAL - FACIPLAC;FACIPLAC;Faculdade ;Privada com fins lucrativos;18188;5;MEDICINA VETERINÁRIA;Educação Presencial;5300108;BRASÍLIA;DF;61;52;32;0,6154;0,2404;2,7776;3
2016;664;UNIVERSIDADE VILA VELHA;UVV;Universidade;Privada sem fins lucrativos;18201;5;MEDICINA VETERINÁRIA;Educação Presencial;3205200;VILA VELHA;ES;62;61;41;0,6721;1,5493;3,7630;4
2016;426;CENTRO UNIVERSITÁRIO FRANCISCANO;UNIFRA;Centro Universitário;Privada sem fins lucrativos;18207;28;NUTRIÇÃO;Educação Presencial;4316907;SANTA MARIA;RS;27;26;20;0,7692;1,3840;3,0680;4
2016;1365;CENTRO UNIVERSITÁRIO ADVENTISTA DE SÃO PAULO;UNASP;Centro Universitário;Privada sem fins lucrativos;18232;28;NUTRIÇÃO;Educação Presencial;3550308;SÃO PAULO;SP;22;22;14;0,6364;0,4011;2,6248;3
2016;596;UNIVERSIDADE FEDERAL DOS VALES DO JEQUITINHONHA E MUCURI;UFVJM;Universidade;Pessoa Jurídica de Direito Público - Federal;18235;23;ENFERMAGEM;Educação Presencial;3121605;DIAMANTINA;MG;20;20;19;0,9500;1,1610;3,0501;4
2016;140;UNIVERSIDADE SEVERINO SOMBRA;USS;Universidade;Privada sem fins lucrativos;18294;6;ODONTOLOGIA;Educação Presencial;3306206;VASSOURAS;RJ;42;42;33;0,7857;-1,1915;1,2152;2
2016;383;UNIVERSIDADE DA AMAZÔNIA;UNAMA;Universidade;Privada com fins lucrativos;18309;27;FONOAUDIOLOGIA;Educação Presencial;1501402;BELÉM;PA;27;26;25;0,9615;-0,2284;2,2115;3
2016;24;UNIVERSIDADE ESTADUAL DE SANTA CRUZ;UESC;Universidade;Pessoa Jurídica de Direito Público - Estadual;18310;5;MEDICINA VETERINÁRIA;Educação Presencial;2913606;ILHÉUS;BA;63;59;46;0,7797;-0,1774;2,4632;3
2016;404;FACULDADES INTEGRADAS DA UPIS;UPIS;Faculdade ;Privada sem fins lucrativos;18319;5;MEDICINA VETERINÁRIA;Educação Presencial;5300108;BRASÍLIA;DF;43;40;25;0,6250;-0,0327;2,5721;3
2016;1126;UNIVERSIDADE ESTADUAL DO CENTRO OESTE;UNICENTRO;Universidade;Pessoa Jurídica de Direito Público - Estadual;18322;17;AGRONOMIA;Educação Presencial;4109401;GUARAPUAVA;PR;32;30;23;0,7667;2,1367;4,1470;5
2016;1126;UNIVERSIDADE ESTADUAL DO CENTRO OESTE;UNICENTRO;Universidade;Pessoa Jurídica de Direito Público - Estadual;18323;5;MEDICINA VETERINÁRIA;Educação Presencial;4109401;GUARAPUAVA;PR;37;35;31;0,8857;0,0792;2,6563;3
2016;555;UNIVERSIDADE DE FORTALEZA;UNIFOR;Universidade;Privada sem fins lucrativos;18325;19;FARMÁCIA;Educação Presencial;2304400;FORTALEZA;CE;91;88;71;0,8068;-0,4822;2,2038;3
2016;501;ESCOLA SUPERIOR DE CIÊNCIAS DA SANTA CASA DE MISERICÓRDIA DE VITÓRIA;EMESCAM;Faculdade ;Privada sem fins lucrativos;18341;36;FISIOTERAPIA;Educação Presencial;3205309;VITÓRIA;ES;31;31;29;0,9355;1,1054;2,9796;4
2016;584;UNIVERSIDADE FEDERAL DE GOIÁS;UFG;Universidade;Pessoa Jurídica de Direito Público - Federal;18364;5;MEDICINA VETERINÁRIA;Educação Presencial;5211909;JATAÍ;GO;21;21;19;0,9048;-0,7429;2,0375;3
2016;584;UNIVERSIDADE FEDERAL DE GOIÁS;UFG;Universidade;Pessoa Jurídica de Direito Público - Federal;18365;17;AGRONOMIA;Educação Presencial;5211909;JATAÍ;GO;40;38;30;0,7895;0,7124;3,2866;4
2016;367;UNIVERSIDADE ESTADUAL DE MONTES CLAROS;UNIMONTES;Universidade;Pessoa Jurídica de Direito Público - Estadual;18404;6;ODONTOLOGIA;Educação Presencial;3143302;MONTES CLAROS;MG;55;53;49;0,9245;-0,0890;2,3775;3
2016;319;UNIVERSIDADE CAMILO CASTELO BRANCO;UNICASTELO;Universidade;Pessoa Jurídica de Direito Privado - Sem fins lucrativos - Fundação;18427;36;FISIOTERAPIA;Educação Presencial;3550308;SÃO PAULO;SP;12;12;8;0,6667;-1,4032;1,8596;2
2016;221;UNIVERSIDADE CRUZEIRO DO SUL;UNICSUL;Universidade;Pessoa Jurídica de Direito Privado - Com fins lucrativos - Sociedade Civil;18440;23;ENFERMAGEM;Educação Presencial;3550308;SÃO PAULO;SP;63;58;36;0,6207;0,5490;2,7620;3
2016;221;UNIVERSIDADE CRUZEIRO DO SUL;UNICSUL;Universidade;Pessoa Jurídica de Direito Privado - Com fins lucrativos - Sociedade Civil;18441;36;FISIOTERAPIA;Educação Presencial;3550308;SÃO PAULO;SP;32;31;21;0,6774;-0,0312;2,4722;3
2016;221;UNIVERSIDADE CRUZEIRO DO SUL;UNICSUL;Universidade;Pessoa Jurídica de Direito Privado - Com fins lucrativos - Sociedade Civil;18442;6;ODONTOLOGIA;Educação Presencial;3550308;SÃO PAULO;SP;77;73;46;0,6301;0,1542;2,6339;3
2016;496;UNIVERSIDADE DE FRANCA;UNIFRAN;Universidade;Privada com fins lucrativos;18443;6;ODONTOLOGIA;Educação Presencial;3516200;FRANCA;SP;116;116;101;0,8707;-0,4737;1,9720;3
2016;496;UNIVERSIDADE DE FRANCA;UNIFRAN;Universidade;Privada com fins lucrativos;18444;36;FISIOTERAPIA;Educação Presencial;3516200;FRANCA;SP;48;48;42;0,8750;-0,3027;2,3510;3
2016;208;UNIVERSIDADE DE RIBEIRÃO PRETO;UNAERP;Universidade;Privada sem fins lucrativos;18447;12;MEDICINA;Educação Presencial;3543402;RIBEIRÃO PRETO;SP;133;133;109;0,8195;-0,1508;2,7613;3
2016;457;UNIVERSIDADE ANHANGUERA DE SÃO PAULO - UNIAN-SP;UNIAN - SP;Universidade;Privada com fins lucrativos;18450;19;FARMÁCIA;Educação Presencial;3547809;SANTO ANDRÉ;SP;14;12;10;0,8333;-1,4374;1,7886;2
2016;457;UNIVERSIDADE ANHANGUERA DE SÃO PAULO - UNIAN-SP;UNIAN - SP;Universidade;Privada com fins lucrativos;18451;5;MEDICINA VETERINÁRIA;Educação Presencial;3547809;SANTO ANDRÉ;SP;52;44;21;0,4773;-1,9837;1,1035;2
2016;275;UNIVERSIDADE DO VALE DO PARAÍBA;UNIVAP;Universidade;Privada sem fins lucrativos;18452;23;ENFERMAGEM;Educação Presencial;3549904;SÃO JOSÉ DOS CAMPOS;SP;10;9;4;0,4444;-1,2233;1,9278;2
2016;275;UNIVERSIDADE DO VALE DO PARAÍBA;UNIVAP;Universidade;Privada sem fins lucrativos;18453;36;FISIOTERAPIA;Educação Presencial;3549904;SÃO JOSÉ DOS CAMPOS;SP;9;9;8;0,8889;0,3316;2,6342;3
2016;458;UNIVERSIDADE IBIRAPUERA;UNIB;Universidade;Privada sem fins lucrativos;18455;6;ODONTOLOGIA;Educação Presencial;3550308;SÃO PAULO;SP;62;60;37;0,6167;0,0535;2,5277;3
2016;458;UNIVERSIDADE IBIRAPUERA;UNIB;Universidade;Privada sem fins lucrativos;18456;36;FISIOTERAPIA;Educação Presencial;3550308;SÃO PAULO;SP;19;17;14;0,8235;1,1888;3,0168;4
2016;952;UNIVERSIDADE SANTA CECÍLIA;UNISANTA;Universidade;Privada sem fins lucrativos;18463;36;FISIOTERAPIA;Educação Presencial;3548500;SANTOS;SP;33;33;24;0,7273;0,5517;2,7324;3
2016;387;UNIVERSIDADE CATÓLICA DOM BOSCO;UCDB;Universidade;Privada sem fins lucrativos;18467;28;NUTRIÇÃO;Educação Presencial;5002704;CAMPO GRANDE;MS;17;16;13;0,8125;-0,9500;2,0155;3
2016;780;UNIVERSIDADE DE CUIABÁ;UNIC / PITÁGORAS;Universidade;Pessoa Jurídica de Direito Privado - Com fins lucrativos - Sociedade Civil;18472;12;MEDICINA;Educação Presencial;5103403;CUIABÁ;MT;53;53;48;0,9057;1,3154;4,3596;5
2016;780;UNIVERSIDADE DE CUIABÁ;UNIC / PITÁGORAS;Universidade;Pessoa Jurídica de Direito Privado - Com fins lucrativos - Sociedade Civil;18473;23;ENFERMAGEM;Educação Presencial;5103403;CUIABÁ;MT;21;20;14;0,7000;1,0245;2,9858;4
2016;20;UNIVERSIDADE DE PASSO FUNDO;UPF;Universidade;Privada sem fins lucrativos;18483;19;FARMÁCIA;Educação Presencial;4314100;PASSO FUNDO;RS;26;25;22;0,8800;1,1203;2,9005;3
2016;20;UNIVERSIDADE DE PASSO FUNDO;UPF;Universidade;Privada sem fins lucrativos;18484;5;MEDICINA VETERINÁRIA;Educação Presencial;4314100;PASSO FUNDO;RS;93;88;66;0,7500;0,3929;2,8924;3
2016;423;UNIVERSIDADE REGIONAL INTEGRADA DO ALTO URUGUAI E DAS MISSÕES;URI;Universidade;Privada sem fins lucrativos;18494;23;ENFERMAGEM;Educação Presencial;4307005;ERECHIM;RS;21;21;19;0,9048;-0,1593;2,4286;3
2016;671;UNIVERSIDADE ANHANGUERA - UNIDERP;UNIDERP;Universidade;Privada com fins lucrativos;18501;19;FARMÁCIA;Educação Presencial;5002704;CAMPO GRANDE;MS;22;17;10;0,5882;1,6722;3,1404;4
2016;671;UNIVERSIDADE ANHANGUERA - UNIDERP;UNIDERP;Universidade;Privada com fins lucrativos;18502;6;ODONTOLOGIA;Educação Presencial;5002704;CAMPO GRANDE;MS;63;63;56;0,8889;-0,0433;2,4257;3
2016;532;UNIVERSIDADE REGIONAL DO NOROESTE DO ESTADO DO RIO GRANDE DO SUL;UNIJUI;Universidade;Privada sem fins lucrativos;18509;19;FARMÁCIA;Educação Presencial;4310207;IJUÍ;RS;17;17;13;0,7647;1,2218;2,9446;3
2016;296;UNIVERSIDADE DA REGIÃO DA CAMPANHA;URCAMP;Universidade;Privada sem fins lucrativos;18514;5;MEDICINA VETERINÁRIA;Educação Presencial;4300406;ALEGRETE;RS;34;33;26;0,7879;-1,6521;1,3531;2
2016;718;UNIVERSIDADE POTIGUAR;UNP;Universidade;Pessoa Jurídica de Direito Privado - Com fins lucrativos - Sociedade Civil;18570;36;FISIOTERAPIA;Educação Presencial;2408102;NATAL;RN;28;28;21;0,7500;0,8874;2,8823;3
2016;481;UNIVERSIDADE GUARULHOS;UNG;Universidade;Pessoa Jurídica de Direito Privado - Com fins lucrativos - Sociedade Civil;18571;5;MEDICINA VETERINÁRIA;Educação Presencial;3518800;GUARULHOS;SP;71;54;25;0,4630;-1,2494;1,6562;2
2016;143;UNIVERSIDADE DE UBERABA;UNIUBE;Universidade;Privada sem fins lucrativos;18572;5;MEDICINA VETERINÁRIA;Educação Presencial;3170107;UBERABA;MG;99;97;76;0,7835;0,2731;2,8023;3
2016;143;UNIVERSIDADE DE UBERABA;UNIUBE;Universidade;Privada sem fins lucrativos;18573;19;FARMÁCIA;Educação Presencial;3170107;UBERABA;MG;35;34;18;0,5294;-0,1751;2,3374;3
2016;143;UNIVERSIDADE DE UBERABA;UNIUBE;Universidade;Privada sem fins lucrativos;18578;55;BIOMEDICINA;Educação Presencial;3170107;UBERABA;MG;4;3;2;0,6667;-12,5074;0,0000;1
2016;143;UNIVERSIDADE DE UBERABA;UNIUBE;Universidade;Privada sem fins lucrativos;18580;36;FISIOTERAPIA;Educação Presencial;3170107;UBERABA;MG;32;32;28;0,8750;-0,4283;2,2949;3
2016;338;PONTIFÍCIA UNIVERSIDADE CATÓLICA DE MINAS GERAIS;PUC MINAS;Universidade;Pessoa Jurídica de Direito Privado - Sem fins lucrativos - Fundação;18583;36;FISIOTERAPIA;Educação Presencial;3106200;BELO HORIZONTE;MG;63;61;54;0,8852;0,8536;2,8672;3
2016;338;PONTIFÍCIA UNIVERSIDADE CATÓLICA DE MINAS GERAIS;PUC MINAS;Universidade;Pessoa Jurídica de Direito Privado - Sem fins lucrativos - Fundação;18586;36;FISIOTERAPIA;Educação Presencial;3151800;POÇOS DE CALDAS;MG;36;36;35;0,9722;0,2866;2,6141;3
2016;513;UNIVERSIDADE VALE DO RIO DOCE;UNIVALE;Universidade;Pessoa Jurídica de Direito Privado - Sem fins lucrativos - Fundação;18590;19;FARMÁCIA;Educação Presencial;3127701;GOVERNADOR VALADARES;MG;20;20;16;0,8000;0,5433;2,6496;3
2016;1149;CENTRO UNIVERSITÁRIO NOSSA SENHORA DO PATROCÍNIO;CEUNSP;Centro Universitário;Privada com fins lucrativos;18593;36;FISIOTERAPIA;Educação Presencial;3523909;ITU;SP;43;41;29;0,7073;0,2217;2,5851;3
2016;163;UNIVERSIDADE ESTÁCIO DE SÁ;UNESA;Universidade;Privada com fins lucrativos;18594;12;MEDICINA;Educação Presencial;3304557;RIO DE JANEIRO;RJ;217;217;176;0,8111;-0,3526;2,5413;3
2016;165;UNIVERSIDADE VEIGA DE ALMEIDA;UVA;Universidade;Privada com fins lucrativos;18595;6;ODONTOLOGIA;Educação Presencial;3304557;RIO DE JANEIRO;RJ;48;48;37;0,7708;0,4560;2,9520;4
2016;165;UNIVERSIDADE VEIGA DE ALMEIDA;UVA;Universidade;Privada com fins lucrativos;18597;36;FISIOTERAPIA;Educação Presencial;3304557;RIO DE JANEIRO;RJ;30;29;13;0,4483;0,3897;2,6601;3
2016;176;UNIVERSIDADE CASTELO BRANCO;UCB;Universidade;Privada sem fins lucrativos;18598;5;MEDICINA VETERINÁRIA;Educação Presencial;3304557;RIO DE JANEIRO;RJ;47;47;29;0,6170;-0,7465;2,0348;3
2016;472;UNIVERSIDADE DO GRANDE RIO PROFESSOR JOSÉ DE SOUZA HERDY;UNIGRANRIO;Universidade;Privada sem fins lucrativos;18605;12;MEDICINA;Educação Presencial;3301702;DUQUE DE CAXIAS;RJ;109;106;95;0,8962;-0,3295;2,5665;3
2016;472;UNIVERSIDADE DO GRANDE RIO PROFESSOR JOSÉ DE SOUZA HERDY;UNIGRANRIO;Universidade;Privada sem fins lucrativos;18607;36;FISIOTERAPIA;Educação Presencial;3301702;DUQUE DE CAXIAS;RJ;30;29;20;0,6897;0,1008;2,5311;3
2016;953;UNIVERSIDADE METROPOLITANA DE SANTOS;UNIMES;Universidade;Privada sem fins lucrativos;18615;5;MEDICINA VETERINÁRIA;Educação Presencial;3548500;SANTOS;SP;22;22;8;0,3636;-1,6709;1,3389;2
2016;718;UNIVERSIDADE POTIGUAR;UNP;Universidade;Pessoa Jurídica de Direito Privado - Com fins lucrativos - Sociedade Civil;18675;6;ODONTOLOGIA;Educação Presencial;2408102;NATAL;RN;183;181;144;0,7956;0,0078;2,4796;3
2016;718;UNIVERSIDADE POTIGUAR;UNP;Universidade;Pessoa Jurídica de Direito Privado - Com fins lucrativos - Sociedade Civil;18677;27;FONOAUDIOLOGIA;Educação Presencial;2408102;NATAL;RN;26;26;22;0,8462;0,0912;2,3599;3
2016;398;UNIVERSIDADE TIRADENTES;UNIT;Universidade;Privada com fins lucrativos;18681;6;ODONTOLOGIA;Educação Presencial;2800308;ARACAJU;SE;100;97;73;0,7526;0,0042;2,4758;3
2016;534;ESCOLA BAHIANA DE MEDICINA E SAÚDE PÚBLICA;EBMSP;Faculdade ;Privada sem fins lucrativos;18725;6;ODONTOLOGIA;Educação Presencial;2927408;SALVADOR;BA;106;105;88;0,8381;0,0086;2,4804;3
2016;434;FACULDADE SANTA MARCELINA;FASM;Faculdade ;Privada sem fins lucrativos;18734;23;ENFERMAGEM;Educação Presencial;3550308;SÃO PAULO;SP;56;56;20;0,3571;1,2403;3,0874;4
2016;661;FACULDADE PIO DÉCIMO;FPD;Faculdade ;Privada com fins lucrativos;18741;5;MEDICINA VETERINÁRIA;Educação Presencial;2800308;ARACAJU;SE;43;36;22;0,6111;0,0558;2,6387;3
2016;322;UNIVERSIDADE PAULISTA;UNIP;Universidade;Privada sem fins lucrativos;18750;19;FARMÁCIA;Educação Presencial;3509502;CAMPINAS;SP;24;23;12;0,5217;1,6084;3,1126;4
2016;322;UNIVERSIDADE PAULISTA;UNIP;Universidade;Privada sem fins lucrativos;18751;19;FARMÁCIA;Educação Presencial;3543402;RIBEIRÃO PRETO;SP;23;22;18;0,8182;0,2172;2,5079;3
2016;322;UNIVERSIDADE PAULISTA;UNIP;Universidade;Privada sem fins lucrativos;18752;19;FARMÁCIA;Educação Presencial;3552205;SOROCABA;SP;15;14;10;0,7143;5,3554;4,7415;5
2016;322;UNIVERSIDADE PAULISTA;UNIP;Universidade;Privada sem fins lucrativos;18753;19;FARMÁCIA;Educação Presencial;3506003;BAURU;SP;11;10;9;0,9000;2,1252;3,3373;4
2016;322;UNIVERSIDADE PAULISTA;UNIP;Universidade;Privada sem fins lucrativos;18754;19;FARMÁCIA;Educação Presencial;3502804;ARAÇATUBA;SP;12;8;6;0,7500;4,2255;4,2503;5
2016;322;UNIVERSIDADE PAULISTA;UNIP;Universidade;Privada sem fins lucrativos;18756;36;FISIOTERAPIA;Educação Presencial;3506003;BAURU;SP;25;22;14;0,6364;-0,7303;2,1600;3
2016;322;UNIVERSIDADE PAULISTA;UNIP;Universidade;Privada sem fins lucrativos;18757;36;FISIOTERAPIA;Educação Presencial;3552205;SOROCABA;SP;50;49;36;0,7347;0,4667;2,6945;3
2016;322;UNIVERSIDADE PAULISTA;UNIP;Universidade;Privada sem fins lucrativos;18758;36;FISIOTERAPIA;Educação Presencial;3543402;RIBEIRÃO PRETO;SP;22;20;15;0,7500;1,3853;3,1046;4
2016;322;UNIVERSIDADE PAULISTA;UNIP;Universidade;Privada sem fins lucrativos;18759;36;FISIOTERAPIA;Educação Presencial;3509502;CAMPINAS;SP;38;35;25;0,7143;0,5700;2,7406;3
2016;322;UNIVERSIDADE PAULISTA;UNIP;Universidade;Privada sem fins lucrativos;18761;36;FISIOTERAPIA;Educação Presencial;3549805;SÃO JOSÉ DO RIO PRETO;SP;43;42;36;0,8571;0,1742;2,5639;3
2016;322;UNIVERSIDADE PAULISTA;UNIP;Universidade;Privada sem fins lucrativos;18764;28;NUTRIÇÃO;Educação Presencial;3543402;RIBEIRÃO PRETO;SP;14;13;7;0,5385;7,9577;5,0000;5
2016;322;UNIVERSIDADE PAULISTA;UNIP;Universidade;Privada sem fins lucrativos;18765;28;NUTRIÇÃO;Educação Presencial;3509502;CAMPINAS;SP;18;18;8;0,4444;5,1407;4,7620;5
2016;322;UNIVERSIDADE PAULISTA;UNIP;Universidade;Privada sem fins lucrativos;18766;6;ODONTOLOGIA;Educação Presencial;3509502;CAMPINAS;SP;28;18;15;0,8333;3,4396;5,0000;5
2016;322;UNIVERSIDADE PAULISTA;UNIP;Universidade;Privada sem fins lucrativos;18768;6;ODONTOLOGIA;Educação Presencial;3552205;SOROCABA;SP;19;18;16;0,8889;3,1482;5,0000;5
2016;1077;Faculdade Estácio do Recife - Estácio FIR;Estácio FIR;Faculdade ;Privada com fins lucrativos;18785;36;FISIOTERAPIA;Educação Presencial;2611606;RECIFE;PE;103;98;63;0,6429;-0,0230;2,4758;3
2016;4531;FACULDADE ADVENTISTA DA BAHIA;FADBA;Faculdade ;Privada sem fins lucrativos;18802;36;FISIOTERAPIA;Educação Presencial;2904902;CACHOEIRA;BA;36;36;29;0,8056;-0,2918;2,3558;3
2016;1190;FACULDADE INTEGRAL CANTAREIRA;F.I.C.;Faculdade ;Privada sem fins lucrativos;18821;17;AGRONOMIA;Educação Presencial;3550308;SÃO PAULO;SP;43;38;22;0,5789;-0,3680;2,6340;3
2016;374;CENTRO UNIVERSITÁRIO DAS FACULDADES METROPOLITANAS UNIDAS;FMU;Centro Universitário;Pessoa Jurídica de Direito Privado - Com fins lucrativos - Sociedade Civil;18822;5;MEDICINA VETERINÁRIA;Educação Presencial;3550308;SÃO PAULO;SP;173;170;71;0,4176;0,2008;2,7479;3
2016;577;UNIVERSIDADE FEDERAL DE ALAGOAS;UFAL;Universidade;Pessoa Jurídica de Direito Público - Federal;18866;51;ZOOTECNIA;Educação Presencial;2707701;RIO LARGO;AL;17;15;11;0,7333;-0,5627;2,5721;3
2016;621;CENTRO UNIVERSITÁRIO CESMAC;CESMAC;Centro Universitário;Privada sem fins lucrativos;18899;23;ENFERMAGEM;Educação Presencial;2704302;MACEIÓ;AL;96;96;77;0,8021;0,1978;2,5967;3
2016;621;CENTRO UNIVERSITÁRIO CESMAC;CESMAC;Centro Universitário;Privada sem fins lucrativos;18900;55;BIOMEDICINA;Educação Presencial;2704302;MACEIÓ;AL;27;22;18;0,8182;0,1331;2,4726;3
2016;355;UNIVERSIDADE TUIUTI DO PARANÁ;UTP;Universidade;Privada com fins lucrativos;18939;5;MEDICINA VETERINÁRIA;Educação Presencial;4106902;CURITIBA;PR;101;93;54;0,5806;0,6052;3,0523;4
2016;746;UNIVERSIDADE REGIONAL DO CARIRI;URCA;Universidade;Pessoa Jurídica de Direito Público - Estadual;18948;23;ENFERMAGEM;Educação Presencial;2304202;CRATO;CE;55;53;44;0,8302;-0,4503;2,2917;3
2016;142;CENTRO UNIVERSITÁRIO DO TRIÂNGULO;UNITRI;Centro Universitário;Pessoa Jurídica de Direito Privado - Sem fins lucrativos - Fundação;18979;23;ENFERMAGEM;Educação Presencial;3170206;UBERLÂNDIA;MG;27;26;13;0,5000;0,2528;2,6226;3
2016;142;CENTRO UNIVERSITÁRIO DO TRIÂNGULO;UNITRI;Centro Universitário;Pessoa Jurídica de Direito Privado - Sem fins lucrativos - Fundação;18980;19;FARMÁCIA;Educação Presencial;3170206;UBERLÂNDIA;MG;25;25;13;0,5200;-0,6050;2,1504;3
2016;142;CENTRO UNIVERSITÁRIO DO TRIÂNGULO;UNITRI;Centro Universitário;Pessoa Jurídica de Direito Privado - Sem fins lucrativos - Fundação;18981;28;NUTRIÇÃO;Educação Presencial;3170206;UBERLÂNDIA;MG;49;48;30;0,6250;-0,4525;2,2399;3
2016;343;CENTRO UNIVERSITÁRIO NEWTON PAIVA;NEWTON PAIVA;Centro Universitário;Privada com fins lucrativos;18984;19;FARMÁCIA;Educação Presencial;3106200;BELO HORIZONTE;MG;23;22;19;0,8636;0,6199;2,6829;3
2016;207;CENTRO UNIVERSITÁRIO MOURA LACERDA;CUML;Centro Universitário;Privada sem fins lucrativos;18995;5;MEDICINA VETERINÁRIA;Educação Presencial;3543402;RIBEIRÃO PRETO;SP;41;41;26;0,6341;0,1240;2,6900;3
2016;207;CENTRO UNIVERSITÁRIO MOURA LACERDA;CUML;Centro Universitário;Privada sem fins lucrativos;19000;17;AGRONOMIA;Educação Presencial;3543402;RIBEIRÃO PRETO;SP;38;35;27;0,7714;0,4087;3,1032;4
2016;295;UNIVERSIDADE DE SANTA CRUZ DO SUL;UNISC;Universidade;Privada sem fins lucrativos;19003;36;FISIOTERAPIA;Educação Presencial;4316808;SANTA CRUZ DO SUL;RS;48;48;41;0,8542;0,1765;2,5649;3
2016;295;UNIVERSIDADE DE SANTA CRUZ DO SUL;UNISC;Universidade;Privada sem fins lucrativos;19004;6;ODONTOLOGIA;Educação Presencial;4316808;SANTA CRUZ DO SUL;RS;57;57;46;0,8070;0,1802;2,6613;3
2016;446;UNIVERSIDADE DE CRUZ ALTA;UNICRUZ;Universidade;Privada sem fins lucrativos;19005;5;MEDICINA VETERINÁRIA;Educação Presencial;4306106;CRUZ ALTA;RS;61;60;50;0,8333;-0,0408;2,5660;3
2016;138;CENTRO UNIVERSITÁRIO BARÃO DE MAUÁ;CBM;Centro Universitário;Pessoa Jurídica de Direito Privado - Sem fins lucrativos - Fundação;19012;36;FISIOTERAPIA;Educação Presencial;3543402;RIBEIRÃO PRETO;SP;70;66;54;0,8182;0,0495;2,5082;3
2016;138;CENTRO UNIVERSITÁRIO BARÃO DE MAUÁ;CBM;Centro Universitário;Pessoa Jurídica de Direito Privado - Sem fins lucrativos - Fundação;19014;5;MEDICINA VETERINÁRIA;Educação Presencial;3543402;RIBEIRÃO PRETO;SP;34;33;17;0,5152;0,3866;2,8878;3
2016;737;CENTRO UNIVERSITÁRIO SÃO CAMILO;SAO CAMILO;Centro Universitário;Privada sem fins lucrativos;19036;36;FISIOTERAPIA;Educação Presencial;3550308;SÃO PAULO;SP;6;0;0;0,0000;;;SC
2016;737;CENTRO UNIVERSITÁRIO SÃO CAMILO;SAO CAMILO;Centro Universitário;Privada sem fins lucrativos;19038;69;TECNOLOGIA EM RADIOLOGIA;Educação Presencial;3550308;SÃO PAULO;SP;18;10;5;0,5000;1,6482;2,8634;3
2016;352;CENTRO UNIVERSITÁRIO DE JOÃO PESSOA;UNIPÊ;Centro Universitário;Privada sem fins lucrativos;19048;36;FISIOTERAPIA;Educação Presencial;2507507;JOÃO PESSOA;PB;40;36;32;0,8889;0,3455;2,6404;3
2016;352;CENTRO UNIVERSITÁRIO DE JOÃO PESSOA;UNIPÊ;Centro Universitário;Privada sem fins lucrativos;19049;27;FONOAUDIOLOGIA;Educação Presencial;2507507;JOÃO PESSOA;PB;51;48;40;0,8333;-0,3262;2,1661;3
2016;403;UNIVERSIDADE CATÓLICA DE BRASÍLIA;UCB;Universidade;Privada sem fins lucrativos;19055;36;FISIOTERAPIA;Educação Presencial;5300108;BRASÍLIA;DF;25;22;14;0,6364;-0,2031;2,3954;3
2016;403;UNIVERSIDADE CATÓLICA DE BRASÍLIA;UCB;Universidade;Privada sem fins lucrativos;19056;28;NUTRIÇÃO;Educação Presencial;5300108;BRASÍLIA;DF;64;54;36;0,6667;-0,7493;2,1060;3
2016;671;UNIVERSIDADE ANHANGUERA - UNIDERP;UNIDERP;Universidade;Privada com fins lucrativos;19071;36;FISIOTERAPIA;Educação Presencial;5002704;CAMPO GRANDE;MS;37;37;33;0,8919;-0,1987;2,3974;3
2016;756;UNIVERSIDADE ESTADUAL DO PIAUÍ;UESPI;Universidade;Pessoa Jurídica de Direito Público - Estadual;19085;36;FISIOTERAPIA;Educação Presencial;2211001;TERESINA;PI;39;39;39;1,0000;0,9325;2,9024;3
2016;756;UNIVERSIDADE ESTADUAL DO PIAUÍ;UESPI;Universidade;Pessoa Jurídica de Direito Público - Estadual;19086;12;MEDICINA;Educação Presencial;2211001;TERESINA;PI;47;37;36;0,9730;-1,0581;1,7722;2
2016;756;UNIVERSIDADE ESTADUAL DO PIAUÍ;UESPI;Universidade;Pessoa Jurídica de Direito Público - Estadual;19090;23;ENFERMAGEM;Educação Presencial;2207702;PARNAÍBA;PI;18;18;18;1,0000;0,1852;2,5908;3
2016;496;UNIVERSIDADE DE FRANCA;UNIFRAN;Universidade;Privada com fins lucrativos;19119;5;MEDICINA VETERINÁRIA;Educação Presencial;3516200;FRANCA;SP;36;36;31;0,8611;-0,6242;2,1269;3
2016;81;UNIVERSIDADE DA REGIÃO DE JOINVILLE;UNIVILLE;Universidade;Pessoa Jurídica de Direito Privado - Sem fins lucrativos - Sociedade;19121;6;ODONTOLOGIA;Educação Presencial;4209102;JOINVILLE;SC;23;23;17;0,7391;0,9846;3,5094;4
2016;81;UNIVERSIDADE DA REGIÃO DE JOINVILLE;UNIVILLE;Universidade;Pessoa Jurídica de Direito Privado - Sem fins lucrativos - Sociedade;19126;19;FARMÁCIA;Educação Presencial;4209102;JOINVILLE;SC;30;29;18;0,6207;0,1218;2,4664;3
2016;316;UNIVERSIDADE NOVE DE JULHO;UNINOVE;Universidade;Privada sem fins lucrativos;19197;23;ENFERMAGEM;Educação Presencial;3550308;SÃO PAULO;SP;141;121;50;0,4132;0,3023;2,6459;3
2016;316;UNIVERSIDADE NOVE DE JULHO;UNINOVE;Universidade;Privada sem fins lucrativos;19200;36;FISIOTERAPIA;Educação Presencial;3550308;SÃO PAULO;SP;39;36;21;0,5833;0,3029;2,6213;3
2016;952;UNIVERSIDADE SANTA CECÍLIA;UNISANTA;Universidade;Privada sem fins lucrativos;19205;6;ODONTOLOGIA;Educação Presencial;3548500;SANTOS;SP;98;96;70;0,7292;-0,1535;2,3095;3
2016;953;UNIVERSIDADE METROPOLITANA DE SANTOS;UNIMES;Universidade;Privada sem fins lucrativos;19206;12;MEDICINA;Educação Presencial;3548500;SANTOS;SP;68;65;42;0,6462;-1,5449;1,2415;2
2016;355;UNIVERSIDADE TUIUTI DO PARANÁ;UTP;Universidade;Privada com fins lucrativos;19213;23;ENFERMAGEM;Educação Presencial;4106902;CURITIBA;PR;32;32;15;0,4688;0,3226;2,6554;3
2016;355;UNIVERSIDADE TUIUTI DO PARANÁ;UTP;Universidade;Privada com fins lucrativos;19218;28;NUTRIÇÃO;Educação Presencial;4106902;CURITIBA;PR;32;28;13;0,4643;0,2671;2,5644;3
2016;298;UNIVERSIDADE NORTE DO PARANÁ;UNOPAR;Universidade;Privada com fins lucrativos;19223;23;ENFERMAGEM;Educação Presencial;4101507;ARAPONGAS;PR;4;4;3;0,7500;-0,8962;2,0817;3
2016;298;UNIVERSIDADE NORTE DO PARANÁ;UNOPAR;Universidade;Privada com fins lucrativos;19227;36;FISIOTERAPIA;Educação Presencial;4113700;LONDRINA;PR;55;53;45;0,8491;0,2195;2,5841;3
2016;140;UNIVERSIDADE SEVERINO SOMBRA;USS;Universidade;Privada sem fins lucrativos;19236;36;FISIOTERAPIA;Educação Presencial;3306206;VASSOURAS;RJ;11;11;9;0,8182;-1,2290;1,9374;2
2016;663;UNIVERSIDADE SALGADO DE OLIVEIRA;UNIVERSO;Universidade;Pessoa Jurídica de Direito Privado - Sem fins lucrativos - Fundação;19247;23;ENFERMAGEM;Educação Presencial;3301009;CAMPOS DOS GOYTACAZES;RJ;68;67;17;0,2537;-2,7156;1,2253;2
2016;663;UNIVERSIDADE SALGADO DE OLIVEIRA;UNIVERSO;Universidade;Pessoa Jurídica de Direito Privado - Sem fins lucrativos - Fundação;19249;6;ODONTOLOGIA;Educação Presencial;3303302;NITERÓI;RJ;104;101;56;0,5545;-1,8217;0,5508;1
2016;296;UNIVERSIDADE DA REGIÃO DA CAMPANHA;URCAMP;Universidade;Privada sem fins lucrativos;19288;28;NUTRIÇÃO;Educação Presencial;4301602;BAGÉ;RS;5;5;5;1,0000;-0,9111;2,0331;3
2016;330;UNIVERSIDADE IGUAÇU;UNIG;Universidade;Privada sem fins lucrativos;19292;23;ENFERMAGEM;Educação Presencial;3303500;NOVA IGUAÇU;RJ;76;71;32;0,4507;-1,2402;1,9198;2
2016;330;UNIVERSIDADE IGUAÇU;UNIG;Universidade;Privada sem fins lucrativos;19293;36;FISIOTERAPIA;Educação Presencial;3302205;ITAPERUNA;RJ;34;27;10;0,3704;0,5287;2,7222;3
2016;330;UNIVERSIDADE IGUAÇU;UNIG;Universidade;Privada sem fins lucrativos;19294;12;MEDICINA;Educação Presencial;3302205;ITAPERUNA;RJ;82;81;55;0,6790;-0,6772;2,1874;3
2016;330;UNIVERSIDADE IGUAÇU;UNIG;Universidade;Privada sem fins lucrativos;19295;23;ENFERMAGEM;Educação Presencial;3302205;ITAPERUNA;RJ;41;38;13;0,3421;-2,1063;1,5121;2
2016;1149;CENTRO UNIVERSITÁRIO NOSSA SENHORA DO PATROCÍNIO;CEUNSP;Centro Universitário;Privada com fins lucrativos;19304;28;NUTRIÇÃO;Educação Presencial;3523909;ITU;SP;10;10;6;0,6000;3,2889;3,9270;4
2016;163;UNIVERSIDADE ESTÁCIO DE SÁ;UNESA;Universidade;Privada com fins lucrativos;19317;28;NUTRIÇÃO;Educação Presencial;3304557;RIO DE JANEIRO;RJ;31;28;11;0,3929;-0,5485;2,1966;3
2016;1126;UNIVERSIDADE ESTADUAL DO CENTRO OESTE;UNICENTRO;Universidade;Pessoa Jurídica de Direito Público - Estadual;19330;28;NUTRIÇÃO;Educação Presencial;4109401;GUARAPUAVA;PR;32;32;29;0,9063;1,2877;3,0246;4
2016;1126;UNIVERSIDADE ESTADUAL DO CENTRO OESTE;UNICENTRO;Universidade;Pessoa Jurídica de Direito Público - Estadual;19331;23;ENFERMAGEM;Educação Presencial;4109401;GUARAPUAVA;PR;20;20;17;0,8500;2,3811;3,6244;4
2016;21;PONTIFÍCIA UNIVERSIDADE CATÓLICA DO RIO GRANDE DO SUL;PUCRS;Universidade;Privada sem fins lucrativos;19334;23;ENFERMAGEM;Educação Presencial;4314902;PORTO ALEGRE;RS;52;52;43;0,8269;-0,3711;2,3289;3
2016;449;UNIVERSIDADE LUTERANA DO BRASIL;ULBRA;Universidade;Pessoa Jurídica de Direito Privado - Sem fins lucrativos - Fundação;19344;6;ODONTOLOGIA;Educação Presencial;4303004;CACHOEIRA DO SUL;RS;8;8;8;1,0000;1,8739;4,4470;5
2016;449;UNIVERSIDADE LUTERANA DO BRASIL;ULBRA;Universidade;Pessoa Jurídica de Direito Privado - Sem fins lucrativos - Fundação;19350;6;ODONTOLOGIA;Educação Presencial;4321501;TORRES;RS;48;47;32;0,6809;-0,2759;2,1804;3
2016;124;CENTRO UNIVERSITÁRIO DE ARARAQUARA;UNIARA;Centro Universitário;Privada sem fins lucrativos;19362;36;FISIOTERAPIA;Educação Presencial;3503208;ARARAQUARA;SP;58;54;38;0,7037;-0,1667;2,4117;3
2016;150;UNIVERSIDADE DE SOROCABA;UNISO;Universidade;Privada sem fins lucrativos;19368;19;FARMÁCIA;Educação Presencial;3552205;SOROCABA;SP;14;13;9;0,6923;-1,8432;1,6122;2
2016;227;UNIVERSIDADE CATÓLICA DE SANTOS;UNISANTOS;Universidade;Privada sem fins lucrativos;19370;28;NUTRIÇÃO;Educação Presencial;3548500;SANTOS;SP;27;27;21;0,7778;0,6328;2,7293;3
2016;83;UNIVERSIDADE DO VALE DO ITAJAÍ;UNIVALI;Universidade;Pessoa Jurídica de Direito Privado - Sem fins lucrativos - Fundação;19434;12;MEDICINA;Educação Presencial;4208203;ITAJAÍ;SC;62;61;52;0,8525;-0,4437;2,4420;3
2016;482;UNIVERSIDADE DO EXTREMO SUL CATARINENSE;UNESC;Universidade;Pessoa Jurídica de Direito Privado - Sem fins lucrativos - Associação de Utilidade Pública;19444;36;FISIOTERAPIA;Educação Presencial;4204608;CRICIÚMA;SC;18;18;9;0,5000;0,3426;2,6391;3
2016;76;UNIVERSIDADE REGIONAL DE BLUMENAU;FURB;Universidade;Pessoa Jurídica de Direito Público - Municipal;19454;6;ODONTOLOGIA;Educação Presencial;4202404;BLUMENAU;SC;28;28;17;0,6071;1,4131;3,9612;5
2016;494;UNIVERSIDADE DO SUL DE SANTA CATARINA;UNISUL;Universidade;Privada sem fins lucrativos;19459;36;FISIOTERAPIA;Educação Presencial;4218707;TUBARÃO;SC;1;1;0;0,0000;;;SC
2016;203;UNIVERSIDADE SÃO JUDAS TADEU;USJT;Universidade;Privada com fins lucrativos;19479;36;FISIOTERAPIA;Educação Presencial;3550308;SÃO PAULO;SP;30;30;25;0,8333;1,0558;2,9575;4
2016;502;CENTRO UNIVERSITÁRIO MONTE SERRAT;UNIMONTE;Centro Universitário;Privada com fins lucrativos;19481;5;MEDICINA VETERINÁRIA;Educação Presencial;3548500;SANTOS;SP;25;24;13;0,5417;-0,1428;2,4893;3
2016;466;UNIVERSIDADE ANHEMBI MORUMBI;UAM;Universidade;Privada com fins lucrativos;19504;36;FISIOTERAPIA;Educação Presencial;3550308;SÃO PAULO;SP;43;43;26;0,6047;-0,2516;2,3738;3
2016;322;UNIVERSIDADE PAULISTA;UNIP;Universidade;Privada sem fins lucrativos;19540;19;FARMÁCIA;Educação Presencial;3550308;SÃO PAULO;SP;11;10;4;0,4000;5,1939;4,6713;5
2016;823;UNIVERSIDADE DO CEUMA - UNICEUMA;UNICEUMA;Universidade;Privada sem fins lucrativos;19584;6;ODONTOLOGIA;Educação Presencial;2111300;SÃO LUÍS;MA;94;90;68;0,7556;-0,0320;2,4376;3
2016;298;UNIVERSIDADE NORTE DO PARANÁ;UNOPAR;Universidade;Privada com fins lucrativos;19586;23;ENFERMAGEM;Educação Presencial;4113700;LONDRINA;PR;35;34;22;0,6471;0,6967;2,8315;3
2016;298;UNIVERSIDADE NORTE DO PARANÁ;UNOPAR;Universidade;Privada com fins lucrativos;19587;28;NUTRIÇÃO;Educação Presencial;4113700;LONDRINA;PR;41;37;31;0,8378;-0,9703;2,0064;3
2016;1078;FACULDADE INTEGRADO DE CAMPO MOURÃO;CEI;Faculdade ;Privada com fins lucrativos;19600;17;AGRONOMIA;Educação Presencial;4104303;CAMPO MOURÃO;PR;121;114;88;0,7719;1,1025;3,5223;4
2016;665;UNIVERSIDADE DE TAUBATÉ;UNITAU;Universidade;Pessoa Jurídica de Direito Público - Municipal;19662;36;FISIOTERAPIA;Educação Presencial;3554102;TAUBATÉ;SP;56;49;31;0,6327;0,3806;2,6560;3
2016;1230;CENTRO REGIONAL UNIVERSITÁRIO DE ESPÍRITO SANTO DO PINHAL;UNIPINHAL;Centro Universitário;Privada sem fins lucrativos;19683;17;AGRONOMIA;Educação Presencial;3515186;ESPÍRITO SANTO DO PINHAL;SP;29;24;20;0,8333;-0,3096;2,6692;3
2016;1230;CENTRO REGIONAL UNIVERSITÁRIO DE ESPÍRITO SANTO DO PINHAL;UNIPINHAL;Centro Universitário;Privada sem fins lucrativos;19685;5;MEDICINA VETERINÁRIA;Educação Presencial;3515186;ESPÍRITO SANTO DO PINHAL;SP;13;13;10;0,7692;-1,2643;1,6450;2
2016;1244;FACULDADE BRASILEIRA;MULTIVIX VITÓRIA;Faculdade ;Privada com fins lucrativos;19750;19;FARMÁCIA;Educação Presencial;3205309;VITÓRIA;ES;13;13;7;0,5385;5,7069;4,8944;5
2016;1263;FACULDADE BEZERRA DE ARAÚJO;FABA;Faculdade ;Privada com fins lucrativos;19779;23;ENFERMAGEM;Educação Presencial;3304557;RIO DE JANEIRO;RJ;168;139;95;0,6835;0,0167;2,5115;3
2016;1292;Centro Universitário de Adamantina;FAI;Centro Universitário;Pessoa Jurídica de Direito Público - Municipal;19831;23;ENFERMAGEM;Educação Presencial;3500105;ADAMANTINA;SP;14;12;9;0,7500;-1,9228;1,5985;2
2016;1245;Faculdade de Castelo - Multivix Castelo;Multivix Castelo;Faculdade ;Pessoa Jurídica de Direito Privado - Com fins lucrativos - Sociedade Mercantil ou Comercial;19839;5;MEDICINA VETERINÁRIA;Educação Presencial;3201407;CASTELO;ES;14;13;13;1,0000;1,7248;3,8950;4
2016;138;CENTRO UNIVERSITÁRIO BARÃO DE MAUÁ;CBM;Centro Universitário;Pessoa Jurídica de Direito Privado - Sem fins lucrativos - Fundação;19850;12;MEDICINA;Educação Presencial;3543402;RIBEIRÃO PRETO;SP;64;64;53;0,8281;0,2064;3,1507;4
2016;1299;FACULDADES INTEGRADAS DE FERNANDÓPOLIS;FIFE;Faculdade ;Privada sem fins lucrativos;19863;23;ENFERMAGEM;Educação Presencial;3515509;FERNANDÓPOLIS;SP;19;16;8;0,5000;2,6969;3,7731;4
2016;1299;FACULDADES INTEGRADAS DE FERNANDÓPOLIS;FIFE;Faculdade ;Privada sem fins lucrativos;19864;19;FARMÁCIA;Educação Presencial;3515509;FERNANDÓPOLIS;SP;26;26;22;0,8462;2,0043;3,2848;4
2016;1299;FACULDADES INTEGRADAS DE FERNANDÓPOLIS;FIFE;Faculdade ;Privada sem fins lucrativos;19865;36;FISIOTERAPIA;Educação Presencial;3515509;FERNANDÓPOLIS;SP;23;23;19;0,8261;0,1065;2,5336;3
2016;319;UNIVERSIDADE CAMILO CASTELO BRANCO;UNICASTELO;Universidade;Pessoa Jurídica de Direito Privado - Sem fins lucrativos - Fundação;19884;5;MEDICINA VETERINÁRIA;Educação Presencial;3513702;DESCALVADO;SP;26;24;17;0,7083;-0,5222;2,2036;3
2016;1034;UNIÃO DE ESCOLAS SUPERIORES DA FUNESO;UNESF;Faculdade ;Privada sem fins lucrativos;19894;27;FONOAUDIOLOGIA;Educação Presencial;2609600;OLINDA;PE;14;13;6;0,4615;-4,8718;0,0554;1
2016;146;CENTRO UNIVERSITÁRIO DE RIO PRETO;UNIRP;Centro Universitário;Privada com fins lucrativos;19898;6;ODONTOLOGIA;Educação Presencial;3549805;SÃO JOSÉ DO RIO PRETO;SP;44;44;29;0,6591;0,4552;2,9513;4
2016;403;UNIVERSIDADE CATÓLICA DE BRASÍLIA;UCB;Universidade;Privada sem fins lucrativos;19899;6;ODONTOLOGIA;Educação Presencial;5300108;BRASÍLIA;DF;92;87;66;0,7586;0,1038;2,5807;3
2016;669;UNIVERSIDADE NILTON LINS;UNINILTONLINS;Universidade;Privada sem fins lucrativos;19940;28;NUTRIÇÃO;Educação Presencial;1302603;MANAUS;AM;33;32;19;0,5938;-3,0431;1,0717;2
2016;1115;FACULDADE SANTA TEREZINHA;CEST;Faculdade ;Privada sem fins lucrativos;19959;36;FISIOTERAPIA;Educação Presencial;2111300;SÃO LUÍS;MA;48;46;38;0,8261;-0,1851;2,4035;3
2016;597;UNIVERSIDADE FEDERAL DO TRIÂNGULO MINEIRO;UFTM;Universidade;Pessoa Jurídica de Direito Público - Federal;19970;55;BIOMEDICINA;Educação Presencial;3170107;UBERABA;MG;31;29;28;0,9655;0,4670;2,6393;3
2016;142;CENTRO UNIVERSITÁRIO DO TRIÂNGULO;UNITRI;Centro Universitário;Pessoa Jurídica de Direito Privado - Sem fins lucrativos - Fundação;20011;6;ODONTOLOGIA;Educação Presencial;3170206;UBERLÂNDIA;MG;47;43;26;0,6047;-2,8625;0,0000;1
2016;794;CENTRO UNIVERSITÁRIO DE VÁRZEA GRANDE;UNIVAG;Centro Universitário;Privada sem fins lucrativos;20016;6;ODONTOLOGIA;Educação Presencial;5108402;VÁRZEA GRANDE;MT;38;37;35;0,9459;1,3266;3,8700;4
2016;573;UNIVERSIDADE FEDERAL DO ESPÍRITO SANTO;UFES;Universidade;Pessoa Jurídica de Direito Público - Federal;20039;5;MEDICINA VETERINÁRIA;Educação Presencial;3200201;ALEGRE;ES;44;44;40;0,9091;0,2921;2,8166;3
2016;573;UNIVERSIDADE FEDERAL DO ESPÍRITO SANTO;UFES;Universidade;Pessoa Jurídica de Direito Público - Federal;20040;51;ZOOTECNIA;Educação Presencial;3200201;ALEGRE;ES;21;21;21;1,0000;-0,7550;2,4924;3
2016;27;UNIVERSIDADE VALE DO RIO VERDE;UNINCOR;Universidade;Privada sem fins lucrativos;20056;19;FARMÁCIA;Educação Presencial;3169307;TRÊS CORAÇÕES;MG;22;22;17;0,7727;-0,7888;2,0705;3
2016;81;UNIVERSIDADE DA REGIÃO DE JOINVILLE;UNIVILLE;Universidade;Pessoa Jurídica de Direito Privado - Sem fins lucrativos - Sociedade;20058;12;MEDICINA;Educação Presencial;4209102;JOINVILLE;SC;50;48;48;1,0000;-1,0025;1,8328;2
2016;387;UNIVERSIDADE CATÓLICA DOM BOSCO;UCDB;Universidade;Privada sem fins lucrativos;20069;51;ZOOTECNIA;Educação Presencial;5002704;CAMPO GRANDE;MS;12;11;9;0,8182;0,6779;3,0864;4
2016;571;UNIVERSIDADE FEDERAL DO PARANÁ;UFPR;Universidade;Pessoa Jurídica de Direito Público - Federal;20071;51;ZOOTECNIA;Educação Presencial;4106902;CURITIBA;PR;36;35;26;0,7429;2,2636;3,7437;4
2016;143;UNIVERSIDADE DE UBERABA;UNIUBE;Universidade;Privada sem fins lucrativos;20091;23;ENFERMAGEM;Educação Presencial;3170107;UBERABA;MG;19;15;9;0,6000;1,1800;3,0590;4
2016;423;UNIVERSIDADE REGIONAL INTEGRADA DO ALTO URUGUAI E DAS MISSÕES;URI;Universidade;Privada sem fins lucrativos;20106;19;FARMÁCIA;Educação Presencial;4307005;ERECHIM;RS;10;10;6;0,6000;1,1451;2,9113;3
2016;295;UNIVERSIDADE DE SANTA CRUZ DO SUL;UNISC;Universidade;Privada sem fins lucrativos;20108;28;NUTRIÇÃO;Educação Presencial;4316808;SANTA CRUZ DO SUL;RS;25;25;21;0,8400;1,2490;3,0071;4
2016;374;CENTRO UNIVERSITÁRIO DAS FACULDADES METROPOLITANAS UNIDAS;FMU;Centro Universitário;Pessoa Jurídica de Direito Privado - Com fins lucrativos - Sociedade Civil;20110;6;ODONTOLOGIA;Educação Presencial;3550308;SÃO PAULO;SP;415;409;170;0,4156;-0,1610;2,3016;3
2016;595;UNIVERSIDADE FEDERAL DE ALFENAS;UNIFAL-MG;Universidade;Pessoa Jurídica de Direito Público - Federal;20121;28;NUTRIÇÃO;Educação Presencial;3101607;ALFENAS;MG;33;32;32;1,0000;-0,6550;2,1486;3
2016;794;CENTRO UNIVERSITÁRIO DE VÁRZEA GRANDE;UNIVAG;Centro Universitário;Privada sem fins lucrativos;20144;17;AGRONOMIA;Educação Presencial;5108402;VÁRZEA GRANDE;MT;51;31;29;0,9355;0,5120;3,1656;4
2016;515;CENTRO UNIVERSITÁRIO ANHANGUERA DE NITERÓI;UNIAN;Centro Universitário;Privada com fins lucrativos;20145;36;FISIOTERAPIA;Educação Presencial;3303302;NITERÓI;RJ;31;19;16;0,8421;0,0515;2,5091;3
2016;515;CENTRO UNIVERSITÁRIO ANHANGUERA DE NITERÓI;UNIAN;Centro Universitário;Privada com fins lucrativos;20146;28;NUTRIÇÃO;Educação Presencial;3303302;NITERÓI;RJ;77;58;41;0,7069;-1,4173;1,8048;2
2016;76;UNIVERSIDADE REGIONAL DE BLUMENAU;FURB;Universidade;Pessoa Jurídica de Direito Público - Municipal;20229;19;FARMÁCIA;Educação Presencial;4202404;BLUMENAU;SC;5;5;4;0,8000;6,6040;5,0000;5
2016;494;UNIVERSIDADE DO SUL DE SANTA CATARINA;UNISUL;Universidade;Privada sem fins lucrativos;20249;12;MEDICINA;Educação Presencial;4218707;TUBARÃO;SC;82;82;68;0,8293;0,6372;3,6203;4
2016;494;UNIVERSIDADE DO SUL DE SANTA CATARINA;UNISUL;Universidade;Privada sem fins lucrativos;20250;6;ODONTOLOGIA;Educação Presencial;4218707;TUBARÃO;SC;34;34;20;0,5882;-0,6178;1,8200;2
2016;1355;FACULDADES INTEGRADAS DE JAHU;FIJ;Faculdade ;Privada sem fins lucrativos;20259;23;ENFERMAGEM;Educação Presencial;3525300;JAÚ;SP;19;19;10;0,5263;0,4598;2,7200;3
2016;688;UNIVERSIDADE ESTADUAL DO SUDOESTE DA BAHIA;UESB;Universidade;Pessoa Jurídica de Direito Público - Estadual;20274;36;FISIOTERAPIA;Educação Presencial;2918001;JEQUIÉ;BA;46;43;36;0,8372;0,3288;2,6329;3
2016;146;CENTRO UNIVERSITÁRIO DE RIO PRETO;UNIRP;Centro Universitário;Privada com fins lucrativos;20291;3501;EDUCAÇÃO FÍSICA (BACHARELADO);Educação Presencial;3549805;SÃO JOSÉ DO RIO PRETO;SP;49;47;3;0,0638;;;SC
2016;146;CENTRO UNIVERSITÁRIO DE RIO PRETO;UNIRP;Centro Universitário;Privada com fins lucrativos;20294;28;NUTRIÇÃO;Educação Presencial;3549805;SÃO JOSÉ DO RIO PRETO;SP;12;12;7;0,5833;2,3053;3,4834;4
2016;580;UNIVERSIDADE FEDERAL DE PERNAMBUCO;UFPE;Universidade;Pessoa Jurídica de Direito Público - Federal;20306;27;FONOAUDIOLOGIA;Educação Presencial;2611606;RECIFE;PE;31;30;30;1,0000;0,0333;2,3330;3
2016;1356;FACULDADES INTEGRADAS DE SANTA FÉ DO SUL;FUNEC;Faculdade ;Pessoa Jurídica de Direito Público - Municipal;20307;3501;EDUCAÇÃO FÍSICA (BACHARELADO);Educação Presencial;3546603;SANTA FÉ DO SUL;SP;31;31;0;0,0000;;;SC
2016;1042;UNIVERSIDADE POSITIVO;UP;Universidade;Privada com fins lucrativos;20331;36;FISIOTERAPIA;Educação Presencial;4106902;CURITIBA;PR;40;38;27;0,7105;0,4185;2,6730;3
2016;1042;UNIVERSIDADE POSITIVO;UP;Universidade;Privada com fins lucrativos;20332;28;NUTRIÇÃO;Educação Presencial;4106902;CURITIBA;PR;49;45;28;0,6222;0,4829;2,6617;3
2016;143;UNIVERSIDADE DE UBERABA;UNIUBE;Universidade;Privada sem fins lucrativos;20360;12;MEDICINA;Educação Presencial;3170107;UBERABA;MG;106;104;84;0,8077;-1,0026;1,8326;2
2016;1196;CENTRO UNIVERSITÁRIO DE MARINGÁ - UNICESUMAR;UNICESUMAR;Centro Universitário;Pessoa Jurídica de Direito Privado - Com fins lucrativos - Sociedade Mercantil ou Comercial;20365;6;ODONTOLOGIA;Educação Presencial;4115200;MARINGÁ;PR;92;90;79;0,8778;0,2541;2,7392;3
2016;756;UNIVERSIDADE ESTADUAL DO PIAUÍ;UESPI;Universidade;Pessoa Jurídica de Direito Público - Estadual;20384;23;ENFERMAGEM;Educação Presencial;2203909;FLORIANO;PI;24;23;23;1,0000;0,1241;2,5620;3
2016;756;UNIVERSIDADE ESTADUAL DO PIAUÍ;UESPI;Universidade;Pessoa Jurídica de Direito Público - Estadual;20385;17;AGRONOMIA;Educação Presencial;2202901;CORRENTE;PI;21;20;18;0,9000;-0,3874;2,6222;3
2016;669;UNIVERSIDADE NILTON LINS;UNINILTONLINS;Universidade;Privada sem fins lucrativos;20406;6;ODONTOLOGIA;Educação Presencial;1302603;MANAUS;AM;84;75;51;0,6800;-0,3436;2,1090;3
2016;1365;CENTRO UNIVERSITÁRIO ADVENTISTA DE SÃO PAULO;UNASP;Centro Universitário;Privada sem fins lucrativos;20407;23;ENFERMAGEM;Educação Presencial;3550308;SÃO PAULO;SP;27;25;18;0,7200;0,5637;2,7689;3
2016;222;CENTRO UNIVERSITÁRIO DE VOTUPORANGA;UNIFEV;Centro Universitário;Privada sem fins lucrativos;20416;36;FISIOTERAPIA;Educação Presencial;3557105;VOTUPORANGA;SP;16;16;15;0,9375;-0,4255;2,2962;3
2016;222;CENTRO UNIVERSITÁRIO DE VOTUPORANGA;UNIFEV;Centro Universitário;Privada sem fins lucrativos;20417;19;FARMÁCIA;Educação Presencial;3557105;VOTUPORANGA;SP;33;33;28;0,8485;0,7708;2,7485;3
2016;222;CENTRO UNIVERSITÁRIO DE VOTUPORANGA;UNIFEV;Centro Universitário;Privada sem fins lucrativos;20419;23;ENFERMAGEM;Educação Presencial;3557105;VOTUPORANGA;SP;19;19;11;0,5789;0,6038;2,7878;3
2016;222;CENTRO UNIVERSITÁRIO DE VOTUPORANGA;UNIFEV;Centro Universitário;Privada sem fins lucrativos;20421;28;NUTRIÇÃO;Educação Presencial;3557105;VOTUPORANGA;SP;10;10;7;0,7000;1,2995;3,0299;4
2016;222;CENTRO UNIVERSITÁRIO DE VOTUPORANGA;UNIFEV;Centro Universitário;Privada sem fins lucrativos;20422;38;SERVIÇO SOCIAL;Educação Presencial;3557105;VOTUPORANGA;SP;14;14;6;0,4286;-7,9485;0,0000;1
2016;578;UNIVERSIDADE FEDERAL DA BAHIA;UFBA;Universidade;Pessoa Jurídica de Direito Público - Federal;20426;27;FONOAUDIOLOGIA;Educação Presencial;2927408;SALVADOR;BA;35;33;28;0,8485;-0,6883;1,9980;3
2016;1173;FACULDADE ANHANGUERA DE BRASÍLIA;FAB;Faculdade ;Privada com fins lucrativos;20446;23;ENFERMAGEM;Educação Presencial;5300108;BRASÍLIA;DF;44;44;16;0,3636;-0,8477;2,1046;3
2016;1173;FACULDADE ANHANGUERA DE BRASÍLIA;FAB;Faculdade ;Privada com fins lucrativos;20447;28;NUTRIÇÃO;Educação Presencial;5300108;BRASÍLIA;DF;12;0;0;0,0000;;;SC
2016;384;CENTRO UNIVERSITÁRIO DE ANÁPOLIS;UNIEVANGÉLICA;Centro Universitário;Privada sem fins lucrativos;20451;23;ENFERMAGEM;Educação Presencial;5201108;ANÁPOLIS;GO;52;50;35;0,7000;-0,4485;2,2925;3
2016;3985;CENTRO UNIVERSITÁRIO SENAC;SENACSP;Centro Universitário;Privada sem fins lucrativos;20454;92;TECNOLOGIA EM GESTÃO AMBIENTAL;Educação Presencial;3550308;SÃO PAULO;SP;20;17;11;0,6471;1,8187;3,1679;4
2016;669;UNIVERSIDADE NILTON LINS;UNINILTONLINS;Universidade;Privada sem fins lucrativos;20459;19;FARMÁCIA;Educação Presencial;1302603;MANAUS;AM;53;52;36;0,6923;-0,4925;2,1993;3
2016;1157;ESCOLA SUPERIOR SÃO FRANCISCO DE ASSIS;ESFA;Faculdade ;Pessoa Jurídica de Direito Privado - Sem fins lucrativos - Associação de Utilidade Pública;20468;19;FARMÁCIA;Educação Presencial;3204609;SANTA TERESA;ES;2;1;0;0,0000;;;SC
2016;1379;FACULDADES INTEGRADAS SÃO PEDRO;FAESA;Faculdade ;Privada sem fins lucrativos;20481;6;ODONTOLOGIA;Educação Presencial;3205309;VITÓRIA;ES;55;52;45;0,8654;0,3697;2,8611;3
2016;1401;FACULDADE ADELMAR ROSADO;FAR;Faculdade ;Privada com fins lucrativos;20518;38;SERVIÇO SOCIAL;Educação Presencial;2211001;TERESINA;PI;36;36;27;0,7500;0,1694;2,7231;3
2016;1196;CENTRO UNIVERSITÁRIO DE MARINGÁ - UNICESUMAR;UNICESUMAR;Centro Universitário;Pessoa Jurídica de Direito Privado - Com fins lucrativos - Sociedade Mercantil ou Comercial;20521;36;FISIOTERAPIA;Educação Presencial;4115200;MARINGÁ;PR;25;24;16;0,6667;1,7892;3,2849;4
2016;1196;CENTRO UNIVERSITÁRIO DE MARINGÁ - UNICESUMAR;UNICESUMAR;Centro Universitário;Pessoa Jurídica de Direito Privado - Com fins lucrativos - Sociedade Mercantil ou Comercial;20522;5;MEDICINA VETERINÁRIA;Educação Presencial;4115200;MARINGÁ;PR;40;40;23;0,5750;1,8643;4,0000;5
2016;1196;CENTRO UNIVERSITÁRIO DE MARINGÁ - UNICESUMAR;UNICESUMAR;Centro Universitário;Pessoa Jurídica de Direito Privado - Com fins lucrativos - Sociedade Mercantil ou Comercial;20528;27;FONOAUDIOLOGIA;Educação Presencial;4115200;MARINGÁ;PR;9;9;7;0,7778;1,6124;3,0663;4
2016;244;CENTRO UNIVERSITÁRIO FIEO;UNIFIEO;Centro Universitário;Privada sem fins lucrativos;20546;36;FISIOTERAPIA;Educação Presencial;3534401;OSASCO;SP;7;6;4;0,6667;-0,4925;2,2662;3
2016;577;UNIVERSIDADE FEDERAL DE ALAGOAS;UFAL;Universidade;Pessoa Jurídica de Direito Público - Federal;20560;19;FARMÁCIA;Educação Presencial;2704302;MACEIÓ;AL;30;29;18;0,6207;0,1767;2,4903;3
2016;40;UNIVERSIDADE DO ESTADO DA BAHIA;UNEB;Universidade;Pessoa Jurídica de Direito Público - Estadual;20579;17;AGRONOMIA;Educação Presencial;2903201;BARREIRAS;BA;80;72;54;0,7500;-0,5092;2,5486;3
2016;271;UNIVERSIDADE DO OESTE PAULISTA;UNOESTE;Universidade;Privada sem fins lucrativos;20587;27;FONOAUDIOLOGIA;Educação Presencial;3541406;PRESIDENTE PRUDENTE;SP;12;6;4;0,6667;3,4193;3,9052;4
2016;527;PONTIFÍCIA UNIVERSIDADE CATÓLICA DE GOIÁS;PUC GOIÁS;Universidade;Privada sem fins lucrativos;20595;36;FISIOTERAPIA;Educação Presencial;5208707;GOIÂNIA;GO;49;48;38;0,7917;-0,6225;2,2082;3
2016;17;UNIVERSIDADE FEDERAL DE UBERLÂNDIA;UFU;Universidade;Pessoa Jurídica de Direito Público - Federal;20604;23;ENFERMAGEM;Educação Presencial;3170206;UBERLÂNDIA;MG;59;50;45;0,9000;-0,0250;2,4918;3
2016;664;UNIVERSIDADE VILA VELHA;UVV;Universidade;Privada sem fins lucrativos;20610;28;NUTRIÇÃO;Educação Presencial;3205200;VILA VELHA;ES;12;11;10;0,9091;7,0611;5,0000;5
2016;138;CENTRO UNIVERSITÁRIO BARÃO DE MAUÁ;CBM;Centro Universitário;Pessoa Jurídica de Direito Privado - Sem fins lucrativos - Fundação;20622;38;SERVIÇO SOCIAL;Educação Presencial;3543402;RIBEIRÃO PRETO;SP;41;40;26;0,6500;-1,8562;1,7779;2
2016;1422;CENTRO UNIVERSITÁRIO DO NORTE;UNINORTE;Centro Universitário;Privada com fins lucrativos;20677;38;SERVIÇO SOCIAL;Educação Presencial;1302603;MANAUS;AM;426;154;110;0,7143;-0,0099;2,6395;3
2016;495;FACULDADE DE CIÊNCIAS E LETRAS DE BRAGANÇA PAULISTA;FESB;Faculdade ;Pessoa Jurídica de Direito Público - Municipal;20682;5;MEDICINA VETERINÁRIA;Educação Presencial;3507605;BRAGANÇA PAULISTA;SP;25;23;17;0,7391;0,0347;2,6229;3
2016;495;FACULDADE DE CIÊNCIAS E LETRAS DE BRAGANÇA PAULISTA;FESB;Faculdade ;Pessoa Jurídica de Direito Público - Municipal;20683;28;NUTRIÇÃO;Educação Presencial;3507605;BRAGANÇA PAULISTA;SP;31;27;16;0,5926;0,3411;2,5977;3
2016;1356;FACULDADES INTEGRADAS DE SANTA FÉ DO SUL;FUNEC;Faculdade ;Pessoa Jurídica de Direito Público - Municipal;20686;6;ODONTOLOGIA;Educação Presencial;3546603;SANTA FÉ DO SUL;SP;70;70;53;0,7571;0,5429;3,0437;4
2016;763;INSTITUTO UNIFICADO DE ENSINO SUPERIOR OBJETIVO;IUESO;Faculdade ;Privada sem fins lucrativos;20690;5;MEDICINA VETERINÁRIA;Educação Presencial;5208707;GOIÂNIA;GO;33;30;25;0,8333;0,6911;3,1169;4
2016;404;FACULDADES INTEGRADAS DA UPIS;UPIS;Faculdade ;Privada sem fins lucrativos;20697;51;ZOOTECNIA;Educação Presencial;5300108;BRASÍLIA;DF;22;16;9;0,5625;-1,0002;2,3908;3
2016;226;CENTRO UNIVERSITÁRIO LUSÍADA;UNILUS;Centro Universitário;Pessoa Jurídica de Direito Privado - Sem fins lucrativos - Fundação;20702;55;BIOMEDICINA;Educação Presencial;3548500;SANTOS;SP;31;30;24;0,8000;0,8869;2,8489;3
2016;1430;CENTRO UNIVERSITÁRIO INGÁ;0;Centro Universitário;Privada sem fins lucrativos;20725;6;ODONTOLOGIA;Educação Presencial;4115200;MARINGÁ;PR;90;89;68;0,7640;-0,4432;2,0040;3
2016;1196;CENTRO UNIVERSITÁRIO DE MARINGÁ - UNICESUMAR;UNICESUMAR;Centro Universitário;Pessoa Jurídica de Direito Privado - Com fins lucrativos - Sociedade Mercantil ou Comercial;20736;28;NUTRIÇÃO;Educação Presencial;4115200;MARINGÁ;PR;43;39;26;0,6667;1,6956;3,2085;4
2016;662;FACULDADES INTEGRADAS CORAÇÃO DE JESUS;FAINC;Faculdade ;Pessoa Jurídica de Direito Privado - Sem fins lucrativos - Fundação;20739;28;NUTRIÇÃO;Educação Presencial;3547809;SANTO ANDRÉ;SP;30;30;21;0,7000;-0,9537;2,0139;3
2016;40;UNIVERSIDADE DO ESTADO DA BAHIA;UNEB;Universidade;Pessoa Jurídica de Direito Público - Estadual;20783;27;FONOAUDIOLOGIA;Educação Presencial;2927408;SALVADOR;BA;40;40;36;0,9000;0,3730;2,4908;3
2016;40;UNIVERSIDADE DO ESTADO DA BAHIA;UNEB;Universidade;Pessoa Jurídica de Direito Público - Estadual;20784;23;ENFERMAGEM;Educação Presencial;2927408;SALVADOR;BA;27;25;22;0,8800;-0,6247;2,2095;3
2016;30;UNIVERSIDADE JOSÉ DO ROSÁRIO VELLANO;UNIFENAS;Universidade;Privada sem fins lucrativos;20815;6;ODONTOLOGIA;Educação Presencial;3170701;VARGINHA;MG;42;41;33;0,8049;0,1269;2,6052;3
2016;308;UNIVERSIDADE PRESIDENTE ANTÔNIO CARLOS;UNIPAC;Universidade;Pessoa Jurídica de Direito Privado - Sem fins lucrativos - Fundação;20821;36;FISIOTERAPIA;Educação Presencial;3105608;BARBACENA;MG;49;49;33;0,6735;-0,0079;2,4826;3
2016;308;UNIVERSIDADE PRESIDENTE ANTÔNIO CARLOS;UNIPAC;Universidade;Pessoa Jurídica de Direito Privado - Sem fins lucrativos - Fundação;20822;28;NUTRIÇÃO;Educação Presencial;3105608;BARBACENA;MG;31;30;20;0,6667;-0,3717;2,2763;3
2016;338;PONTIFÍCIA UNIVERSIDADE CATÓLICA DE MINAS GERAIS;PUC MINAS;Universidade;Pessoa Jurídica de Direito Privado - Sem fins lucrativos - Fundação;20827;5;MEDICINA VETERINÁRIA;Educação Presencial;3106705;BETIM;MG;88;88;66;0,7500;-0,1534;2,4813;3
2016;338;PONTIFÍCIA UNIVERSIDADE CATÓLICA DE MINAS GERAIS;PUC MINAS;Universidade;Pessoa Jurídica de Direito Privado - Sem fins lucrativos - Fundação;20828;5;MEDICINA VETERINÁRIA;Educação Presencial;3151800;POÇOS DE CALDAS;MG;54;52;39;0,7500;0,5015;2,9742;4
2016;349;CENTRO UNIVERSITÁRIO DE BELO HORIZONTE;UNI-BH;Centro Universitário;Privada com fins lucrativos;20836;36;FISIOTERAPIA;Educação Presencial;3106200;BELO HORIZONTE;MG;55;53;43;0,8113;0,4470;2,6857;3
2016;349;CENTRO UNIVERSITÁRIO DE BELO HORIZONTE;UNI-BH;Centro Universitário;Privada com fins lucrativos;20838;28;NUTRIÇÃO;Educação Presencial;3106200;BELO HORIZONTE;MG;52;51;36;0,7059;-0,5137;2,2123;3
2016;575;UNIVERSIDADE FEDERAL DE MINAS GERAIS;UFMG;Universidade;Pessoa Jurídica de Direito Público - Federal;20841;17;AGRONOMIA;Educação Presencial;3143302;MONTES CLAROS;MG;47;46;37;0,8043;-0,5997;2,4940;3
2016;1036;UNIVERSIDADE DO ESTADO DE MINAS GERAIS;UEMG;Universidade;Pessoa Jurídica de Direito Público - Estadual;20851;23;ENFERMAGEM;Educação Presencial;3122306;DIVINÓPOLIS;MG;18;18;14;0,7778;-1,7037;1,7017;2
2016;1036;UNIVERSIDADE DO ESTADO DE MINAS GERAIS;UEMG;Universidade;Pessoa Jurídica de Direito Público - Estadual;20853;17;AGRONOMIA;Educação Presencial;3147907;PASSOS;MG;40;25;14;0,5600;-1,5081;1,9453;3
2016;1128;UNIVERSIDADE DE ITAÚNA;UI;Universidade;Privada sem fins lucrativos;20861;36;FISIOTERAPIA;Educação Presencial;3133808;ITAÚNA;MG;51;50;44;0,8800;-0,0412;2,4677;3
2016;673;CENTRO UNIVERSITÁRIO DA GRANDE DOURADOS;UNIGRAN;Centro Universitário;Pessoa Jurídica de Direito Privado - Sem fins lucrativos - Fundação;20871;36;FISIOTERAPIA;Educação Presencial;5003702;DOURADOS;MS;12;12;12;1,0000;1,2342;3,0371;4
2016;609;UNIVERSIDADE ESTADUAL DO OESTE DO PARANÁ;UNIOESTE;Universidade;Pessoa Jurídica de Direito Público - Estadual;20896;36;FISIOTERAPIA;Educação Presencial;4104808;CASCAVEL;PR;27;26;25;0,9615;0,5719;2,7414;3
2016;609;UNIVERSIDADE ESTADUAL DO OESTE DO PARANÁ;UNIOESTE;Universidade;Pessoa Jurídica de Direito Público - Estadual;20899;23;ENFERMAGEM;Educação Presencial;4108304;FOZ DO IGUAÇU;PR;16;15;14;0,9333;-0,1208;2,4467;3
2016;609;UNIVERSIDADE ESTADUAL DO OESTE DO PARANÁ;UNIOESTE;Universidade;Pessoa Jurídica de Direito Público - Estadual;20900;51;ZOOTECNIA;Educação Presencial;4114609;MARECHAL CÂNDIDO RONDON;PR;38;36;26;0,7222;1,0972;3,2602;4
2016;163;UNIVERSIDADE ESTÁCIO DE SÁ;UNESA;Universidade;Privada com fins lucrativos;20909;36;FISIOTERAPIA;Educação Presencial;3301009;CAMPOS DOS GOYTACAZES;RJ;16;16;12;0,7500;-1,0531;2,0160;3
2016;514;CENTRO UNIVERSITÁRIO DE BARRA MANSA;UBM;Centro Universitário;Privada sem fins lucrativos;20916;28;NUTRIÇÃO;Educação Presencial;3300407;BARRA MANSA;RJ;16;16;10;0,6250;-1,3551;1,8329;2
2016;20;UNIVERSIDADE DE PASSO FUNDO;UPF;Universidade;Privada sem fins lucrativos;20949;36;FISIOTERAPIA;Educação Presencial;4314100;PASSO FUNDO;RS;46;45;41;0,9111;0,0877;2,5253;3
2016;423;UNIVERSIDADE REGIONAL INTEGRADA DO ALTO URUGUAI E DAS MISSÕES;URI;Universidade;Privada sem fins lucrativos;20962;23;ENFERMAGEM;Educação Presencial;4317509;SANTO ÂNGELO;RS;26;25;22;0,8800;0,8277;2,8932;3
2016;532;UNIVERSIDADE REGIONAL DO NOROESTE DO ESTADO DO RIO GRANDE DO SUL;UNIJUI;Universidade;Privada sem fins lucrativos;20974;36;FISIOTERAPIA;Educação Presencial;4310207;IJUÍ;RS;27;27;20;0,7407;0,9517;2,9110;3
2016;3151;UNIVERSIDADE COMUNITÁRIA DA REGIÃO DE CHAPECÓ;UNOCHAPECÓ;Universidade;Pessoa Jurídica de Direito Privado - Sem fins lucrativos - Fundação;20999;19;FARMÁCIA;Educação Presencial;4204202;CHAPECÓ;SC;40;38;31;0,8158;1,6904;3,1483;4
2016;82;UNIVERSIDADE DO OESTE DE SANTA CATARINA;UNOESC;Universidade;Pessoa Jurídica de Direito Público - Municipal;21001;36;FISIOTERAPIA;Educação Presencial;4209003;JOAÇABA;SC;19;19;15;0,7895;2,5224;3,6123;4
2016;441;UNIVERSIDADE DO CONTESTADO;UNC;Universidade;Privada sem fins lucrativos;21029;5;MEDICINA VETERINÁRIA;Educação Presencial;4203808;CANOINHAS;SC;39;39;20;0,5128;-1,6345;1,3664;2
2016;441;UNIVERSIDADE DO CONTESTADO;UNC;Universidade;Privada sem fins lucrativos;21039;36;FISIOTERAPIA;Educação Presencial;4204301;CONCÓRDIA;SC;14;14;8;0,5714;-1,3327;1,8911;2
2016;494;UNIVERSIDADE DO SUL DE SANTA CATARINA;UNISUL;Universidade;Privada sem fins lucrativos;21042;17;AGRONOMIA;Educação Presencial;4218707;TUBARÃO;SC;9;8;5;0,6250;2,7875;4,5401;5
2016;404;FACULDADES INTEGRADAS DA UPIS;UPIS;Faculdade ;Privada sem fins lucrativos;21075;17;AGRONOMIA;Educação Presencial;5300108;BRASÍLIA;DF;110;78;54;0,6923;-1,0814;2,2030;3
2016;1043;CENTRO UNIVERSITÁRIO HERMINIO OMETTO;UNIARARAS;Centro Universitário;Privada sem fins lucrativos;21098;36;FISIOTERAPIA;Educação Presencial;3503307;ARARAS;SP;53;52;44;0,8462;1,0605;2,9596;4
2016;1292;Centro Universitário de Adamantina;FAI;Centro Universitário;Pessoa Jurídica de Direito Público - Municipal;21101;19;FARMÁCIA;Educação Presencial;3500105;ADAMANTINA;SP;14;14;12;0,8571;0,3588;2,5694;3
2016;666;UNIVERSIDADE ESTADUAL DE FEIRA DE SANTANA;UEFS;Universidade;Pessoa Jurídica de Direito Público - Estadual;21112;19;FARMÁCIA;Educação Presencial;2910800;FEIRA DE SANTANA;BA;31;29;23;0,7931;0,3752;2,5766;3
2016;1450;CENTRO UNIVERSITÁRIO DO CERRADO-PATROCÍNIO;UNICERP;Centro Universitário;Privada sem fins lucrativos;21218;36;FISIOTERAPIA;Educação Presencial;3148103;PATROCÍNIO;MG;14;14;14;1,0000;-1,0612;2,0123;3
2016;2774;Centro Universitário UNIFAFIBE;FAFIBE;Centro Universitário;Privada sem fins lucrativos;21231;3501;EDUCAÇÃO FÍSICA (BACHARELADO);Educação Presencial;3506102;BEBEDOURO;SP;38;36;23;0,6389;-0,0027;2,4680;3
2016;56;UNIVERSIDADE ESTADUAL PAULISTA JÚLIO DE MESQUITA FILHO;UNESP;Universidade;Pessoa Jurídica de Direito Público - Estadual;21244;28;NUTRIÇÃO;Educação Presencial;3507506;BOTUCATU;SP;27;25;25;1,0000;0,2363;2,5505;3
2016;1107;Centro Universitário Estácio do Ceará;Estácio FIC;Centro Universitário;Privada com fins lucrativos;21254;36;FISIOTERAPIA;Educação Presencial;2304400;FORTALEZA;CE;234;225;176;0,7822;-0,0787;2,4510;3
2016;316;UNIVERSIDADE NOVE DE JULHO;UNINOVE;Universidade;Privada sem fins lucrativos;21344;19;FARMÁCIA;Educação Presencial;3550308;SÃO PAULO;SP;43;43;21;0,4884;0,1384;2,4736;3
2016;466;UNIVERSIDADE ANHEMBI MORUMBI;UAM;Universidade;Privada com fins lucrativos;21351;5;MEDICINA VETERINÁRIA;Educação Presencial;3550308;SÃO PAULO;SP;300;295;174;0,5898;0,2726;2,8019;3
2016;466;UNIVERSIDADE ANHEMBI MORUMBI;UAM;Universidade;Privada com fins lucrativos;21352;23;ENFERMAGEM;Educação Presencial;3550308;SÃO PAULO;SP;106;98;60;0,6122;0,1606;2,5792;3
2016;737;CENTRO UNIVERSITÁRIO SÃO CAMILO;SAO CAMILO;Centro Universitário;Privada sem fins lucrativos;21356;19;FARMÁCIA;Educação Presencial;3550308;SÃO PAULO;SP;18;17;11;0,6471;-4,2414;0,5696;1
2016;1;UNIVERSIDADE FEDERAL DE MATO GROSSO;UFMT;Universidade;Pessoa Jurídica de Direito Público - Federal;21442;19;FARMÁCIA;Educação Presencial;5106653;PONTAL DO ARAGUAIA;MT;15;13;13;1,0000;-0,3475;2,2624;3
2016;573;UNIVERSIDADE FEDERAL DO ESPÍRITO SANTO;UFES;Universidade;Pessoa Jurídica de Direito Público - Federal;21460;19;FARMÁCIA;Educação Presencial;3205309;VITÓRIA;ES;41;37;30;0,8108;0,2253;2,5114;3
2016;1126;UNIVERSIDADE ESTADUAL DO CENTRO OESTE;UNICENTRO;Universidade;Pessoa Jurídica de Direito Público - Estadual;21535;36;FISIOTERAPIA;Educação Presencial;4109401;GUARAPUAVA;PR;36;36;35;0,9722;0,0780;2,5209;3
2016;4504;FUNDAÇÃO UNIVERSIDADE FEDERAL DA GRANDE DOURADOS;UFGD;Universidade;Pessoa Jurídica de Direito Público - Federal;21542;12;MEDICINA;Educação Presencial;5003702;DOURADOS;MS;56;53;49;0,9245;-1,5329;1,2545;2
2016;480;CENTRO UNIVERSITÁRIO SERRA DOS ÓRGÃOS;UNIFESO;Centro Universitário;Privada sem fins lucrativos;21548;5;MEDICINA VETERINÁRIA;Educação Presencial;3305802;TERESÓPOLIS;RJ;20;20;13;0,6500;-2,4952;0,7185;1
2016;1019;FACULDADE DE CIÊNCIAS E TECNOLOGIA DE UNAÍ - FACTU;FACTU;Faculdade ;Privada sem fins lucrativos;21556;17;AGRONOMIA;Educação Presencial;3170404;UNAÍ;MG;58;52;41;0,7885;-0,3687;2,6335;3
2016;1129;CENTRO UNIVERSITÁRIO DO NORTE PAULISTA;UNORP;Centro Universitário;Privada sem fins lucrativos;21563;36;FISIOTERAPIA;Educação Presencial;3549805;SÃO JOSÉ DO RIO PRETO;SP;18;12;11;0,9167;-1,2938;1,9085;2
2016;1230;CENTRO REGIONAL UNIVERSITÁRIO DE ESPÍRITO SANTO DO PINHAL;UNIPINHAL;Centro Universitário;Privada sem fins lucrativos;21567;19;FARMÁCIA;Educação Presencial;3515186;ESPÍRITO SANTO DO PINHAL;SP;2;2;2;1,0000;5,1969;4,6726;5
2016;1230;CENTRO REGIONAL UNIVERSITÁRIO DE ESPÍRITO SANTO DO PINHAL;UNIPINHAL;Centro Universitário;Privada sem fins lucrativos;21568;36;FISIOTERAPIA;Educação Presencial;3515186;ESPÍRITO SANTO DO PINHAL;SP;6;6;6;1,0000;1,0620;2,9602;4
2016;426;CENTRO UNIVERSITÁRIO FRANCISCANO;UNIFRA;Centro Universitário;Privada sem fins lucrativos;21591;38;SERVIÇO SOCIAL;Educação Presencial;4316907;SANTA MARIA;RS;14;14;8;0,5714;2,6119;3,8629;4
2016;496;UNIVERSIDADE DE FRANCA;UNIFRAN;Universidade;Privada com fins lucrativos;21592;19;FARMÁCIA;Educação Presencial;3516200;FRANCA;SP;56;56;41;0,7321;-0,5598;2,1701;3
2016;575;UNIVERSIDADE FEDERAL DE MINAS GERAIS;UFMG;Universidade;Pessoa Jurídica de Direito Público - Federal;21598;27;FONOAUDIOLOGIA;Educação Presencial;3106200;BELO HORIZONTE;MG;39;39;35;0,8974;0,6455;2,6173;3
2016;383;UNIVERSIDADE DA AMAZÔNIA;UNAMA;Universidade;Privada com fins lucrativos;21599;36;FISIOTERAPIA;Educação Presencial;1501402;BELÉM;PA;76;63;52;0,8254;-0,0431;2,4668;3
2016;670;UNIVERSIDADE SÃO FRANCISCO;USF;Universidade;Privada sem fins lucrativos;21606;23;ENFERMAGEM;Educação Presencial;3507605;BRAGANÇA PAULISTA;SP;33;33;25;0,7576;2,0332;3,4606;4
2016;670;UNIVERSIDADE SÃO FRANCISCO;USF;Universidade;Privada sem fins lucrativos;21607;36;FISIOTERAPIA;Educação Presencial;3507605;BRAGANÇA PAULISTA;SP;35;35;30;0,8571;0,7078;2,8021;3
2016;30;UNIVERSIDADE JOSÉ DO ROSÁRIO VELLANO;UNIFENAS;Universidade;Privada sem fins lucrativos;21613;23;ENFERMAGEM;Educação Presencial;3101607;ALFENAS;MG;18;16;15;0,9375;-0,3602;2,3340;3
2016;338;PONTIFÍCIA UNIVERSIDADE CATÓLICA DE MINAS GERAIS;PUC MINAS;Universidade;Pessoa Jurídica de Direito Privado - Sem fins lucrativos - Fundação;21621;23;ENFERMAGEM;Educação Presencial;3106705;BETIM;MG;45;45;41;0,9111;-0,3381;2,3444;3
2016;338;PONTIFÍCIA UNIVERSIDADE CATÓLICA DE MINAS GERAIS;PUC MINAS;Universidade;Pessoa Jurídica de Direito Privado - Sem fins lucrativos - Fundação;21622;36;FISIOTERAPIA;Educação Presencial;3106705;BETIM;MG;46;45;39;0,8667;0,1377;2,5476;3
2016;1494;FACULDADE CATÓLICA SALESIANA DO ESPÍRITO SANTO;0;Centro Universitário;Privada sem fins lucrativos;21655;28;NUTRIÇÃO;Educação Presencial;3205309;VITÓRIA;ES;77;63;45;0,7143;-0,2326;2,3390;3
2016;1494;FACULDADE CATÓLICA SALESIANA DO ESPÍRITO SANTO;0;Centro Universitário;Privada sem fins lucrativos;21656;36;FISIOTERAPIA;Educação Presencial;3205309;VITÓRIA;ES;52;36;28;0,7778;0,0554;2,5108;3
2016;1487;FACULDADE DOM BOSCO;FDB;Faculdade ;Privada com fins lucrativos;21662;36;FISIOTERAPIA;Educação Presencial;4106902;CURITIBA;PR;33;30;23;0,7667;-0,4794;2,2721;3
2016;5215;FACULDADES INTEGRADAS PADRE ALBINO;FIPA;Faculdade ;Privada sem fins lucrativos;21669;23;ENFERMAGEM;Educação Presencial;3511102;CATANDUVA;SP;28;28;12;0,4286;3,6562;4,2246;5
2016;387;UNIVERSIDADE CATÓLICA DOM BOSCO;UCDB;Universidade;Privada sem fins lucrativos;21696;19;FARMÁCIA;Educação Presencial;5002704;CAMPO GRANDE;MS;22;22;20;0,9091;-0,3284;2,2707;3
2016;387;UNIVERSIDADE CATÓLICA DOM BOSCO;UCDB;Universidade;Privada sem fins lucrativos;21697;17;AGRONOMIA;Educação Presencial;5002704;CAMPO GRANDE;MS;34;33;29;0,8788;-0,4589;2,5790;3
2016;319;UNIVERSIDADE CAMILO CASTELO BRANCO;UNICASTELO;Universidade;Pessoa Jurídica de Direito Privado - Sem fins lucrativos - Fundação;21698;23;ENFERMAGEM;Educação Presencial;3550308;SÃO PAULO;SP;82;69;23;0,3333;-0,9778;2,0433;3
2016;295;UNIVERSIDADE DE SANTA CRUZ DO SUL;UNISC;Universidade;Privada sem fins lucrativos;21709;38;SERVIÇO SOCIAL;Educação Presencial;4316808;SANTA CRUZ DO SUL;RS;19;19;14;0,7368;0,3868;2,8246;3
2016;456;CENTRO UNIVERSITÁRIO SANT´ANNA;UNISANT'ANNA;Centro Universitário;Privada sem fins lucrativos;21715;36;FISIOTERAPIA;Educação Presencial;3550308;SÃO PAULO;SP;42;5;3;0,6000;0,1386;2,5480;3
2016;456;CENTRO UNIVERSITÁRIO SANT´ANNA;UNISANT'ANNA;Centro Universitário;Privada sem fins lucrativos;21716;23;ENFERMAGEM;Educação Presencial;3550308;SÃO PAULO;SP;61;16;7;0,4375;-2,9384;1,1204;2
2016;1307;FACULDADE DE ENSINO SUPERIOR E FORMAÇÃO INTEGRAL;FAEF;Faculdade ;Pessoa Jurídica de Direito Privado - Com fins lucrativos - Sociedade Civil;21730;5;MEDICINA VETERINÁRIA;Educação Presencial;3516705;GARÇA;SP;42;40;32;0,8000;0,2458;2,7818;3
2016;47;UNIVERSIDADE ESTADUAL DE GOIÁS;UEG;Universidade;Pessoa Jurídica de Direito Público - Estadual;21782;36;FISIOTERAPIA;Educação Presencial;5208707;GOIÂNIA;GO;42;41;33;0,8049;-0,8221;2,1191;3
2016;694;UNIVERSIDADE FEDERAL DE MATO GROSSO DO SUL;UFMS;Universidade;Pessoa Jurídica de Direito Público - Federal;21826;23;ENFERMAGEM;Educação Presencial;5008305;TRÊS LAGOAS;MS;24;22;22;1,0000;-0,8785;2,0901;3
2016;47;UNIVERSIDADE ESTADUAL DE GOIÁS;UEG;Universidade;Pessoa Jurídica de Direito Público - Estadual;21868;19;FARMÁCIA;Educação Presencial;5201108;ANÁPOLIS;GO;38;38;35;0,9211;-0,0057;2,4110;3
2016;482;UNIVERSIDADE DO EXTREMO SUL CATARINENSE;UNESC;Universidade;Pessoa Jurídica de Direito Privado - Sem fins lucrativos - Associação de Utilidade Pública;21891;19;FARMÁCIA;Educação Presencial;4204608;CRICIÚMA;SC;35;35;16;0,4571;1,2646;2,9632;4
2016;163;UNIVERSIDADE ESTÁCIO DE SÁ;UNESA;Universidade;Privada com fins lucrativos;21923;36;FISIOTERAPIA;Educação Presencial;3303302;NITERÓI;RJ;20;19;11;0,5789;-0,1062;2,4387;3
2016;3151;UNIVERSIDADE COMUNITÁRIA DA REGIÃO DE CHAPECÓ;UNOCHAPECÓ;Universidade;Pessoa Jurídica de Direito Privado - Sem fins lucrativos - Fundação;21962;23;ENFERMAGEM;Educação Presencial;4204202;CHAPECÓ;SC;29;13;7;0,5385;-0,8666;2,0957;3
2016;82;UNIVERSIDADE DO OESTE DE SANTA CATARINA;UNOESC;Universidade;Pessoa Jurídica de Direito Público - Municipal;21986;6;ODONTOLOGIA;Educação Presencial;4209003;JOAÇABA;SC;36;36;27;0,7500;1,9516;4,5289;5
2016;5439;FACULDADES INTEGRADAS DA UNIÃO EDUCACIONAL DO PLANALTO CENTRAL - FACIPLAC;FACIPLAC;Faculdade ;Privada com fins lucrativos;21995;23;ENFERMAGEM;Educação Presencial;5300108;BRASÍLIA;DF;91;83;50;0,6024;0,5747;2,7741;3
2016;590;UNIVERSIDADE FEDERAL RURAL DA AMAZÔNIA;UFRA;Universidade;Pessoa Jurídica de Direito Público - Federal;22000;51;ZOOTECNIA;Educação Presencial;1501402;BELÉM;PA;23;21;19;0,9048;-2,4080;1,8072;2
2016;489;CENTRO UNIVERSITÁRIO DE VOLTA REDONDA;UNIFOA;Centro Universitário;Privada sem fins lucrativos;22082;23;ENFERMAGEM;Educação Presencial;3306305;VOLTA REDONDA;RJ;38;36;21;0,5833;0,4274;2,7048;3
2016;9;UNIVERSIDADE ESTADUAL DE LONDRINA;UEL;Universidade;Pessoa Jurídica de Direito Público - Estadual;22083;55;BIOMEDICINA;Educação Presencial;4113700;LONDRINA;PR;15;15;13;0,8667;-0,3859;2,2134;3
2016;1494;FACULDADE CATÓLICA SALESIANA DO ESPÍRITO SANTO;0;Centro Universitário;Privada sem fins lucrativos;22095;38;SERVIÇO SOCIAL;Educação Presencial;3205309;VITÓRIA;ES;45;26;18;0,6923;1,0755;3,1460;4
2016;705;FACULDADE SÃO JOSÉ;FSJ;Faculdade ;Privada sem fins lucrativos;22109;6;ODONTOLOGIA;Educação Presencial;3304557;RIO DE JANEIRO;RJ;69;68;39;0,5735;0,3712;2,8627;3
2016;515;CENTRO UNIVERSITÁRIO ANHANGUERA DE NITERÓI;UNIAN;Centro Universitário;Privada com fins lucrativos;24510;55;BIOMEDICINA;Educação Presencial;3303302;NITERÓI;RJ;39;28;21;0,7500;0,4965;2,6540;3
2016;1310;FACULDADE DE AMERICANA;FAM;Faculdade ;Privada sem fins lucrativos;24519;55;BIOMEDICINA;Educação Presencial;3501608;AMERICANA;SP;20;19;12;0,6316;-0,8773;1,9681;3
2016;420;UNIVERSIDADE DE MARÍLIA;UNIMAR;Universidade;Privada com fins lucrativos;24821;19;FARMÁCIA;Educação Presencial;3529005;MARÍLIA;SP;7;7;3;0,4286;-1,1893;1,8965;2
2016;586;UNIVERSIDADE FEDERAL DO RIO DE JANEIRO;UFRJ;Universidade;Pessoa Jurídica de Direito Público - Federal;26611;23;ENFERMAGEM;Educação Presencial;3304557;RIO DE JANEIRO;RJ;100;90;87;0,9667;0,1324;2,5659;3
2016;194;ESCOLA DE ENFERMAGEM DA FUNDAÇÃO TÉCNICO EDUCACIONAL SOUZA MARQUES;EEFTESM;Faculdade ;Privada sem fins lucrativos;28072;23;ENFERMAGEM;Educação Presencial;3304557;RIO DE JANEIRO;RJ;10;10;3;0,3000;6,0048;5,0000;5
2016;3371;CENTRO UNIVERSITÁRIO DE PATOS DE MINAS;UNIPAM;Centro Universitário;Privada sem fins lucrativos;32532;19;FARMÁCIA;Educação Presencial;3148004;PATOS DE MINAS;MG;25;25;24;0,9600;0,8014;2,7618;3
2016;1547;FACULDADE DE MEDICINA ESTÁCIO DE JUAZEIRO DO NORTE;ESTÁCIO FMJ;Faculdade ;Privada com fins lucrativos;37304;12;MEDICINA;Educação Presencial;2307304;JUAZEIRO DO NORTE;CE;108;108;97;0,8981;0,2123;3,1571;4
2016;1292;Centro Universitário de Adamantina;FAI;Centro Universitário;Pessoa Jurídica de Direito Público - Municipal;37940;36;FISIOTERAPIA;Educação Presencial;3500105;ADAMANTINA;SP;17;16;11;0,6875;-0,2366;2,3805;3
2016;1292;Centro Universitário de Adamantina;FAI;Centro Universitário;Pessoa Jurídica de Direito Público - Municipal;37942;28;NUTRIÇÃO;Educação Presencial;3500105;ADAMANTINA;SP;14;13;10;0,7692;-2,6019;1,2706;2
2016;1292;Centro Universitário de Adamantina;FAI;Centro Universitário;Pessoa Jurídica de Direito Público - Municipal;37944;6;ODONTOLOGIA;Educação Presencial;3500105;ADAMANTINA;SP;22;22;17;0,7727;-1,0318;1,3835;2
2016;374;CENTRO UNIVERSITÁRIO DAS FACULDADES METROPOLITANAS UNIDAS;FMU;Centro Universitário;Pessoa Jurídica de Direito Privado - Com fins lucrativos - Sociedade Civil;37979;55;BIOMEDICINA;Educação Presencial;3550308;SÃO PAULO;SP;231;223;115;0,5157;0,1186;2,4653;3
2016;374;CENTRO UNIVERSITÁRIO DAS FACULDADES METROPOLITANAS UNIDAS;FMU;Centro Universitário;Pessoa Jurídica de Direito Privado - Com fins lucrativos - Sociedade Civil;37983;19;FARMÁCIA;Educação Presencial;3550308;SÃO PAULO;SP;173;166;68;0,4096;0,5152;2,6374;3
2016;374;CENTRO UNIVERSITÁRIO DAS FACULDADES METROPOLITANAS UNIDAS;FMU;Centro Universitário;Pessoa Jurídica de Direito Privado - Com fins lucrativos - Sociedade Civil;37985;23;ENFERMAGEM;Educação Presencial;3550308;SÃO PAULO;SP;490;478;148;0,3096;0,2887;2,6395;3
2016;374;CENTRO UNIVERSITÁRIO DAS FACULDADES METROPOLITANAS UNIDAS;FMU;Centro Universitário;Pessoa Jurídica de Direito Privado - Com fins lucrativos - Sociedade Civil;37987;36;FISIOTERAPIA;Educação Presencial;3550308;SÃO PAULO;SP;161;152;87;0,5724;0,0675;2,5162;3
2016;423;UNIVERSIDADE REGIONAL INTEGRADA DO ALTO URUGUAI E DAS MISSÕES;URI;Universidade;Privada sem fins lucrativos;38026;19;FARMÁCIA;Educação Presencial;4308508;FREDERICO WESTPHALEN;RS;12;11;11;1,0000;2,4511;3,4790;4
2016;423;UNIVERSIDADE REGIONAL INTEGRADA DO ALTO URUGUAI E DAS MISSÕES;URI;Universidade;Privada sem fins lucrativos;38028;19;FARMÁCIA;Educação Presencial;4317509;SANTO ÂNGELO;RS;16;16;16;1,0000;0,5294;2,6436;3
2016;426;CENTRO UNIVERSITÁRIO FRANCISCANO;UNIFRA;Centro Universitário;Privada sem fins lucrativos;38054;19;FARMÁCIA;Educação Presencial;4316907;SANTA MARIA;RS;23;23;13;0,5652;1,8184;3,2039;4
2016;482;UNIVERSIDADE DO EXTREMO SUL CATARINENSE;UNESC;Universidade;Pessoa Jurídica de Direito Privado - Sem fins lucrativos - Associação de Utilidade Pública;38071;12;MEDICINA;Educação Presencial;4204608;CRICIÚMA;SC;74;74;55;0,7432;-0,0965;2,8205;3
2016;298;UNIVERSIDADE NORTE DO PARANÁ;UNOPAR;Universidade;Privada com fins lucrativos;38083;19;FARMÁCIA;Educação Presencial;4101507;ARAPONGAS;PR;6;6;3;0,5000;2,2525;3,3926;4
2016;481;UNIVERSIDADE GUARULHOS;UNG;Universidade;Pessoa Jurídica de Direito Privado - Com fins lucrativos - Sociedade Civil;38181;19;FARMÁCIA;Educação Presencial;3518800;GUARULHOS;SP;90;67;25;0,3731;-0,4584;2,2142;3
2016;1041;CENTRO UNIVERSITÁRIO UNIVATES;UNIVATES;Centro Universitário;Privada sem fins lucrativos;38264;23;ENFERMAGEM;Educação Presencial;4311403;LAJEADO;RS;27;27;8;0,2963;2,1746;3,5272;4
2016;502;CENTRO UNIVERSITÁRIO MONTE SERRAT;UNIMONTE;Centro Universitário;Privada com fins lucrativos;38297;23;ENFERMAGEM;Educação Presencial;3548500;SANTOS;SP;57;52;24;0,4615;0,3329;2,6603;3
2016;1563;CENTRO UNIVERSITÁRIO DA FACULDADE DE SAÚDE, CIÊNCIAS HUMANAS E TECNOLÓGICAS DO PIAUÍ;NOVAFAPI;Centro Universitário;Privada com fins lucrativos;38313;6;ODONTOLOGIA;Educação Presencial;2211001;TERESINA;PI;114;111;93;0,8378;-0,1055;2,3601;3
2016;1563;CENTRO UNIVERSITÁRIO DA FACULDADE DE SAÚDE, CIÊNCIAS HUMANAS E TECNOLÓGICAS DO PIAUÍ;NOVAFAPI;Centro Universitário;Privada com fins lucrativos;38315;23;ENFERMAGEM;Educação Presencial;2211001;TERESINA;PI;111;106;94;0,8868;-0,1829;2,4175;3
2016;1336;CENTRO UNIVERSITÁRIO ASSIS GURGACZ;FAG;Centro Universitário;Privada sem fins lucrativos;38328;36;FISIOTERAPIA;Educação Presencial;4104808;CASCAVEL;PR;17;17;11;0,6471;1,2572;3,0474;4
2016;1027;UNIVERSIDADE ESTADUAL DO NORTE FLUMINENSE DARCY RIBEIRO;UENF;Universidade;Pessoa Jurídica de Direito Público - Estadual;38341;17;AGRONOMIA;Educação Presencial;3301009;CAMPOS DOS GOYTACAZES;RJ;28;25;19;0,7600;-0,8179;2,3622;3
2016;10;PONTIFÍCIA UNIVERSIDADE CATÓLICA DO PARANÁ;PUCPR;Universidade;Privada sem fins lucrativos;38409;28;NUTRIÇÃO;Educação Presencial;4106902;CURITIBA;PR;35;34;32;0,9412;0,7765;2,7941;3
2016;576;UNIVERSIDADE FEDERAL DE JUIZ DE FORA;UFJF;Universidade;Pessoa Jurídica de Direito Público - Federal;38509;19;FARMÁCIA;Educação Presencial;3136702;JUIZ DE FORA;MG;104;104;95;0,9135;0,2458;2,5203;3
2016;295;UNIVERSIDADE DE SANTA CRUZ DO SUL;UNISC;Universidade;Privada sem fins lucrativos;38525;19;FARMÁCIA;Educação Presencial;4316808;SANTA CRUZ DO SUL;RS;31;31;23;0,7419;0,6515;2,6967;3
2016;124;CENTRO UNIVERSITÁRIO DE ARARAQUARA;UNIARA;Centro Universitário;Privada sem fins lucrativos;38560;28;NUTRIÇÃO;Educação Presencial;3503208;ARARAQUARA;SP;28;26;15;0,5769;-1,0163;1,9857;3
2016;124;CENTRO UNIVERSITÁRIO DE ARARAQUARA;UNIARA;Centro Universitário;Privada sem fins lucrativos;38564;55;BIOMEDICINA;Educação Presencial;3503208;ARARAQUARA;SP;17;17;15;0,8824;1,2583;3,0343;4
2016;575;UNIVERSIDADE FEDERAL DE MINAS GERAIS;UFMG;Universidade;Pessoa Jurídica de Direito Público - Federal;38596;19;FARMÁCIA;Educação Presencial;3106200;BELO HORIZONTE;MG;204;187;160;0,8556;-0,2073;2,3233;3
2016;322;UNIVERSIDADE PAULISTA;UNIP;Universidade;Privada sem fins lucrativos;38771;19;FARMÁCIA;Educação Presencial;3550308;SÃO PAULO;SP;19;19;11;0,5789;2,1454;3,3461;4
2016;298;UNIVERSIDADE NORTE DO PARANÁ;UNOPAR;Universidade;Privada com fins lucrativos;38787;6;ODONTOLOGIA;Educação Presencial;4113700;LONDRINA;PR;79;77;66;0,8571;-0,3655;2,0860;3
2016;576;UNIVERSIDADE FEDERAL DE JUIZ DE FORA;UFJF;Universidade;Pessoa Jurídica de Direito Público - Federal;38994;23;ENFERMAGEM;Educação Presencial;3136702;JUIZ DE FORA;MG;65;61;60;0,9836;-0,3229;2,3516;3
2016;343;CENTRO UNIVERSITÁRIO NEWTON PAIVA;NEWTON PAIVA;Centro Universitário;Privada com fins lucrativos;39005;36;FISIOTERAPIA;Educação Presencial;3106200;BELO HORIZONTE;MG;26;26;25;0,9615;0,2635;2,6037;3
2016;521;UNIVERSIDADE DE MOGI DAS CRUZES;UMC;Universidade;Privada com fins lucrativos;39077;3501;EDUCAÇÃO FÍSICA (BACHARELADO);Educação Presencial;3530607;MOGI DAS CRUZES;SP;127;87;18;0,2069;-0,4718;2,2529;3
2016;330;UNIVERSIDADE IGUAÇU;UNIG;Universidade;Privada sem fins lucrativos;39141;6;ODONTOLOGIA;Educação Presencial;3302205;ITAPERUNA;RJ;96;89;71;0,7978;-0,4044;2,0450;3
2016;47;UNIVERSIDADE ESTADUAL DE GOIÁS;UEG;Universidade;Pessoa Jurídica de Direito Público - Estadual;39235;51;ZOOTECNIA;Educação Presencial;5220108;SÃO LUÍS DE MONTES BELOS;GO;44;44;36;0,8182;0,1321;2,8601;3
2016;453;CENTRO UNIVERSITÁRIO LUTERANO DE PALMAS;CEULP;Centro Universitário;Pessoa Jurídica de Direito Privado - Sem fins lucrativos - Fundação;39365;23;ENFERMAGEM;Educação Presencial;1721000;PALMAS;TO;42;41;26;0,6341;0,2111;2,6029;3
2016;671;UNIVERSIDADE ANHANGUERA - UNIDERP;UNIDERP;Universidade;Privada com fins lucrativos;39415;12;MEDICINA;Educação Presencial;5002704;CAMPO GRANDE;MS;101;65;59;0,9077;-0,3938;2,4963;3
2016;420;UNIVERSIDADE DE MARÍLIA;UNIMAR;Universidade;Privada com fins lucrativos;39431;55;BIOMEDICINA;Educação Presencial;3529005;MARÍLIA;SP;29;28;25;0,8929;0,6325;2,7219;3
2016;23;UNIVERSIDADE FEEVALE;FEEVALE;Universidade;Privada sem fins lucrativos;39454;55;BIOMEDICINA;Educação Presencial;4313409;NOVO HAMBURGO;RS;60;60;45;0,7500;0,3467;2,5792;3
2016;21;PONTIFÍCIA UNIVERSIDADE CATÓLICA DO RIO GRANDE DO SUL;PUCRS;Universidade;Privada sem fins lucrativos;39516;36;FISIOTERAPIA;Educação Presencial;4314902;PORTO ALEGRE;RS;35;35;29;0,8286;0,1298;2,5441;3
2016;226;CENTRO UNIVERSITÁRIO LUSÍADA;UNILUS;Centro Universitário;Pessoa Jurídica de Direito Privado - Sem fins lucrativos - Fundação;39643;23;ENFERMAGEM;Educação Presencial;3548500;SANTOS;SP;17;17;13;0,7647;1,3004;3,1157;4
2016;15450;Faculdade Única de Ipatinga;FUNIP;Faculdade ;Pessoa Jurídica de Direito Privado - Com fins lucrativos - Sociedade Civil;39742;38;SERVIÇO SOCIAL;Educação Presencial;3131307;IPATINGA;MG;32;32;17;0,5313;0,8392;3,0357;4
2016;23;UNIVERSIDADE FEEVALE;FEEVALE;Universidade;Privada sem fins lucrativos;39745;28;NUTRIÇÃO;Educação Presencial;4313409;NOVO HAMBURGO;RS;32;32;12;0,3750;1,1308;2,9538;4
2016;23;UNIVERSIDADE FEEVALE;FEEVALE;Universidade;Privada sem fins lucrativos;39925;23;ENFERMAGEM;Educação Presencial;4313409;NOVO HAMBURGO;RS;104;103;49;0,4757;0,5827;2,7779;3
2016;23;UNIVERSIDADE FEEVALE;FEEVALE;Universidade;Privada sem fins lucrativos;39975;19;FARMÁCIA;Educação Presencial;4313409;NOVO HAMBURGO;RS;44;43;14;0,3256;2,4713;3,4878;4
2016;82;UNIVERSIDADE DO OESTE DE SANTA CATARINA;UNOESC;Universidade;Pessoa Jurídica de Direito Público - Municipal;40366;19;FARMÁCIA;Educação Presencial;4219309;VIDEIRA;SC;24;23;17;0,7391;0,7695;2,7480;3
2016;224;FACULDADE DE MEDICINA DO ABC;FMABC;Faculdade ;Privada sem fins lucrativos;40425;23;ENFERMAGEM;Educação Presencial;3547809;SANTO ANDRÉ;SP;35;35;27;0,7714;0,8037;2,8819;3
2016;224;FACULDADE DE MEDICINA DO ABC;FMABC;Faculdade ;Privada sem fins lucrativos;40430;19;FARMÁCIA;Educação Presencial;3547809;SANTO ANDRÉ;SP;26;25;24;0,9600;1,0855;2,8853;3
2016;522;CENTRO UNIVERSITÁRIO CELSO LISBOA;UCL;Centro Universitário;Privada sem fins lucrativos;40736;23;ENFERMAGEM;Educação Presencial;3304557;RIO DE JANEIRO;RJ;200;186;61;0,3280;-0,7585;2,1466;3
2016;3849;FUNDAÇÃO UNIVERSIDADE FEDERAL DO TOCANTINS;UFT;Universidade;Pessoa Jurídica de Direito Público - Federal;40752;51;ZOOTECNIA;Educação Presencial;1702109;ARAGUAÍNA;TO;37;31;25;0,8065;-0,3686;2,6526;3
2016;718;UNIVERSIDADE POTIGUAR;UNP;Universidade;Pessoa Jurídica de Direito Privado - Com fins lucrativos - Sociedade Civil;41800;19;FARMÁCIA;Educação Presencial;2408102;NATAL;RN;50;47;29;0,6170;-1,2725;1,8603;2
2016;163;UNIVERSIDADE ESTÁCIO DE SÁ;UNESA;Universidade;Privada com fins lucrativos;41980;23;ENFERMAGEM;Educação Presencial;3304557;RIO DE JANEIRO;RJ;36;33;11;0,3333;-2,1811;1,4770;2
2016;163;UNIVERSIDADE ESTÁCIO DE SÁ;UNESA;Universidade;Privada com fins lucrativos;41987;19;FARMÁCIA;Educação Presencial;3304557;RIO DE JANEIRO;RJ;63;56;30;0,5357;-0,3962;2,2412;3
2016;163;UNIVERSIDADE ESTÁCIO DE SÁ;UNESA;Universidade;Privada com fins lucrativos;42005;19;FARMÁCIA;Educação Presencial;3304557;RIO DE JANEIRO;RJ;24;24;14;0,5833;-0,7052;2,1069;3
2016;1042;UNIVERSIDADE POSITIVO;UP;Universidade;Privada com fins lucrativos;42154;6;ODONTOLOGIA;Educação Presencial;4106902;CURITIBA;PR;111;111;92;0,8288;0,4514;2,9473;4
2016;437;UNIVERSIDADE PARANAENSE;UNIPAR;Universidade;Privada sem fins lucrativos;42668;6;ODONTOLOGIA;Educação Presencial;4104808;CASCAVEL;PR;51;51;47;0,9216;0,7795;3,2932;4
2016;756;UNIVERSIDADE ESTADUAL DO PIAUÍ;UESPI;Universidade;Pessoa Jurídica de Direito Público - Estadual;42963;6;ODONTOLOGIA;Educação Presencial;2207702;PARNAÍBA;PI;21;21;19;0,9048;0,0266;2,4993;3
2016;756;UNIVERSIDADE ESTADUAL DO PIAUÍ;UESPI;Universidade;Pessoa Jurídica de Direito Público - Estadual;43012;17;AGRONOMIA;Educação Presencial;2207702;PARNAÍBA;PI;17;17;17;1,0000;-1,1076;2,1872;3
2016;296;UNIVERSIDADE DA REGIÃO DA CAMPANHA;URCAMP;Universidade;Privada sem fins lucrativos;43088;19;FARMÁCIA;Educação Presencial;4301602;BAGÉ;RS;13;13;10;0,7692;-1,4797;1,7702;2
2016;621;CENTRO UNIVERSITÁRIO CESMAC;CESMAC;Centro Universitário;Privada sem fins lucrativos;43144;5;MEDICINA VETERINÁRIA;Educação Presencial;2704302;MACEIÓ;AL;54;52;19;0,3654;-1,7396;1,2873;2
2016;621;CENTRO UNIVERSITÁRIO CESMAC;CESMAC;Centro Universitário;Privada sem fins lucrativos;43148;36;FISIOTERAPIA;Educação Presencial;2704302;MACEIÓ;AL;45;44;27;0,6136;0,2835;2,6127;3
2016;756;UNIVERSIDADE ESTADUAL DO PIAUÍ;UESPI;Universidade;Pessoa Jurídica de Direito Público - Estadual;43222;51;ZOOTECNIA;Educação Presencial;2202901;CORRENTE;PI;14;0;0;0,0000;;;SC
2016;453;CENTRO UNIVERSITÁRIO LUTERANO DE PALMAS;CEULP;Centro Universitário;Pessoa Jurídica de Direito Privado - Sem fins lucrativos - Fundação;43581;36;FISIOTERAPIA;Educação Presencial;1721000;PALMAS;TO;19;19;16;0,8421;-0,6567;2,1929;3
2016;453;CENTRO UNIVERSITÁRIO LUTERANO DE PALMAS;CEULP;Centro Universitário;Pessoa Jurídica de Direito Privado - Sem fins lucrativos - Fundação;43621;55;BIOMEDICINA;Educação Presencial;1721000;PALMAS;TO;9;8;7;0,8750;1,2434;3,0269;4
2016;453;CENTRO UNIVERSITÁRIO LUTERANO DE PALMAS;CEULP;Centro Universitário;Pessoa Jurídica de Direito Privado - Sem fins lucrativos - Fundação;43630;38;SERVIÇO SOCIAL;Educação Presencial;1721000;PALMAS;TO;31;30;10;0,3333;0,9522;3,0884;4
2016;1436;ESCOLA SUPERIOR BATISTA DO AMAZONAS;ESBAM;Faculdade ;Privada com fins lucrativos;43974;5;MEDICINA VETERINÁRIA;Educação Presencial;1302603;MANAUS;AM;38;31;20;0,6452;-2,4120;0,7811;1
2016;823;UNIVERSIDADE DO CEUMA - UNICEUMA;UNICEUMA;Universidade;Privada sem fins lucrativos;43986;19;FARMÁCIA;Educação Presencial;2111300;SÃO LUÍS;MA;43;43;32;0,7442;-0,0382;2,3968;3
2016;878;CENTRO UNIVERSITÁRIO DO LESTE DE MINAS GERAIS;UNILESTEMG;Centro Universitário;Privada sem fins lucrativos;43988;36;FISIOTERAPIA;Educação Presencial;3131307;IPATINGA;MG;36;35;26;0,7429;0,4451;2,6848;3
2016;878;CENTRO UNIVERSITÁRIO DO LESTE DE MINAS GERAIS;UNILESTEMG;Centro Universitário;Privada sem fins lucrativos;44027;23;ENFERMAGEM;Educação Presencial;3131307;IPATINGA;MG;17;14;10;0,7143;-1,7128;1,6974;2
2016;1586;UNIVERSIDADE DO VALE DO SAPUCAÍ;UNIVÁS;Universidade;Privada sem fins lucrativos;44174;3501;EDUCAÇÃO FÍSICA (BACHARELADO);Educação Presencial;3152501;POUSO ALEGRE;MG;48;48;40;0,8333;-0,4994;2,2403;3
2016;579;UNIVERSIDADE FEDERAL DA PARAÍBA;UFPB;Universidade;Pessoa Jurídica de Direito Público - Federal;44258;23;ENFERMAGEM;Educação Presencial;2507507;JOÃO PESSOA;PB;46;45;34;0,7556;0,2777;2,6343;3
2016;1232;CENTRO UNIVERSITÁRIO CAMPOS DE ANDRADE;UNIANDRADE;Centro Universitário;Privada sem fins lucrativos;44281;23;ENFERMAGEM;Educação Presencial;4106902;CURITIBA;PR;74;69;57;0,8261;-0,2290;2,3958;3
2016;1232;CENTRO UNIVERSITÁRIO CAMPOS DE ANDRADE;UNIANDRADE;Centro Universitário;Privada sem fins lucrativos;44283;19;FARMÁCIA;Educação Presencial;4106902;CURITIBA;PR;85;79;52;0,6582;-0,3827;2,2471;3
2016;1232;CENTRO UNIVERSITÁRIO CAMPOS DE ANDRADE;UNIANDRADE;Centro Universitário;Privada sem fins lucrativos;44287;36;FISIOTERAPIA;Educação Presencial;4106902;CURITIBA;PR;34;33;27;0,8182;-0,5550;2,2383;3
2016;1232;CENTRO UNIVERSITÁRIO CAMPOS DE ANDRADE;UNIANDRADE;Centro Universitário;Privada sem fins lucrativos;44289;28;NUTRIÇÃO;Educação Presencial;4106902;CURITIBA;PR;36;36;30;0,8333;0,4080;2,6279;3
2016;1126;UNIVERSIDADE ESTADUAL DO CENTRO OESTE;UNICENTRO;Universidade;Pessoa Jurídica de Direito Público - Estadual;44421;38;SERVIÇO SOCIAL;Educação Presencial;4109401;GUARAPUAVA;PR;30;26;12;0,4615;1,6349;3,4070;4
2016;457;UNIVERSIDADE ANHANGUERA DE SÃO PAULO - UNIAN-SP;UNIAN - SP;Universidade;Privada com fins lucrativos;44508;19;FARMÁCIA;Educação Presencial;3548708;SÃO BERNARDO DO CAMPO;SP;23;19;10;0,5263;-0,5024;2,1951;3
2016;457;UNIVERSIDADE ANHANGUERA DE SÃO PAULO - UNIAN-SP;UNIAN - SP;Universidade;Privada com fins lucrativos;44510;19;FARMÁCIA;Educação Presencial;3534401;OSASCO;SP;36;34;18;0,5294;-1,1314;1,9216;2
2016;457;UNIVERSIDADE ANHANGUERA DE SÃO PAULO - UNIAN-SP;UNIAN - SP;Universidade;Privada com fins lucrativos;44662;23;ENFERMAGEM;Educação Presencial;3548708;SÃO BERNARDO DO CAMPO;SP;109;101;23;0,2277;-0,4780;2,2786;3
2016;457;UNIVERSIDADE ANHANGUERA DE SÃO PAULO - UNIAN-SP;UNIAN - SP;Universidade;Privada com fins lucrativos;44664;23;ENFERMAGEM;Educação Presencial;3534401;OSASCO;SP;88;88;26;0,2955;0,4136;2,6983;3
2016;457;UNIVERSIDADE ANHANGUERA DE SÃO PAULO - UNIAN-SP;UNIAN - SP;Universidade;Privada com fins lucrativos;44674;36;FISIOTERAPIA;Educação Presencial;3548708;SÃO BERNARDO DO CAMPO;SP;19;16;9;0,5625;1,8482;3,3113;4
2016;457;UNIVERSIDADE ANHANGUERA DE SÃO PAULO - UNIAN-SP;UNIAN - SP;Universidade;Privada com fins lucrativos;44678;28;NUTRIÇÃO;Educação Presencial;3548708;SÃO BERNARDO DO CAMPO;SP;24;18;11;0,6111;0,0782;2,4792;3
2016;586;UNIVERSIDADE FEDERAL DO RIO DE JANEIRO;UFRJ;Universidade;Pessoa Jurídica de Direito Público - Federal;44892;3501;EDUCAÇÃO FÍSICA (BACHARELADO);Educação Presencial;3304557;RIO DE JANEIRO;RJ;183;141;116;0,8227;-0,1910;2,3817;3
2016;457;UNIVERSIDADE ANHANGUERA DE SÃO PAULO - UNIAN-SP;UNIAN - SP;Universidade;Privada com fins lucrativos;44904;36;FISIOTERAPIA;Educação Presencial;3534401;OSASCO;SP;34;34;11;0,3235;-0,0180;2,4781;3
2016;457;UNIVERSIDADE ANHANGUERA DE SÃO PAULO - UNIAN-SP;UNIAN - SP;Universidade;Privada com fins lucrativos;44907;28;NUTRIÇÃO;Educação Presencial;3534401;OSASCO;SP;25;25;13;0,5200;-2,5136;1,3105;2
2016;457;UNIVERSIDADE ANHANGUERA DE SÃO PAULO - UNIAN-SP;UNIAN - SP;Universidade;Privada com fins lucrativos;44929;5;MEDICINA VETERINÁRIA;Educação Presencial;3548708;SÃO BERNARDO DO CAMPO;SP;23;23;8;0,3478;2,2534;4,2929;5
2016;457;UNIVERSIDADE ANHANGUERA DE SÃO PAULO - UNIAN-SP;UNIAN - SP;Universidade;Privada com fins lucrativos;44934;6;ODONTOLOGIA;Educação Presencial;3550308;SÃO PAULO;SP;2;0;0;0,0000;;;SC
2016;457;UNIVERSIDADE ANHANGUERA DE SÃO PAULO - UNIAN-SP;UNIAN - SP;Universidade;Privada com fins lucrativos;44936;19;FARMÁCIA;Educação Presencial;3550308;SÃO PAULO;SP;13;10;0;0,0000;;;SC
2016;457;UNIVERSIDADE ANHANGUERA DE SÃO PAULO - UNIAN-SP;UNIAN - SP;Universidade;Privada com fins lucrativos;44963;55;BIOMEDICINA;Educação Presencial;3550308;SÃO PAULO;SP;9;6;4;0,6667;-2,1115;1,3519;2
2016;457;UNIVERSIDADE ANHANGUERA DE SÃO PAULO - UNIAN-SP;UNIAN - SP;Universidade;Privada com fins lucrativos;44967;23;ENFERMAGEM;Educação Presencial;3550308;SÃO PAULO;SP;2;0;0;0,0000;;;SC
2016;457;UNIVERSIDADE ANHANGUERA DE SÃO PAULO - UNIAN-SP;UNIAN - SP;Universidade;Privada com fins lucrativos;44969;36;FISIOTERAPIA;Educação Presencial;3550308;SÃO PAULO;SP;32;27;4;0,1481;;;SC
2016;457;UNIVERSIDADE ANHANGUERA DE SÃO PAULO - UNIAN-SP;UNIAN - SP;Universidade;Privada com fins lucrativos;44971;28;NUTRIÇÃO;Educação Presencial;3550308;SÃO PAULO;SP;33;25;17;0,6800;1,5704;3,1521;4
2016;581;UNIVERSIDADE FEDERAL DO RIO GRANDE DO SUL;UFRGS;Universidade;Pessoa Jurídica de Direito Público - Federal;45018;23;ENFERMAGEM;Educação Presencial;4314902;PORTO ALEGRE;RS;40;40;33;0,8250;0,5192;2,7480;3
2016;581;UNIVERSIDADE FEDERAL DO RIO GRANDE DO SUL;UFRGS;Universidade;Pessoa Jurídica de Direito Público - Federal;45070;28;NUTRIÇÃO;Educação Presencial;4314902;PORTO ALEGRE;RS;42;42;38;0,9048;0,2422;2,5531;3
2016;489;CENTRO UNIVERSITÁRIO DE VOLTA REDONDA;UNIFOA;Centro Universitário;Privada sem fins lucrativos;45492;28;NUTRIÇÃO;Educação Presencial;3306305;VOLTA REDONDA;RJ;45;42;26;0,6190;-0,5004;2,2183;3
2016;489;CENTRO UNIVERSITÁRIO DE VOLTA REDONDA;UNIFOA;Centro Universitário;Privada sem fins lucrativos;45494;38;SERVIÇO SOCIAL;Educação Presencial;3306305;VOLTA REDONDA;RJ;19;19;6;0,3158;1,9891;3,5723;4
2016;294;FACULDADE TRÊS DE MAIO;SETREM;Faculdade ;Privada sem fins lucrativos;45559;23;ENFERMAGEM;Educação Presencial;4321808;TRÊS DE MAIO;RS;21;20;14;0,7000;-0,3456;2,3409;3
2016;1028;UNIVERSIDADE ESTADUAL DE MATO GROSSO DO SUL;UEMS;Universidade;Pessoa Jurídica de Direito Público - Estadual;45598;17;AGRONOMIA;Educação Presencial;5001102;AQUIDAUANA;MS;28;26;25;0,9615;-0,6216;2,4808;3
2016;13;UNIVERSIDADE DE CAXIAS DO SUL;UCS;Universidade;Privada sem fins lucrativos;45693;23;ENFERMAGEM;Educação Presencial;4305108;CAXIAS DO SUL;RS;36;35;16;0,4571;-0,7021;2,1731;3
2016;449;UNIVERSIDADE LUTERANA DO BRASIL;ULBRA;Universidade;Pessoa Jurídica de Direito Privado - Sem fins lucrativos - Fundação;45762;3501;EDUCAÇÃO FÍSICA (BACHARELADO);Educação Presencial;4304606;CANOAS;RS;71;55;10;0,1818;;;SC
2016;593;CENTRO FEDERAL DE EDUCAÇÃO TECNOLÓGICA CELSO SUCKOW DA FONSECA;CEFET/RJ;Centro Federal de Educação Tecnológica;Pessoa Jurídica de Direito Público - Federal;45815;92;TECNOLOGIA EM GESTÃO AMBIENTAL;Educação Presencial;3304557;RIO DE JANEIRO;RJ;37;24;23;0,9583;-0,8727;2,1922;3
2016;1414;FACULDADE SÃO LUCAS;FSL;Centro Universitário;Privada com fins lucrativos;45877;28;NUTRIÇÃO;Educação Presencial;1100205;PORTO VELHO;RO;25;25;17;0,6800;-0,5525;2,1948;3
2016;1592;FACULDADE DE ODONTOLOGIA DE MANAUS;FOM;Faculdade ;Privada sem fins lucrativos;45976;6;ODONTOLOGIA;Educação Presencial;1302603;MANAUS;AM;63;59;25;0,4237;-2,1907;0,1617;1
2016;1623;FACULDADE DE CIÊNCIAS AGRÁRIAS DE ANDRADINA;FCAA;Faculdade ;Privada sem fins lucrativos;46151;5;MEDICINA VETERINÁRIA;Educação Presencial;3502101;ANDRADINA;SP;44;41;24;0,5854;-1,8249;1,2231;2
2016;4256;FACULDADES INTEGRADAS PITÁGORAS;FIP-MOC;Faculdade ;Privada com fins lucrativos;46178;36;FISIOTERAPIA;Educação Presencial;3143302;MONTES CLAROS;MG;25;23;18;0,7826;-0,1406;2,4233;3
2016;494;UNIVERSIDADE DO SUL DE SANTA CATARINA;UNISUL;Universidade;Privada sem fins lucrativos;46244;19;FARMÁCIA;Educação Presencial;4218707;TUBARÃO;SC;5;5;2;0,4000;3,0554;3,7417;4
2016;1638;FACULDADE DO AMAZONAS;IAES;Faculdade ;Privada com fins lucrativos;46278;6;ODONTOLOGIA;Educação Presencial;1302603;MANAUS;AM;47;47;31;0,6596;-0,2429;2,2153;3
2016;57;UNIVERSIDADE ESTADUAL DE MARINGÁ;UEM;Universidade;Pessoa Jurídica de Direito Público - Estadual;46742;23;ENFERMAGEM;Educação Presencial;4115200;MARINGÁ;PR;30;30;27;0,9000;1,2983;3,1147;4
2016;1580;FACULDADE DE CIÊNCIAS E EDUCAÇÃO SENA AIRES;FACESA;Faculdade ;Privada com fins lucrativos;46871;23;ENFERMAGEM;Educação Presencial;5221858;VALPARAÍSO DE GOIÁS;GO;35;34;22;0,6471;-0,4889;2,2735;3
2016;415;FACULDADE DE CIÊNCIAS MÉDICAS DA SANTA CASA SÃO PAULO;FCMSCSP;Faculdade ;Privada sem fins lucrativos;46875;23;ENFERMAGEM;Educação Presencial;3550308;SÃO PAULO;SP;23;23;14;0,6087;1,2239;3,0797;4
2016;415;FACULDADE DE CIÊNCIAS MÉDICAS DA SANTA CASA SÃO PAULO;FCMSCSP;Faculdade ;Privada sem fins lucrativos;46877;27;FONOAUDIOLOGIA;Educação Presencial;3550308;SÃO PAULO;SP;22;22;17;0,7727;0,9031;2,7369;3
2016;724;Centro Universitário FACEX;UNIFACEX;Centro Universitário;Privada sem fins lucrativos;46903;38;SERVIÇO SOCIAL;Educação Presencial;2408102;NATAL;RN;28;26;21;0,8077;1,7486;3,4600;4
2016;739;CENTRO UNIVERSITÁRIO SÃO CAMILO - ESPÍRITO SANTO;SÃO CAMILO-ES;Centro Universitário;Privada sem fins lucrativos;46909;23;ENFERMAGEM;Educação Presencial;3201209;CACHOEIRO DE ITAPEMIRIM;ES;1;1;0;0,0000;;;SC
2016;862;FACULDADE ESTÁCIO DE SÁ DE CAMPO GRANDE;FESCG;Faculdade ;Privada com fins lucrativos;46915;36;FISIOTERAPIA;Educação Presencial;5002704;CAMPO GRANDE;MS;18;18;7;0,3889;-1,6945;1,7296;2
2016;862;FACULDADE ESTÁCIO DE SÁ DE CAMPO GRANDE;FESCG;Faculdade ;Privada com fins lucrativos;46917;19;FARMÁCIA;Educação Presencial;5002704;CAMPO GRANDE;MS;21;20;11;0,5500;-0,0505;2,3915;3
2016;5303;FACULDADE ANHANGÜERA DE DOURADOS;FAD;Faculdade ;Privada com fins lucrativos;47040;17;AGRONOMIA;Educação Presencial;5003702;DOURADOS;MS;61;56;46;0,8214;-0,2061;2,7317;3
2016;27;UNIVERSIDADE VALE DO RIO VERDE;UNINCOR;Universidade;Privada sem fins lucrativos;47181;17;AGRONOMIA;Educação Presencial;3169307;TRÊS CORAÇÕES;MG;21;21;14;0,6667;0,6077;3,2233;4
2016;27;UNIVERSIDADE VALE DO RIO VERDE;UNINCOR;Universidade;Privada sem fins lucrativos;47273;5;MEDICINA VETERINÁRIA;Educação Presencial;3169307;TRÊS CORAÇÕES;MG;26;26;19;0,7308;-0,6135;2,1349;3
2016;2774;Centro Universitário UNIFAFIBE;FAFIBE;Centro Universitário;Privada sem fins lucrativos;47615;36;FISIOTERAPIA;Educação Presencial;3506102;BEBEDOURO;SP;36;35;29;0,8286;0,1676;2,5609;3
2016;1299;FACULDADES INTEGRADAS DE FERNANDÓPOLIS;FIFE;Faculdade ;Privada sem fins lucrativos;47675;27;FONOAUDIOLOGIA;Educação Presencial;3515509;FERNANDÓPOLIS;SP;14;13;12;0,9231;2,3845;3,4248;4
2016;1299;FACULDADES INTEGRADAS DE FERNANDÓPOLIS;FIFE;Faculdade ;Privada sem fins lucrativos;47682;55;BIOMEDICINA;Educação Presencial;3515509;FERNANDÓPOLIS;SP;14;13;13;1,0000;1,8013;3,3054;4
2016;669;UNIVERSIDADE NILTON LINS;UNINILTONLINS;Universidade;Privada sem fins lucrativos;47706;23;ENFERMAGEM;Educação Presencial;1302603;MANAUS;AM;60;55;40;0,7273;-1,8435;1,6358;2
2016;669;UNIVERSIDADE NILTON LINS;UNINILTONLINS;Universidade;Privada sem fins lucrativos;47708;36;FISIOTERAPIA;Educação Presencial;1302603;MANAUS;AM;9;9;7;0,7778;-0,3894;2,3122;3
2016;669;UNIVERSIDADE NILTON LINS;UNINILTONLINS;Universidade;Privada sem fins lucrativos;47712;27;FONOAUDIOLOGIA;Educação Presencial;1302603;MANAUS;AM;66;65;45;0,6923;-1,5462;1,5996;2
2016;669;UNIVERSIDADE NILTON LINS;UNINILTONLINS;Universidade;Privada sem fins lucrativos;47714;5;MEDICINA VETERINÁRIA;Educação Presencial;1302603;MANAUS;AM;43;43;12;0,2791;-1,6797;1,3323;2
2016;1716;FACULDADE UNIÃO DAS AMÉRICAS;0;Faculdade ;Pessoa Jurídica de Direito Privado - Sem fins lucrativos - Fundação;47852;23;ENFERMAGEM;Educação Presencial;4108304;FOZ DO IGUAÇU;PR;12;8;3;0,3750;-4,0625;0,5913;1
2016;1716;FACULDADE UNIÃO DAS AMÉRICAS;0;Faculdade ;Pessoa Jurídica de Direito Privado - Sem fins lucrativos - Fundação;47854;36;FISIOTERAPIA;Educação Presencial;4108304;FOZ DO IGUAÇU;PR;16;15;11;0,7333;1,0881;2,9719;4
2016;1717;FACULDADE DE IMPERATRIZ;FACIMP;Faculdade ;Privada com fins lucrativos;47858;6;ODONTOLOGIA;Educação Presencial;2105302;IMPERATRIZ;MA;60;58;48;0,8276;0,3934;2,8861;3
2016;1718;FACULDADE NOBRE DE FEIRA DE SANTANA;FAN;Faculdade ;Privada com fins lucrativos;47862;38;SERVIÇO SOCIAL;Educação Presencial;2910800;FEIRA DE SANTANA;BA;13;13;10;0,7692;1,2188;3,2128;4
2016;3193;FACULDADES INTEGRADAS DOS CAMPOS GERAIS;CESCAGE;Faculdade ;Pessoa Jurídica de Direito Privado - Com fins lucrativos - Sociedade Civil;47918;6;ODONTOLOGIA;Educação Presencial;4119905;PONTA GROSSA;PR;63;62;47;0,7581;-0,5940;1,8451;2
2016;1734;FACULDADE INTEGRAL DIFERENCIAL;FACID;Faculdade ;Pessoa Jurídica de Direito Privado - Com fins lucrativos - Sociedade Civil;47935;36;FISIOTERAPIA;Educação Presencial;2211001;TERESINA;PI;39;39;36;0,9231;-0,0963;2,4431;3
2016;1753;FACULDADE DE ENFERMAGEM NOVA ESPERANÇA;FACENE;Faculdade ;Privada com fins lucrativos;48022;23;ENFERMAGEM;Educação Presencial;2507507;JOÃO PESSOA;PB;113;108;66;0,6111;-0,1419;2,4368;3
2016;1430;CENTRO UNIVERSITÁRIO INGÁ;0;Centro Universitário;Privada sem fins lucrativos;48207;23;ENFERMAGEM;Educação Presencial;4115200;MARINGÁ;PR;21;21;11;0,5238;3,8987;4,3388;5
2016;1430;CENTRO UNIVERSITÁRIO INGÁ;0;Centro Universitário;Privada sem fins lucrativos;48211;36;FISIOTERAPIA;Educação Presencial;4115200;MARINGÁ;PR;13;11;6;0,5455;0,6099;2,7584;3
2016;1809;INSTITUTO FEDERAL DE EDUCAÇÃO, CIÊNCIA E TECNOLOGIA DE PERNAMBUCO;IFPE;Instituto Federal de Educação, Ciência e Tecnologia;Pessoa Jurídica de Direito Público - Federal;48229;92;TECNOLOGIA EM GESTÃO AMBIENTAL;Educação Presencial;2611606;RECIFE;PE;71;60;56;0,9333;-0,2674;2,4116;3
2016;1310;FACULDADE DE AMERICANA;FAM;Faculdade ;Privada sem fins lucrativos;48541;36;FISIOTERAPIA;Educação Presencial;3501608;AMERICANA;SP;27;27;13;0,4815;1,0187;2,9409;3
2016;3603;FACULDADE ANHANGUERA DE GUARULHOS;0;Faculdade ;Privada com fins lucrativos;48547;28;NUTRIÇÃO;Educação Presencial;3518800;GUARULHOS;SP;29;18;13;0,7222;-1,9086;1,5833;2
2016;1058;Estácio FIB - Centro Universitário Estácio da Bahia;Estácio FIB;Centro Universitário;Privada com fins lucrativos;48581;36;FISIOTERAPIA;Educação Presencial;2927408;SALVADOR;BA;50;47;36;0,7660;-0,5356;2,2470;3
2016;1677;FACULDADE DE ENSINO SUPERIOR DO PIAUÍ;FAESPI;Faculdade ;Privada com fins lucrativos;48614;27;FONOAUDIOLOGIA;Educação Presencial;2211001;TERESINA;PI;3;3;3;1,0000;-2,2493;1,2731;2
2016;1804;FACULDADE DE MAUÁ - FAMA;FAMA;Faculdade ;Privada sem fins lucrativos;48634;38;SERVIÇO SOCIAL;Educação Presencial;3529401;MAUÁ;SP;77;75;20;0,2667;0,2792;2,7744;3
2016;1325;FACULDADE DE APUCARANA;FAP;Faculdade ;Privada sem fins lucrativos;48761;36;FISIOTERAPIA;Educação Presencial;4101408;APUCARANA;PR;36;35;32;0,9143;0,0413;2,5046;3
2016;1263;FACULDADE BEZERRA DE ARAÚJO;FABA;Faculdade ;Privada com fins lucrativos;48806;28;NUTRIÇÃO;Educação Presencial;3304557;RIO DE JANEIRO;RJ;77;75;46;0,6133;-0,4214;2,2539;3
2016;738;FACULDADES INTEGRADAS TERESA D´ÁVILA;FATEA;Centro Universitário;Privada sem fins lucrativos;48810;23;ENFERMAGEM;Educação Presencial;3527207;LORENA;SP;22;21;11;0,5238;-1,2372;1,9212;2
2016;403;UNIVERSIDADE CATÓLICA DE BRASÍLIA;UCB;Universidade;Privada sem fins lucrativos;48854;12;MEDICINA;Educação Presencial;5300108;BRASÍLIA;DF;85;84;75;0,8929;-0,6993;2,1633;3
2016;596;UNIVERSIDADE FEDERAL DOS VALES DO JEQUITINHONHA E MUCURI;UFVJM;Universidade;Pessoa Jurídica de Direito Público - Federal;48917;51;ZOOTECNIA;Educação Presencial;3121605;DIAMANTINA;MG;24;22;19;0,8636;0,2398;2,9048;3
2016;596;UNIVERSIDADE FEDERAL DOS VALES DO JEQUITINHONHA E MUCURI;UFVJM;Universidade;Pessoa Jurídica de Direito Público - Federal;48919;36;FISIOTERAPIA;Educação Presencial;3121605;DIAMANTINA;MG;32;31;28;0,9032;0,8504;2,8658;3
2016;596;UNIVERSIDADE FEDERAL DOS VALES DO JEQUITINHONHA E MUCURI;UFVJM;Universidade;Pessoa Jurídica de Direito Público - Federal;48921;17;AGRONOMIA;Educação Presencial;3121605;DIAMANTINA;MG;47;45;41;0,9111;-0,1527;2,7640;3
2016;596;UNIVERSIDADE FEDERAL DOS VALES DO JEQUITINHONHA E MUCURI;UFVJM;Universidade;Pessoa Jurídica de Direito Público - Federal;48923;19;FARMÁCIA;Educação Presencial;3121605;DIAMANTINA;MG;32;31;27;0,8710;-0,2038;2,3248;3
2016;596;UNIVERSIDADE FEDERAL DOS VALES DO JEQUITINHONHA E MUCURI;UFVJM;Universidade;Pessoa Jurídica de Direito Público - Federal;48926;28;NUTRIÇÃO;Educação Presencial;3121605;DIAMANTINA;MG;31;31;30;0,9677;-0,6658;2,1437;3
2016;1836;CENTRO UNIVERSITÁRIO FUNDAÇÃO DE ENSINO OCTÁVIO BASTOS - FEOB;UNIFEOB;Centro Universitário;Privada sem fins lucrativos;49006;23;ENFERMAGEM;Educação Presencial;3549102;SÃO JOÃO DA BOA VISTA;SP;71;71;37;0,5211;-0,5129;2,2622;3
2016;322;UNIVERSIDADE PAULISTA;UNIP;Universidade;Privada sem fins lucrativos;49015;36;FISIOTERAPIA;Educação Presencial;3550308;SÃO PAULO;SP;22;22;13;0,5909;2,3335;3,5279;4
2016;669;UNIVERSIDADE NILTON LINS;UNINILTONLINS;Universidade;Privada sem fins lucrativos;49060;12;MEDICINA;Educação Presencial;1302603;MANAUS;AM;64;64;28;0,4375;-3,6199;0,0000;1
2016;1519;FACULDADE DE PATO BRANCO;FADEP;Faculdade ;Privada com fins lucrativos;49084;23;ENFERMAGEM;Educação Presencial;4118501;PATO BRANCO;PR;36;34;29;0,8529;-0,3565;2,3358;3
2016;1325;FACULDADE DE APUCARANA;FAP;Faculdade ;Privada sem fins lucrativos;49088;23;ENFERMAGEM;Educação Presencial;4101408;APUCARANA;PR;11;11;6;0,5455;-1,0043;2,0309;3
2016;781;FACULDADE ANHANGUERA DE RONDONÓPOLIS;FAR;Faculdade ;Privada com fins lucrativos;49094;17;AGRONOMIA;Educação Presencial;5107602;RONDONÓPOLIS;MT;80;65;49;0,7538;-0,7482;2,4043;3
2016;1308;FACULDADE NOVO MILÊNIO;FNM;Faculdade ;Pessoa Jurídica de Direito Privado - Com fins lucrativos - Sociedade Mercantil ou Comercial;49105;23;ENFERMAGEM;Educação Presencial;3205200;VILA VELHA;ES;17;16;5;0,3125;3,2394;4,0284;5
2016;1490;FACULDADE DE JAGUARIÚNA;FAJ;Faculdade ;Pessoa Jurídica de Direito Privado - Com fins lucrativos - Sociedade Mercantil ou Comercial;49108;5;MEDICINA VETERINÁRIA;Educação Presencial;3524709;JAGUARIÚNA;SP;164;151;97;0,6424;-0,2714;2,3924;3
2016;1239;FACULDADE PADRÃO;PADRAO;Faculdade ;Privada com fins lucrativos;49140;55;BIOMEDICINA;Educação Presencial;5208707;GOIÂNIA;GO;26;24;13;0,5417;-0,4351;2,1889;3
2016;1430;CENTRO UNIVERSITÁRIO INGÁ;0;Centro Universitário;Privada sem fins lucrativos;49227;27;FONOAUDIOLOGIA;Educação Presencial;4115200;MARINGÁ;PR;12;11;8;0,7273;-2,2774;1,2601;2
2016;1310;FACULDADE DE AMERICANA;FAM;Faculdade ;Privada sem fins lucrativos;49253;19;FARMÁCIA;Educação Presencial;3501608;AMERICANA;SP;36;32;19;0,5938;-0,4660;2,2109;3
2016;1263;FACULDADE BEZERRA DE ARAÚJO;FABA;Faculdade ;Privada com fins lucrativos;49322;19;FARMÁCIA;Educação Presencial;3304557;RIO DE JANEIRO;RJ;26;23;7;0,3043;-3,4787;0,9012;1
2016;1825;FACULDADE DE ESTUDOS SUPERIORES DE MINAS GERAIS;FEAD;Faculdade ;Privada com fins lucrativos;49349;5;MEDICINA VETERINÁRIA;Educação Presencial;3106200;BELO HORIZONTE;MG;116;107;71;0,6636;-0,3461;2,3362;3
2016;402;CENTRO UNIVERSITÁRIO DE BRASÍLIA;UNICEUB;Centro Universitário;Privada sem fins lucrativos;49480;36;FISIOTERAPIA;Educação Presencial;5300108;BRASÍLIA;DF;34;32;15;0,4688;0,1228;2,5410;3
2016;664;UNIVERSIDADE VILA VELHA;UVV;Universidade;Privada sem fins lucrativos;49533;19;FARMÁCIA;Educação Presencial;3205200;VILA VELHA;ES;12;8;7;0,8750;2,0944;3,3239;4
2016;208;UNIVERSIDADE DE RIBEIRÃO PRETO;UNAERP;Universidade;Privada sem fins lucrativos;49564;23;ENFERMAGEM;Educação Presencial;3543402;RIBEIRÃO PRETO;SP;3;3;1;0,3333;;;SC
2016;208;UNIVERSIDADE DE RIBEIRÃO PRETO;UNAERP;Universidade;Privada sem fins lucrativos;49572;23;ENFERMAGEM;Educação Presencial;3518701;GUARUJÁ;SP;5;4;2;0,5000;-3,3049;0,9480;2
2016;208;UNIVERSIDADE DE RIBEIRÃO PRETO;UNAERP;Universidade;Privada sem fins lucrativos;49634;36;FISIOTERAPIA;Educação Presencial;3518701;GUARUJÁ;SP;21;20;8;0,4000;-0,5427;2,2438;3
2016;374;CENTRO UNIVERSITÁRIO DAS FACULDADES METROPOLITANAS UNIDAS;FMU;Centro Universitário;Pessoa Jurídica de Direito Privado - Com fins lucrativos - Sociedade Civil;49697;27;FONOAUDIOLOGIA;Educação Presencial;3550308;SÃO PAULO;SP;62;58;20;0,3448;-0,1714;2,2380;3
2016;124;CENTRO UNIVERSITÁRIO DE ARARAQUARA;UNIARA;Centro Universitário;Privada sem fins lucrativos;49732;23;ENFERMAGEM;Educação Presencial;3503208;ARARAQUARA;SP;25;25;13;0,5200;3,1617;3,9918;5
2016;124;CENTRO UNIVERSITÁRIO DE ARARAQUARA;UNIARA;Centro Universitário;Privada sem fins lucrativos;49754;19;FARMÁCIA;Educação Presencial;3503208;ARARAQUARA;SP;36;32;22;0,6875;0,8235;2,7714;3
2016;167;UNIVERSIDADE METODISTA DE SÃO PAULO;UMESP;Universidade;Privada sem fins lucrativos;49831;19;FARMÁCIA;Educação Presencial;3548708;SÃO BERNARDO DO CAMPO;SP;13;13;7;0,5385;2,8864;3,6682;4
2016;163;UNIVERSIDADE ESTÁCIO DE SÁ;UNESA;Universidade;Privada com fins lucrativos;49889;23;ENFERMAGEM;Educação Presencial;3301009;CAMPOS DOS GOYTACAZES;RJ;16;14;7;0,5000;-1,5994;1,7507;2
2016;163;UNIVERSIDADE ESTÁCIO DE SÁ;UNESA;Universidade;Privada com fins lucrativos;49897;23;ENFERMAGEM;Educação Presencial;3303401;NOVA FRIBURGO;RJ;42;42;24;0,5714;-1,4731;1,8102;2
2016;24;UNIVERSIDADE ESTADUAL DE SANTA CRUZ;UESC;Universidade;Pessoa Jurídica de Direito Público - Estadual;49910;12;MEDICINA;Educação Presencial;2913606;ILHÉUS;BA;37;37;34;0,9189;1,2483;4,2865;5
2016;338;PONTIFÍCIA UNIVERSIDADE CATÓLICA DE MINAS GERAIS;PUC MINAS;Universidade;Pessoa Jurídica de Direito Privado - Sem fins lucrativos - Fundação;49984;27;FONOAUDIOLOGIA;Educação Presencial;3106200;BELO HORIZONTE;MG;28;26;24;0,9231;-0,6458;2,0177;3
2016;163;UNIVERSIDADE ESTÁCIO DE SÁ;UNESA;Universidade;Privada com fins lucrativos;49994;23;ENFERMAGEM;Educação Presencial;3304557;RIO DE JANEIRO;RJ;73;69;19;0,2754;-1,9407;1,5901;2
2016;952;UNIVERSIDADE SANTA CECÍLIA;UNISANTA;Universidade;Privada sem fins lucrativos;50033;19;FARMÁCIA;Educação Presencial;3548500;SANTOS;SP;17;15;12;0,8000;0,0615;2,4402;3
2016;1336;CENTRO UNIVERSITÁRIO ASSIS GURGACZ;FAG;Centro Universitário;Privada sem fins lucrativos;50049;28;NUTRIÇÃO;Educação Presencial;4104808;CASCAVEL;PR;31;31;20;0,6452;2,3314;3,4952;4
2016;1244;FACULDADE BRASILEIRA;MULTIVIX VITÓRIA;Faculdade ;Privada com fins lucrativos;50051;23;ENFERMAGEM;Educação Presencial;3205309;VITÓRIA;ES;24;23;17;0,7391;2,7952;3,8193;4
2016;1591;FACULDADE ESTÁCIO MACAPÁ - ESTÁCIO MACAPÁ;ESTÁCIO MACAPÁ;Faculdade ;Privada sem fins lucrativos;50104;28;NUTRIÇÃO;Educação Presencial;1600303;MACAPÁ;AP;14;13;10;0,7692;-1,3142;1,8513;2
2016;671;UNIVERSIDADE ANHANGUERA - UNIDERP;UNIDERP;Universidade;Privada com fins lucrativos;50154;23;ENFERMAGEM;Educação Presencial;5002704;CAMPO GRANDE;MS;85;76;54;0,7105;0,1514;2,5749;3
2016;18492;Universidade Estadual do Paraná;UNESPAR;Universidade;Pessoa Jurídica de Direito Público - Estadual;50201;38;SERVIÇO SOCIAL;Educação Presencial;4101408;APUCARANA;PR;40;36;21;0,5833;-6,4392;0,0000;1
2016;1825;FACULDADE DE ESTUDOS SUPERIORES DE MINAS GERAIS;FEAD;Faculdade ;Privada com fins lucrativos;50233;51;ZOOTECNIA;Educação Presencial;3106200;BELO HORIZONTE;MG;10;9;8;0,8889;-0,7521;2,4936;3
2016;1825;FACULDADE DE ESTUDOS SUPERIORES DE MINAS GERAIS;FEAD;Faculdade ;Privada com fins lucrativos;50248;17;AGRONOMIA;Educação Presencial;3106200;BELO HORIZONTE;MG;20;18;15;0,8333;-1,4139;2,0021;3
2016;1310;FACULDADE DE AMERICANA;FAM;Faculdade ;Privada sem fins lucrativos;50300;28;NUTRIÇÃO;Educação Presencial;3501608;AMERICANA;SP;25;25;19;0,7600;-0,6377;2,1564;3
2016;13;UNIVERSIDADE DE CAXIAS DO SUL;UCS;Universidade;Privada sem fins lucrativos;50302;36;FISIOTERAPIA;Educação Presencial;4305108;CAXIAS DO SUL;RS;55;54;31;0,5741;0,2447;2,5954;3
2016;1716;FACULDADE UNIÃO DAS AMÉRICAS;0;Faculdade ;Pessoa Jurídica de Direito Privado - Sem fins lucrativos - Fundação;50316;28;NUTRIÇÃO;Educação Presencial;4108304;FOZ DO IGUAÇU;PR;9;6;4;0,6667;-0,0394;2,4262;3
2016;1716;FACULDADE UNIÃO DAS AMÉRICAS;0;Faculdade ;Pessoa Jurídica de Direito Privado - Sem fins lucrativos - Fundação;50318;38;SERVIÇO SOCIAL;Educação Presencial;4108304;FOZ DO IGUAÇU;PR;11;9;4;0,4444;1,5585;3,3713;4
2016;583;UNIVERSIDADE FEDERAL DO CEARÁ;UFC;Universidade;Pessoa Jurídica de Direito Público - Federal;50392;51;ZOOTECNIA;Educação Presencial;2304400;FORTALEZA;CE;34;28;24;0,8571;-0,0934;2,7667;3
2016;1444;FACULDADES INTEGRADAS EINSTEIN DE LIMEIRA;FIEL;Faculdade ;Privada sem fins lucrativos;50449;23;ENFERMAGEM;Educação Presencial;3526902;LIMEIRA;SP;2;0;0;0,0000;;;SC
2016;1519;FACULDADE DE PATO BRANCO;FADEP;Faculdade ;Privada com fins lucrativos;50474;36;FISIOTERAPIA;Educação Presencial;4118501;PATO BRANCO;PR;49;47;46;0,9787;0,0044;2,4881;3
2016;517;FACULDADE DE EDUCAÇÃO SÃO LUÍS;FESL;Faculdade ;Privada sem fins lucrativos;50526;23;ENFERMAGEM;Educação Presencial;3524303;JABOTICABAL;SP;27;26;20;0,7692;0,9195;2,9364;3
2016;1869;CENTRO UNIVERSITÁRIO DE ITAJUBÁ;FEPI;Centro Universitário;Privada sem fins lucrativos;50550;36;FISIOTERAPIA;Educação Presencial;3132404;ITAJUBÁ;MG;9;9;9;1,0000;1,4954;3,1537;4
2016;3966;CENTRO UNIVERSITÁRIO DE CARATINGA;UNEC;Centro Universitário;Privada sem fins lucrativos;50662;12;MEDICINA;Educação Presencial;3113404;CARATINGA;MG;52;52;48;0,9231;-5,3658;0,0000;1
2016;480;CENTRO UNIVERSITÁRIO SERRA DOS ÓRGÃOS;UNIFESO;Centro Universitário;Privada sem fins lucrativos;50807;36;FISIOTERAPIA;Educação Presencial;3305802;TERESÓPOLIS;RJ;15;15;10;0,6667;0,7117;2,8039;3
2016;384;CENTRO UNIVERSITÁRIO DE ANÁPOLIS;UNIEVANGÉLICA;Centro Universitário;Privada sem fins lucrativos;50809;36;FISIOTERAPIA;Educação Presencial;5201108;ANÁPOLIS;GO;34;33;31;0,9394;0,5973;2,7528;3
2016;1490;FACULDADE DE JAGUARIÚNA;FAJ;Faculdade ;Pessoa Jurídica de Direito Privado - Com fins lucrativos - Sociedade Mercantil ou Comercial;50811;36;FISIOTERAPIA;Educação Presencial;3524709;JAGUARIÚNA;SP;14;14;8;0,5714;3,5060;4,0514;5
2016;1563;CENTRO UNIVERSITÁRIO DA FACULDADE DE SAÚDE, CIÊNCIAS HUMANAS E TECNOLÓGICAS DO PIAUÍ;NOVAFAPI;Centro Universitário;Privada com fins lucrativos;50813;36;FISIOTERAPIA;Educação Presencial;2211001;TERESINA;PI;51;49;46;0,9388;-0,3291;2,3392;3
2016;1563;CENTRO UNIVERSITÁRIO DA FACULDADE DE SAÚDE, CIÊNCIAS HUMANAS E TECNOLÓGICAS DO PIAUÍ;NOVAFAPI;Centro Universitário;Privada com fins lucrativos;50815;27;FONOAUDIOLOGIA;Educação Presencial;2211001;TERESINA;PI;83;74;68;0,9189;-0,0258;2,3056;3
2016;1490;FACULDADE DE JAGUARIÚNA;FAJ;Faculdade ;Pessoa Jurídica de Direito Privado - Com fins lucrativos - Sociedade Mercantil ou Comercial;50829;23;ENFERMAGEM;Educação Presencial;3524709;JAGUARIÚNA;SP;11;10;5;0,5000;11,8405;5,0000;5
2016;1716;FACULDADE UNIÃO DAS AMÉRICAS;0;Faculdade ;Pessoa Jurídica de Direito Privado - Sem fins lucrativos - Fundação;50859;55;BIOMEDICINA;Educação Presencial;4108304;FOZ DO IGUAÇU;PR;16;13;9;0,6923;0,4575;2,6345;3
2016;750;CENTRO UNIVERSITÁRIO UNIRG;UNIRG;Centro Universitário;Pessoa Jurídica de Direito Público - Municipal;50884;6;ODONTOLOGIA;Educação Presencial;1709500;GURUPI;TO;91;90;54;0,6000;-0,5367;1,9056;2
2016;750;CENTRO UNIVERSITÁRIO UNIRG;UNIRG;Centro Universitário;Pessoa Jurídica de Direito Público - Municipal;50886;36;FISIOTERAPIA;Educação Presencial;1709500;GURUPI;TO;19;18;11;0,6111;-0,3694;2,3212;3
2016;823;UNIVERSIDADE DO CEUMA - UNICEUMA;UNICEUMA;Universidade;Privada sem fins lucrativos;50926;36;FISIOTERAPIA;Educação Presencial;2111300;SÃO LUÍS;MA;47;43;34;0,7907;-0,3364;2,3359;3
2016;823;UNIVERSIDADE DO CEUMA - UNICEUMA;UNICEUMA;Universidade;Privada sem fins lucrativos;50928;27;FONOAUDIOLOGIA;Educação Presencial;2111300;SÃO LUÍS;MA;27;25;20;0,8000;-1,4066;1,6644;2
2016;167;UNIVERSIDADE METODISTA DE SÃO PAULO;UMESP;Universidade;Privada sem fins lucrativos;50945;55;BIOMEDICINA;Educação Presencial;3548708;SÃO BERNARDO DO CAMPO;SP;43;42;39;0,9286;-0,3563;2,2282;3
2016;1092;FACULDADES INTEGRADAS DE BAURU;FIB;Faculdade ;Privada com fins lucrativos;50963;3501;EDUCAÇÃO FÍSICA (BACHARELADO);Educação Presencial;3506003;BAURU;SP;50;37;20;0,5405;2,2191;3,4869;4
2016;206;CENTRO UNIVERSITÁRIO ÍTALO-BRASILEIRO;UNIÍTALO;Centro Universitário;Privada sem fins lucrativos;50965;23;ENFERMAGEM;Educação Presencial;3550308;SÃO PAULO;SP;195;172;35;0,2035;-0,6927;2,1775;3
2016;1734;FACULDADE INTEGRAL DIFERENCIAL;FACID;Faculdade ;Pessoa Jurídica de Direito Privado - Com fins lucrativos - Sociedade Civil;50979;6;ODONTOLOGIA;Educação Presencial;2211001;TERESINA;PI;103;102;85;0,8333;-0,1208;2,3440;3
2016;1414;FACULDADE SÃO LUCAS;FSL;Centro Universitário;Privada com fins lucrativos;50992;27;FONOAUDIOLOGIA;Educação Presencial;1100205;PORTO VELHO;RO;29;29;21;0,7241;0,4444;2,5239;3
2016;1028;UNIVERSIDADE ESTADUAL DE MATO GROSSO DO SUL;UEMS;Universidade;Pessoa Jurídica de Direito Público - Estadual;51042;17;AGRONOMIA;Educação Presencial;5002902;CASSILÂNDIA;MS;26;26;24;0,9231;0,6937;3,2753;4
2016;54;UNIVERSIDADE ESTADUAL DE CAMPINAS;UNICAMP;Universidade;Pessoa Jurídica de Direito Público - Estadual;51046;27;FONOAUDIOLOGIA;Educação Presencial;3509502;CAMPINAS;SP;32;28;25;0,8929;0,6054;2,5987;3
2016;1041;CENTRO UNIVERSITÁRIO UNIVATES;UNIVATES;Centro Universitário;Privada sem fins lucrativos;51068;19;FARMÁCIA;Educação Presencial;4311403;LAJEADO;RS;29;29;10;0,3448;0,8979;2,8038;3
2016;1041;CENTRO UNIVERSITÁRIO UNIVATES;UNIVATES;Centro Universitário;Privada sem fins lucrativos;51102;36;FISIOTERAPIA;Educação Presencial;4311403;LAJEADO;RS;21;21;15;0,7143;0,1191;2,5393;3
2016;1883;FACULDADE DE CIÊNCIAS AGRÁRIAS E DA SAÚDE;FAS;Faculdade ;Privada com fins lucrativos;51104;5;MEDICINA VETERINÁRIA;Educação Presencial;2919207;LAURO DE FREITAS;BA;27;27;14;0,5185;-0,1577;2,4780;3
2016;1883;FACULDADE DE CIÊNCIAS AGRÁRIAS E DA SAÚDE;FAS;Faculdade ;Privada com fins lucrativos;51106;28;NUTRIÇÃO;Educação Presencial;2919207;LAURO DE FREITAS;BA;8;8;2;0,2500;-0,2294;2,3405;3
2016;1883;FACULDADE DE CIÊNCIAS AGRÁRIAS E DA SAÚDE;FAS;Faculdade ;Privada com fins lucrativos;51108;27;FONOAUDIOLOGIA;Educação Presencial;2919207;LAURO DE FREITAS;BA;5;4;3;0,7500;1,4887;3,0088;4
2016;1319;FACULDADE TECSOMA;FATEC;Faculdade ;Privada com fins lucrativos;51127;23;ENFERMAGEM;Educação Presencial;3147006;PARACATU;MG;14;13;10;0,7692;0,8831;2,9193;3
2016;1906;INSTITUTO DE ENSINO SUPERIOR MATERDEI;IES-MATERDEI;Faculdade ;Privada com fins lucrativos;51218;23;ENFERMAGEM;Educação Presencial;1302603;MANAUS;AM;25;25;11;0,4400;-2,2981;1,4218;2
2016;308;UNIVERSIDADE PRESIDENTE ANTÔNIO CARLOS;UNIPAC;Universidade;Pessoa Jurídica de Direito Privado - Sem fins lucrativos - Fundação;51244;19;FARMÁCIA;Educação Presencial;3105608;BARBACENA;MG;45;41;32;0,7805;-0,5361;2,1804;3
2016;1917;FACULDADE DE CIÊNCIAS BIOMÉDICAS DE CACOAL;FACIMED;Faculdade ;Privada com fins lucrativos;51270;23;ENFERMAGEM;Educação Presencial;1100049;CACOAL;RO;29;29;24;0,8276;0,8804;2,9180;3
2016;5439;FACULDADES INTEGRADAS DA UNIÃO EDUCACIONAL DO PLANALTO CENTRAL - FACIPLAC;FACIPLAC;Faculdade ;Privada com fins lucrativos;51281;19;FARMÁCIA;Educação Presencial;5300108;BRASÍLIA;DF;30;26;19;0,7308;0,1157;2,4637;3
2016;3974;UNIVERSIDADE DE RIO VERDE;FESURV;Universidade;Pessoa Jurídica de Direito Público - Municipal;51289;36;FISIOTERAPIA;Educação Presencial;5218805;RIO VERDE;GO;14;10;8;0,8000;0,5615;2,7368;3
2016;1927;FACULDADES INTEGRADAS DO VALE DO IGUAÇU;0;Faculdade ;Privada com fins lucrativos;51320;23;ENFERMAGEM;Educação Presencial;4128203;UNIÃO DA VITÓRIA;PR;24;24;13;0,5417;0,2349;2,6142;3
2016;1927;FACULDADES INTEGRADAS DO VALE DO IGUAÇU;0;Faculdade ;Privada com fins lucrativos;51324;28;NUTRIÇÃO;Educação Presencial;4128203;UNIÃO DA VITÓRIA;PR;24;24;15;0,6250;1,3180;3,0382;4
2016;308;UNIVERSIDADE PRESIDENTE ANTÔNIO CARLOS;UNIPAC;Universidade;Pessoa Jurídica de Direito Privado - Sem fins lucrativos - Fundação;51336;36;FISIOTERAPIA;Educação Presencial;3136702;JUIZ DE FORA;MG;17;6;4;0,6667;-0,4771;2,2731;3
2016;308;UNIVERSIDADE PRESIDENTE ANTÔNIO CARLOS;UNIPAC;Universidade;Pessoa Jurídica de Direito Privado - Sem fins lucrativos - Fundação;51339;5;MEDICINA VETERINÁRIA;Educação Presencial;3136702;JUIZ DE FORA;MG;47;45;31;0,6889;-1,0772;1,7859;2
2016;308;UNIVERSIDADE PRESIDENTE ANTÔNIO CARLOS;UNIPAC;Universidade;Pessoa Jurídica de Direito Privado - Sem fins lucrativos - Fundação;51352;19;FARMÁCIA;Educação Presencial;3136702;JUIZ DE FORA;MG;32;29;22;0,7586;0,7570;2,7425;3
2016;322;UNIVERSIDADE PAULISTA;UNIP;Universidade;Privada sem fins lucrativos;51371;36;FISIOTERAPIA;Educação Presencial;3549904;SÃO JOSÉ DOS CAMPOS;SP;28;28;18;0,6429;0,2701;2,6067;3
2016;322;UNIVERSIDADE PAULISTA;UNIP;Universidade;Privada sem fins lucrativos;51386;36;FISIOTERAPIA;Educação Presencial;1302603;MANAUS;AM;23;19;13;0,6842;-0,7495;2,1515;3
2016;322;UNIVERSIDADE PAULISTA;UNIP;Universidade;Privada sem fins lucrativos;51400;19;FARMÁCIA;Educação Presencial;5300108;BRASÍLIA;DF;28;27;16;0,5926;2,9749;3,7067;4
2016;322;UNIVERSIDADE PAULISTA;UNIP;Universidade;Privada sem fins lucrativos;51407;36;FISIOTERAPIA;Educação Presencial;5300108;BRASÍLIA;DF;31;29;26;0,8966;0,6641;2,7826;3
2016;322;UNIVERSIDADE PAULISTA;UNIP;Universidade;Privada sem fins lucrativos;51409;36;FISIOTERAPIA;Educação Presencial;5208707;GOIÂNIA;GO;16;15;12;0,8000;2,7909;3,7321;4
2016;322;UNIVERSIDADE PAULISTA;UNIP;Universidade;Privada sem fins lucrativos;51415;28;NUTRIÇÃO;Educação Presencial;5208707;GOIÂNIA;GO;32;32;21;0,6563;3,4830;4,0145;5
2016;322;UNIVERSIDADE PAULISTA;UNIP;Universidade;Privada sem fins lucrativos;51458;28;NUTRIÇÃO;Educação Presencial;5300108;BRASÍLIA;DF;26;26;19;0,7308;0,6010;2,7149;3
2016;719;UNIVERSIDADE DO ESTADO DE MATO GROSSO;UNEMAT;Universidade;Pessoa Jurídica de Direito Público - Estadual;51558;23;ENFERMAGEM;Educação Presencial;5102504;CÁCERES;MT;26;25;16;0,6400;0,0178;2,5120;3
2016;165;UNIVERSIDADE VEIGA DE ALMEIDA;UVA;Universidade;Privada com fins lucrativos;51564;28;NUTRIÇÃO;Educação Presencial;3304557;RIO DE JANEIRO;RJ;149;145;98;0,6759;-0,0033;2,4424;3
2016;430;CENTRO UNIVERSITÁRIO FILADÉLFIA;UNIFIL;Centro Universitário;Privada sem fins lucrativos;51584;36;FISIOTERAPIA;Educação Presencial;4113700;LONDRINA;PR;36;36;25;0,6944;1,3669;3,0964;4
2016;430;CENTRO UNIVERSITÁRIO FILADÉLFIA;UNIFIL;Centro Universitário;Privada sem fins lucrativos;51587;19;FARMÁCIA;Educação Presencial;4113700;LONDRINA;PR;14;12;5;0,4167;4,0772;4,1859;5
2016;719;UNIVERSIDADE DO ESTADO DE MATO GROSSO;UNEMAT;Universidade;Pessoa Jurídica de Direito Público - Estadual;51609;17;AGRONOMIA;Educação Presencial;5102504;CÁCERES;MT;20;17;7;0,4118;-0,9227;2,2989;3
2016;719;UNIVERSIDADE DO ESTADO DE MATO GROSSO;UNEMAT;Universidade;Pessoa Jurídica de Direito Público - Estadual;51613;17;AGRONOMIA;Educação Presencial;5107958;TANGARÁ DA SERRA;MT;61;58;42;0,7241;-0,7889;2,3797;3
2016;719;UNIVERSIDADE DO ESTADO DE MATO GROSSO;UNEMAT;Universidade;Pessoa Jurídica de Direito Público - Estadual;51638;17;AGRONOMIA;Educação Presencial;5100250;ALTA FLORESTA;MT;58;55;43;0,7818;0,2740;3,0218;4
2016;1444;FACULDADES INTEGRADAS EINSTEIN DE LIMEIRA;FIEL;Faculdade ;Privada sem fins lucrativos;51683;36;FISIOTERAPIA;Educação Presencial;3526902;LIMEIRA;SP;23;23;21;0,9130;-0,2386;2,3796;3
2016;699;FUNDAÇÃO UNIVERSIDADE FEDERAL DE RONDÔNIA;UNIR;Universidade;Pessoa Jurídica de Direito Público - Federal;51699;12;MEDICINA;Educação Presencial;1100205;PORTO VELHO;RO;41;39;36;0,9231;0,5447;3,5195;4
2016;1883;FACULDADE DE CIÊNCIAS AGRÁRIAS E DA SAÚDE;FAS;Faculdade ;Privada com fins lucrativos;51701;6;ODONTOLOGIA;Educação Presencial;2919207;LAURO DE FREITAS;BA;64;64;53;0,8281;0,5680;3,0702;4
2016;3368;CENTRO UNIVERSITÁRIO DO SUL DE MINAS;UNIS-MG;Centro Universitário;Pessoa Jurídica de Direito Privado - Sem fins lucrativos - Fundação;51743;36;FISIOTERAPIA;Educação Presencial;3170701;VARGINHA;MG;6;5;4;0,8000;2,2808;3,5044;4
2016;3368;CENTRO UNIVERSITÁRIO DO SUL DE MINAS;UNIS-MG;Centro Universitário;Pessoa Jurídica de Direito Privado - Sem fins lucrativos - Fundação;51750;28;NUTRIÇÃO;Educação Presencial;3170701;VARGINHA;MG;7;6;5;0,8333;7,5359;5,0000;5
2016;5439;FACULDADES INTEGRADAS DA UNIÃO EDUCACIONAL DO PLANALTO CENTRAL - FACIPLAC;FACIPLAC;Faculdade ;Privada com fins lucrativos;51835;12;MEDICINA;Educação Presencial;5300108;BRASÍLIA;DF;74;74;61;0,8243;-0,6301;2,2388;3
2016;1961;INSTITUTO TECNOLÓGICO E DAS CIÊNCIAS SOCIAIS APLICADAS E DA SAÚDE DO CENTRO EDUC. N. SRª AUXILIADORA;ITCSAS/CENSA;Faculdade ;Privada sem fins lucrativos;51843;36;FISIOTERAPIA;Educação Presencial;3301009;CAMPOS DOS GOYTACAZES;RJ;18;8;7;0,8750;-1,4205;1,8519;2
2016;3193;FACULDADES INTEGRADAS DOS CAMPOS GERAIS;CESCAGE;Faculdade ;Pessoa Jurídica de Direito Privado - Com fins lucrativos - Sociedade Civil;51854;36;FISIOTERAPIA;Educação Presencial;4119905;PONTA GROSSA;PR;26;25;18;0,7200;-0,2310;2,3830;3
2016;3193;FACULDADES INTEGRADAS DOS CAMPOS GERAIS;CESCAGE;Faculdade ;Pessoa Jurídica de Direito Privado - Com fins lucrativos - Sociedade Civil;51906;17;AGRONOMIA;Educação Presencial;4119905;PONTA GROSSA;PR;39;39;31;0,7949;-1,4021;2,0093;3
2016;3304;FACULDADES INTEGRADAS DE PATOS;FIP;Faculdade ;Privada com fins lucrativos;51948;23;ENFERMAGEM;Educação Presencial;2510808;PATOS;PB;102;101;78;0,7723;-0,3073;2,3590;3
2016;569;UNIVERSIDADE FEDERAL DO PARÁ;UFPA;Universidade;Pessoa Jurídica de Direito Público - Federal;52003;19;FARMÁCIA;Educação Presencial;1501402;BELÉM;PA;106;90;80;0,8889;-1,6860;1,6805;2
2016;694;UNIVERSIDADE FEDERAL DE MATO GROSSO DO SUL;UFMS;Universidade;Pessoa Jurídica de Direito Público - Federal;52101;51;ZOOTECNIA;Educação Presencial;5002704;CAMPO GRANDE;MS;27;26;25;0,9615;-0,0576;2,7815;3
2016;15032;UNIVERSIDADE ALTO VALE DO RIO DO PEIXE;UNIARP;Universidade;Privada sem fins lucrativos;52153;23;ENFERMAGEM;Educação Presencial;4203006;CAÇADOR;SC;7;7;2;0,2857;8,8486;5,0000;5
2016;15032;UNIVERSIDADE ALTO VALE DO RIO DO PEIXE;UNIARP;Universidade;Privada sem fins lucrativos;52163;19;FARMÁCIA;Educação Presencial;4203006;CAÇADOR;SC;12;12;6;0,5000;2,3596;3,4392;4
2016;150;UNIVERSIDADE DE SOROCABA;UNISO;Universidade;Privada sem fins lucrativos;52208;28;NUTRIÇÃO;Educação Presencial;3552205;SOROCABA;SP;22;21;15;0,7143;-0,9634;2,0095;3
2016;794;CENTRO UNIVERSITÁRIO DE VÁRZEA GRANDE;UNIVAG;Centro Universitário;Privada sem fins lucrativos;52216;36;FISIOTERAPIA;Educação Presencial;5108402;VÁRZEA GRANDE;MT;25;25;22;0,8800;-0,1301;2,4280;3
2016;673;CENTRO UNIVERSITÁRIO DA GRANDE DOURADOS;UNIGRAN;Centro Universitário;Pessoa Jurídica de Direito Privado - Sem fins lucrativos - Fundação;52270;55;BIOMEDICINA;Educação Presencial;5003702;DOURADOS;MS;8;8;6;0,7500;2,2299;3,5194;4
2016;513;UNIVERSIDADE VALE DO RIO DOCE;UNIVALE;Universidade;Pessoa Jurídica de Direito Privado - Sem fins lucrativos - Fundação;52283;23;ENFERMAGEM;Educação Presencial;3127701;GOVERNADOR VALADARES;MG;17;17;13;0,7647;1,6264;3,2692;4
2016;453;CENTRO UNIVERSITÁRIO LUTERANO DE PALMAS;CEULP;Centro Universitário;Pessoa Jurídica de Direito Privado - Sem fins lucrativos - Fundação;52465;19;FARMÁCIA;Educação Presencial;1721000;PALMAS;TO;24;24;16;0,6667;1,2887;2,9737;4
2016;1045;CENTRO UNIVERSITÁRIO ANHANGÜERA;UNIFIAN;Centro Universitário;Privada com fins lucrativos;52554;5;MEDICINA VETERINÁRIA;Educação Presencial;3526704;LEME;SP;60;41;25;0,6098;-0,7370;2,0420;3
2016;19;PONTIFÍCIA UNIVERSIDADE CATÓLICA DE CAMPINAS;PUC-CAMPINAS;Universidade;Privada sem fins lucrativos;52589;19;FARMÁCIA;Educação Presencial;3509502;CAMPINAS;SP;31;31;29;0,9355;-0,3183;2,2751;3
2016;449;UNIVERSIDADE LUTERANA DO BRASIL;ULBRA;Universidade;Pessoa Jurídica de Direito Privado - Sem fins lucrativos - Fundação;52667;23;ENFERMAGEM;Educação Presencial;4304705;CARAZINHO;RS;7;7;6;0,8571;-0,2966;2,3640;3
2016;1414;FACULDADE SÃO LUCAS;FSL;Centro Universitário;Privada com fins lucrativos;52743;55;BIOMEDICINA;Educação Presencial;1100205;PORTO VELHO;RO;38;36;32;0,8889;0,2354;2,5237;3
2016;1895;CENTRO UNIVERSITÁRIO CHRISTUS;UNICHRISTUS;Centro Universitário;Privada com fins lucrativos;52783;36;FISIOTERAPIA;Educação Presencial;2304400;FORTALEZA;CE;11;11;11;1,0000;-0,2334;2,3819;3
2016;1624;FACULDADE MARECHAL RONDON;FMR;Faculdade ;Privada sem fins lucrativos;52891;36;FISIOTERAPIA;Educação Presencial;3550100;SÃO MANUEL;SP;29;28;19;0,6786;-0,1274;2,4292;3
2016;11;UNIVERSIDADE CATÓLICA DE PERNAMBUCO;UNICAP;Universidade;Privada sem fins lucrativos;52977;36;FISIOTERAPIA;Educação Presencial;2611606;RECIFE;PE;27;27;25;0,9259;0,0781;2,5210;3
2016;322;UNIVERSIDADE PAULISTA;UNIP;Universidade;Privada sem fins lucrativos;53011;36;FISIOTERAPIA;Educação Presencial;3550308;SÃO PAULO;SP;17;15;7;0,4667;2,7408;3,7097;4
2016;569;UNIVERSIDADE FEDERAL DO PARÁ;UFPA;Universidade;Pessoa Jurídica de Direito Público - Federal;53101;17;AGRONOMIA;Educação Presencial;1500602;ALTAMIRA;PA;41;35;27;0,7714;-0,7634;2,3951;3
2016;437;UNIVERSIDADE PARANAENSE;UNIPAR;Universidade;Privada sem fins lucrativos;53163;23;ENFERMAGEM;Educação Presencial;4104808;CASCAVEL;PR;35;33;26;0,7879;0,3249;2,6565;3
2016;437;UNIVERSIDADE PARANAENSE;UNIPAR;Universidade;Privada sem fins lucrativos;53175;23;ENFERMAGEM;Educação Presencial;4128104;UMUARAMA;PR;30;30;26;0,8667;-0,7818;2,1356;3
2016;437;UNIVERSIDADE PARANAENSE;UNIPAR;Universidade;Privada sem fins lucrativos;53177;19;FARMÁCIA;Educação Presencial;4128104;UMUARAMA;PR;38;38;32;0,8421;0,8229;2,7712;3
2016;569;UNIVERSIDADE FEDERAL DO PARÁ;UFPA;Universidade;Pessoa Jurídica de Direito Público - Federal;53202;5;MEDICINA VETERINÁRIA;Educação Presencial;1502400;CASTANHAL;PA;41;37;37;1,0000;-1,8871;1,1762;2
2016;18440;UNIVERSIDADE FEDERAL DO SUL E SUDESTE DO PARÁ;UNIFESSPA;Universidade;Pessoa Jurídica de Direito Público - Federal;53243;17;AGRONOMIA;Educação Presencial;1504208;MARABÁ;PA;27;26;23;0,8846;-0,5479;2,5252;3
2016;343;CENTRO UNIVERSITÁRIO NEWTON PAIVA;NEWTON PAIVA;Centro Universitário;Privada com fins lucrativos;53314;6;ODONTOLOGIA;Educação Presencial;3106200;BELO HORIZONTE;MG;177;177;154;0,8701;-0,4410;2,0064;3
2016;549;UNIVERSIDADE FEDERAL DO ACRE;UFAC;Universidade;Pessoa Jurídica de Direito Público - Federal;53338;12;MEDICINA;Educação Presencial;1200401;RIO BRANCO;AC;36;34;30;0,8824;-0,0345;2,8880;3
2016;898;FACULDADE DE CIÊNCIAS ECONÔMICAS E ADMINISTRATIVAS SANTA RITA DE CÁSSIA;FACEAS;Faculdade ;Privada sem fins lucrativos;53397;23;ENFERMAGEM;Educação Presencial;3550308;SÃO PAULO;SP;16;15;4;0,2667;3,0833;3,9549;5
2016;1836;CENTRO UNIVERSITÁRIO FUNDAÇÃO DE ENSINO OCTÁVIO BASTOS - FEOB;UNIFEOB;Centro Universitário;Privada sem fins lucrativos;53409;36;FISIOTERAPIA;Educação Presencial;3549102;SÃO JOÃO DA BOA VISTA;SP;34;34;31;0,9118;-0,0727;2,4536;3
2016;1624;FACULDADE MARECHAL RONDON;FMR;Faculdade ;Privada sem fins lucrativos;53414;23;ENFERMAGEM;Educação Presencial;3550100;SÃO MANUEL;SP;39;37;18;0,4865;0,1080;2,5544;3
2016;226;CENTRO UNIVERSITÁRIO LUSÍADA;UNILUS;Centro Universitário;Pessoa Jurídica de Direito Privado - Sem fins lucrativos - Fundação;53682;36;FISIOTERAPIA;Educação Presencial;3548500;SANTOS;SP;8;8;8;1,0000;2,2043;3,4702;4
2016;216;CENTRO UNIVERSITÁRIO METODISTA IZABELA HENDRIX;CEUNIH;Centro Universitário;Privada sem fins lucrativos;53701;36;FISIOTERAPIA;Educação Presencial;3106200;BELO HORIZONTE;MG;25;24;19;0,7917;0,7862;2,8371;3
2016;1298;Faculdade Estácio de Alagoas - Estácio FAL;ESTÁCIO FAL;Faculdade ;Privada com fins lucrativos;53869;36;FISIOTERAPIA;Educação Presencial;2704302;MACEIÓ;AL;74;73;41;0,5616;-0,1382;2,4244;3
2016;242;CENTRO UNIVERSITÁRIO ANHANGUERA DE SANTO ANDRÉ;0;Centro Universitário;Privada com fins lucrativos;53916;23;ENFERMAGEM;Educação Presencial;3547809;SANTO ANDRÉ;SP;94;88;36;0,4091;0,0237;2,5147;3
2016;621;CENTRO UNIVERSITÁRIO CESMAC;CESMAC;Centro Universitário;Privada sem fins lucrativos;54056;6;ODONTOLOGIA;Educação Presencial;2704302;MACEIÓ;AL;123;119;89;0,7479;0,1180;2,5958;3
2016;2469;INSTITUTO MACAPAENSE DE ENSINO SUPERIOR;IMMES;Faculdade ;Privada com fins lucrativos;54308;38;SERVIÇO SOCIAL;Educação Presencial;1600303;MACAPÁ;AP;35;31;19;0,6129;0,6057;2,9267;3
2016;2186;FACULDADE SALESIANA DOM BOSCO;FSDB;Faculdade ;Privada sem fins lucrativos;54330;38;SERVIÇO SOCIAL;Educação Presencial;1302603;MANAUS;AM;9;6;3;0,5000;-2,8731;1,3034;2
2016;277;CENTRO UNIVERSITÁRIO AUGUSTO MOTTA;UNISUAM;Centro Universitário;Privada sem fins lucrativos;54382;19;FARMÁCIA;Educação Presencial;3304557;RIO DE JANEIRO;RJ;53;50;20;0,4000;1,4795;3,0566;4
2016;277;CENTRO UNIVERSITÁRIO AUGUSTO MOTTA;UNISUAM;Centro Universitário;Privada sem fins lucrativos;54385;23;ENFERMAGEM;Educação Presencial;3304557;RIO DE JANEIRO;RJ;103;96;29;0,3021;-0,5440;2,2475;3
2016;277;CENTRO UNIVERSITÁRIO AUGUSTO MOTTA;UNISUAM;Centro Universitário;Privada sem fins lucrativos;54387;28;NUTRIÇÃO;Educação Presencial;3304557;RIO DE JANEIRO;RJ;61;57;27;0,4737;0,3379;2,5963;3
2016;15015;Universidade Estadual do Norte do Paraná;UENP;Universidade;Pessoa Jurídica de Direito Público - Estadual;54396;5;MEDICINA VETERINÁRIA;Educação Presencial;4102406;BANDEIRANTES;PR;44;42;35;0,8333;-0,3277;2,3500;3
2016;1917;FACULDADE DE CIÊNCIAS BIOMÉDICAS DE CACOAL;FACIMED;Faculdade ;Privada com fins lucrativos;54418;3501;EDUCAÇÃO FÍSICA (BACHARELADO);Educação Presencial;1100049;CACOAL;RO;61;59;48;0,8136;0,0405;2,4879;3
2016;583;UNIVERSIDADE FEDERAL DO CEARÁ;UFC;Universidade;Pessoa Jurídica de Direito Público - Federal;54490;12;MEDICINA;Educação Presencial;2312908;SOBRAL;CE;60;60;59;0,9833;-0,4207;2,4670;3
2016;18759;UNIVERSIDADE FEDERAL DO CARIRI;UFCA;Universidade;Pessoa Jurídica de Direito Público - Federal;54494;12;MEDICINA;Educação Presencial;2301901;BARBALHA;CE;59;59;58;0,9831;0,0948;3,0290;4
2016;47;UNIVERSIDADE ESTADUAL DE GOIÁS;UEG;Universidade;Pessoa Jurídica de Direito Público - Estadual;54504;17;AGRONOMIA;Educação Presencial;5210109;IPAMERI;GO;94;84;67;0,7976;-0,0045;2,8536;3
2016;526;UNIVERSIDADE BRAZ CUBAS;UBC;Universidade;Pessoa Jurídica de Direito Privado - Com fins lucrativos - Sociedade Civil;54726;19;FARMÁCIA;Educação Presencial;3530607;MOGI DAS CRUZES;SP;21;21;12;0,5714;1,9478;3,2602;4
2016;2571;FACULDADE REDENTOR;FACREDENTOR;Faculdade ;Privada sem fins lucrativos;54854;28;NUTRIÇÃO;Educação Presencial;3302205;ITAPERUNA;RJ;21;20;17;0,8500;-0,0534;2,4198;3
2016;2571;FACULDADE REDENTOR;FACREDENTOR;Faculdade ;Privada sem fins lucrativos;54861;27;FONOAUDIOLOGIA;Educação Presencial;3302205;ITAPERUNA;RJ;21;21;17;0,8095;-0,7926;1,9496;3
2016;1883;FACULDADE DE CIÊNCIAS AGRÁRIAS E DA SAÚDE;FAS;Faculdade ;Privada com fins lucrativos;54903;36;FISIOTERAPIA;Educação Presencial;2919207;LAURO DE FREITAS;BA;19;16;12;0,7500;0,4212;2,6742;3
2016;1414;FACULDADE SÃO LUCAS;FSL;Centro Universitário;Privada com fins lucrativos;54924;36;FISIOTERAPIA;Educação Presencial;1100205;PORTO VELHO;RO;24;23;18;0,7826;0,3480;2,6415;3
2016;1600;INSTITUTO DE CIÊNCIAS DA SAÚDE;ICS;Faculdade ;Privada sem fins lucrativos;54969;6;ODONTOLOGIA;Educação Presencial;3143302;MONTES CLAROS;MG;172;159;140;0,8805;-0,4538;1,9929;3
2016;1263;FACULDADE BEZERRA DE ARAÚJO;FABA;Faculdade ;Privada com fins lucrativos;54973;36;FISIOTERAPIA;Educação Presencial;3304557;RIO DE JANEIRO;RJ;23;21;17;0,8095;-1,1066;1,9921;3
2016;2158;FACULDADE SANTA MARIA;FSM;Faculdade ;Privada com fins lucrativos;54975;23;ENFERMAGEM;Educação Presencial;2503704;CAJAZEIRAS;PB;74;74;59;0,7973;-0,0618;2,4745;3
2016;501;ESCOLA SUPERIOR DE CIÊNCIAS DA SANTA CASA DE MISERICÓRDIA DE VITÓRIA;EMESCAM;Faculdade ;Privada sem fins lucrativos;54979;38;SERVIÇO SOCIAL;Educação Presencial;3205309;VITÓRIA;ES;54;53;39;0,7358;0,2854;2,7772;3
2016;501;ESCOLA SUPERIOR DE CIÊNCIAS DA SANTA CASA DE MISERICÓRDIA DE VITÓRIA;EMESCAM;Faculdade ;Privada sem fins lucrativos;54981;23;ENFERMAGEM;Educação Presencial;3205309;VITÓRIA;ES;39;39;35;0,8974;0,0592;2,5314;3
2016;506;FACULDADE DE MEDICINA DE CAMPOS;FMC;Faculdade ;Privada sem fins lucrativos;55099;19;FARMÁCIA;Educação Presencial;3301009;CAMPOS DOS GOYTACAZES;RJ;9;9;6;0,6667;-1,4328;1,7906;2
2016;163;UNIVERSIDADE ESTÁCIO DE SÁ;UNESA;Universidade;Privada com fins lucrativos;55129;23;ENFERMAGEM;Educação Presencial;3303302;NITERÓI;RJ;79;75;43;0,5733;-0,2926;2,3658;3
2016;163;UNIVERSIDADE ESTÁCIO DE SÁ;UNESA;Universidade;Privada com fins lucrativos;55134;36;FISIOTERAPIA;Educação Presencial;3303906;PETRÓPOLIS;RJ;31;30;20;0,6667;0,3598;2,6467;3
2016;163;UNIVERSIDADE ESTÁCIO DE SÁ;UNESA;Universidade;Privada com fins lucrativos;55151;23;ENFERMAGEM;Educação Presencial;3304557;RIO DE JANEIRO;RJ;36;36;15;0,4167;-2,1092;1,5108;2
2016;1239;FACULDADE PADRÃO;PADRAO;Faculdade ;Privada com fins lucrativos;55167;36;FISIOTERAPIA;Educação Presencial;5208707;GOIÂNIA;GO;22;21;15;0,7143;-0,0792;2,4507;3
2016;2494;FUNVIC - FACULDADE DE PINDAMONHANGABA;0;Faculdade ;Pessoa Jurídica de Direito Privado - Sem fins lucrativos - Fundação;55288;19;FARMÁCIA;Educação Presencial;3538006;PINDAMONHANGABA;SP;33;31;17;0,5484;0,8360;2,7769;3
2016;792;CENTRO UNIVERSITÁRIO DO ESTADO DO PARÁ;CESUPA;Centro Universitário;Privada sem fins lucrativos;55334;28;NUTRIÇÃO;Educação Presencial;1501402;BELÉM;PA;44;41;32;0,7805;-0,3959;2,2654;3
2016;124;CENTRO UNIVERSITÁRIO DE ARARAQUARA;UNIARA;Centro Universitário;Privada sem fins lucrativos;55362;6;ODONTOLOGIA;Educação Presencial;3503208;ARARAQUARA;SP;53;53;39;0,7358;-0,4745;1,9710;3
2016;823;UNIVERSIDADE DO CEUMA - UNICEUMA;UNICEUMA;Universidade;Privada sem fins lucrativos;55388;23;ENFERMAGEM;Educação Presencial;2111300;SÃO LUÍS;MA;118;96;56;0,5833;-0,2025;2,4083;3
2016;605;UNIVERSIDADE MUNICIPAL DE SÃO CAETANO DO SUL;USCS;Universidade;Pessoa Jurídica de Direito Público - Municipal;55519;23;ENFERMAGEM;Educação Presencial;3548807;SÃO CAETANO DO SUL;SP;28;27;14;0,5185;-2,8923;1,1422;2
2016;605;UNIVERSIDADE MUNICIPAL DE SÃO CAETANO DO SUL;USCS;Universidade;Pessoa Jurídica de Direito Público - Municipal;55521;19;FARMÁCIA;Educação Presencial;3548807;SÃO CAETANO DO SUL;SP;35;34;22;0,6471;-0,7357;2,0936;3
2016;605;UNIVERSIDADE MUNICIPAL DE SÃO CAETANO DO SUL;USCS;Universidade;Pessoa Jurídica de Direito Público - Municipal;55523;28;NUTRIÇÃO;Educação Presencial;3548807;SÃO CAETANO DO SUL;SP;21;21;7;0,3333;1,8453;3,2760;4
2016;605;UNIVERSIDADE MUNICIPAL DE SÃO CAETANO DO SUL;USCS;Universidade;Pessoa Jurídica de Direito Público - Municipal;55525;36;FISIOTERAPIA;Educação Presencial;3548807;SÃO CAETANO DO SUL;SP;28;27;13;0,4815;-0,4230;2,2973;3
2016;466;UNIVERSIDADE ANHEMBI MORUMBI;UAM;Universidade;Privada com fins lucrativos;55840;19;FARMÁCIA;Educação Presencial;3550308;SÃO PAULO;SP;45;41;29;0,7073;0,3943;2,5849;3
2016;466;UNIVERSIDADE ANHEMBI MORUMBI;UAM;Universidade;Privada com fins lucrativos;55844;28;NUTRIÇÃO;Educação Presencial;3550308;SÃO PAULO;SP;41;38;22;0,5789;-0,3210;2,2992;3
2016;18492;Universidade Estadual do Paraná;UNESPAR;Universidade;Pessoa Jurídica de Direito Público - Estadual;55973;38;SERVIÇO SOCIAL;Educação Presencial;4118402;PARANAVAÍ;PR;24;24;16;0,6667;0,7407;2,9897;4
2016;664;UNIVERSIDADE VILA VELHA;UVV;Universidade;Privada sem fins lucrativos;56085;23;ENFERMAGEM;Educação Presencial;3205200;VILA VELHA;ES;14;14;10;0,7143;0,3390;2,6632;3
2016;2565;ABEU - CENTRO UNIVERSITÁRIO;UNIABEU;Centro Universitário;Privada sem fins lucrativos;56095;36;FISIOTERAPIA;Educação Presencial;3300456;BELFORD ROXO;RJ;69;69;35;0,5072;-0,8330;2,1142;3
2016;9;UNIVERSIDADE ESTADUAL DE LONDRINA;UEL;Universidade;Pessoa Jurídica de Direito Público - Estadual;56129;51;ZOOTECNIA;Educação Presencial;4113700;LONDRINA;PR;16;16;10;0,6250;0,1608;2,8720;3
2016;1883;FACULDADE DE CIÊNCIAS AGRÁRIAS E DA SAÚDE;FAS;Faculdade ;Privada com fins lucrativos;56170;19;FARMÁCIA;Educação Presencial;2919207;LAURO DE FREITAS;BA;9;7;5;0,7143;3,7025;4,0230;5
2016;2469;INSTITUTO MACAPAENSE DE ENSINO SUPERIOR;IMMES;Faculdade ;Privada com fins lucrativos;56334;28;NUTRIÇÃO;Educação Presencial;1600303;MACAPÁ;AP;21;20;14;0,7000;-2,7749;1,1927;2
2016;3146;FACULDADE DE ODONTOLOGIA DO RECIFE;FOR;Faculdade ;Privada sem fins lucrativos;56394;6;ODONTOLOGIA;Educação Presencial;2611606;RECIFE;PE;18;18;14;0,7778;-0,5503;1,8911;2
2016;707;CENTRO UNIVERSITÁRIO CENTRAL PAULISTA;UNICEP;Centro Universitário;Privada com fins lucrativos;56438;36;FISIOTERAPIA;Educação Presencial;3548906;SÃO CARLOS;SP;17;17;14;0,8235;-0,2703;2,3655;3
2016;707;CENTRO UNIVERSITÁRIO CENTRAL PAULISTA;UNICEP;Centro Universitário;Privada com fins lucrativos;56440;28;NUTRIÇÃO;Educação Presencial;3548906;SÃO CARLOS;SP;7;4;1;0,2500;;;SC
2016;1927;FACULDADES INTEGRADAS DO VALE DO IGUAÇU;0;Faculdade ;Privada com fins lucrativos;56466;36;FISIOTERAPIA;Educação Presencial;4128203;UNIÃO DA VITÓRIA;PR;23;23;21;0,9130;-0,0960;2,4433;3
2016;1308;FACULDADE NOVO MILÊNIO;FNM;Faculdade ;Pessoa Jurídica de Direito Privado - Com fins lucrativos - Sociedade Mercantil ou Comercial;56528;38;SERVIÇO SOCIAL;Educação Presencial;3205200;VILA VELHA;ES;17;17;8;0,4706;-0,6734;2,3299;3
2016;673;CENTRO UNIVERSITÁRIO DA GRANDE DOURADOS;UNIGRAN;Centro Universitário;Pessoa Jurídica de Direito Privado - Sem fins lucrativos - Fundação;56585;28;NUTRIÇÃO;Educação Presencial;5003702;DOURADOS;MS;9;9;6;0,6667;2,1620;3,4188;4
2016;2082;FACULDADE DE CIÊNCIAS MÉDICAS DA PARAÍBA;FCM-PB;Faculdade ;Privada com fins lucrativos;56618;28;NUTRIÇÃO;Educação Presencial;2507507;JOÃO PESSOA;PB;34;34;26;0,7647;-0,7905;2,0875;3
2016;496;UNIVERSIDADE DE FRANCA;UNIFRAN;Universidade;Privada com fins lucrativos;56622;28;NUTRIÇÃO;Educação Presencial;3516200;FRANCA;SP;52;50;33;0,6600;-0,1715;2,3666;3
2016;555;UNIVERSIDADE DE FORTALEZA;UNIFOR;Universidade;Privada sem fins lucrativos;56630;28;NUTRIÇÃO;Educação Presencial;2304400;FORTALEZA;CE;141;141;107;0,7589;-0,3858;2,2699;3
2016;402;CENTRO UNIVERSITÁRIO DE BRASÍLIA;UNICEUB;Centro Universitário;Privada sem fins lucrativos;56645;28;NUTRIÇÃO;Educação Presencial;5300108;BRASÍLIA;DF;43;42;16;0,3810;2,1922;3,4325;4
2016;641;CENTRO UNIVERSITÁRIO LA SALLE;UNILASALLE;Centro Universitário;Privada sem fins lucrativos;56664;23;ENFERMAGEM;Educação Presencial;4304606;CANOAS;RS;72;72;34;0,4722;-0,2315;2,3946;3
2016;641;CENTRO UNIVERSITÁRIO LA SALLE;UNILASALLE;Centro Universitário;Privada sem fins lucrativos;56666;36;FISIOTERAPIA;Educação Presencial;4304606;CANOAS;RS;47;46;21;0,4565;1,7347;3,2606;4
2016;641;CENTRO UNIVERSITÁRIO LA SALLE;UNILASALLE;Centro Universitário;Privada sem fins lucrativos;56668;28;NUTRIÇÃO;Educação Presencial;4304606;CANOAS;RS;48;47;22;0,4681;-0,0905;2,4031;3
2016;21;PONTIFÍCIA UNIVERSIDADE CATÓLICA DO RIO GRANDE DO SUL;PUCRS;Universidade;Privada sem fins lucrativos;56696;28;NUTRIÇÃO;Educação Presencial;4314902;PORTO ALEGRE;RS;60;59;46;0,7797;-0,7775;2,0933;3
2016;2077;FACULDADE ANGLO-AMERICANO;FAA;Faculdade ;Privada com fins lucrativos;56803;36;FISIOTERAPIA;Educação Presencial;4108304;FOZ DO IGUAÇU;PR;7;7;6;0,8571;1,2215;3,0315;4
2016;423;UNIVERSIDADE REGIONAL INTEGRADA DO ALTO URUGUAI E DAS MISSÕES;URI;Universidade;Privada sem fins lucrativos;56906;23;ENFERMAGEM;Educação Presencial;4308508;FREDERICO WESTPHALEN;RS;11;11;9;0,8182;0,9793;2,9646;4
2016;434;FACULDADE SANTA MARCELINA;FASM;Faculdade ;Privada sem fins lucrativos;57054;69;TECNOLOGIA EM RADIOLOGIA;Educação Presencial;3550308;SÃO PAULO;SP;45;36;14;0,3889;0,0351;2,4102;3
2016;423;UNIVERSIDADE REGIONAL INTEGRADA DO ALTO URUGUAI E DAS MISSÕES;URI;Universidade;Privada sem fins lucrativos;57072;23;ENFERMAGEM;Educação Presencial;4317400;SANTIAGO;RS;25;22;17;0,7727;1,1644;3,0517;4
2016;2082;FACULDADE DE CIÊNCIAS MÉDICAS DA PARAÍBA;FCM-PB;Faculdade ;Privada com fins lucrativos;57108;36;FISIOTERAPIA;Educação Presencial;2507507;JOÃO PESSOA;PB;25;24;22;0,9167;0,3244;2,6309;3
2016;1196;CENTRO UNIVERSITÁRIO DE MARINGÁ - UNICESUMAR;UNICESUMAR;Centro Universitário;Pessoa Jurídica de Direito Privado - Com fins lucrativos - Sociedade Mercantil ou Comercial;57236;55;BIOMEDICINA;Educação Presencial;4115200;MARINGÁ;PR;38;36;30;0,8333;1,1751;2,9928;4
2016;1461;FACULDADE DE TECNOLOGIA E CIÊNCIAS;FTC SALVADOR;Faculdade ;Privada com fins lucrativos;57294;36;FISIOTERAPIA;Educação Presencial;2927408;SALVADOR;BA;29;29;25;0,8621;0,2303;2,5889;3
2016;1196;CENTRO UNIVERSITÁRIO DE MARINGÁ - UNICESUMAR;UNICESUMAR;Centro Universitário;Pessoa Jurídica de Direito Privado - Com fins lucrativos - Sociedade Mercantil ou Comercial;57386;23;ENFERMAGEM;Educação Presencial;4115200;MARINGÁ;PR;30;30;19;0,6333;2,5010;3,6808;4
2016;417;UNIVERSIDADE CIDADE DE SÃO PAULO;UNICID;Universidade;Privada com fins lucrativos;57402;12;MEDICINA;Educação Presencial;3550308;SÃO PAULO;SP;69;68;54;0,7941;-0,0197;2,9041;3
2016;1444;FACULDADES INTEGRADAS EINSTEIN DE LIMEIRA;FIEL;Faculdade ;Privada sem fins lucrativos;57576;55;BIOMEDICINA;Educação Presencial;3526902;LIMEIRA;SP;24;13;8;0,6154;-0,7124;2,0505;3
2016;14;UNIVERSIDADE DO VALE DO RIO DOS SINOS;UNISINOS;Universidade;Privada sem fins lucrativos;57728;36;FISIOTERAPIA;Educação Presencial;4318705;SÃO LEOPOLDO;RS;42;41;22;0,5366;0,7085;2,8024;3
2016;222;CENTRO UNIVERSITÁRIO DE VOTUPORANGA;UNIFEV;Centro Universitário;Privada sem fins lucrativos;57824;55;BIOMEDICINA;Educação Presencial;3557105;VOTUPORANGA;SP;10;10;8;0,8000;-0,5039;2,1545;3
2016;750;CENTRO UNIVERSITÁRIO UNIRG;UNIRG;Centro Universitário;Pessoa Jurídica de Direito Público - Municipal;57849;23;ENFERMAGEM;Educação Presencial;1709500;GURUPI;TO;64;61;35;0,5738;-0,9408;2,0608;3
2016;750;CENTRO UNIVERSITÁRIO UNIRG;UNIRG;Centro Universitário;Pessoa Jurídica de Direito Público - Municipal;57852;12;MEDICINA;Educação Presencial;1709500;GURUPI;TO;129;127;107;0,8425;-0,6568;2,2096;3
2016;426;CENTRO UNIVERSITÁRIO FRANCISCANO;UNIFRA;Centro Universitário;Privada sem fins lucrativos;57876;36;FISIOTERAPIA;Educação Presencial;4316907;SANTA MARIA;RS;47;46;42;0,9130;0,2576;2,6011;3
2016;1414;FACULDADE SÃO LUCAS;FSL;Centro Universitário;Privada com fins lucrativos;57926;6;ODONTOLOGIA;Educação Presencial;1100205;PORTO VELHO;RO;93;88;72;0,8182;-0,6782;1,7563;2
2016;10;PONTIFÍCIA UNIVERSIDADE CATÓLICA DO PARANÁ;PUCPR;Universidade;Privada sem fins lucrativos;57944;3501;EDUCAÇÃO FÍSICA (BACHARELADO);Educação Presencial;4106902;CURITIBA;PR;95;70;44;0,6286;-0,0537;2,4447;3
2016;398;UNIVERSIDADE TIRADENTES;UNIT;Universidade;Privada com fins lucrativos;58043;23;ENFERMAGEM;Educação Presencial;2800308;ARACAJU;SE;259;258;165;0,6395;0,1881;2,5922;3
2016;699;FUNDAÇÃO UNIVERSIDADE FEDERAL DE RONDÔNIA;UNIR;Universidade;Pessoa Jurídica de Direito Público - Federal;58075;17;AGRONOMIA;Educação Presencial;1100288;ROLIM DE MOURA;RO;29;29;21;0,7241;2,1312;4,1437;5
2016;1972;FACULDADE TIJUCUSSU;TIJUCUSSU;Faculdade ;Privada com fins lucrativos;58173;38;SERVIÇO SOCIAL;Educação Presencial;3548807;SÃO CAETANO DO SUL;SP;62;54;7;0,1296;;;SC
2016;57;UNIVERSIDADE ESTADUAL DE MARINGÁ;UEM;Universidade;Pessoa Jurídica de Direito Público - Estadual;58188;17;AGRONOMIA;Educação Presencial;4128104;UMUARAMA;PR;38;36;30;0,8333;0,4606;3,1345;4
2016;57;UNIVERSIDADE ESTADUAL DE MARINGÁ;UEM;Universidade;Pessoa Jurídica de Direito Público - Estadual;58202;5;MEDICINA VETERINÁRIA;Educação Presencial;4128104;UMUARAMA;PR;35;35;32;0,9143;0,0806;2,6574;3
2016;482;UNIVERSIDADE DO EXTREMO SUL CATARINENSE;UNESC;Universidade;Pessoa Jurídica de Direito Privado - Sem fins lucrativos - Associação de Utilidade Pública;58337;23;ENFERMAGEM;Educação Presencial;4204608;CRICIÚMA;SC;47;46;31;0,6739;0,5786;2,7760;3
2016;737;CENTRO UNIVERSITÁRIO SÃO CAMILO;SAO CAMILO;Centro Universitário;Privada sem fins lucrativos;58354;23;ENFERMAGEM;Educação Presencial;3550308;SÃO PAULO;SP;4;4;2;0,5000;3,9359;4,3563;5
2016;737;CENTRO UNIVERSITÁRIO SÃO CAMILO;SAO CAMILO;Centro Universitário;Privada sem fins lucrativos;58376;28;NUTRIÇÃO;Educação Presencial;3550308;SÃO PAULO;SP;81;78;46;0,5897;0,3881;2,6189;3
2016;3223;ESCOLA SUPERIOR DE CIÊNCIAS DA SAÚDE;ESCS;Faculdade ;Pessoa Jurídica de Direito Público - Estadual;58412;12;MEDICINA;Educação Presencial;5300108;BRASÍLIA;DF;82;82;62;0,7561;0,1635;3,1039;4
2016;163;UNIVERSIDADE ESTÁCIO DE SÁ;UNESA;Universidade;Privada com fins lucrativos;58435;23;ENFERMAGEM;Educação Presencial;3304557;RIO DE JANEIRO;RJ;23;22;11;0,5000;-0,8407;2,1079;3
2016;522;CENTRO UNIVERSITÁRIO CELSO LISBOA;UCL;Centro Universitário;Privada sem fins lucrativos;58453;36;FISIOTERAPIA;Educação Presencial;3304557;RIO DE JANEIRO;RJ;14;14;4;0,2857;-1,2669;1,9205;2
2016;1041;CENTRO UNIVERSITÁRIO UNIVATES;UNIVATES;Centro Universitário;Privada sem fins lucrativos;58480;28;NUTRIÇÃO;Educação Presencial;4311403;LAJEADO;RS;29;29;17;0,5862;1,8339;3,2709;4
2016;1645;FACULDADE DE TECNOLOGIA E CIÊNCIAS DE JEQUIÉ;FTC;Faculdade ;Privada com fins lucrativos;58813;23;ENFERMAGEM;Educação Presencial;2918001;JEQUIÉ;BA;28;27;17;0,6296;-2,2705;1,4348;2
2016;1364;FACULDADE DE TECNOLOGIA E CIÊNCIAS DE VITÓRIA DA CONQUISTA;FTC;Faculdade ;Privada com fins lucrativos;58816;23;ENFERMAGEM;Educação Presencial;2933307;VITÓRIA DA CONQUISTA;BA;33;32;24;0,7500;-0,2272;2,3966;3
2016;1642;FACULDADE DE TECNOLOGIA E CIÊNCIAS DE ITABUNA;FTC;Faculdade ;Privada com fins lucrativos;58834;23;ENFERMAGEM;Educação Presencial;2914802;ITABUNA;BA;43;41;30;0,7317;0,1535;2,5758;3
2016;2009;FACULDADE DE TAQUARITINGA;FTGA;Faculdade ;Pessoa Jurídica de Direito Privado - Sem fins lucrativos - Fundação;58862;19;FARMÁCIA;Educação Presencial;3553708;TAQUARITINGA;SP;19;19;9;0,4737;-4,5400;0,4398;1
2016;2009;FACULDADE DE TAQUARITINGA;FTGA;Faculdade ;Pessoa Jurídica de Direito Privado - Sem fins lucrativos - Fundação;58864;36;FISIOTERAPIA;Educação Presencial;3553708;TAQUARITINGA;SP;26;23;16;0,6957;-0,6220;2,2084;3
2016;2009;FACULDADE DE TAQUARITINGA;FTGA;Faculdade ;Pessoa Jurídica de Direito Privado - Sem fins lucrativos - Fundação;58870;23;ENFERMAGEM;Educação Presencial;3553708;TAQUARITINGA;SP;22;22;9;0,4091;-0,3887;2,3206;3
2016;163;UNIVERSIDADE ESTÁCIO DE SÁ;UNESA;Universidade;Privada com fins lucrativos;58882;36;FISIOTERAPIA;Educação Presencial;3304557;RIO DE JANEIRO;RJ;19;19;4;0,2105;-3,8331;0,7748;1
2016;2279;FACULDADE INTEGRADA METROPOLITANA DE CAMPINAS;METROCAMP;Faculdade ;Pessoa Jurídica de Direito Privado - Com fins lucrativos - Sociedade Civil;58999;36;FISIOTERAPIA;Educação Presencial;3509502;CAMPINAS;SP;36;35;22;0,6286;0,3690;2,6508;3
2016;2168;FACULDADE CAMPO GRANDE ;FCG;Faculdade ;Privada sem fins lucrativos;59094;36;FISIOTERAPIA;Educação Presencial;5002704;CAMPO GRANDE;MS;8;8;5;0,6250;-3,8884;0,7501;1
2016;1996;INSTITUTO CUIABÁ DE ENSINO E CULTURA;ICEC;Faculdade ;Privada sem fins lucrativos;59116;36;FISIOTERAPIA;Educação Presencial;5103403;CUIABÁ;MT;55;47;37;0,7872;-1,2564;1,9252;2
2016;1462;INSTITUTO PARAIBANO DE ENSINO RENOVADO;INPER;Faculdade ;Privada sem fins lucrativos;59118;36;FISIOTERAPIA;Educação Presencial;2507507;JOÃO PESSOA;PB;19;18;10;0,5556;-0,0496;2,4640;3
2016;2075;INSTITUTO DE ENSINO SUPERIOR DE ALAGOAS;IESA;Faculdade ;Privada sem fins lucrativos;59120;36;FISIOTERAPIA;Educação Presencial;2704302;MACEIÓ;AL;2;0;0;0,0000;;;SC
2016;1708;INSTITUTO PERNAMBUCANO DE ENSINO SUPERIOR;IPESU;Faculdade ;Privada sem fins lucrativos;59124;36;FISIOTERAPIA;Educação Presencial;2611606;RECIFE;PE;14;8;5;0,6250;-1,1075;1,9916;3
2016;2085;INSTITUTO BAIANO DE ENSINO SUPERIOR;IBES;Faculdade ;Privada sem fins lucrativos;59126;36;FISIOTERAPIA;Educação Presencial;2927408;SALVADOR;BA;8;5;5;1,0000;1,6989;3,2446;4
2016;1267;INSTITUTO DE ENSINO SUPERIOR DA GRANDE FLORIANÓPOLIS;IESGF;Faculdade ;Privada sem fins lucrativos;59128;36;FISIOTERAPIA;Educação Presencial;4216602;SÃO JOSÉ;SC;35;33;21;0,6364;-0,0269;2,4741;3
2016;1656;INSTITUTO DE ENSINO SUPERIOR DE TERESINA;IEST;Faculdade ;Privada sem fins lucrativos;59134;36;FISIOTERAPIA;Educação Presencial;2211001;TERESINA;PI;20;20;15;0,7500;-1,0067;2,0367;3
2016;2086;INSTITUTO DE ENSINO SUPERIOR DE FOZ DO IGUAÇU;IESFI;Faculdade ;Privada sem fins lucrativos;59140;36;FISIOTERAPIA;Educação Presencial;4108304;FOZ DO IGUAÇU;PR;19;19;9;0,4737;-1,1008;1,9946;3
2016;1563;CENTRO UNIVERSITÁRIO DA FACULDADE DE SAÚDE, CIÊNCIAS HUMANAS E TECNOLÓGICAS DO PIAUÍ;NOVAFAPI;Centro Universitário;Privada com fins lucrativos;59153;28;NUTRIÇÃO;Educação Presencial;2211001;TERESINA;PI;55;49;39;0,7959;-0,0649;2,4147;3
2016;823;UNIVERSIDADE DO CEUMA - UNICEUMA;UNICEUMA;Universidade;Privada sem fins lucrativos;59174;12;MEDICINA;Educação Presencial;2111300;SÃO LUÍS;MA;109;108;80;0,7407;0,0767;3,0092;4
2016;1461;FACULDADE DE TECNOLOGIA E CIÊNCIAS;FTC SALVADOR;Faculdade ;Privada com fins lucrativos;59202;6;ODONTOLOGIA;Educação Presencial;2927408;SALVADOR;BA;69;68;52;0,7647;-0,9240;1,4971;2
2016;5370;Faculdades Unificadas de Teófilo Otoni;FUTO;Faculdade ;Pessoa Jurídica de Direito Privado - Sem fins lucrativos - Fundação;59208;23;ENFERMAGEM;Educação Presencial;3168606;TEÓFILO OTONI;MG;15;15;12;0,8000;0,1000;2,5507;3
2016;5370;Faculdades Unificadas de Teófilo Otoni;FUTO;Faculdade ;Pessoa Jurídica de Direito Privado - Sem fins lucrativos - Fundação;59210;38;SERVIÇO SOCIAL;Educação Presencial;3168606;TEÓFILO OTONI;MG;15;15;11;0,7333;-0,0787;2,6073;3
2016;308;UNIVERSIDADE PRESIDENTE ANTÔNIO CARLOS;UNIPAC;Universidade;Pessoa Jurídica de Direito Privado - Sem fins lucrativos - Fundação;59344;23;ENFERMAGEM;Educação Presencial;3105608;BARBACENA;MG;44;41;27;0,6585;1,9450;3,4191;4
2016;15452;FACULDADE ÁLIS DE BOM DESPACHO;0;Faculdade ;Pessoa Jurídica de Direito Privado - Sem fins lucrativos - Fundação;59363;23;ENFERMAGEM;Educação Presencial;3107406;BOM DESPACHO;MG;18;16;13;0,8125;2,1689;3,5245;4
2016;15452;FACULDADE ÁLIS DE BOM DESPACHO;0;Faculdade ;Pessoa Jurídica de Direito Privado - Sem fins lucrativos - Fundação;59367;36;FISIOTERAPIA;Educação Presencial;3107406;BOM DESPACHO;MG;29;29;27;0,9310;0,4225;2,6748;3
2016;308;UNIVERSIDADE PRESIDENTE ANTÔNIO CARLOS;UNIPAC;Universidade;Pessoa Jurídica de Direito Privado - Sem fins lucrativos - Fundação;59392;28;NUTRIÇÃO;Educação Presencial;3136702;JUIZ DE FORA;MG;38;35;25;0,7143;-1,1206;1,9386;2
2016;1042;UNIVERSIDADE POSITIVO;UP;Universidade;Privada com fins lucrativos;59414;12;MEDICINA;Educação Presencial;4106902;CURITIBA;PR;52;52;50;0,9615;0,3735;3,3328;4
2016;1430;CENTRO UNIVERSITÁRIO INGÁ;0;Centro Universitário;Privada sem fins lucrativos;59488;19;FARMÁCIA;Educação Presencial;4115200;MARINGÁ;PR;20;20;10;0,5000;1,9642;3,2673;4
2016;322;UNIVERSIDADE PAULISTA;UNIP;Universidade;Privada sem fins lucrativos;59510;23;ENFERMAGEM;Educação Presencial;3502804;ARAÇATUBA;SP;6;6;3;0,5000;2,0082;3,4489;4
2016;322;UNIVERSIDADE PAULISTA;UNIP;Universidade;Privada sem fins lucrativos;59518;28;NUTRIÇÃO;Educação Presencial;3502804;ARAÇATUBA;SP;7;7;4;0,5714;1,7933;3,2526;4
2016;322;UNIVERSIDADE PAULISTA;UNIP;Universidade;Privada sem fins lucrativos;59582;23;ENFERMAGEM;Educação Presencial;3503208;ARARAQUARA;SP;25;25;14;0,5600;3,7618;4,2743;5
2016;322;UNIVERSIDADE PAULISTA;UNIP;Universidade;Privada sem fins lucrativos;59588;19;FARMÁCIA;Educação Presencial;3503208;ARARAQUARA;SP;15;15;10;0,6667;0,9739;2,8368;3
2016;322;UNIVERSIDADE PAULISTA;UNIP;Universidade;Privada sem fins lucrativos;59593;36;FISIOTERAPIA;Educação Presencial;3503208;ARARAQUARA;SP;21;21;11;0,5238;0,9538;2,9120;3
2016;322;UNIVERSIDADE PAULISTA;UNIP;Universidade;Privada sem fins lucrativos;59598;23;ENFERMAGEM;Educação Presencial;3504008;ASSIS;SP;6;6;2;0,3333;9,0931;5,0000;5
2016;322;UNIVERSIDADE PAULISTA;UNIP;Universidade;Privada sem fins lucrativos;59602;19;FARMÁCIA;Educação Presencial;3504008;ASSIS;SP;6;6;5;0,8333;8,1907;5,0000;5
2016;322;UNIVERSIDADE PAULISTA;UNIP;Universidade;Privada sem fins lucrativos;59606;36;FISIOTERAPIA;Educação Presencial;3504008;ASSIS;SP;22;21;17;0,8095;0,9173;2,8957;3
2016;322;UNIVERSIDADE PAULISTA;UNIP;Universidade;Privada sem fins lucrativos;59626;23;ENFERMAGEM;Educação Presencial;3506003;BAURU;SP;14;13;6;0,4615;-0,3505;2,3386;3
2016;322;UNIVERSIDADE PAULISTA;UNIP;Universidade;Privada sem fins lucrativos;59634;23;ENFERMAGEM;Educação Presencial;3509502;CAMPINAS;SP;34;31;19;0,6129;2,2629;3,5687;4
2016;322;UNIVERSIDADE PAULISTA;UNIP;Universidade;Privada sem fins lucrativos;59638;23;ENFERMAGEM;Educação Presencial;3525904;JUNDIAÍ;SP;15;12;8;0,6667;1,1903;3,0639;4
2016;322;UNIVERSIDADE PAULISTA;UNIP;Universidade;Privada sem fins lucrativos;59644;36;FISIOTERAPIA;Educação Presencial;3525904;JUNDIAÍ;SP;22;22;11;0,5000;1,5266;3,1677;4
2016;1738;INSTITUTO LUTERANO DE ENSINO SUPERIOR DE PORTO VELHO;ULBRA ILES;Faculdade ;Pessoa Jurídica de Direito Privado - Sem fins lucrativos - Fundação;59662;3501;EDUCAÇÃO FÍSICA (BACHARELADO);Educação Presencial;1100205;PORTO VELHO;RO;28;26;7;0,2692;-4,4102;0,4468;1
2016;322;UNIVERSIDADE PAULISTA;UNIP;Universidade;Privada sem fins lucrativos;59666;23;ENFERMAGEM;Educação Presencial;3543402;RIBEIRÃO PRETO;SP;12;12;6;0,5000;4,7189;4,7248;5
2016;322;UNIVERSIDADE PAULISTA;UNIP;Universidade;Privada sem fins lucrativos;59686;23;ENFERMAGEM;Educação Presencial;3549805;SÃO JOSÉ DO RIO PRETO;SP;10;10;8;0,8000;2,2790;3,5763;4
2016;322;UNIVERSIDADE PAULISTA;UNIP;Universidade;Privada sem fins lucrativos;59690;23;ENFERMAGEM;Educação Presencial;3549904;SÃO JOSÉ DOS CAMPOS;SP;20;11;5;0,4545;9,7215;5,0000;5
2016;322;UNIVERSIDADE PAULISTA;UNIP;Universidade;Privada sem fins lucrativos;59717;23;ENFERMAGEM;Educação Presencial;3552205;SOROCABA;SP;27;26;17;0,6538;3,4190;4,1129;5
2016;322;UNIVERSIDADE PAULISTA;UNIP;Universidade;Privada sem fins lucrativos;59723;28;NUTRIÇÃO;Educação Presencial;3552205;SOROCABA;SP;13;12;9;0,7500;5,6685;5,0000;5
2016;2056;FACULDADE DA ALTA PAULISTA;FAP;Faculdade ;Privada com fins lucrativos;59745;36;FISIOTERAPIA;Educação Presencial;3555000;TUPÃ;SP;48;48;38;0,7917;-0,8816;2,0925;3
2016;736;FACULDADE PITÁGORAS DE LINHARES;0;Faculdade ;Privada com fins lucrativos;59750;3501;EDUCAÇÃO FÍSICA (BACHARELADO);Educação Presencial;3203205;LINHARES;ES;51;49;37;0,7551;-1,0928;1,9681;3
2016;2843;FACULDADE DE CIÊNCIAS MÉDICAS E DA SAÚDE DE JUIZ DE FORA;FCMS/JF;Faculdade ;Privada com fins lucrativos;59754;23;ENFERMAGEM;Educação Presencial;3136702;JUIZ DE FORA;MG;15;15;11;0,7333;0,3957;2,6899;3
2016;2843;FACULDADE DE CIÊNCIAS MÉDICAS E DA SAÚDE DE JUIZ DE FORA;FCMS/JF;Faculdade ;Privada com fins lucrativos;59758;36;FISIOTERAPIA;Educação Presencial;3136702;JUIZ DE FORA;MG;23;23;19;0,8261;0,7961;2,8415;3
2016;1513;INSTITUTO DE CIÊNCIAS JURÍDICAS E SOCIAIS PROFESSOR CAMILLO FILHO;ICF;Faculdade ;Privada com fins lucrativos;59780;38;SERVIÇO SOCIAL;Educação Presencial;2211001;TERESINA;PI;78;58;40;0,6897;-0,1356;2,5808;3
2016;483;CENTRO UNIVERSITÁRIO METROPOLITANO DE SÃO PAULO;UNIMESP;Centro Universitário;Privada sem fins lucrativos;59782;3501;EDUCAÇÃO FÍSICA (BACHARELADO);Educação Presencial;3518800;GUARULHOS;SP;37;33;10;0,3030;0,1179;2,5233;3
2016;717;FUNDAÇÃO UNIVERSIDADE FEDERAL DE CIÊNCIAS DA SAÚDE DE PORTO ALEGRE;UFCSPA;Universidade;Pessoa Jurídica de Direito Público - Federal;59792;55;BIOMEDICINA;Educação Presencial;4314902;PORTO ALEGRE;RS;23;23;21;0,9130;0,3999;2,6058;3
2016;717;FUNDAÇÃO UNIVERSIDADE FEDERAL DE CIÊNCIAS DA SAÚDE DE PORTO ALEGRE;UFCSPA;Universidade;Pessoa Jurídica de Direito Público - Federal;59794;28;NUTRIÇÃO;Educação Presencial;4314902;PORTO ALEGRE;RS;22;21;20;0,9524;0,0721;2,4764;3
2016;534;ESCOLA BAHIANA DE MEDICINA E SAÚDE PÚBLICA;EBMSP;Faculdade ;Privada sem fins lucrativos;59818;55;BIOMEDICINA;Educação Presencial;2927408;SALVADOR;BA;59;57;52;0,9123;0,0394;2,4258;3
2016;1319;FACULDADE TECSOMA;FATEC;Faculdade ;Privada com fins lucrativos;59835;36;FISIOTERAPIA;Educação Presencial;3147006;PARACATU;MG;11;11;10;0,9091;-1,5285;1,8037;2
2016;3306;FACULDADE DE TECNOLOGIA IPUC;FATIPUC;Faculdade ;Privada sem fins lucrativos;59850;69;TECNOLOGIA EM RADIOLOGIA;Educação Presencial;4304606;CANOAS;RS;26;24;10;0,4167;-1,1206;2,0855;3
2016;322;UNIVERSIDADE PAULISTA;UNIP;Universidade;Privada sem fins lucrativos;59983;19;FARMÁCIA;Educação Presencial;3549904;SÃO JOSÉ DOS CAMPOS;SP;39;37;23;0,6216;0,9635;2,8323;3
2016;322;UNIVERSIDADE PAULISTA;UNIP;Universidade;Privada sem fins lucrativos;60014;23;ENFERMAGEM;Educação Presencial;5300108;BRASÍLIA;DF;117;114;77;0,6754;0,2247;2,6093;3
2016;322;UNIVERSIDADE PAULISTA;UNIP;Universidade;Privada sem fins lucrativos;60016;6;ODONTOLOGIA;Educação Presencial;5300108;BRASÍLIA;DF;117;81;64;0,7901;0,1782;2,6593;3
2016;322;UNIVERSIDADE PAULISTA;UNIP;Universidade;Privada sem fins lucrativos;60024;23;ENFERMAGEM;Educação Presencial;5208707;GOIÂNIA;GO;20;19;12;0,6316;2,6653;3,7581;4
2016;322;UNIVERSIDADE PAULISTA;UNIP;Universidade;Privada sem fins lucrativos;60026;19;FARMÁCIA;Educação Presencial;5208707;GOIÂNIA;GO;37;33;25;0,7576;-0,7915;2,0694;3
2016;322;UNIVERSIDADE PAULISTA;UNIP;Universidade;Privada sem fins lucrativos;60030;23;ENFERMAGEM;Educação Presencial;1302603;MANAUS;AM;94;89;58;0,6517;0,4637;2,7219;3
2016;322;UNIVERSIDADE PAULISTA;UNIP;Universidade;Privada sem fins lucrativos;60034;19;FARMÁCIA;Educação Presencial;1302603;MANAUS;AM;17;17;14;0,8235;1,9012;3,2399;4
2016;322;UNIVERSIDADE PAULISTA;UNIP;Universidade;Privada sem fins lucrativos;60036;28;NUTRIÇÃO;Educação Presencial;1302603;MANAUS;AM;1;0;0;0,0000;;;SC
2016;1461;FACULDADE DE TECNOLOGIA E CIÊNCIAS;FTC SALVADOR;Faculdade ;Privada com fins lucrativos;60094;23;ENFERMAGEM;Educação Presencial;2927408;SALVADOR;BA;28;23;14;0,6087;-2,2263;1,4557;2
2016;10;PONTIFÍCIA UNIVERSIDADE CATÓLICA DO PARANÁ;PUCPR;Universidade;Privada sem fins lucrativos;60123;5;MEDICINA VETERINÁRIA;Educação Presencial;4127700;TOLEDO;PR;31;30;25;0,8333;-0,2218;2,4298;3
2016;82;UNIVERSIDADE DO OESTE DE SANTA CATARINA;UNOESC;Universidade;Pessoa Jurídica de Direito Público - Municipal;60216;5;MEDICINA VETERINÁRIA;Educação Presencial;4219507;XANXERÊ;SC;64;63;55;0,8730;-0,4634;2,2479;3
2016;570;UNIVERSIDADE FEDERAL DO RIO GRANDE DO NORTE;UFRN;Universidade;Pessoa Jurídica de Direito Público - Federal;60288;55;BIOMEDICINA;Educação Presencial;2408102;NATAL;RN;57;52;50;0,9615;0,2380;2,5249;3
2016;163;UNIVERSIDADE ESTÁCIO DE SÁ;UNESA;Universidade;Privada com fins lucrativos;60306;91;TECNOLOGIA EM GESTÃO HOSPITALAR;Educação Presencial;3304557;RIO DE JANEIRO;RJ;7;7;2;0,2857;-10,1344;0,0000;1
2016;1586;UNIVERSIDADE DO VALE DO SAPUCAÍ;UNIVÁS;Universidade;Privada sem fins lucrativos;60342;28;NUTRIÇÃO;Educação Presencial;3152501;POUSO ALEGRE;MG;21;20;13;0,6500;-0,2072;2,3505;3
2016;1036;UNIVERSIDADE DO ESTADO DE MINAS GERAIS;UEMG;Universidade;Pessoa Jurídica de Direito Público - Estadual;60409;38;SERVIÇO SOCIAL;Educação Presencial;3147907;PASSOS;MG;54;29;15;0,5172;-2,3821;1,5325;2
2016;1036;UNIVERSIDADE DO ESTADO DE MINAS GERAIS;UEMG;Universidade;Pessoa Jurídica de Direito Público - Estadual;60412;28;NUTRIÇÃO;Educação Presencial;3147907;PASSOS;MG;38;36;17;0,4722;-4,8745;0,2459;1
2016;730;UNIVERSIDADE ESTADUAL DE PONTA GROSSA;UEPG;Universidade;Pessoa Jurídica de Direito Público - Estadual;60414;51;ZOOTECNIA;Educação Presencial;4119905;PONTA GROSSA;PR;17;14;13;0,9286;3,8134;4,3861;5
2016;730;UNIVERSIDADE ESTADUAL DE PONTA GROSSA;UEPG;Universidade;Pessoa Jurídica de Direito Público - Estadual;60438;23;ENFERMAGEM;Educação Presencial;4119905;PONTA GROSSA;PR;28;27;26;0,9630;0,9707;2,9605;4
2016;794;CENTRO UNIVERSITÁRIO DE VÁRZEA GRANDE;UNIVAG;Centro Universitário;Privada sem fins lucrativos;60582;27;FONOAUDIOLOGIA;Educação Presencial;5108402;VÁRZEA GRANDE;MT;7;7;5;0,7143;1,7307;3,1212;4
2016;3371;CENTRO UNIVERSITÁRIO DE PATOS DE MINAS;UNIPAM;Centro Universitário;Privada sem fins lucrativos;60642;17;AGRONOMIA;Educação Presencial;3148004;PATOS DE MINAS;MG;99;84;51;0,6071;0,5422;3,1838;4
2016;3172;UNIVERSIDADE DO ESTADO DO AMAZONAS;UEA;Universidade;Pessoa Jurídica de Direito Público - Estadual;60656;23;ENFERMAGEM;Educação Presencial;1302603;MANAUS;AM;74;71;52;0,7324;0,6166;2,7938;3
2016;3172;UNIVERSIDADE DO ESTADO DO AMAZONAS;UEA;Universidade;Pessoa Jurídica de Direito Público - Estadual;60658;6;ODONTOLOGIA;Educação Presencial;1302603;MANAUS;AM;77;74;61;0,8243;0,6096;3,1141;4
2016;3172;UNIVERSIDADE DO ESTADO DO AMAZONAS;UEA;Universidade;Pessoa Jurídica de Direito Público - Estadual;60660;12;MEDICINA;Educação Presencial;1302603;MANAUS;AM;117;115;92;0,8000;-0,3264;2,5699;3
2016;322;UNIVERSIDADE PAULISTA;UNIP;Universidade;Privada sem fins lucrativos;60685;28;NUTRIÇÃO;Educação Presencial;3549904;SÃO JOSÉ DOS CAMPOS;SP;19;19;12;0,6316;2,0542;3,3702;4
2016;402;CENTRO UNIVERSITÁRIO DE BRASÍLIA;UNICEUB;Centro Universitário;Privada sem fins lucrativos;60822;23;ENFERMAGEM;Educação Presencial;5300108;BRASÍLIA;DF;31;31;17;0,5484;-2,8703;1,1525;2
2016;1126;UNIVERSIDADE ESTADUAL DO CENTRO OESTE;UNICENTRO;Universidade;Pessoa Jurídica de Direito Público - Estadual;61066;27;FONOAUDIOLOGIA;Educação Presencial;4110706;IRATI;PR;21;20;20;1,0000;-0,0703;2,2849;3
2016;494;UNIVERSIDADE DO SUL DE SANTA CATARINA;UNISUL;Universidade;Privada sem fins lucrativos;61072;3501;EDUCAÇÃO FÍSICA (BACHARELADO);Educação Presencial;4211900;PALHOÇA;SC;38;33;12;0,3636;-0,3852;2,2927;3
2016;330;UNIVERSIDADE IGUAÇU;UNIG;Universidade;Privada sem fins lucrativos;61185;19;FARMÁCIA;Educação Presencial;3302205;ITAPERUNA;RJ;17;15;10;0,6667;-2,7719;1,2084;2
2016;3966;CENTRO UNIVERSITÁRIO DE CARATINGA;UNEC;Centro Universitário;Privada sem fins lucrativos;61298;23;ENFERMAGEM;Educação Presencial;3113404;CARATINGA;MG;14;13;10;0,7692;1,1437;3,0419;4
2016;1126;UNIVERSIDADE ESTADUAL DO CENTRO OESTE;UNICENTRO;Universidade;Pessoa Jurídica de Direito Público - Estadual;61592;3501;EDUCAÇÃO FÍSICA (BACHARELADO);Educação Presencial;4109401;GUARAPUAVA;PR;24;24;19;0,7917;1,7637;3,2781;4
2016;165;UNIVERSIDADE VEIGA DE ALMEIDA;UVA;Universidade;Privada com fins lucrativos;61603;23;ENFERMAGEM;Educação Presencial;3304557;RIO DE JANEIRO;RJ;38;37;26;0,7027;1,0839;3,0138;4
2016;437;UNIVERSIDADE PARANAENSE;UNIPAR;Universidade;Privada sem fins lucrativos;61775;23;ENFERMAGEM;Educação Presencial;4108403;FRANCISCO BELTRÃO;PR;36;36;30;0,8333;1,6623;3,2860;4
2016;10;PONTIFÍCIA UNIVERSIDADE CATÓLICA DO PARANÁ;PUCPR;Universidade;Privada sem fins lucrativos;61826;19;FARMÁCIA;Educação Presencial;4106902;CURITIBA;PR;13;10;8;0,8000;0,3307;2,5572;3
2016;621;CENTRO UNIVERSITÁRIO CESMAC;CESMAC;Centro Universitário;Privada sem fins lucrativos;62025;28;NUTRIÇÃO;Educação Presencial;2704302;MACEIÓ;AL;49;49;35;0,7143;0,2025;2,5352;3
2016;1577;FACULDADE INTERMUNICIPAL DO NOROESTE DO PARANÁ;FACINOR;Faculdade ;Privada sem fins lucrativos;62104;23;ENFERMAGEM;Educação Presencial;4113502;LOANDA;PR;9;9;4;0,4444;3,2804;4,0477;5
2016;792;CENTRO UNIVERSITÁRIO DO ESTADO DO PARÁ;CESUPA;Centro Universitário;Privada sem fins lucrativos;62191;19;FARMÁCIA;Educação Presencial;1501402;BELÉM;PA;51;50;46;0,9200;-0,2906;2,2871;3
2016;515;CENTRO UNIVERSITÁRIO ANHANGUERA DE NITERÓI;UNIAN;Centro Universitário;Privada com fins lucrativos;62198;19;FARMÁCIA;Educação Presencial;3303302;NITERÓI;RJ;52;23;12;0,5217;-1,9520;1,5649;2
2016;387;UNIVERSIDADE CATÓLICA DOM BOSCO;UCDB;Universidade;Privada sem fins lucrativos;62233;5;MEDICINA VETERINÁRIA;Educação Presencial;5002704;CAMPO GRANDE;MS;121;115;87;0,7565;-0,4447;2,2620;3
2016;387;UNIVERSIDADE CATÓLICA DOM BOSCO;UCDB;Universidade;Privada sem fins lucrativos;62236;23;ENFERMAGEM;Educação Presencial;5002704;CAMPO GRANDE;MS;30;29;24;0,8276;0,4334;2,7076;3
2016;568;UNIVERSIDADE ESTADUAL DO MARANHÃO;UEMA;Universidade;Pessoa Jurídica de Direito Público - Estadual;62406;23;ENFERMAGEM;Educação Presencial;2103000;CAXIAS;MA;43;42;42;1,0000;0,1878;2,5920;3
2016;135;CENTRO UNIVERSITÁRIO CLARETIANO;CEUCLAR;Centro Universitário;Privada sem fins lucrativos;62463;23;ENFERMAGEM;Educação Presencial;3505906;BATATAIS;SP;20;20;16;0,8000;-1,9490;1,5862;2
2016;878;CENTRO UNIVERSITÁRIO DO LESTE DE MINAS GERAIS;UNILESTEMG;Centro Universitário;Privada sem fins lucrativos;62472;19;FARMÁCIA;Educação Presencial;3131307;IPATINGA;MG;4;4;3;0,7500;-0,9564;1,9977;3
2016;437;UNIVERSIDADE PARANAENSE;UNIPAR;Universidade;Privada sem fins lucrativos;62518;36;FISIOTERAPIA;Educação Presencial;4127700;TOLEDO;PR;18;18;17;0,9444;-0,4397;2,2898;3
2016;494;UNIVERSIDADE DO SUL DE SANTA CATARINA;UNISUL;Universidade;Privada sem fins lucrativos;62587;36;FISIOTERAPIA;Educação Presencial;4211900;PALHOÇA;SC;15;15;7;0,4667;0,5544;2,7336;3
2016;756;UNIVERSIDADE ESTADUAL DO PIAUÍ;UESPI;Universidade;Pessoa Jurídica de Direito Público - Estadual;62690;17;AGRONOMIA;Educação Presencial;2211100;UNIÃO;PI;15;15;14;0,9333;-2,2947;1,4701;2
2016;756;UNIVERSIDADE ESTADUAL DO PIAUÍ;UESPI;Universidade;Pessoa Jurídica de Direito Público - Estadual;62694;17;AGRONOMIA;Educação Presencial;2211209;URUÇUÍ;PI;32;24;16;0,6667;-0,2785;2,6880;3
2016;756;UNIVERSIDADE ESTADUAL DO PIAUÍ;UESPI;Universidade;Pessoa Jurídica de Direito Público - Estadual;62702;17;AGRONOMIA;Educação Presencial;2208007;PICOS;PI;26;26;22;0,8462;-0,2507;2,7048;3
2016;15015;Universidade Estadual do Norte do Paraná;UENP;Universidade;Pessoa Jurídica de Direito Público - Estadual;62779;23;ENFERMAGEM;Educação Presencial;4102406;BANDEIRANTES;PR;25;24;18;0,7500;-0,6593;2,1933;3
2016;756;UNIVERSIDADE ESTADUAL DO PIAUÍ;UESPI;Universidade;Pessoa Jurídica de Direito Público - Estadual;62822;23;ENFERMAGEM;Educação Presencial;2208007;PICOS;PI;23;21;7;0,3333;-2,4620;1,3447;2
2016;526;UNIVERSIDADE BRAZ CUBAS;UBC;Universidade;Pessoa Jurídica de Direito Privado - Com fins lucrativos - Sociedade Civil;62892;36;FISIOTERAPIA;Educação Presencial;3530607;MOGI DAS CRUZES;SP;28;26;14;0,5385;-0,6147;2,2117;3
2016;1;UNIVERSIDADE FEDERAL DE MATO GROSSO;UFMT;Universidade;Pessoa Jurídica de Direito Público - Federal;62906;51;ZOOTECNIA;Educação Presencial;5107602;RONDONÓPOLIS;MT;20;20;20;1,0000;1,0499;3,2406;4
2016;605;UNIVERSIDADE MUNICIPAL DE SÃO CAETANO DO SUL;USCS;Universidade;Pessoa Jurídica de Direito Público - Municipal;62970;3501;EDUCAÇÃO FÍSICA (BACHARELADO);Educação Presencial;3548807;SÃO CAETANO DO SUL;SP;123;114;36;0,3158;-0,3612;2,3037;3
2016;3371;CENTRO UNIVERSITÁRIO DE PATOS DE MINAS;UNIPAM;Centro Universitário;Privada sem fins lucrativos;63008;23;ENFERMAGEM;Educação Presencial;3148004;PATOS DE MINAS;MG;34;33;21;0,6364;2,0138;3,4515;4
2016;1461;FACULDADE DE TECNOLOGIA E CIÊNCIAS;FTC SALVADOR;Faculdade ;Privada com fins lucrativos;63076;3501;EDUCAÇÃO FÍSICA (BACHARELADO);Educação Presencial;2927408;SALVADOR;BA;23;22;9;0,4091;-1,6816;1,6981;2
2016;1461;FACULDADE DE TECNOLOGIA E CIÊNCIAS;FTC SALVADOR;Faculdade ;Privada com fins lucrativos;63078;28;NUTRIÇÃO;Educação Presencial;2927408;SALVADOR;BA;19;19;12;0,6316;1,4622;3,1033;4
2016;1461;FACULDADE DE TECNOLOGIA E CIÊNCIAS;FTC SALVADOR;Faculdade ;Privada com fins lucrativos;63082;19;FARMÁCIA;Educação Presencial;2927408;SALVADOR;BA;74;64;45;0,7031;-0,3399;2,2657;3
2016;3368;CENTRO UNIVERSITÁRIO DO SUL DE MINAS;UNIS-MG;Centro Universitário;Pessoa Jurídica de Direito Privado - Sem fins lucrativos - Fundação;63338;55;BIOMEDICINA;Educação Presencial;3170701;VARGINHA;MG;14;14;13;0,9286;5,1387;4,9716;5
2016;3368;CENTRO UNIVERSITÁRIO DO SUL DE MINAS;UNIS-MG;Centro Universitário;Pessoa Jurídica de Direito Privado - Sem fins lucrativos - Fundação;63342;23;ENFERMAGEM;Educação Presencial;3170701;VARGINHA;MG;16;16;14;0,8750;3,0341;3,9318;4
2016;1807;INSTITUTO FEDERAL DE EDUCAÇÃO, CIÊNCIA E TECNOLOGIA DO CEARÁ;IFCE;Instituto Federal de Educação, Ciência e Tecnologia;Pessoa Jurídica de Direito Público - Federal;63393;92;TECNOLOGIA EM GESTÃO AMBIENTAL;Educação Presencial;2304400;FORTALEZA;CE;32;27;23;0,8519;-0,3891;2,3675;3
2016;2571;FACULDADE REDENTOR;FACREDENTOR;Faculdade ;Privada sem fins lucrativos;63430;38;SERVIÇO SOCIAL;Educação Presencial;3302205;ITAPERUNA;RJ;13;13;7;0,5385;1,4614;3,3260;4
2016;1510;CENTRO UNIVERSITÁRIO ESTÁCIO DE SANTA CATARINA - ESTÁCIO SANTA CATARINA;0;Centro Universitário;Privada com fins lucrativos;63536;36;FISIOTERAPIA;Educação Presencial;4216602;SÃO JOSÉ;SC;50;46;22;0,4783;-0,6038;2,2166;3
2016;457;UNIVERSIDADE ANHANGUERA DE SÃO PAULO - UNIAN-SP;UNIAN - SP;Universidade;Privada com fins lucrativos;63586;55;BIOMEDICINA;Educação Presencial;3548708;SÃO BERNARDO DO CAMPO;SP;71;63;33;0,5238;-0,0707;2,3708;3
2016;707;CENTRO UNIVERSITÁRIO CENTRAL PAULISTA;UNICEP;Centro Universitário;Privada com fins lucrativos;63606;19;FARMÁCIA;Educação Presencial;3548906;SÃO CARLOS;SP;25;21;13;0,6190;-1,5800;1,7266;2
2016;27;UNIVERSIDADE VALE DO RIO VERDE;UNINCOR;Universidade;Privada sem fins lucrativos;63670;23;ENFERMAGEM;Educação Presencial;3169307;TRÊS CORAÇÕES;MG;11;11;10;0,9091;2,5749;3,7156;4
2016;1586;UNIVERSIDADE DO VALE DO SAPUCAÍ;UNIVÁS;Universidade;Privada sem fins lucrativos;63678;36;FISIOTERAPIA;Educação Presencial;3152501;POUSO ALEGRE;MG;29;25;23;0,9200;0,8534;2,8671;3
2016;27;UNIVERSIDADE VALE DO RIO VERDE;UNINCOR;Universidade;Privada sem fins lucrativos;63696;6;ODONTOLOGIA;Educação Presencial;3106200;BELO HORIZONTE;MG;67;50;19;0,3800;-2,8960;0,0000;1
2016;1586;UNIVERSIDADE DO VALE DO SAPUCAÍ;UNIVÁS;Universidade;Privada sem fins lucrativos;63698;19;FARMÁCIA;Educação Presencial;3152501;POUSO ALEGRE;MG;59;58;47;0,8103;-0,2275;2,3146;3
2016;244;CENTRO UNIVERSITÁRIO FIEO;UNIFIEO;Centro Universitário;Privada sem fins lucrativos;63750;19;FARMÁCIA;Educação Presencial;3534401;OSASCO;SP;32;27;17;0,6296;-0,2768;2,2931;3
2016;150;UNIVERSIDADE DE SOROCABA;UNISO;Universidade;Privada sem fins lucrativos;63826;92;TECNOLOGIA EM GESTÃO AMBIENTAL;Educação Presencial;3552205;SOROCABA;SP;2;2;1;0,5000;;;SC
2016;572;UNIVERSIDADE FEDERAL FLUMINENSE;UFF;Universidade;Pessoa Jurídica de Direito Público - Federal;63834;55;BIOMEDICINA;Educação Presencial;3303302;NITERÓI;RJ;50;43;42;0,9767;-0,1568;2,3278;3
2016;402;CENTRO UNIVERSITÁRIO DE BRASÍLIA;UNICEUB;Centro Universitário;Privada sem fins lucrativos;63884;55;BIOMEDICINA;Educação Presencial;5300108;BRASÍLIA;DF;51;50;39;0,7800;0,0343;2,4232;3
2016;673;CENTRO UNIVERSITÁRIO DA GRANDE DOURADOS;UNIGRAN;Centro Universitário;Pessoa Jurídica de Direito Privado - Sem fins lucrativos - Fundação;63960;38;SERVIÇO SOCIAL;Educação Presencial;5003702;DOURADOS;MS;18;18;13;0,7222;-0,0594;2,6164;3
2016;673;CENTRO UNIVERSITÁRIO DA GRANDE DOURADOS;UNIGRAN;Centro Universitário;Pessoa Jurídica de Direito Privado - Sem fins lucrativos - Fundação;63962;19;FARMÁCIA;Educação Presencial;5003702;DOURADOS;MS;28;27;23;0,8519;1,2262;2,9465;4
2016;673;CENTRO UNIVERSITÁRIO DA GRANDE DOURADOS;UNIGRAN;Centro Universitário;Pessoa Jurídica de Direito Privado - Sem fins lucrativos - Fundação;63965;5;MEDICINA VETERINÁRIA;Educação Presencial;5003702;DOURADOS;MS;14;14;13;0,9286;0,8860;3,2636;4
2016;1036;UNIVERSIDADE DO ESTADO DE MINAS GERAIS;UEMG;Universidade;Pessoa Jurídica de Direito Público - Estadual;63978;36;FISIOTERAPIA;Educação Presencial;3122306;DIVINÓPOLIS;MG;39;37;32;0,8649;-0,2088;2,3929;3
2016;450;CENTRO UNIVERSITÁRIO LUTERANO DE JI-PARANÁ;CEULJI/ULBRA;Centro Universitário;Pessoa Jurídica de Direito Privado - Sem fins lucrativos - Fundação;63991;36;FISIOTERAPIA;Educação Presencial;1100122;JI-PARANÁ;RO;5;4;3;0,7500;0,2181;2,5835;3
2016;450;CENTRO UNIVERSITÁRIO LUTERANO DE JI-PARANÁ;CEULJI/ULBRA;Centro Universitário;Pessoa Jurídica de Direito Privado - Sem fins lucrativos - Fundação;63996;38;SERVIÇO SOCIAL;Educação Presencial;1100122;JI-PARANÁ;RO;37;34;24;0,7059;-1,6424;1,8777;2
2016;1045;CENTRO UNIVERSITÁRIO ANHANGÜERA;UNIFIAN;Centro Universitário;Privada com fins lucrativos;64016;23;ENFERMAGEM;Educação Presencial;3526704;LEME;SP;26;25;14;0,5600;-0,6802;2,1834;3
2016;3;UNIVERSIDADE FEDERAL DE SERGIPE;UFS;Universidade;Pessoa Jurídica de Direito Público - Federal;64064;38;SERVIÇO SOCIAL;Educação Presencial;2806701;SÃO CRISTÓVÃO;SE;83;65;45;0,6923;-1,9851;1,7178;2
2016;1126;UNIVERSIDADE ESTADUAL DO CENTRO OESTE;UNICENTRO;Universidade;Pessoa Jurídica de Direito Público - Estadual;64153;19;FARMÁCIA;Educação Presencial;4109401;GUARAPUAVA;PR;24;24;22;0,9167;0,8885;2,7997;3
2016;423;UNIVERSIDADE REGIONAL INTEGRADA DO ALTO URUGUAI E DAS MISSÕES;URI;Universidade;Privada sem fins lucrativos;64164;36;FISIOTERAPIA;Educação Presencial;4307005;ERECHIM;RS;19;19;16;0,8421;0,6213;2,7635;3
2016;1027;UNIVERSIDADE ESTADUAL DO NORTE FLUMINENSE DARCY RIBEIRO;UENF;Universidade;Pessoa Jurídica de Direito Público - Estadual;64210;51;ZOOTECNIA;Educação Presencial;3301009;CAMPOS DOS GOYTACAZES;RJ;10;10;7;0,7000;-2,3280;1,8404;2
2016;308;UNIVERSIDADE PRESIDENTE ANTÔNIO CARLOS;UNIPAC;Universidade;Pessoa Jurídica de Direito Privado - Sem fins lucrativos - Fundação;64455;3501;EDUCAÇÃO FÍSICA (BACHARELADO);Educação Presencial;3105608;BARBACENA;MG;24;21;12;0,5714;0,4168;2,6604;3
2016;295;UNIVERSIDADE DE SANTA CRUZ DO SUL;UNISC;Universidade;Privada sem fins lucrativos;64474;23;ENFERMAGEM;Educação Presencial;4316808;SANTA CRUZ DO SUL;RS;75;75;54;0,7200;0,0384;2,5217;3
2016;15450;Faculdade Única de Ipatinga;FUNIP;Faculdade ;Pessoa Jurídica de Direito Privado - Com fins lucrativos - Sociedade Civil;64476;27;FONOAUDIOLOGIA;Educação Presencial;3131307;IPATINGA;MG;35;35;30;0,8571;0,3196;2,4660;3
2016;441;UNIVERSIDADE DO CONTESTADO;UNC;Universidade;Privada sem fins lucrativos;64524;19;FARMÁCIA;Educação Presencial;4203808;CANOINHAS;SC;46;37;11;0,2973;-3,1237;1,0555;2
2016;441;UNIVERSIDADE DO CONTESTADO;UNC;Universidade;Privada sem fins lucrativos;64530;36;FISIOTERAPIA;Educação Presencial;4210100;MAFRA;SC;30;29;21;0,7241;0,7727;2,8311;3
2016;441;UNIVERSIDADE DO CONTESTADO;UNC;Universidade;Privada sem fins lucrativos;64536;23;ENFERMAGEM;Educação Presencial;4210100;MAFRA;SC;26;26;13;0,5000;1,8186;3,3596;4
2016;367;UNIVERSIDADE ESTADUAL DE MONTES CLAROS;UNIMONTES;Universidade;Pessoa Jurídica de Direito Público - Estadual;64594;38;SERVIÇO SOCIAL;Educação Presencial;3143302;MONTES CLAROS;MG;22;22;19;0,8636;1,6263;3,4030;4
2016;76;UNIVERSIDADE REGIONAL DE BLUMENAU;FURB;Universidade;Pessoa Jurídica de Direito Público - Municipal;64642;23;ENFERMAGEM;Educação Presencial;4202404;BLUMENAU;SC;25;22;8;0,3636;4,1575;4,4605;5
2016;142;CENTRO UNIVERSITÁRIO DO TRIÂNGULO;UNITRI;Centro Universitário;Pessoa Jurídica de Direito Privado - Sem fins lucrativos - Fundação;64668;95;TECNOLOGIA EM ESTÉTICA E COSMÉTICA;Educação Presencial;3170206;UBERLÂNDIA;MG;64;59;29;0,4915;-0,7007;2,0860;3
2016;666;UNIVERSIDADE ESTADUAL DE FEIRA DE SANTANA;UEFS;Universidade;Pessoa Jurídica de Direito Público - Estadual;64706;12;MEDICINA;Educação Presencial;2910800;FEIRA DE SANTANA;BA;30;30;22;0,7333;-0,9240;1,9184;2
2016;1189;UNIVERSIDADE DO PLANALTO CATARINENSE;UNIPLAC;Universidade;Privada sem fins lucrativos;64748;38;SERVIÇO SOCIAL;Educação Presencial;4209300;LAGES;SC;13;12;6;0,5000;2,8260;3,9627;5
2016;3488;Centro de Ensino Superior de Conselheiro Lafaiete;CES-CL;Faculdade ;Pessoa Jurídica de Direito Privado - Sem fins lucrativos - Fundação;64807;38;SERVIÇO SOCIAL;Educação Presencial;3118304;CONSELHEIRO LAFAIETE;MG;16;15;4;0,2667;-2,0962;1,6660;2
2016;20;UNIVERSIDADE DE PASSO FUNDO;UPF;Universidade;Privada sem fins lucrativos;64832;27;FONOAUDIOLOGIA;Educação Presencial;4314100;PASSO FUNDO;RS;37;36;36;1,0000;-0,3595;2,1506;3
2016;20;UNIVERSIDADE DE PASSO FUNDO;UPF;Universidade;Privada sem fins lucrativos;64836;28;NUTRIÇÃO;Educação Presencial;4314100;PASSO FUNDO;RS;30;23;20;0,8696;-0,3361;2,2924;3
2016;18;UNIVERSIDADE CATÓLICA DE PELOTAS;UCPEL;Universidade;Privada sem fins lucrativos;64838;36;FISIOTERAPIA;Educação Presencial;4314407;PELOTAS;RS;22;22;20;0,9091;-0,5268;2,2509;3
2016;30;UNIVERSIDADE JOSÉ DO ROSÁRIO VELLANO;UNIFENAS;Universidade;Privada sem fins lucrativos;64888;55;BIOMEDICINA;Educação Presencial;3122306;DIVINÓPOLIS;MG;20;20;16;0,8000;-0,4912;2,1609;3
2016;608;ESCOLA SUPERIOR DE CRUZEIRO  PREFEITO HAMILTON VIEIRA MENDES ;ESEFIC;Faculdade ;Pessoa Jurídica de Direito Público - Municipal;64898;3501;EDUCAÇÃO FÍSICA (BACHARELADO);Educação Presencial;3513405;CRUZEIRO;SP;8;7;1;0,1429;;;SC
2016;30;UNIVERSIDADE JOSÉ DO ROSÁRIO VELLANO;UNIFENAS;Universidade;Privada sem fins lucrativos;64916;23;ENFERMAGEM;Educação Presencial;3106200;BELO HORIZONTE;MG;40;38;24;0,6316;1,3606;3,1440;4
2016;30;UNIVERSIDADE JOSÉ DO ROSÁRIO VELLANO;UNIFENAS;Universidade;Privada sem fins lucrativos;64918;12;MEDICINA;Educação Presencial;3106200;BELO HORIZONTE;MG;167;164;136;0,8293;-0,2914;2,6080;3
2016;322;UNIVERSIDADE PAULISTA;UNIP;Universidade;Privada sem fins lucrativos;65065;6;ODONTOLOGIA;Educação Presencial;1302603;MANAUS;AM;17;17;14;0,8235;1,7076;4,2716;5
2016;449;UNIVERSIDADE LUTERANA DO BRASIL;ULBRA;Universidade;Pessoa Jurídica de Direito Privado - Sem fins lucrativos - Fundação;65092;55;BIOMEDICINA;Educação Presencial;4303004;CACHOEIRA DO SUL;RS;9;9;3;0,3333;2,8966;3,8523;4
2016;319;UNIVERSIDADE CAMILO CASTELO BRANCO;UNICASTELO;Universidade;Pessoa Jurídica de Direito Privado - Sem fins lucrativos - Fundação;65114;12;MEDICINA;Educação Presencial;3515509;FERNANDÓPOLIS;SP;52;48;38;0,7917;0,8505;3,8529;4
2016;5303;FACULDADE ANHANGÜERA DE DOURADOS;FAD;Faculdade ;Privada com fins lucrativos;65116;5;MEDICINA VETERINÁRIA;Educação Presencial;5003702;DOURADOS;MS;45;35;28;0,8000;-0,8763;1,9371;2
2016;3516;FACULDADE DE CIÊNCIAS DA SAÚDE ARCHIMEDES THEODORO;FAC - SAUDE ARTHE;Faculdade ;Pessoa Jurídica de Direito Público - Municipal;65138;3501;EDUCAÇÃO FÍSICA (BACHARELADO);Educação Presencial;3101508;ALÉM PARAÍBA;MG;46;33;2;0,0606;;;SC
2016;513;UNIVERSIDADE VALE DO RIO DOCE;UNIVALE;Universidade;Pessoa Jurídica de Direito Privado - Sem fins lucrativos - Fundação;65162;36;FISIOTERAPIA;Educação Presencial;3127701;GOVERNADOR VALADARES;MG;27;24;22;0,9167;0,3018;2,6209;3
2016;165;UNIVERSIDADE VEIGA DE ALMEIDA;UVA;Universidade;Privada com fins lucrativos;65188;36;FISIOTERAPIA;Educação Presencial;3300704;CABO FRIO;RJ;9;9;7;0,7778;1,6920;3,2415;4
2016;165;UNIVERSIDADE VEIGA DE ALMEIDA;UVA;Universidade;Privada com fins lucrativos;65190;23;ENFERMAGEM;Educação Presencial;3300704;CABO FRIO;RJ;67;64;37;0,5781;-0,4077;2,3117;3
2016;403;UNIVERSIDADE CATÓLICA DE BRASÍLIA;UCB;Universidade;Privada sem fins lucrativos;65212;23;ENFERMAGEM;Educação Presencial;5300108;BRASÍLIA;DF;60;55;40;0,7273;0,2345;2,6140;3
2016;2494;FUNVIC - FACULDADE DE PINDAMONHANGABA;0;Faculdade ;Pessoa Jurídica de Direito Privado - Sem fins lucrativos - Fundação;65240;6;ODONTOLOGIA;Educação Presencial;3538006;PINDAMONHANGABA;SP;28;28;16;0,5714;-1,0238;1,3919;2
2016;4;UNIVERSIDADE FEDERAL DO AMAZONAS;UFAM;Universidade;Pessoa Jurídica de Direito Público - Federal;65424;51;ZOOTECNIA;Educação Presencial;1302603;MANAUS;AM;8;6;6;1,0000;4,7042;4,7554;5
2016;663;UNIVERSIDADE SALGADO DE OLIVEIRA;UNIVERSO;Universidade;Pessoa Jurídica de Direito Privado - Sem fins lucrativos - Fundação;65446;36;FISIOTERAPIA;Educação Presencial;3136702;JUIZ DE FORA;MG;58;53;36;0,6792;-0,0244;2,4752;3
2016;80;CENTRO UNIVERSITÁRIO PARA O DESENVOLVIMENTO DO ALTO VALE DO ITAJAÍ;UNIDAVI;Centro Universitário;Privada sem fins lucrativos;65771;23;ENFERMAGEM;Educação Presencial;4214805;RIO DO SUL;SC;19;19;9;0,4737;2,9280;3,8818;4
2016;663;UNIVERSIDADE SALGADO DE OLIVEIRA;UNIVERSO;Universidade;Pessoa Jurídica de Direito Privado - Sem fins lucrativos - Fundação;65861;19;FARMÁCIA;Educação Presencial;3304904;SÃO GONÇALO;RJ;31;31;8;0,2581;-0,9470;2,0018;3
2016;322;UNIVERSIDADE PAULISTA;UNIP;Universidade;Privada sem fins lucrativos;65869;6;ODONTOLOGIA;Educação Presencial;5208707;GOIÂNIA;GO;115;101;75;0,7426;-0,0427;2,4264;3
2016;322;UNIVERSIDADE PAULISTA;UNIP;Universidade;Privada sem fins lucrativos;65874;36;FISIOTERAPIA;Educação Presencial;3548500;SANTOS;SP;36;28;22;0,7857;0,2929;2,6169;3
2016;663;UNIVERSIDADE SALGADO DE OLIVEIRA;UNIVERSO;Universidade;Pessoa Jurídica de Direito Privado - Sem fins lucrativos - Fundação;65892;3501;EDUCAÇÃO FÍSICA (BACHARELADO);Educação Presencial;2611606;RECIFE;PE;74;69;31;0,4493;-0,7490;2,1258;3
2016;663;UNIVERSIDADE SALGADO DE OLIVEIRA;UNIVERSO;Universidade;Pessoa Jurídica de Direito Privado - Sem fins lucrativos - Fundação;65897;36;FISIOTERAPIA;Educação Presencial;2611606;RECIFE;PE;46;43;23;0,5349;-0,3582;2,3262;3
2016;663;UNIVERSIDADE SALGADO DE OLIVEIRA;UNIVERSO;Universidade;Pessoa Jurídica de Direito Privado - Sem fins lucrativos - Fundação;65901;19;FARMÁCIA;Educação Presencial;3303302;NITERÓI;RJ;17;16;4;0,2500;-9,5974;0,0000;1
2016;308;UNIVERSIDADE PRESIDENTE ANTÔNIO CARLOS;UNIPAC;Universidade;Pessoa Jurídica de Direito Privado - Sem fins lucrativos - Fundação;65924;12;MEDICINA;Educação Presencial;3136702;JUIZ DE FORA;MG;101;97;68;0,7010;-1,8711;0,8858;1
2016;1292;Centro Universitário de Adamantina;FAI;Centro Universitário;Pessoa Jurídica de Direito Público - Municipal;65971;5;MEDICINA VETERINÁRIA;Educação Presencial;3500105;ADAMANTINA;SP;37;33;25;0,7576;-1,6258;1,3729;2
2016;15032;UNIVERSIDADE ALTO VALE DO RIO DO PEIXE;UNIARP;Universidade;Privada sem fins lucrativos;65977;36;FISIOTERAPIA;Educação Presencial;4203006;CAÇADOR;SC;14;13;7;0,5385;1,3572;3,0920;4
2016;1253;FACULDADE METODISTA GRANBERY;FMG;Faculdade ;Privada sem fins lucrativos;66103;3501;EDUCAÇÃO FÍSICA (BACHARELADO);Educação Presencial;3136702;JUIZ DE FORA;MG;61;56;35;0,6250;0,0459;2,4903;3
2016;13;UNIVERSIDADE DE CAXIAS DO SUL;UCS;Universidade;Privada sem fins lucrativos;66131;3501;EDUCAÇÃO FÍSICA (BACHARELADO);Educação Presencial;4305108;CAXIAS DO SUL;RS;128;100;24;0,2400;-0,1449;2,4028;3
2016;29;UNIVERSIDADE ESTADUAL DO CEARÁ;UECE;Universidade;Pessoa Jurídica de Direito Público - Estadual;66248;12;MEDICINA;Educação Presencial;2304400;FORTALEZA;CE;33;27;27;1,0000;1,3311;4,3768;5
2016;316;UNIVERSIDADE NOVE DE JULHO;UNINOVE;Universidade;Privada sem fins lucrativos;66256;28;NUTRIÇÃO;Educação Presencial;3550308;SÃO PAULO;SP;68;57;32;0,5614;-0,8006;2,0829;3
2016;316;UNIVERSIDADE NOVE DE JULHO;UNINOVE;Universidade;Privada sem fins lucrativos;66270;36;FISIOTERAPIA;Educação Presencial;3550308;SÃO PAULO;SP;38;35;27;0,7714;0,3630;2,6482;3
2016;316;UNIVERSIDADE NOVE DE JULHO;UNINOVE;Universidade;Privada sem fins lucrativos;66275;19;FARMÁCIA;Educação Presencial;3550308;SÃO PAULO;SP;62;61;23;0,3770;0,7663;2,7466;3
2016;316;UNIVERSIDADE NOVE DE JULHO;UNINOVE;Universidade;Privada sem fins lucrativos;66288;23;ENFERMAGEM;Educação Presencial;3550308;SÃO PAULO;SP;224;201;71;0,3532;-0,2035;2,4078;3
2016;176;UNIVERSIDADE CASTELO BRANCO;UCB;Universidade;Privada sem fins lucrativos;66349;23;ENFERMAGEM;Educação Presencial;3304557;RIO DE JANEIRO;RJ;139;124;70;0,5645;-0,1444;2,4356;3
2016;1664;FACULDADE DA SAÚDE E ECOLOGIA HUMANA;FASEH;Faculdade ;Privada com fins lucrativos;66361;12;MEDICINA;Educação Presencial;3171204;VESPASIANO;MG;72;71;56;0,7887;-0,2215;2,6842;3
2016;581;UNIVERSIDADE FEDERAL DO RIO GRANDE DO SUL;UFRGS;Universidade;Pessoa Jurídica de Direito Público - Federal;66463;55;BIOMEDICINA;Educação Presencial;4314902;PORTO ALEGRE;RS;24;24;24;1,0000;0,1178;2,4649;3
2016;322;UNIVERSIDADE PAULISTA;UNIP;Universidade;Privada sem fins lucrativos;66514;23;ENFERMAGEM;Educação Presencial;3550308;SÃO PAULO;SP;45;41;12;0,2927;2,5092;3,6847;4
2016;322;UNIVERSIDADE PAULISTA;UNIP;Universidade;Privada sem fins lucrativos;66545;36;FISIOTERAPIA;Educação Presencial;3547304;SANTANA DE PARNAÍBA;SP;14;12;8;0,6667;2,5991;3,6465;4
2016;1486;FACULDADE ESTÁCIO DE SÁ DE VITÓRIA;FESV;Faculdade ;Privada com fins lucrativos;66566;3501;EDUCAÇÃO FÍSICA (BACHARELADO);Educação Presencial;3205309;VITÓRIA;ES;31;30;12;0,4000;2,0743;3,4205;4
2016;1509;Centro Universitário Estácio de Belo Horizonte - Estácio BH;ESTÁCIO BH;Centro Universitário;Privada com fins lucrativos;66625;36;FISIOTERAPIA;Educação Presencial;3106200;BELO HORIZONTE;MG;50;49;31;0,6327;-0,3554;2,3274;3
2016;1509;Centro Universitário Estácio de Belo Horizonte - Estácio BH;ESTÁCIO BH;Centro Universitário;Privada com fins lucrativos;66627;23;ENFERMAGEM;Educação Presencial;3106200;BELO HORIZONTE;MG;46;46;18;0,3913;-0,2197;2,4002;3
2016;15015;Universidade Estadual do Norte do Paraná;UENP;Universidade;Pessoa Jurídica de Direito Público - Estadual;66655;36;FISIOTERAPIA;Educação Presencial;4111803;JACAREZINHO;PR;27;27;24;0,8889;-0,8365;2,1126;3
2016;1336;CENTRO UNIVERSITÁRIO ASSIS GURGACZ;FAG;Centro Universitário;Privada sem fins lucrativos;66759;23;ENFERMAGEM;Educação Presencial;4104808;CASCAVEL;PR;38;38;23;0,6053;-0,4070;2,3120;3
2016;1336;CENTRO UNIVERSITÁRIO ASSIS GURGACZ;FAG;Centro Universitário;Privada sem fins lucrativos;66761;17;AGRONOMIA;Educação Presencial;4104808;CASCAVEL;PR;102;96;74;0,7708;0,3082;3,0424;4
2016;2413;FACULDADE DE ENSINO SUPERIOR DE FLORIANO;FAESF;Faculdade ;Privada com fins lucrativos;66905;23;ENFERMAGEM;Educação Presencial;2203909;FLORIANO;PI;19;19;18;0,9474;-1,0303;2,0186;3
2016;56;UNIVERSIDADE ESTADUAL PAULISTA JÚLIO DE MESQUITA FILHO;UNESP;Universidade;Pessoa Jurídica de Direito Público - Estadual;67013;51;ZOOTECNIA;Educação Presencial;3520442;ILHA SOLTEIRA;SP;31;31;27;0,8710;-2,5108;1,7646;2
2016;140;UNIVERSIDADE SEVERINO SOMBRA;USS;Universidade;Privada sem fins lucrativos;67036;55;BIOMEDICINA;Educação Presencial;3306206;VASSOURAS;RJ;1;1;1;1,0000;;;SC
2016;386;CENTRO UNIVERSITÁRIO DE GOIÁS;UNI-ANHANGÜERA;Centro Universitário;Privada com fins lucrativos;67133;92;TECNOLOGIA EM GESTÃO AMBIENTAL;Educação Presencial;5208707;GOIÂNIA;GO;29;15;11;0,7333;4,5424;4,1554;5
2016;2368;FACULDADE SÃO LEOPOLDO MANDIC;0;Faculdade ;Privada com fins lucrativos;67156;6;ODONTOLOGIA;Educação Presencial;3509502;CAMPINAS;SP;33;32;29;0,9063;1,2065;3,7433;4
2016;1600;INSTITUTO DE CIÊNCIAS DA SAÚDE;ICS;Faculdade ;Privada sem fins lucrativos;67202;28;NUTRIÇÃO;Educação Presencial;3143302;MONTES CLAROS;MG;30;27;21;0,7778;-0,7160;2,1211;3
2016;1600;INSTITUTO DE CIÊNCIAS DA SAÚDE;ICS;Faculdade ;Privada sem fins lucrativos;67204;36;FISIOTERAPIA;Educação Presencial;3143302;MONTES CLAROS;MG;168;161;143;0,8882;-0,0878;2,4469;3
2016;1600;INSTITUTO DE CIÊNCIAS DA SAÚDE;ICS;Faculdade ;Privada sem fins lucrativos;67206;55;BIOMEDICINA;Educação Presencial;3143302;MONTES CLAROS;MG;40;31;29;0,9355;0,1122;2,4621;3
2016;1913;FACULDADE DE MINAS;FAMINAS;Centro Universitário;Privada com fins lucrativos;67208;28;NUTRIÇÃO;Educação Presencial;3143906;MURIAÉ;MG;12;12;11;0,9167;-0,3773;2,2738;3
2016;1336;CENTRO UNIVERSITÁRIO ASSIS GURGACZ;FAG;Centro Universitário;Privada sem fins lucrativos;67223;19;FARMÁCIA;Educação Presencial;4104808;CASCAVEL;PR;19;19;15;0,7895;1,9261;3,2508;4
2016;1430;CENTRO UNIVERSITÁRIO INGÁ;0;Centro Universitário;Privada sem fins lucrativos;67228;55;BIOMEDICINA;Educação Presencial;4115200;MARINGÁ;PR;17;17;15;0,8824;1,6166;3,2132;4
2016;2409;FACULDADE ASCES;ASCES;Centro Universitário;Privada sem fins lucrativos;67259;3501;EDUCAÇÃO FÍSICA (BACHARELADO);Educação Presencial;2604106;CARUARU;PE;65;55;38;0,6909;0,6012;2,7450;3
2016;2409;FACULDADE ASCES;ASCES;Centro Universitário;Privada sem fins lucrativos;67261;36;FISIOTERAPIA;Educação Presencial;2604106;CARUARU;PE;69;68;63;0,9265;0,0361;2,5022;3
2016;2409;FACULDADE ASCES;ASCES;Centro Universitário;Privada sem fins lucrativos;67291;55;BIOMEDICINA;Educação Presencial;2604106;CARUARU;PE;61;59;56;0,9492;0,0627;2,4374;3
2016;3641;CENTRO UNIVERSITÁRIO DA FUNDAÇÃO EDUCACIONAL DE BARRETOS;UNIFEB;Centro Universitário;Privada sem fins lucrativos;67297;38;SERVIÇO SOCIAL;Educação Presencial;3505500;BARRETOS;SP;41;29;23;0,7931;-0,0846;2,6046;3
2016;1066;INSTITUTO DE ENSINO E PESQUISA OBJETIVO;IEPO;Faculdade ;Privada sem fins lucrativos;67319;36;FISIOTERAPIA;Educação Presencial;1721000;PALMAS;TO;21;18;12;0,6667;-0,1961;2,3986;3
2016;4522;CENTRO UNIVERSITÁRIO CATÓLICO SALESIANO AUXILIUM;UNISALESIANO;Centro Universitário;Privada sem fins lucrativos;67463;36;FISIOTERAPIA;Educação Presencial;3502804;ARAÇATUBA;SP;28;26;22;0,8462;0,1170;2,5383;3
2016;4522;CENTRO UNIVERSITÁRIO CATÓLICO SALESIANO AUXILIUM;UNISALESIANO;Centro Universitário;Privada sem fins lucrativos;67465;23;ENFERMAGEM;Educação Presencial;3502804;ARAÇATUBA;SP;26;23;18;0,7826;0,4631;2,7216;3
2016;1546;FACULDADE DE EDUCAÇÃO SÃO FRANCISCO;FAESF;Faculdade ;Privada sem fins lucrativos;67498;23;ENFERMAGEM;Educação Presencial;2108207;PEDREIRAS;MA;26;26;23;0,8846;0,2116;2,6032;3
2016;2348;INSTITUIÇÃO DE ENSINO SÃO FRANCISCO;IESF;Faculdade ;Privada com fins lucrativos;67500;23;ENFERMAGEM;Educação Presencial;3530706;MOGI GUAÇU;SP;17;16;6;0,3750;1,6629;3,2863;4
2016;494;UNIVERSIDADE DO SUL DE SANTA CATARINA;UNISUL;Universidade;Privada sem fins lucrativos;67527;38;SERVIÇO SOCIAL;Educação Presencial;4211900;PALHOÇA;SC;1;1;0;0,0000;;;SC
2016;1913;FACULDADE DE MINAS;FAMINAS;Centro Universitário;Privada com fins lucrativos;67564;36;FISIOTERAPIA;Educação Presencial;3143906;MURIAÉ;MG;15;12;11;0,9167;-0,6254;2,2069;3
2016;2647;FACULDADE INTEGRADA DE SANTA MARIA;FISMA;Faculdade ;Privada com fins lucrativos;67569;23;ENFERMAGEM;Educação Presencial;4316907;SANTA MARIA;RS;63;61;40;0,6557;-1,4467;1,8226;2
2016;1494;FACULDADE CATÓLICA SALESIANA DO ESPÍRITO SANTO;0;Centro Universitário;Privada sem fins lucrativos;67582;23;ENFERMAGEM;Educação Presencial;3205309;VITÓRIA;ES;58;47;29;0,6170;-0,5026;2,2670;3
2016;1600;INSTITUTO DE CIÊNCIAS DA SAÚDE;ICS;Faculdade ;Privada sem fins lucrativos;67584;27;FONOAUDIOLOGIA;Educação Presencial;3143302;MONTES CLAROS;MG;34;31;29;0,9355;0,8755;2,7241;3
2016;5520;FACULDADE CATHEDRAL;FACES;Faculdade ;Privada com fins lucrativos;67586;19;FARMÁCIA;Educação Presencial;1400100;BOA VISTA;RR;10;10;7;0,7000;-3,6093;0,8444;1
2016;5520;FACULDADE CATHEDRAL;FACES;Faculdade ;Privada com fins lucrativos;67588;36;FISIOTERAPIA;Educação Presencial;1400100;BOA VISTA;RR;24;23;19;0,8261;-0,1010;2,4410;3
2016;1519;FACULDADE DE PATO BRANCO;FADEP;Faculdade ;Privada com fins lucrativos;67599;28;NUTRIÇÃO;Educação Presencial;4118501;PATO BRANCO;PR;29;25;23;0,9200;0,1860;2,5278;3
2016;671;UNIVERSIDADE ANHANGUERA - UNIDERP;UNIDERP;Universidade;Privada com fins lucrativos;67605;28;NUTRIÇÃO;Educação Presencial;5002704;CAMPO GRANDE;MS;73;55;46;0,8364;-0,3935;2,2665;3
2016;1913;FACULDADE DE MINAS;FAMINAS;Centro Universitário;Privada com fins lucrativos;67617;23;ENFERMAGEM;Educação Presencial;3143906;MURIAÉ;MG;34;29;24;0,8276;0,9350;2,9437;3
2016;494;UNIVERSIDADE DO SUL DE SANTA CATARINA;UNISUL;Universidade;Privada sem fins lucrativos;67643;3501;EDUCAÇÃO FÍSICA (BACHARELADO);Educação Presencial;4218707;TUBARÃO;SC;27;27;13;0,4815;2,9221;3,8093;4
2016;2826;FACULDADE NOSSA SENHORA DE FÁTIMA;FACULDADE FÁTIMA;Faculdade ;Privada sem fins lucrativos;67647;23;ENFERMAGEM;Educação Presencial;4305108;CAXIAS DO SUL;RS;26;26;11;0,4231;0,5798;2,7765;3
2016;1869;CENTRO UNIVERSITÁRIO DE ITAJUBÁ;FEPI;Centro Universitário;Privada sem fins lucrativos;67795;19;FARMÁCIA;Educação Presencial;3132404;ITAJUBÁ;MG;1;1;0;0,0000;;;SC
2016;1913;FACULDADE DE MINAS;FAMINAS;Centro Universitário;Privada com fins lucrativos;67799;19;FARMÁCIA;Educação Presencial;3143906;MURIAÉ;MG;15;12;12;1,0000;1,1415;2,9097;3
2016;663;UNIVERSIDADE SALGADO DE OLIVEIRA;UNIVERSO;Universidade;Pessoa Jurídica de Direito Privado - Sem fins lucrativos - Fundação;67859;95;TECNOLOGIA EM ESTÉTICA E COSMÉTICA;Educação Presencial;3136702;JUIZ DE FORA;MG;63;59;39;0,6610;0,0165;2,5254;3
2016;1591;FACULDADE ESTÁCIO MACAPÁ - ESTÁCIO MACAPÁ;ESTÁCIO MACAPÁ;Faculdade ;Privada sem fins lucrativos;67936;55;BIOMEDICINA;Educação Presencial;1600303;MACAPÁ;AP;81;78;58;0,7436;-0,2004;2,3061;3
2016;1591;FACULDADE ESTÁCIO MACAPÁ - ESTÁCIO MACAPÁ;ESTÁCIO MACAPÁ;Faculdade ;Privada sem fins lucrativos;67938;36;FISIOTERAPIA;Educação Presencial;1600303;MACAPÁ;AP;41;39;29;0,7436;-0,2679;2,3665;3
2016;2787;FACULDADES PEQUENO PRÍNCIPE;FPP;Faculdade ;Privada sem fins lucrativos;67989;23;ENFERMAGEM;Educação Presencial;4106902;CURITIBA;PR;24;24;21;0,8750;0,2968;2,6433;3
2016;319;UNIVERSIDADE CAMILO CASTELO BRANCO;UNICASTELO;Universidade;Pessoa Jurídica de Direito Privado - Sem fins lucrativos - Fundação;68042;6;ODONTOLOGIA;Educação Presencial;3515509;FERNANDÓPOLIS;SP;65;61;41;0,6721;-0,3606;2,0912;3
2016;719;UNIVERSIDADE DO ESTADO DE MATO GROSSO;UNEMAT;Universidade;Pessoa Jurídica de Direito Público - Estadual;68063;51;ZOOTECNIA;Educação Presencial;5106752;PONTES E LACERDA;MT;35;31;25;0,8065;-2,5670;1,7413;2
2016;146;CENTRO UNIVERSITÁRIO DE RIO PRETO;UNIRP;Centro Universitário;Privada com fins lucrativos;68085;23;ENFERMAGEM;Educação Presencial;3549805;SÃO JOSÉ DO RIO PRETO;SP;27;27;4;0,1481;;;SC
2016;271;UNIVERSIDADE DO OESTE PAULISTA;UNOESTE;Universidade;Privada sem fins lucrativos;68099;69;TECNOLOGIA EM RADIOLOGIA;Educação Presencial;3541406;PRESIDENTE PRUDENTE;SP;21;12;10;0,8333;-0,6427;2,2197;3
2016;1085;FACULDADE METODISTA DE SANTA MARIA;FAMES;Faculdade ;Privada sem fins lucrativos;68119;3501;EDUCAÇÃO FÍSICA (BACHARELADO);Educação Presencial;4316907;SANTA MARIA;RS;49;48;24;0,5000;-1,1109;1,9598;3
2016;2582;FACULDADE DE ENSINO SUPERIOR DO CENTRO DO PARANÁ;UCP;Faculdade ;Privada sem fins lucrativos;68151;38;SERVIÇO SOCIAL;Educação Presencial;4119608;PITANGA;PR;24;23;18;0,7826;0,1280;2,7038;3
2016;1927;FACULDADES INTEGRADAS DO VALE DO IGUAÇU;0;Faculdade ;Privada com fins lucrativos;68155;19;FARMÁCIA;Educação Presencial;4128203;UNIÃO DA VITÓRIA;PR;26;26;20;0,7692;0,6102;2,6787;3
2016;589;UNIVERSIDADE FEDERAL RURAL DO SEMI-ÁRIDO;UFERSA;Universidade;Pessoa Jurídica de Direito Público - Federal;68180;51;ZOOTECNIA;Educação Presencial;2408003;MOSSORÓ;RN;15;13;12;0,9231;0,2797;2,9213;3
2016;1107;Centro Universitário Estácio do Ceará;Estácio FIC;Centro Universitário;Privada com fins lucrativos;68267;91;TECNOLOGIA EM GESTÃO HOSPITALAR;Educação Presencial;2304400;FORTALEZA;CE;7;6;3;0,5000;2,1419;3,1170;4
2016;736;FACULDADE PITÁGORAS DE LINHARES;0;Faculdade ;Privada com fins lucrativos;68378;36;FISIOTERAPIA;Educação Presencial;3203205;LINHARES;ES;1;0;0;0,0000;;;SC
2016;736;FACULDADE PITÁGORAS DE LINHARES;0;Faculdade ;Privada com fins lucrativos;68383;19;FARMÁCIA;Educação Presencial;3203205;LINHARES;ES;15;15;11;0,7333;-0,4127;2,2340;3
2016;1490;FACULDADE DE JAGUARIÚNA;FAJ;Faculdade ;Pessoa Jurídica de Direito Privado - Com fins lucrativos - Sociedade Mercantil ou Comercial;68402;28;NUTRIÇÃO;Educação Presencial;3524709;JAGUARIÚNA;SP;34;31;18;0,5806;-0,7279;2,1157;3
2016;1717;FACULDADE DE IMPERATRIZ;FACIMP;Faculdade ;Privada com fins lucrativos;68411;19;FARMÁCIA;Educação Presencial;2105302;IMPERATRIZ;MA;50;45;38;0,8444;-0,3073;2,2799;3
2016;1490;FACULDADE DE JAGUARIÚNA;FAJ;Faculdade ;Pessoa Jurídica de Direito Privado - Com fins lucrativos - Sociedade Mercantil ou Comercial;68524;3501;EDUCAÇÃO FÍSICA (BACHARELADO);Educação Presencial;3524709;JAGUARIÚNA;SP;30;29;19;0,6552;2,5829;3,6538;4
2016;1575;CENTRO UNIVERSITÁRIO DO PLANALTO DE ARAXÁ;UNIARAXÁ;Centro Universitário;Privada sem fins lucrativos;68544;36;FISIOTERAPIA;Educação Presencial;3104007;ARAXÁ;MG;17;16;12;0,7500;0,4228;2,6749;3
2016;2835;CENTRO UNIVERSITÁRIO MAURÍCIO DE NASSAU;UNINASSAU;Centro Universitário;Privada com fins lucrativos;68587;55;BIOMEDICINA;Educação Presencial;2611606;RECIFE;PE;130;75;59;0,7867;-0,3039;2,2544;3
2016;545;FACULDADE DE CIÊNCIAS ADMINISTRATIVAS E CONTÁBEIS DE ITABIRA;FACCI;Faculdade ;Privada sem fins lucrativos;68592;19;FARMÁCIA;Educação Presencial;3131703;ITABIRA;MG;1;1;1;1,0000;;;SC
2016;54;UNIVERSIDADE ESTADUAL DE CAMPINAS;UNICAMP;Universidade;Pessoa Jurídica de Direito Público - Estadual;68829;19;FARMÁCIA;Educação Presencial;3509502;CAMPINAS;SP;30;29;27;0,9310;-1,0450;1,9592;3
2016;5591;FACULDADES INTEGRADAS CAMÕES;FICA;Faculdade ;Privada com fins lucrativos;68895;92;TECNOLOGIA EM GESTÃO AMBIENTAL;Educação Presencial;4106902;CURITIBA;PR;23;21;17;0,8095;-1,2206;2,0661;3
2016;1185;CENTRO UNIVERSITÁRIO JORGE AMADO;UNIJORGE;Centro Universitário;Privada com fins lucrativos;68939;36;FISIOTERAPIA;Educação Presencial;2927408;SALVADOR;BA;57;54;40;0,7407;0,1154;2,5377;3
2016;1185;CENTRO UNIVERSITÁRIO JORGE AMADO;UNIJORGE;Centro Universitário;Privada com fins lucrativos;68941;23;ENFERMAGEM;Educação Presencial;2927408;SALVADOR;BA;188;184;127;0,6902;-0,3658;2,3314;3
2016;1717;FACULDADE DE IMPERATRIZ;FACIMP;Faculdade ;Privada com fins lucrativos;68949;23;ENFERMAGEM;Educação Presencial;2105302;IMPERATRIZ;MA;35;30;26;0,8667;-0,6059;2,2184;3
2016;1084;FACULDADE CENECISTA DE BENTO GONÇALVES;FACEBG;Faculdade ;Privada sem fins lucrativos;68953;23;ENFERMAGEM;Educação Presencial;4302105;BENTO GONÇALVES;RS;12;12;7;0,5833;3,5679;4,1830;5
2016;3875;CENTRO UNIVERSITÁRIO DA FUNDAÇÃO EDUCACIONAL GUAXUPÉ;UNIFEG;Centro Universitário;Privada sem fins lucrativos;68955;38;SERVIÇO SOCIAL;Educação Presencial;3128709;GUAXUPÉ;MG;17;15;12;0,8000;-3,1869;1,1570;2
2016;5550;FACULDADE ANHANGUERA DE ANÁPOLIS;FAAA;Faculdade ;Privada com fins lucrativos;68967;23;ENFERMAGEM;Educação Presencial;5201108;ANÁPOLIS;GO;76;24;16;0,6667;-1,2125;1,9328;2
2016;2135;CENTRO UNIVERSITÁRIO CATÓLICA DE QUIXADÁ;0;Centro Universitário;Pessoa Jurídica de Direito Privado - Sem fins lucrativos - Associação de Utilidade Pública;68998;23;ENFERMAGEM;Educação Presencial;2311306;QUIXADÁ;CE;36;33;32;0,9697;-0,6527;2,1964;3
2016;5550;FACULDADE ANHANGUERA DE ANÁPOLIS;FAAA;Faculdade ;Privada com fins lucrativos;69058;5;MEDICINA VETERINÁRIA;Educação Presencial;5201108;ANÁPOLIS;GO;177;171;123;0,7193;-0,7553;2,0282;3
2016;1703;INSTITUTO DE ENSINO SUPERIOR DE RIO VERDE;IESRIVER;Faculdade ;Privada sem fins lucrativos;69060;23;ENFERMAGEM;Educação Presencial;5218805;RIO VERDE;GO;25;23;12;0,5217;-0,9060;2,0771;3
2016;1053;FACULDADE DE TECNOLOGIA E CIÊNCIAS DE FEIRA DE SANTANA;FTC;Faculdade ;Privada com fins lucrativos;69062;23;ENFERMAGEM;Educação Presencial;2910800;FEIRA DE SANTANA;BA;51;46;33;0,7174;0,8055;2,8827;3
2016;1461;FACULDADE DE TECNOLOGIA E CIÊNCIAS;FTC SALVADOR;Faculdade ;Privada com fins lucrativos;69065;55;BIOMEDICINA;Educação Presencial;2927408;SALVADOR;BA;27;27;24;0,8889;-0,4679;2,1725;3
2016;446;UNIVERSIDADE DE CRUZ ALTA;UNICRUZ;Universidade;Privada sem fins lucrativos;69109;55;BIOMEDICINA;Educação Presencial;4306106;CRUZ ALTA;RS;11;10;10;1,0000;1,6071;3,2085;4
2016;1486;FACULDADE ESTÁCIO DE SÁ DE VITÓRIA;FESV;Faculdade ;Privada com fins lucrativos;69169;36;FISIOTERAPIA;Educação Presencial;3205309;VITÓRIA;ES;16;16;10;0,6250;1,4799;3,1468;4
2016;515;CENTRO UNIVERSITÁRIO ANHANGUERA DE NITERÓI;UNIAN;Centro Universitário;Privada com fins lucrativos;69197;23;ENFERMAGEM;Educação Presencial;3303302;NITERÓI;RJ;133;45;24;0,5333;-0,0092;2,4992;3
2016;3363;FACULDADE GUARAÍ;FAG;Faculdade ;Privada com fins lucrativos;69285;23;ENFERMAGEM;Educação Presencial;1709302;GUARAÍ;TO;19;19;14;0,7368;-2,0561;1,5358;2
2016;5550;FACULDADE ANHANGUERA DE ANÁPOLIS;FAAA;Faculdade ;Privada com fins lucrativos;69302;36;FISIOTERAPIA;Educação Presencial;5201108;ANÁPOLIS;GO;18;17;14;0,8235;-0,0193;2,4775;3
2016;1227;FACULDADE SÃO FRANCISCO DE BARREIRAS - FASB;FASB;Faculdade ;Pessoa Jurídica de Direito Privado - Sem fins lucrativos - Fundação;69304;36;FISIOTERAPIA;Educação Presencial;2903201;BARREIRAS;BA;26;25;23;0,9200;-0,2947;2,3546;3
2016;1227;FACULDADE SÃO FRANCISCO DE BARREIRAS - FASB;FASB;Faculdade ;Pessoa Jurídica de Direito Privado - Sem fins lucrativos - Fundação;69306;17;AGRONOMIA;Educação Presencial;2903201;BARREIRAS;BA;25;25;20;0,8000;-0,5860;2,5023;3
2016;1227;FACULDADE SÃO FRANCISCO DE BARREIRAS - FASB;FASB;Faculdade ;Pessoa Jurídica de Direito Privado - Sem fins lucrativos - Fundação;69308;23;ENFERMAGEM;Educação Presencial;2903201;BARREIRAS;BA;49;49;31;0,6327;0,3842;2,6845;3
2016;1899;FACULDADE DO NOROESTE PARANAENSE;FANP;Faculdade ;Privada com fins lucrativos;69310;38;SERVIÇO SOCIAL;Educação Presencial;4116901;NOVA ESPERANÇA;PR;6;5;2;0,4000;-3,0734;1,2100;2
2016;1300;INSTITUTO TAQUARITINGUENSE DE ENSINO SUPERIOR DR. ARISTIDES DE CARVALHO SCHLOBACH;ITES;Faculdade ;Privada sem fins lucrativos;69366;17;AGRONOMIA;Educação Presencial;3553708;TAQUARITINGA;SP;65;61;25;0,4098;-1,0746;2,2071;3
2016;482;UNIVERSIDADE DO EXTREMO SUL CATARINENSE;UNESC;Universidade;Pessoa Jurídica de Direito Privado - Sem fins lucrativos - Associação de Utilidade Pública;69420;28;NUTRIÇÃO;Educação Presencial;4204608;CRICIÚMA;SC;40;39;23;0,5897;0,7192;2,7682;3
2016;482;UNIVERSIDADE DO EXTREMO SUL CATARINENSE;UNESC;Universidade;Pessoa Jurídica de Direito Privado - Sem fins lucrativos - Associação de Utilidade Pública;69430;3501;EDUCAÇÃO FÍSICA (BACHARELADO);Educação Presencial;4204608;CRICIÚMA;SC;45;38;16;0,4211;0,3428;2,6265;3
2016;515;CENTRO UNIVERSITÁRIO ANHANGUERA DE NITERÓI;UNIAN;Centro Universitário;Privada com fins lucrativos;69434;38;SERVIÇO SOCIAL;Educação Presencial;3303302;NITERÓI;RJ;154;114;55;0,4825;-0,1034;2,5959;3
2016;496;UNIVERSIDADE DE FRANCA;UNIFRAN;Universidade;Privada com fins lucrativos;69454;55;BIOMEDICINA;Educação Presencial;3516200;FRANCA;SP;35;34;13;0,3824;-0,3422;2,2352;3
2016;496;UNIVERSIDADE DE FRANCA;UNIFRAN;Universidade;Privada com fins lucrativos;69459;23;ENFERMAGEM;Educação Presencial;3516200;FRANCA;SP;35;35;20;0,5714;0,3756;2,6804;3
2016;1189;UNIVERSIDADE DO PLANALTO CATARINENSE;UNIPLAC;Universidade;Privada sem fins lucrativos;69464;12;MEDICINA;Educação Presencial;4209300;LAGES;SC;36;36;32;0,8889;0,4479;3,4140;4
2016;496;UNIVERSIDADE DE FRANCA;UNIFRAN;Universidade;Privada com fins lucrativos;69487;69;TECNOLOGIA EM RADIOLOGIA;Educação Presencial;3516200;FRANCA;SP;9;9;5;0,5556;-1,6790;1,9286;2
2016;82;UNIVERSIDADE DO OESTE DE SANTA CATARINA;UNOESC;Universidade;Pessoa Jurídica de Direito Público - Municipal;69624;12;MEDICINA;Educação Presencial;4209003;JOAÇABA;SC;50;50;43;0,8600;1,1607;4,1910;5
2016;330;UNIVERSIDADE IGUAÇU;UNIG;Universidade;Privada sem fins lucrativos;69647;69;TECNOLOGIA EM RADIOLOGIA;Educação Presencial;3303500;NOVA IGUAÇU;RJ;15;13;8;0,6154;-3,2227;1,4949;2
2016;322;UNIVERSIDADE PAULISTA;UNIP;Universidade;Privada sem fins lucrativos;69819;19;FARMÁCIA;Educação Presencial;3550308;SÃO PAULO;SP;10;9;4;0,4444;8,1387;5,0000;5
2016;322;UNIVERSIDADE PAULISTA;UNIP;Universidade;Privada sem fins lucrativos;69823;36;FISIOTERAPIA;Educação Presencial;3550308;SÃO PAULO;SP;22;21;13;0,6190;1,2843;3,0595;4
2016;322;UNIVERSIDADE PAULISTA;UNIP;Universidade;Privada sem fins lucrativos;69855;19;FARMÁCIA;Educação Presencial;3550308;SÃO PAULO;SP;9;8;3;0,3750;2,8948;3,6719;4
2016;322;UNIVERSIDADE PAULISTA;UNIP;Universidade;Privada sem fins lucrativos;69857;36;FISIOTERAPIA;Educação Presencial;3550308;SÃO PAULO;SP;22;19;10;0,5263;1,9335;3,3493;4
2016;322;UNIVERSIDADE PAULISTA;UNIP;Universidade;Privada sem fins lucrativos;69859;28;NUTRIÇÃO;Educação Presencial;3550308;SÃO PAULO;SP;10;10;6;0,6000;6,2914;5,0000;5
2016;718;UNIVERSIDADE POTIGUAR;UNP;Universidade;Pessoa Jurídica de Direito Privado - Com fins lucrativos - Sociedade Civil;69874;23;ENFERMAGEM;Educação Presencial;2408102;NATAL;RN;288;244;174;0,7131;0,0203;2,5131;3
2016;669;UNIVERSIDADE NILTON LINS;UNINILTONLINS;Universidade;Privada sem fins lucrativos;69911;38;SERVIÇO SOCIAL;Educação Presencial;1302603;MANAUS;AM;172;161;97;0,6025;-0,0506;2,6205;3
2016;568;UNIVERSIDADE ESTADUAL DO MARANHÃO;UEMA;Universidade;Pessoa Jurídica de Direito Público - Estadual;69971;5;MEDICINA VETERINÁRIA;Educação Presencial;2105302;IMPERATRIZ;MA;7;7;0;0,0000;;;SC
2016;568;UNIVERSIDADE ESTADUAL DO MARANHÃO;UEMA;Universidade;Pessoa Jurídica de Direito Público - Estadual;69993;17;AGRONOMIA;Educação Presencial;2105302;IMPERATRIZ;MA;48;36;29;0,8056;-0,3814;2,6258;3
2016;3610;FACULDADES INTEGRADAS PROMOVE DE BRASILIA;0;Faculdade ;Pessoa Jurídica de Direito Privado - Sem fins lucrativos - Sociedade;70066;92;TECNOLOGIA EM GESTÃO AMBIENTAL;Educação Presencial;5300108;BRASÍLIA;DF;18;8;5;0,6250;-5,9113;0,3655;1
2016;1776;Faculdade Anhanguera de Tecnologia de Jundiaí;FATJ;Faculdade ;Privada com fins lucrativos;70104;92;TECNOLOGIA EM GESTÃO AMBIENTAL;Educação Presencial;3525904;JUNDIAÍ;SP;2;0;0;0,0000;;;SC
2016;441;UNIVERSIDADE DO CONTESTADO;UNC;Universidade;Privada sem fins lucrativos;70144;19;FARMÁCIA;Educação Presencial;4204301;CONCÓRDIA;SC;2;0;0;0,0000;;;SC
2016;3839;Faculdade IPEMED de Ciências Médicas;IPEMED;Faculdade ;Privada com fins lucrativos;70171;69;TECNOLOGIA EM RADIOLOGIA;Educação Presencial;3106200;BELO HORIZONTE;MG;51;44;21;0,4773;-0,8759;2,1542;3
2016;163;UNIVERSIDADE ESTÁCIO DE SÁ;UNESA;Universidade;Privada com fins lucrativos;70257;92;TECNOLOGIA EM GESTÃO AMBIENTAL;Educação Presencial;3304557;RIO DE JANEIRO;RJ;23;20;11;0,5500;-2,8333;1,4814;2
2016;609;UNIVERSIDADE ESTADUAL DO OESTE DO PARANÁ;UNIOESTE;Universidade;Pessoa Jurídica de Direito Público - Estadual;70298;19;FARMÁCIA;Educação Presencial;4104808;CASCAVEL;PR;29;29;25;0,8621;0,6990;2,7173;3
2016;794;CENTRO UNIVERSITÁRIO DE VÁRZEA GRANDE;UNIVAG;Centro Universitário;Privada sem fins lucrativos;70338;23;ENFERMAGEM;Educação Presencial;5108402;VÁRZEA GRANDE;MT;31;19;15;0,7895;0,9193;2,9363;3
2016;221;UNIVERSIDADE CRUZEIRO DO SUL;UNICSUL;Universidade;Pessoa Jurídica de Direito Privado - Com fins lucrativos - Sociedade Civil;70467;5;MEDICINA VETERINÁRIA;Educação Presencial;3550308;SÃO PAULO;SP;36;34;18;0,5294;2,4529;4,4431;5
2016;221;UNIVERSIDADE CRUZEIRO DO SUL;UNICSUL;Universidade;Pessoa Jurídica de Direito Privado - Com fins lucrativos - Sociedade Civil;70469;28;NUTRIÇÃO;Educação Presencial;3550308;SÃO PAULO;SP;15;15;11;0,7333;3,0994;3,8415;4
2016;663;UNIVERSIDADE SALGADO DE OLIVEIRA;UNIVERSO;Universidade;Pessoa Jurídica de Direito Privado - Sem fins lucrativos - Fundação;70550;23;ENFERMAGEM;Educação Presencial;3106200;BELO HORIZONTE;MG;30;29;11;0,3793;-0,1867;2,4157;3
2016;823;UNIVERSIDADE DO CEUMA - UNICEUMA;UNICEUMA;Universidade;Privada sem fins lucrativos;70554;28;NUTRIÇÃO;Educação Presencial;2111300;SÃO LUÍS;MA;74;64;44;0,6875;-0,6763;2,1390;3
2016;663;UNIVERSIDADE SALGADO DE OLIVEIRA;UNIVERSO;Universidade;Pessoa Jurídica de Direito Privado - Sem fins lucrativos - Fundação;70566;36;FISIOTERAPIA;Educação Presencial;3106200;BELO HORIZONTE;MG;33;31;19;0,6129;-0,3138;2,3460;3
2016;882;INSTITUTO MUNICIPAL DE ENSINO SUPERIOR DE BEBEDOURO VICTÓRIO CARDASSI;IMESB;Faculdade ;Pessoa Jurídica de Direito Público - Municipal;70582;38;SERVIÇO SOCIAL;Educação Presencial;3506102;BEBEDOURO;SP;16;15;5;0,3333;-1,7704;1,8180;2
2016;13;UNIVERSIDADE DE CAXIAS DO SUL;UCS;Universidade;Privada sem fins lucrativos;70604;19;FARMÁCIA;Educação Presencial;4305108;CAXIAS DO SUL;RS;34;34;14;0,4118;4,3207;4,2917;5
2016;663;UNIVERSIDADE SALGADO DE OLIVEIRA;UNIVERSO;Universidade;Pessoa Jurídica de Direito Privado - Sem fins lucrativos - Fundação;70610;23;ENFERMAGEM;Educação Presencial;3303302;NITERÓI;RJ;41;41;11;0,2683;0,0560;2,5300;3
2016;526;UNIVERSIDADE BRAZ CUBAS;UBC;Universidade;Pessoa Jurídica de Direito Privado - Com fins lucrativos - Sociedade Civil;70678;23;ENFERMAGEM;Educação Presencial;3530607;MOGI DAS CRUZES;SP;36;36;14;0,3889;1,8114;3,3562;4
2016;548;UNIVERSIDADE FEDERAL DO MARANHÃO;UFMA;Universidade;Pessoa Jurídica de Direito Público - Federal;70706;28;NUTRIÇÃO;Educação Presencial;2111300;SÃO LUÍS;MA;25;23;22;0,9565;-1,7520;1,6539;2
2016;3162;INSTITUTO FEDERAL DE EDUCAÇÃO, CIÊNCIA E TECNOLOGIA  DE SANTA CATARINA;IFSC;Instituto Federal de Educação, Ciência e Tecnologia;Pessoa Jurídica de Direito Público - Federal;70738;69;TECNOLOGIA EM RADIOLOGIA;Educação Presencial;4205407;FLORIANÓPOLIS;SC;14;14;13;0,9286;2,9581;3,2314;4
2016;76;UNIVERSIDADE REGIONAL DE BLUMENAU;FURB;Universidade;Pessoa Jurídica de Direito Público - Municipal;70777;28;NUTRIÇÃO;Educação Presencial;4202404;BLUMENAU;SC;20;20;8;0,4000;0,5306;2,6832;3
2016;472;UNIVERSIDADE DO GRANDE RIO PROFESSOR JOSÉ DE SOUZA HERDY;UNIGRANRIO;Universidade;Privada sem fins lucrativos;70802;38;SERVIÇO SOCIAL;Educação Presencial;3301702;DUQUE DE CAXIAS;RJ;84;79;42;0,5316;0,3409;2,8032;3
2016;449;UNIVERSIDADE LUTERANA DO BRASIL;ULBRA;Universidade;Pessoa Jurídica de Direito Privado - Sem fins lucrativos - Fundação;70867;95;TECNOLOGIA EM ESTÉTICA E COSMÉTICA;Educação Presencial;4304606;CANOAS;RS;30;29;13;0,4483;-0,7689;2,0442;3
2016;277;CENTRO UNIVERSITÁRIO AUGUSTO MOTTA;UNISUAM;Centro Universitário;Privada sem fins lucrativos;70907;95;TECNOLOGIA EM ESTÉTICA E COSMÉTICA;Educação Presencial;3304557;RIO DE JANEIRO;RJ;4;2;1;0,5000;;;SC
2016;1128;UNIVERSIDADE DE ITAÚNA;UI;Universidade;Privada sem fins lucrativos;70940;19;FARMÁCIA;Educação Presencial;3133808;ITAÚNA;MG;20;18;14;0,7778;-5,5517;0,0000;1
2016;2428;FACULDADE DE CIÊNCIAS E TECNOLOGIAS DE CAMPOS GERAIS;FACICA;Faculdade ;Privada com fins lucrativos;71029;23;ENFERMAGEM;Educação Presencial;3111606;CAMPOS GERAIS;MG;19;18;15;0,8333;-0,5205;2,2586;3
2016;56;UNIVERSIDADE ESTADUAL PAULISTA JÚLIO DE MESQUITA FILHO;UNESP;Universidade;Pessoa Jurídica de Direito Público - Estadual;71069;36;FISIOTERAPIA;Educação Presencial;3529005;MARÍLIA;SP;55;52;50;0,9615;-0,1188;2,4331;3
2016;2474;FACULDADE MARIA MILZA;FAMAM;Faculdade ;Privada com fins lucrativos;71095;23;ENFERMAGEM;Educação Presencial;2909802;CRUZ DAS ALMAS;BA;30;29;24;0,8276;-0,6985;2,1748;3
2016;1718;FACULDADE NOBRE DE FEIRA DE SANTANA;FAN;Faculdade ;Privada com fins lucrativos;71144;36;FISIOTERAPIA;Educação Presencial;2910800;FEIRA DE SANTANA;BA;9;9;5;0,5556;1,2537;3,0458;4
2016;1718;FACULDADE NOBRE DE FEIRA DE SANTANA;FAN;Faculdade ;Privada com fins lucrativos;71146;3501;EDUCAÇÃO FÍSICA (BACHARELADO);Educação Presencial;2910800;FEIRA DE SANTANA;BA;6;6;1;0,1667;;;SC
2016;270;FACULDADES ESEFAP;0;Faculdade ;Privada com fins lucrativos;71155;23;ENFERMAGEM;Educação Presencial;3555000;TUPÃ;SP;19;19;7;0,3684;-0,3640;2,3323;3
2016;14724;INSTITUTO FEDERAL DE EDUCAÇÃO, CIÊNCIA E TECNOLOGIA DO PARANÁ;IFPR;Instituto Federal de Educação, Ciência e Tecnologia;Pessoa Jurídica de Direito Público - Federal;71157;19;FARMÁCIA;Educação Presencial;4117602;PALMAS;PR;28;28;23;0,8214;0,2523;2,5231;3
2016;1734;FACULDADE INTEGRAL DIFERENCIAL;FACID;Faculdade ;Pessoa Jurídica de Direito Privado - Com fins lucrativos - Sociedade Civil;71161;23;ENFERMAGEM;Educação Presencial;2211001;TERESINA;PI;43;41;36;0,8780;-0,3174;2,3542;3
2016;1572;FACULDADE DE CIÊNCIAS SOCIAIS APLICADAS;FACISA;Faculdade ;Privada com fins lucrativos;71207;23;ENFERMAGEM;Educação Presencial;2915601;ITAMARAJU;BA;13;12;10;0,8333;0,4955;2,7368;3
2016;439;FACULDADE DOUTOR FRANCISCO MAEDA;FAFRAM;Faculdade ;Privada sem fins lucrativos;71252;5;MEDICINA VETERINÁRIA;Educação Presencial;3524105;ITUVERAVA;SP;43;42;38;0,9048;0,2575;2,7906;3
2016;1115;FACULDADE SANTA TEREZINHA;CEST;Faculdade ;Privada sem fins lucrativos;71257;23;ENFERMAGEM;Educação Presencial;2111300;SÃO LUÍS;MA;53;50;42;0,8400;-0,2425;2,3894;3
2016;1658;FACULDADE INTEGRADA DA GRANDE FORTALEZA;FGF;Faculdade ;Privada com fins lucrativos;71267;23;ENFERMAGEM;Educação Presencial;2304400;FORTALEZA;CE;41;41;16;0,3902;2,4927;3,6769;4
2016;449;UNIVERSIDADE LUTERANA DO BRASIL;ULBRA;Universidade;Pessoa Jurídica de Direito Privado - Sem fins lucrativos - Fundação;71333;23;ENFERMAGEM;Educação Presencial;4321501;TORRES;RS;20;20;10;0,5000;5,2049;4,9536;5
2016;673;CENTRO UNIVERSITÁRIO DA GRANDE DOURADOS;UNIGRAN;Centro Universitário;Pessoa Jurídica de Direito Privado - Sem fins lucrativos - Fundação;71355;23;ENFERMAGEM;Educação Presencial;5003702;DOURADOS;MS;18;17;15;0,8824;1,9841;3,4375;4
2016;2027;FACULDADE DE CAMPINA GRANDE;FAC-CG;Faculdade ;Privada com fins lucrativos;71396;23;ENFERMAGEM;Educação Presencial;2504009;CAMPINA GRANDE;PB;16;15;10;0,6667;-2,2856;1,4277;2
2016;308;UNIVERSIDADE PRESIDENTE ANTÔNIO CARLOS;UNIPAC;Universidade;Pessoa Jurídica de Direito Privado - Sem fins lucrativos - Fundação;71423;55;BIOMEDICINA;Educação Presencial;3136702;JUIZ DE FORA;MG;20;16;14;0,8750;-2,0612;1,3771;2
2016;15450;Faculdade Única de Ipatinga;FUNIP;Faculdade ;Pessoa Jurídica de Direito Privado - Com fins lucrativos - Sociedade Civil;71431;55;BIOMEDICINA;Educação Presencial;3131307;IPATINGA;MG;16;16;12;0,7500;2,7361;3,7721;4
2016;15357;Faculdade Presidente Antônio Carlos de Ubá;0;Faculdade ;Pessoa Jurídica de Direito Privado - Sem fins lucrativos - Fundação;71433;36;FISIOTERAPIA;Educação Presencial;3169901;UBÁ;MG;22;21;19;0,9048;0,2907;2,6159;3
2016;19512;INSTITUTO MASTER DE ENSINO PRESIDENTE ANTÔNIO CARLOS;IMEPAC;Faculdade ;Pessoa Jurídica de Direito Privado - Com fins lucrativos - Sociedade Civil;71441;28;NUTRIÇÃO;Educação Presencial;3103504;ARAGUARI;MG;24;22;18;0,8182;-1,5319;1,7532;2
2016;15452;FACULDADE ÁLIS DE BOM DESPACHO;0;Faculdade ;Pessoa Jurídica de Direito Privado - Sem fins lucrativos - Fundação;71451;55;BIOMEDICINA;Educação Presencial;3107406;BOM DESPACHO;MG;12;11;11;1,0000;1,3794;3,0948;4
2016;308;UNIVERSIDADE PRESIDENTE ANTÔNIO CARLOS;UNIPAC;Universidade;Pessoa Jurídica de Direito Privado - Sem fins lucrativos - Fundação;71454;92;TECNOLOGIA EM GESTÃO AMBIENTAL;Educação Presencial;3105608;BARBACENA;MG;21;17;8;0,4706;0,1373;2,5584;3
2016;2442;FACULDADE DE CIÊNCIAS BIOMÉDICAS DO ESPÍRITO SANTO;PIO XII - BIO;Faculdade ;Privada sem fins lucrativos;71457;55;BIOMEDICINA;Educação Presencial;3201308;CARIACICA;ES;30;29;27;0,9310;0,2052;2,5086;3
2016;1986;CENTRO UNIVERSITÁRIO ESTÁCIO DA SÁ;0;Centro Universitário;Privada com fins lucrativos;71475;23;ENFERMAGEM;Educação Presencial;3136702;JUIZ DE FORA;MG;75;71;42;0,5915;-0,5768;2,2321;3
2016;1986;CENTRO UNIVERSITÁRIO ESTÁCIO DA SÁ;0;Centro Universitário;Privada com fins lucrativos;71477;3501;EDUCAÇÃO FÍSICA (BACHARELADO);Educação Presencial;3136702;JUIZ DE FORA;MG;61;55;29;0,5273;-1,1488;1,9425;2
2016;2494;FUNVIC - FACULDADE DE PINDAMONHANGABA;0;Faculdade ;Pessoa Jurídica de Direito Privado - Sem fins lucrativos - Fundação;71589;36;FISIOTERAPIA;Educação Presencial;3538006;PINDAMONHANGABA;SP;27;27;19;0,7037;0,8872;2,8822;3
2016;2135;CENTRO UNIVERSITÁRIO CATÓLICA DE QUIXADÁ;0;Centro Universitário;Pessoa Jurídica de Direito Privado - Sem fins lucrativos - Associação de Utilidade Pública;71597;36;FISIOTERAPIA;Educação Presencial;2311306;QUIXADÁ;CE;29;29;26;0,8966;-0,3625;2,3243;3
2016;2135;CENTRO UNIVERSITÁRIO CATÓLICA DE QUIXADÁ;0;Centro Universitário;Pessoa Jurídica de Direito Privado - Sem fins lucrativos - Associação de Utilidade Pública;71599;19;FARMÁCIA;Educação Presencial;2311306;QUIXADÁ;CE;51;51;46;0,9020;0,5493;2,6522;3
2016;568;UNIVERSIDADE ESTADUAL DO MARANHÃO;UEMA;Universidade;Pessoa Jurídica de Direito Público - Estadual;71689;12;MEDICINA;Educação Presencial;2103000;CAXIAS;MA;28;28;27;0,9643;-4,4517;0,0000;1
2016;1669;INSTITUTO METROPOLITANO DE ENSINO SUPERIOR;IMES;Faculdade ;Pessoa Jurídica de Direito Privado - Com fins lucrativos - Sociedade Civil;71859;12;MEDICINA;Educação Presencial;3131307;IPATINGA;MG;88;88;83;0,9432;-0,0272;2,8961;3
2016;1986;CENTRO UNIVERSITÁRIO ESTÁCIO DA SÁ;0;Centro Universitário;Privada com fins lucrativos;71869;36;FISIOTERAPIA;Educação Presencial;3136702;JUIZ DE FORA;MG;50;48;40;0,8333;-0,4671;2,2776;3
2016;450;CENTRO UNIVERSITÁRIO LUTERANO DE JI-PARANÁ;CEULJI/ULBRA;Centro Universitário;Pessoa Jurídica de Direito Privado - Sem fins lucrativos - Fundação;72115;23;ENFERMAGEM;Educação Presencial;1100122;JI-PARANÁ;RO;19;19;11;0,5789;1,7431;3,3241;4
2016;165;UNIVERSIDADE VEIGA DE ALMEIDA;UVA;Universidade;Privada com fins lucrativos;72142;3501;EDUCAÇÃO FÍSICA (BACHARELADO);Educação Presencial;3300704;CABO FRIO;RJ;46;41;14;0,3415;2,3012;3,5246;4
2016;575;UNIVERSIDADE FEDERAL DE MINAS GERAIS;UFMG;Universidade;Pessoa Jurídica de Direito Público - Federal;72169;28;NUTRIÇÃO;Educação Presencial;3106200;BELO HORIZONTE;MG;69;65;63;0,9692;0,1271;2,5013;3
2016;316;UNIVERSIDADE NOVE DE JULHO;UNINOVE;Universidade;Privada sem fins lucrativos;72319;23;ENFERMAGEM;Educação Presencial;3550308;SÃO PAULO;SP;252;211;70;0,3318;-0,1585;2,4290;3
2016;316;UNIVERSIDADE NOVE DE JULHO;UNINOVE;Universidade;Privada sem fins lucrativos;72321;19;FARMÁCIA;Educação Presencial;3550308;SÃO PAULO;SP;58;58;26;0,4483;1,1284;2,9040;3
2016;316;UNIVERSIDADE NOVE DE JULHO;UNINOVE;Universidade;Privada sem fins lucrativos;72324;36;FISIOTERAPIA;Educação Presencial;3550308;SÃO PAULO;SP;32;32;16;0,5000;0,7025;2,7997;3
2016;316;UNIVERSIDADE NOVE DE JULHO;UNINOVE;Universidade;Privada sem fins lucrativos;72329;28;NUTRIÇÃO;Educação Presencial;3550308;SÃO PAULO;SP;56;45;20;0,4444;1,0372;2,9116;3
2016;316;UNIVERSIDADE NOVE DE JULHO;UNINOVE;Universidade;Privada sem fins lucrativos;72379;3501;EDUCAÇÃO FÍSICA (BACHARELADO);Educação Presencial;3550308;SÃO PAULO;SP;164;151;12;0,0795;;;SC
2016;1149;CENTRO UNIVERSITÁRIO NOSSA SENHORA DO PATROCÍNIO;CEUNSP;Centro Universitário;Privada com fins lucrativos;72405;55;BIOMEDICINA;Educação Presencial;3523909;ITU;SP;40;37;32;0,8649;0,4314;2,6215;3
2016;1149;CENTRO UNIVERSITÁRIO NOSSA SENHORA DO PATROCÍNIO;CEUNSP;Centro Universitário;Privada com fins lucrativos;72407;23;ENFERMAGEM;Educação Presencial;3523909;ITU;SP;43;34;24;0,7059;0,5193;2,7480;3
2016;71;UNIVERSIDADE DO ESTADO DO RIO GRANDE DO NORTE;UERN;Universidade;Pessoa Jurídica de Direito Público - Estadual;72417;12;MEDICINA;Educação Presencial;2408003;MOSSORÓ;RN;28;28;26;0,9286;0,4278;3,3920;4
2016;71;UNIVERSIDADE DO ESTADO DO RIO GRANDE DO NORTE;UERN;Universidade;Pessoa Jurídica de Direito Público - Estadual;72429;23;ENFERMAGEM;Educação Presencial;2409407;PAU DOS FERROS;RN;21;20;20;1,0000;1,5978;3,2557;4
2016;83;UNIVERSIDADE DO VALE DO ITAJAÍ;UNIVALI;Universidade;Pessoa Jurídica de Direito Privado - Sem fins lucrativos - Fundação;72459;19;FARMÁCIA;Educação Presencial;4208203;ITAJAÍ;SC;26;25;17;0,6800;1,6893;3,1478;4
2016;266;UNIVERSIDADE METODISTA DE PIRACICABA;UNIMEP;Universidade;Privada sem fins lucrativos;72540;23;ENFERMAGEM;Educação Presencial;3538709;PIRACICABA;SP;11;11;8;0,7273;3,2218;4,0201;5
2016;1728;FACULDADE INTERAMERICANA DE PORTO VELHO;UNIRON;Faculdade ;Privada com fins lucrativos;72565;92;TECNOLOGIA EM GESTÃO AMBIENTAL;Educação Presencial;1100205;PORTO VELHO;RO;17;16;9;0,5625;0,4956;2,6883;3
2016;2132;FACULDADE BARÃO DO RIO BRANCO;FAB;Faculdade ;Privada com fins lucrativos;72567;92;TECNOLOGIA EM GESTÃO AMBIENTAL;Educação Presencial;1200401;RIO BRANCO;AC;16;15;12;0,8000;-1,9322;1,8081;2
2016;494;UNIVERSIDADE DO SUL DE SANTA CATARINA;UNISUL;Universidade;Privada sem fins lucrativos;72569;28;NUTRIÇÃO;Educação Presencial;4218707;TUBARÃO;SC;22;22;10;0,4545;1,9808;3,3371;4
2016;494;UNIVERSIDADE DO SUL DE SANTA CATARINA;UNISUL;Universidade;Privada sem fins lucrativos;72571;28;NUTRIÇÃO;Educação Presencial;4211900;PALHOÇA;SC;22;21;11;0,5238;-4,2555;0,5250;1
2016;1559;CENTRO UNIVERSITÁRIO DO ESPÍRITO SANTO;UNESC;Centro Universitário;Privada sem fins lucrativos;72663;12;MEDICINA;Educação Presencial;3201506;COLATINA;ES;99;98;91;0,9286;-1,0268;1,8063;2
2016;2082;FACULDADE DE CIÊNCIAS MÉDICAS DA PARAÍBA;FCM-PB;Faculdade ;Privada com fins lucrativos;72667;12;MEDICINA;Educação Presencial;2507507;JOÃO PESSOA;PB;87;83;72;0,8675;0,5871;3,5657;4
2016;1563;CENTRO UNIVERSITÁRIO DA FACULDADE DE SAÚDE, CIÊNCIAS HUMANAS E TECNOLÓGICAS DO PIAUÍ;NOVAFAPI;Centro Universitário;Privada com fins lucrativos;72669;12;MEDICINA;Educação Presencial;2211001;TERESINA;PI;173;117;96;0,8205;0,0552;2,9858;4
2016;1087;FACULDADES INTEGRADAS APARÍCIO CARVALHO;FIMCA;Faculdade ;Pessoa Jurídica de Direito Privado - Com fins lucrativos - Sociedade Civil;72675;12;MEDICINA;Educação Presencial;1100205;PORTO VELHO;RO;47;47;30;0,6383;-0,9139;1,9294;2
2016;1995;FACULDADE DE MEDICINA NOVA ESPERANÇA;FAMENE;Faculdade ;Privada com fins lucrativos;72681;12;MEDICINA;Educação Presencial;2507507;JOÃO PESSOA;PB;138;138;108;0,7826;-0,3942;2,4959;3
2016;2974;FACULDADE DE CIÊNCIAS JURÍDICAS E SOCIAIS APLICADAS DE PRIMAVERA DO LESTE;0;Faculdade ;Pessoa Jurídica de Direito Privado - Com fins lucrativos - Sociedade Mercantil ou Comercial;72699;90;TECNOLOGIA EM AGRONEGÓCIOS;Educação Presencial;5107040;PRIMAVERA DO LESTE;MT;14;11;5;0,4545;-0,7404;2,4044;3
2016;30;UNIVERSIDADE JOSÉ DO ROSÁRIO VELLANO;UNIFENAS;Universidade;Privada sem fins lucrativos;72712;55;BIOMEDICINA;Educação Presencial;3106200;BELO HORIZONTE;MG;38;35;24;0,6857;-0,1627;2,3249;3
2016;30;UNIVERSIDADE JOSÉ DO ROSÁRIO VELLANO;UNIFENAS;Universidade;Privada sem fins lucrativos;72714;55;BIOMEDICINA;Educação Presencial;3101607;ALFENAS;MG;23;20;20;1,0000;-1,0546;1,8796;2
2016;5544;FACULDADE PRESIDENTE ANTÔNIO CARLOS;FAPAC;Faculdade ;Privada com fins lucrativos;72763;6;ODONTOLOGIA;Educação Presencial;1718204;PORTO NACIONAL;TO;113;110;79;0,7182;-0,1096;2,3558;3
2016;5544;FACULDADE PRESIDENTE ANTÔNIO CARLOS;FAPAC;Faculdade ;Privada com fins lucrativos;72767;12;MEDICINA;Educação Presencial;1718204;PORTO NACIONAL;TO;119;118;93;0,7881;-0,1935;2,7148;3
2016;5544;FACULDADE PRESIDENTE ANTÔNIO CARLOS;FAPAC;Faculdade ;Privada com fins lucrativos;72769;23;ENFERMAGEM;Educação Presencial;1718204;PORTO NACIONAL;TO;16;16;12;0,7500;-0,7793;2,1368;3
2016;13;UNIVERSIDADE DE CAXIAS DO SUL;UCS;Universidade;Privada sem fins lucrativos;72777;28;NUTRIÇÃO;Educação Presencial;4305108;CAXIAS DO SUL;RS;32;32;19;0,5938;0,8830;2,8421;3
2016;449;UNIVERSIDADE LUTERANA DO BRASIL;ULBRA;Universidade;Pessoa Jurídica de Direito Privado - Sem fins lucrativos - Fundação;72846;55;BIOMEDICINA;Educação Presencial;4304606;CANOAS;RS;20;18;11;0,6111;0,9363;2,8736;3
2016;449;UNIVERSIDADE LUTERANA DO BRASIL;ULBRA;Universidade;Pessoa Jurídica de Direito Privado - Sem fins lucrativos - Fundação;72859;38;SERVIÇO SOCIAL;Educação Presencial;4309209;GRAVATAÍ;RS;10;9;4;0,4444;-3,1644;1,1675;2
2016;2773;FACULDADE DE MACAPÁ;FAMA;Faculdade ;Privada sem fins lucrativos;72915;92;TECNOLOGIA EM GESTÃO AMBIENTAL;Educação Presencial;1600303;MACAPÁ;AP;12;10;7;0,7000;5,9373;4,6611;5
2016;344;CENTRO UNIVERSITÁRIO UNA;UNA;Centro Universitário;Privada com fins lucrativos;72931;28;NUTRIÇÃO;Educação Presencial;3106200;BELO HORIZONTE;MG;60;57;42;0,7368;-0,1929;2,3570;3
2016;344;CENTRO UNIVERSITÁRIO UNA;UNA;Centro Universitário;Privada com fins lucrativos;72933;23;ENFERMAGEM;Educação Presencial;3106200;BELO HORIZONTE;MG;62;58;42;0,7241;1,0221;2,9847;4
2016;344;CENTRO UNIVERSITÁRIO UNA;UNA;Centro Universitário;Privada com fins lucrativos;72935;19;FARMÁCIA;Educação Presencial;3106200;BELO HORIZONTE;MG;38;37;28;0,7568;0,9367;2,8206;3
2016;403;UNIVERSIDADE CATÓLICA DE BRASÍLIA;UCB;Universidade;Privada sem fins lucrativos;72945;19;FARMÁCIA;Educação Presencial;5300108;BRASÍLIA;DF;28;26;20;0,7692;0,4189;2,5956;3
2016;93;FACULDADE DE MEDICINA DE JUNDIAÍ;FMJ;Faculdade ;Pessoa Jurídica de Direito Público - Municipal;72997;23;ENFERMAGEM;Educação Presencial;3525904;JUNDIAÍ;SP;6;6;6;1,0000;-0,9562;2,0535;3
2016;163;UNIVERSIDADE ESTÁCIO DE SÁ;UNESA;Universidade;Privada com fins lucrativos;73038;6;ODONTOLOGIA;Educação Presencial;3304557;RIO DE JANEIRO;RJ;84;82;53;0,6463;-0,6833;1,7509;2
2016;163;UNIVERSIDADE ESTÁCIO DE SÁ;UNESA;Universidade;Privada com fins lucrativos;73111;28;NUTRIÇÃO;Educação Presencial;3304557;RIO DE JANEIRO;RJ;26;25;14;0,5600;-0,3409;2,2902;3
2016;163;UNIVERSIDADE ESTÁCIO DE SÁ;UNESA;Universidade;Privada com fins lucrativos;73113;19;FARMÁCIA;Educação Presencial;3301009;CAMPOS DOS GOYTACAZES;RJ;1;1;0;0,0000;;;SC
2016;737;CENTRO UNIVERSITÁRIO SÃO CAMILO;SAO CAMILO;Centro Universitário;Privada sem fins lucrativos;73125;36;FISIOTERAPIA;Educação Presencial;3550308;SÃO PAULO;SP;2;1;0;0,0000;;;SC
2016;1557;UNIVERSIDADE FUMEC;FUMEC;Universidade;Privada sem fins lucrativos;73144;55;BIOMEDICINA;Educação Presencial;3144805;NOVA LIMA;MG;75;65;56;0,8615;-0,8594;1,9771;3
2016;1092;FACULDADES INTEGRADAS DE BAURU;FIB;Faculdade ;Privada com fins lucrativos;73163;36;FISIOTERAPIA;Educação Presencial;3506003;BAURU;SP;15;14;9;0,6429;1,0015;2,9332;3
2016;15452;FACULDADE ÁLIS DE BOM DESPACHO;0;Faculdade ;Pessoa Jurídica de Direito Privado - Sem fins lucrativos - Fundação;73184;19;FARMÁCIA;Educação Presencial;3107406;BOM DESPACHO;MG;18;18;15;0,8333;0,0695;2,4437;3
2016;423;UNIVERSIDADE REGIONAL INTEGRADA DO ALTO URUGUAI E DAS MISSÕES;URI;Universidade;Privada sem fins lucrativos;73206;38;SERVIÇO SOCIAL;Educação Presencial;4318903;SÃO LUIZ GONZAGA;RS;1;1;0;0,0000;;;SC
2016;1422;CENTRO UNIVERSITÁRIO DO NORTE;UNINORTE;Centro Universitário;Privada com fins lucrativos;73250;36;FISIOTERAPIA;Educação Presencial;1302603;MANAUS;AM;226;131;106;0,8092;-0,2720;2,3647;3
2016;1422;CENTRO UNIVERSITÁRIO DO NORTE;UNINORTE;Centro Universitário;Privada com fins lucrativos;73259;23;ENFERMAGEM;Educação Presencial;1302603;MANAUS;AM;268;157;109;0,6943;0,0272;2,5164;3
2016;1422;CENTRO UNIVERSITÁRIO DO NORTE;UNINORTE;Centro Universitário;Privada com fins lucrativos;73262;27;FONOAUDIOLOGIA;Educação Presencial;1302603;MANAUS;AM;45;24;17;0,7083;1,5775;3,0501;4
2016;20;UNIVERSIDADE DE PASSO FUNDO;UPF;Universidade;Privada sem fins lucrativos;73298;38;SERVIÇO SOCIAL;Educação Presencial;4314100;PASSO FUNDO;RS;38;29;23;0,7931;0,2615;2,7661;3
2016;2935;FACULDADE DE TALENTOS HUMANOS;FACTHUS;Faculdade ;Privada com fins lucrativos;73352;55;BIOMEDICINA;Educação Presencial;3170107;UBERABA;MG;11;10;7;0,7000;1,3436;3,0769;4
2016;2935;FACULDADE DE TALENTOS HUMANOS;FACTHUS;Faculdade ;Privada com fins lucrativos;73354;36;FISIOTERAPIA;Educação Presencial;3170107;UBERABA;MG;16;16;14;0,8750;0,2388;2,5927;3
2016;2935;FACULDADE DE TALENTOS HUMANOS;FACTHUS;Faculdade ;Privada com fins lucrativos;73358;23;ENFERMAGEM;Educação Presencial;3170107;UBERABA;MG;39;38;16;0,4211;-1,5246;1,7860;2
2016;322;UNIVERSIDADE PAULISTA;UNIP;Universidade;Privada sem fins lucrativos;73362;23;ENFERMAGEM;Educação Presencial;3547304;SANTANA DE PARNAÍBA;SP;18;15;8;0,5333;1,8828;3,3898;4
2016;322;UNIVERSIDADE PAULISTA;UNIP;Universidade;Privada sem fins lucrativos;73364;19;FARMÁCIA;Educação Presencial;3547304;SANTANA DE PARNAÍBA;SP;6;6;3;0,5000;7,9345;5,0000;5
2016;322;UNIVERSIDADE PAULISTA;UNIP;Universidade;Privada sem fins lucrativos;73370;23;ENFERMAGEM;Educação Presencial;3550308;SÃO PAULO;SP;22;20;12;0,6000;2,1399;3,5109;4
2016;322;UNIVERSIDADE PAULISTA;UNIP;Universidade;Privada sem fins lucrativos;73372;28;NUTRIÇÃO;Educação Presencial;3550308;SÃO PAULO;SP;4;4;3;0,7500;0,1174;2,4969;3
2016;322;UNIVERSIDADE PAULISTA;UNIP;Universidade;Privada sem fins lucrativos;73374;23;ENFERMAGEM;Educação Presencial;3550308;SÃO PAULO;SP;10;9;5;0,5556;6,9697;5,0000;5
2016;322;UNIVERSIDADE PAULISTA;UNIP;Universidade;Privada sem fins lucrativos;73376;36;FISIOTERAPIA;Educação Presencial;3550308;SÃO PAULO;SP;25;20;10;0,5000;1,8123;3,2952;4
2016;322;UNIVERSIDADE PAULISTA;UNIP;Universidade;Privada sem fins lucrativos;73378;23;ENFERMAGEM;Educação Presencial;3550308;SÃO PAULO;SP;39;39;14;0,3590;1,5186;3,2184;4
2016;322;UNIVERSIDADE PAULISTA;UNIP;Universidade;Privada sem fins lucrativos;73380;28;NUTRIÇÃO;Educação Presencial;3550308;SÃO PAULO;SP;11;10;5;0,5000;3,7865;4,1513;5
2016;322;UNIVERSIDADE PAULISTA;UNIP;Universidade;Privada sem fins lucrativos;73384;23;ENFERMAGEM;Educação Presencial;3550308;SÃO PAULO;SP;14;14;5;0,3571;4,1362;4,4505;5
2016;322;UNIVERSIDADE PAULISTA;UNIP;Universidade;Privada sem fins lucrativos;73386;19;FARMÁCIA;Educação Presencial;3550308;SÃO PAULO;SP;3;1;1;1,0000;;;SC
2016;322;UNIVERSIDADE PAULISTA;UNIP;Universidade;Privada sem fins lucrativos;73388;36;FISIOTERAPIA;Educação Presencial;3550308;SÃO PAULO;SP;7;6;3;0,5000;7,3598;5,0000;5
2016;322;UNIVERSIDADE PAULISTA;UNIP;Universidade;Privada sem fins lucrativos;73390;23;ENFERMAGEM;Educação Presencial;3550308;SÃO PAULO;SP;28;25;13;0,5200;3,5589;4,1788;5
2016;322;UNIVERSIDADE PAULISTA;UNIP;Universidade;Privada sem fins lucrativos;73392;36;FISIOTERAPIA;Educação Presencial;3550308;SÃO PAULO;SP;47;45;24;0,5333;-0,1163;2,4342;3
2016;322;UNIVERSIDADE PAULISTA;UNIP;Universidade;Privada sem fins lucrativos;73394;28;NUTRIÇÃO;Educação Presencial;3550308;SÃO PAULO;SP;18;15;9;0,6000;3,3275;3,9444;4
2016;322;UNIVERSIDADE PAULISTA;UNIP;Universidade;Privada sem fins lucrativos;73396;28;NUTRIÇÃO;Educação Presencial;3504008;ASSIS;SP;9;9;7;0,7778;8,1885;5,0000;5
2016;322;UNIVERSIDADE PAULISTA;UNIP;Universidade;Privada sem fins lucrativos;73400;5;MEDICINA VETERINÁRIA;Educação Presencial;3549904;SÃO JOSÉ DOS CAMPOS;SP;63;47;32;0,6809;0,8359;3,2259;4
2016;322;UNIVERSIDADE PAULISTA;UNIP;Universidade;Privada sem fins lucrativos;73402;5;MEDICINA VETERINÁRIA;Educação Presencial;3506003;BAURU;SP;34;32;20;0,6250;1,7555;3,9182;4
2016;322;UNIVERSIDADE PAULISTA;UNIP;Universidade;Privada sem fins lucrativos;73404;36;FISIOTERAPIA;Educação Presencial;3549706;SÃO JOSÉ DO RIO PARDO;SP;19;18;16;0,8889;-0,2320;2,3825;3
2016;322;UNIVERSIDADE PAULISTA;UNIP;Universidade;Privada sem fins lucrativos;73406;23;ENFERMAGEM;Educação Presencial;3549706;SÃO JOSÉ DO RIO PARDO;SP;35;32;13;0,4063;3,0552;3,9417;4
2016;322;UNIVERSIDADE PAULISTA;UNIP;Universidade;Privada sem fins lucrativos;73410;23;ENFERMAGEM;Educação Presencial;3548500;SANTOS;SP;21;19;10;0,5263;0,5366;2,7562;3
2016;322;UNIVERSIDADE PAULISTA;UNIP;Universidade;Privada sem fins lucrativos;73412;28;NUTRIÇÃO;Educação Presencial;3548500;SANTOS;SP;11;11;5;0,4545;3,1007;3,8421;4
2016;663;UNIVERSIDADE SALGADO DE OLIVEIRA;UNIVERSO;Universidade;Pessoa Jurídica de Direito Privado - Sem fins lucrativos - Fundação;73415;23;ENFERMAGEM;Educação Presencial;5208707;GOIÂNIA;GO;148;144;77;0,5347;-0,4661;2,2842;3
2016;663;UNIVERSIDADE SALGADO DE OLIVEIRA;UNIVERSO;Universidade;Pessoa Jurídica de Direito Privado - Sem fins lucrativos - Fundação;73417;36;FISIOTERAPIA;Educação Presencial;5208707;GOIÂNIA;GO;92;90;58;0,6444;-0,0473;2,4650;3
2016;663;UNIVERSIDADE SALGADO DE OLIVEIRA;UNIVERSO;Universidade;Pessoa Jurídica de Direito Privado - Sem fins lucrativos - Fundação;73456;23;ENFERMAGEM;Educação Presencial;3136702;JUIZ DE FORA;MG;70;68;42;0,6176;-1,9406;1,5902;2
2016;663;UNIVERSIDADE SALGADO DE OLIVEIRA;UNIVERSO;Universidade;Pessoa Jurídica de Direito Privado - Sem fins lucrativos - Fundação;73458;23;ENFERMAGEM;Educação Presencial;2611606;RECIFE;PE;73;70;34;0,4857;-0,8389;2,1087;3
2016;2324;FACULDADE UNIÃO BANDEIRANTE;FUBSJ;Faculdade ;Privada com fins lucrativos;73494;38;SERVIÇO SOCIAL;Educação Presencial;4216602;SÃO JOSÉ;SC;5;5;3;0,6000;-1,8713;1,7709;2
2016;295;UNIVERSIDADE DE SANTA CRUZ DO SUL;UNISC;Universidade;Privada sem fins lucrativos;73500;3501;EDUCAÇÃO FÍSICA (BACHARELADO);Educação Presencial;4316808;SANTA CRUZ DO SUL;RS;35;34;16;0,4706;-1,1452;1,9441;2
2016;2437;FACULDADE PITÁGORAS DE TEIXEIRA DE FREITAS;PIT TEIXEIRA;Faculdade ;Privada com fins lucrativos;73517;23;ENFERMAGEM;Educação Presencial;2931350;TEIXEIRA DE FREITAS;BA;25;24;17;0,7083;-0,0069;2,5003;3
2016;56;UNIVERSIDADE ESTADUAL PAULISTA JÚLIO DE MESQUITA FILHO;UNESP;Universidade;Pessoa Jurídica de Direito Público - Estadual;73524;17;AGRONOMIA;Educação Presencial;3542602;REGISTRO;SP;46;40;36;0,9000;0,2511;3,0079;4
2016;1773;FACULDADE DE ITAPIRANGA;SEI/FAI;Faculdade ;Privada com fins lucrativos;73528;17;AGRONOMIA;Educação Presencial;4208401;ITAPIRANGA;SC;65;60;37;0,6167;0,5766;3,2046;4
2016;1113;CENTRO UNIVERSITÁRIO EURO-AMERICANO;UNIEURO;Centro Universitário;Privada sem fins lucrativos;73535;19;FARMÁCIA;Educação Presencial;5300108;BRASÍLIA;DF;12;11;8;0,7273;3,4963;3,9334;4
2016;1113;CENTRO UNIVERSITÁRIO EURO-AMERICANO;UNIEURO;Centro Universitário;Privada sem fins lucrativos;73537;23;ENFERMAGEM;Educação Presencial;5300108;BRASÍLIA;DF;18;18;17;0,9444;0,3059;2,6476;3
2016;1113;CENTRO UNIVERSITÁRIO EURO-AMERICANO;UNIEURO;Centro Universitário;Privada sem fins lucrativos;73539;28;NUTRIÇÃO;Educação Presencial;5300108;BRASÍLIA;DF;48;44;29;0,6591;0,3256;2,5907;3
2016;665;UNIVERSIDADE DE TAUBATÉ;UNITAU;Universidade;Pessoa Jurídica de Direito Público - Municipal;73588;28;NUTRIÇÃO;Educação Presencial;3554102;TAUBATÉ;SP;2;2;1;0,5000;;;SC
2016;3980;FACULDADE JK - BRASÍLIA - UNIDADE PLANO PILOTO;CENACAP;Faculdade ;Pessoa Jurídica de Direito Privado - Com fins lucrativos - Sociedade Civil;73620;69;TECNOLOGIA EM RADIOLOGIA;Educação Presencial;5300108;BRASÍLIA;DF;19;19;10;0,5263;-1,0814;2,0965;3
2016;2565;ABEU - CENTRO UNIVERSITÁRIO;UNIABEU;Centro Universitário;Privada sem fins lucrativos;73655;23;ENFERMAGEM;Educação Presencial;3300456;BELFORD ROXO;RJ;118;113;41;0,3628;-0,2929;2,3657;3
2016;3151;UNIVERSIDADE COMUNITÁRIA DA REGIÃO DE CHAPECÓ;UNOCHAPECÓ;Universidade;Pessoa Jurídica de Direito Privado - Sem fins lucrativos - Fundação;73662;36;FISIOTERAPIA;Educação Presencial;4204202;CHAPECÓ;SC;44;40;36;0,9000;-0,1504;2,4190;3
2016;1818;FACULDADE PITÁGORAS DE BELO HORIZONTE;FPAS;Faculdade ;Privada com fins lucrativos;73746;36;FISIOTERAPIA;Educação Presencial;3106200;BELO HORIZONTE;MG;53;50;35;0,7000;0,3941;2,6620;3
2016;1087;FACULDADES INTEGRADAS APARÍCIO CARVALHO;FIMCA;Faculdade ;Pessoa Jurídica de Direito Privado - Com fins lucrativos - Sociedade Civil;73751;23;ENFERMAGEM;Educação Presencial;1100205;PORTO VELHO;RO;67;66;44;0,6667;-0,0361;2,4866;3
2016;1087;FACULDADES INTEGRADAS APARÍCIO CARVALHO;FIMCA;Faculdade ;Pessoa Jurídica de Direito Privado - Com fins lucrativos - Sociedade Civil;73753;5;MEDICINA VETERINÁRIA;Educação Presencial;1100205;PORTO VELHO;RO;28;28;23;0,8214;0,5675;3,0239;4
2016;1087;FACULDADES INTEGRADAS APARÍCIO CARVALHO;FIMCA;Faculdade ;Pessoa Jurídica de Direito Privado - Com fins lucrativos - Sociedade Civil;73755;19;FARMÁCIA;Educação Presencial;1100205;PORTO VELHO;RO;71;65;31;0,4769;-1,7346;1,6594;2
2016;1642;FACULDADE DE TECNOLOGIA E CIÊNCIAS DE ITABUNA;FTC;Faculdade ;Privada com fins lucrativos;73763;28;NUTRIÇÃO;Educação Presencial;2914802;ITABUNA;BA;39;39;26;0,6667;-1,9681;1,5565;2
2016;5592;FACULDADES INTEGRADAS DO NORTE DE MINAS - FUNORTE;FUNORTE;Faculdade ;Privada sem fins lucrativos;73776;38;SERVIÇO SOCIAL;Educação Presencial;3143302;MONTES CLAROS;MG;38;36;29;0,8056;0,2520;2,7617;3
2016;458;UNIVERSIDADE IBIRAPUERA;UNIB;Universidade;Privada sem fins lucrativos;73793;23;ENFERMAGEM;Educação Presencial;3550308;SÃO PAULO;SP;22;22;13;0,5909;-3,2037;0,9956;2
2016;458;UNIVERSIDADE IBIRAPUERA;UNIB;Universidade;Privada sem fins lucrativos;73795;55;BIOMEDICINA;Educação Presencial;3550308;SÃO PAULO;SP;15;14;14;1,0000;-1,6120;1,6013;2
2016;3205;FACULDADE DE CIÊNCIAS BIOLÓGICAS E DA SAÚDE;FACISA;Faculdade ;Privada com fins lucrativos;73908;19;FARMÁCIA;Educação Presencial;3171303;VIÇOSA;MG;26;25;22;0,8800;-0,8448;2,0462;3
2016;56;UNIVERSIDADE ESTADUAL PAULISTA JÚLIO DE MESQUITA FILHO;UNESP;Universidade;Pessoa Jurídica de Direito Público - Estadual;73944;51;ZOOTECNIA;Educação Presencial;3514403;DRACENA;SP;39;38;30;0,7895;0,6545;3,0767;4
2016;3193;FACULDADES INTEGRADAS DOS CAMPOS GERAIS;CESCAGE;Faculdade ;Pessoa Jurídica de Direito Privado - Com fins lucrativos - Sociedade Civil;73962;28;NUTRIÇÃO;Educação Presencial;4119905;PONTA GROSSA;PR;16;13;11;0,8462;-1,0135;1,9869;3
2016;3193;FACULDADES INTEGRADAS DOS CAMPOS GERAIS;CESCAGE;Faculdade ;Pessoa Jurídica de Direito Privado - Com fins lucrativos - Sociedade Civil;73964;19;FARMÁCIA;Educação Presencial;4119905;PONTA GROSSA;PR;28;26;20;0,7692;-0,3281;2,2708;3
2016;3205;FACULDADE DE CIÊNCIAS BIOLÓGICAS E DA SAÚDE;FACISA;Faculdade ;Privada com fins lucrativos;73976;23;ENFERMAGEM;Educação Presencial;3171303;VIÇOSA;MG;18;15;12;0,8000;-0,8312;2,1123;3
2016;3205;FACULDADE DE CIÊNCIAS BIOLÓGICAS E DA SAÚDE;FACISA;Faculdade ;Privada com fins lucrativos;73978;36;FISIOTERAPIA;Educação Presencial;3171303;VIÇOSA;MG;20;20;16;0,8000;0,6195;2,7627;3
2016;3205;FACULDADE DE CIÊNCIAS BIOLÓGICAS E DA SAÚDE;FACISA;Faculdade ;Privada com fins lucrativos;73980;28;NUTRIÇÃO;Educação Presencial;3171303;VIÇOSA;MG;18;18;15;0,8333;2,2832;3,4735;4
2016;140;UNIVERSIDADE SEVERINO SOMBRA;USS;Universidade;Privada sem fins lucrativos;74028;5;MEDICINA VETERINÁRIA;Educação Presencial;3306206;VASSOURAS;RJ;34;34;24;0,7059;-3,4497;0,0000;1
2016;4858;ESCOLA SUPERIOR DE SAÚDE DE ARCOVERDE;ESSA;Faculdade ;Pessoa Jurídica de Direito Público - Municipal;74042;23;ENFERMAGEM;Educação Presencial;2601201;ARCOVERDE;PE;76;72;41;0,5694;-0,4742;2,2804;3
2016;3363;FACULDADE GUARAÍ;FAG;Faculdade ;Privada com fins lucrativos;74058;17;AGRONOMIA;Educação Presencial;1709302;GUARAÍ;TO;49;44;29;0,6591;-0,9678;2,2716;3
2016;3984;FUNDAÇÃO UNIVERSIDADE FEDERAL DO VALE DO SÃO FRANCISCO;UNIVASF;Universidade;Pessoa Jurídica de Direito Público - Federal;74060;23;ENFERMAGEM;Educação Presencial;2611101;PETROLINA;PE;18;18;18;1,0000;0,9867;2,9680;4
2016;3984;FUNDAÇÃO UNIVERSIDADE FEDERAL DO VALE DO SÃO FRANCISCO;UNIVASF;Universidade;Pessoa Jurídica de Direito Público - Federal;74062;51;ZOOTECNIA;Educação Presencial;2611101;PETROLINA;PE;29;26;21;0,8077;0,9898;3,2157;4
2016;3205;FACULDADE DE CIÊNCIAS BIOLÓGICAS E DA SAÚDE;FACISA;Faculdade ;Privada com fins lucrativos;74089;5;MEDICINA VETERINÁRIA;Educação Presencial;3171303;VIÇOSA;MG;68;65;56;0,8615;-0,3147;2,3599;3
2016;792;CENTRO UNIVERSITÁRIO DO ESTADO DO PARÁ;CESUPA;Centro Universitário;Privada sem fins lucrativos;74092;36;FISIOTERAPIA;Educação Presencial;1501402;BELÉM;PA;42;41;36;0,8780;-0,0119;2,4808;3
2016;663;UNIVERSIDADE SALGADO DE OLIVEIRA;UNIVERSO;Universidade;Pessoa Jurídica de Direito Privado - Sem fins lucrativos - Fundação;74098;38;SERVIÇO SOCIAL;Educação Presencial;3106200;BELO HORIZONTE;MG;9;9;2;0,2222;-6,7530;0,0000;1
2016;43;FUNDAÇÃO UNIVERSIDADE DO ESTADO DE SANTA CATARINA;UDESC;Universidade;Pessoa Jurídica de Direito Público - Estadual;74134;51;ZOOTECNIA;Educação Presencial;4204202;CHAPECÓ;SC;32;28;24;0,8571;4,6905;4,7497;5
2016;43;FUNDAÇÃO UNIVERSIDADE DO ESTADO DE SANTA CATARINA;UDESC;Universidade;Pessoa Jurídica de Direito Público - Estadual;74136;23;ENFERMAGEM;Educação Presencial;4204202;CHAPECÓ;SC;18;17;16;0,9412;0,8124;2,8860;3
2016;472;UNIVERSIDADE DO GRANDE RIO PROFESSOR JOSÉ DE SOUZA HERDY;UNIGRANRIO;Universidade;Privada sem fins lucrativos;74138;28;NUTRIÇÃO;Educação Presencial;3301702;DUQUE DE CAXIAS;RJ;85;81;52;0,6420;0,0912;2,4851;3
2016;1606;FACULDADES INTEGRADAS DE CASSILÂNDIA;FIC;Faculdade ;Privada com fins lucrativos;74164;23;ENFERMAGEM;Educação Presencial;5002902;CASSILÂNDIA;MS;13;11;8;0,7273;-4,7025;0,2901;1
2016;1606;FACULDADES INTEGRADAS DE CASSILÂNDIA;FIC;Faculdade ;Privada com fins lucrativos;74166;36;FISIOTERAPIA;Educação Presencial;5002902;CASSILÂNDIA;MS;18;17;13;0,7647;-2,9907;1,1509;2
2016;398;UNIVERSIDADE TIRADENTES;UNIT;Universidade;Privada com fins lucrativos;74178;19;FARMÁCIA;Educação Presencial;2800308;ARACAJU;SE;41;41;31;0,7561;-0,7283;2,0968;3
2016;739;CENTRO UNIVERSITÁRIO SÃO CAMILO - ESPÍRITO SANTO;SÃO CAMILO-ES;Centro Universitário;Privada sem fins lucrativos;74251;36;FISIOTERAPIA;Educação Presencial;3201209;CACHOEIRO DE ITAPEMIRIM;ES;1;1;0;0,0000;;;SC
2016;3434;FACULDADE DE SAÚDE IBITURUNA;FASI;Faculdade ;Pessoa Jurídica de Direito Privado - Sem fins lucrativos - Sociedade;74278;28;NUTRIÇÃO;Educação Presencial;3143302;MONTES CLAROS;MG;107;71;63;0,8873;0,0238;2,4547;3
2016;3434;FACULDADE DE SAÚDE IBITURUNA;FASI;Faculdade ;Pessoa Jurídica de Direito Privado - Sem fins lucrativos - Sociedade;74280;19;FARMÁCIA;Educação Presencial;3143302;MONTES CLAROS;MG;128;122;97;0,7951;-0,0618;2,3866;3
2016;3434;FACULDADE DE SAÚDE IBITURUNA;FASI;Faculdade ;Pessoa Jurídica de Direito Privado - Sem fins lucrativos - Sociedade;74282;55;BIOMEDICINA;Educação Presencial;3143302;MONTES CLAROS;MG;27;23;20;0,8696;0,9282;2,8695;3
2016;2835;CENTRO UNIVERSITÁRIO MAURÍCIO DE NASSAU;UNINASSAU;Centro Universitário;Privada com fins lucrativos;74310;28;NUTRIÇÃO;Educação Presencial;2611606;RECIFE;PE;363;264;210;0,7955;0,3131;2,5851;3
2016;2835;CENTRO UNIVERSITÁRIO MAURÍCIO DE NASSAU;UNINASSAU;Centro Universitário;Privada com fins lucrativos;74312;36;FISIOTERAPIA;Educação Presencial;2611606;RECIFE;PE;205;121;89;0,7355;0,0554;2,5108;3
2016;2835;CENTRO UNIVERSITÁRIO MAURÍCIO DE NASSAU;UNINASSAU;Centro Universitário;Privada com fins lucrativos;74315;23;ENFERMAGEM;Educação Presencial;2611606;RECIFE;PE;366;202;128;0,6337;-0,1795;2,4191;3
2016;2835;CENTRO UNIVERSITÁRIO MAURÍCIO DE NASSAU;UNINASSAU;Centro Universitário;Privada com fins lucrativos;74317;19;FARMÁCIA;Educação Presencial;2611606;RECIFE;PE;254;227;127;0,5595;-0,0622;2,3864;3
2016;1775;CENTRO UNIVERSITÁRIO DO VALE DO IPOJUCA;UNIVIP;Centro Universitário;Privada com fins lucrativos;74328;28;NUTRIÇÃO;Educação Presencial;2604106;CARUARU;PE;142;137;116;0,8467;-0,4423;2,2445;3
2016;584;UNIVERSIDADE FEDERAL DE GOIÁS;UFG;Universidade;Pessoa Jurídica de Direito Público - Federal;74345;55;BIOMEDICINA;Educação Presencial;5208707;GOIÂNIA;GO;40;39;38;0,9744;0,1055;2,4588;3
2016;2918;FACULDADE DE ENSINO SUPERIOR DA AMAZÔNIA REUNIDA;FESAR;Faculdade ;Privada com fins lucrativos;74444;51;ZOOTECNIA;Educação Presencial;1506138;REDENÇÃO;PA;2;2;0;0,0000;;;SC
2016;2918;FACULDADE DE ENSINO SUPERIOR DA AMAZÔNIA REUNIDA;FESAR;Faculdade ;Privada com fins lucrativos;74462;55;BIOMEDICINA;Educação Presencial;1506138;REDENÇÃO;PA;13;10;9;0,9000;0,1037;2,4579;3
2016;5451;FACULDADE ANHANGÜERA DE BAURU;0;Faculdade ;Privada com fins lucrativos;74484;3501;EDUCAÇÃO FÍSICA (BACHARELADO);Educação Presencial;3506003;BAURU;SP;45;35;13;0,3714;-1,1741;1,9309;2
2016;5451;FACULDADE ANHANGÜERA DE BAURU;0;Faculdade ;Privada com fins lucrativos;74488;23;ENFERMAGEM;Educação Presencial;3506003;BAURU;SP;74;70;26;0,3714;-0,2735;2,3749;3
2016;5451;FACULDADE ANHANGÜERA DE BAURU;0;Faculdade ;Privada com fins lucrativos;74490;36;FISIOTERAPIA;Educação Presencial;3506003;BAURU;SP;18;18;11;0,6111;-0,7394;2,1560;3
2016;2843;FACULDADE DE CIÊNCIAS MÉDICAS E DA SAÚDE DE JUIZ DE FORA;FCMS/JF;Faculdade ;Privada com fins lucrativos;74594;12;MEDICINA;Educação Presencial;3136702;JUIZ DE FORA;MG;117;117;113;0,9658;0,3074;3,2607;4
2016;375;UNIVERSIDADE DE SANTO AMARO;UNISA;Universidade;Privada sem fins lucrativos;74626;55;BIOMEDICINA;Educação Presencial;3550308;SÃO PAULO;SP;19;19;16;0,8421;-0,1713;2,3206;3
2016;375;UNIVERSIDADE DE SANTO AMARO;UNISA;Universidade;Privada sem fins lucrativos;74633;19;FARMÁCIA;Educação Presencial;3550308;SÃO PAULO;SP;14;9;3;0,3333;4,3037;4,2844;5
2016;375;UNIVERSIDADE DE SANTO AMARO;UNISA;Universidade;Privada sem fins lucrativos;74644;5;MEDICINA VETERINÁRIA;Educação Presencial;3550308;SÃO PAULO;SP;27;27;13;0,4815;0,5630;3,0205;4
2016;375;UNIVERSIDADE DE SANTO AMARO;UNISA;Universidade;Privada sem fins lucrativos;74651;23;ENFERMAGEM;Educação Presencial;3550308;SÃO PAULO;SP;61;54;28;0,5185;0,6765;2,8220;3
2016;375;UNIVERSIDADE DE SANTO AMARO;UNISA;Universidade;Privada sem fins lucrativos;74655;12;MEDICINA;Educação Presencial;3550308;SÃO PAULO;SP;81;79;68;0,8608;-1,7744;0,9913;2
2016;375;UNIVERSIDADE DE SANTO AMARO;UNISA;Universidade;Privada sem fins lucrativos;74679;38;SERVIÇO SOCIAL;Educação Presencial;3550308;SÃO PAULO;SP;29;26;17;0,6538;-0,9866;2,1837;3
2016;165;UNIVERSIDADE VEIGA DE ALMEIDA;UVA;Universidade;Privada com fins lucrativos;74719;38;SERVIÇO SOCIAL;Educação Presencial;3300704;CABO FRIO;RJ;28;25;14;0,5600;0,7365;2,9878;4
2016;1185;CENTRO UNIVERSITÁRIO JORGE AMADO;UNIJORGE;Centro Universitário;Privada com fins lucrativos;74773;28;NUTRIÇÃO;Educação Presencial;2927408;SALVADOR;BA;33;30;24;0,8000;0,2409;2,5525;3
2016;1185;CENTRO UNIVERSITÁRIO JORGE AMADO;UNIJORGE;Centro Universitário;Privada com fins lucrativos;74775;27;FONOAUDIOLOGIA;Educação Presencial;2927408;SALVADOR;BA;18;18;15;0,8333;-0,5163;2,0778;3
2016;707;CENTRO UNIVERSITÁRIO CENTRAL PAULISTA;UNICEP;Centro Universitário;Privada com fins lucrativos;74870;23;ENFERMAGEM;Educação Presencial;3548906;SÃO CARLOS;SP;7;2;1;0,5000;;;SC
2016;1659;FACULDADE ESTÁCIO DE SÁ DE OURINHOS;FAESO;Faculdade ;Privada com fins lucrativos;74920;23;ENFERMAGEM;Educação Presencial;3534708;OURINHOS;SP;40;39;15;0,3846;-1,1953;1,9410;2
2016;1659;FACULDADE ESTÁCIO DE SÁ DE OURINHOS;FAESO;Faculdade ;Privada com fins lucrativos;74922;3501;EDUCAÇÃO FÍSICA (BACHARELADO);Educação Presencial;3534708;OURINHOS;SP;61;56;29;0,5179;-0,2101;2,3729;3
2016;1659;FACULDADE ESTÁCIO DE SÁ DE OURINHOS;FAESO;Faculdade ;Privada com fins lucrativos;74924;36;FISIOTERAPIA;Educação Presencial;3534708;OURINHOS;SP;42;42;24;0,5714;-0,5473;2,2418;3
2016;275;UNIVERSIDADE DO VALE DO PARAÍBA;UNIVAP;Universidade;Privada sem fins lucrativos;74928;28;NUTRIÇÃO;Educação Presencial;3549904;SÃO JOSÉ DOS CAMPOS;SP;2;1;0;0,0000;;;SC
2016;275;UNIVERSIDADE DO VALE DO PARAÍBA;UNIVAP;Universidade;Privada sem fins lucrativos;74934;55;BIOMEDICINA;Educação Presencial;3549904;SÃO JOSÉ DOS CAMPOS;SP;15;13;12;0,9231;-0,3027;2,2550;3
2016;1264;CENTRO UNIVERSITÁRIO DO RIO GRANDE DO NORTE;UNI-RN;Centro Universitário;Privada sem fins lucrativos;75094;28;NUTRIÇÃO;Educação Presencial;2408102;NATAL;RN;27;27;23;0,8519;1,7538;3,2348;4
2016;780;UNIVERSIDADE DE CUIABÁ;UNIC / PITÁGORAS;Universidade;Pessoa Jurídica de Direito Privado - Com fins lucrativos - Sociedade Civil;75096;28;NUTRIÇÃO;Educação Presencial;5103403;CUIABÁ;MT;33;30;28;0,9333;0,8479;2,8263;3
2016;780;UNIVERSIDADE DE CUIABÁ;UNIC / PITÁGORAS;Universidade;Pessoa Jurídica de Direito Privado - Com fins lucrativos - Sociedade Civil;75099;17;AGRONOMIA;Educação Presencial;5103403;CUIABÁ;MT;16;16;12;0,7500;-0,5418;2,5290;3
2016;1422;CENTRO UNIVERSITÁRIO DO NORTE;UNINORTE;Centro Universitário;Privada com fins lucrativos;75106;19;FARMÁCIA;Educação Presencial;1302603;MANAUS;AM;155;134;98;0,7313;-0,1155;2,3632;3
2016;1422;CENTRO UNIVERSITÁRIO DO NORTE;UNINORTE;Centro Universitário;Privada com fins lucrativos;75109;28;NUTRIÇÃO;Educação Presencial;1302603;MANAUS;AM;119;65;43;0,6615;0,3815;2,6160;3
2016;2724;INSTITUTO DE ENSINO SUPERIOR DO SUL DO MARANHÃO;IESMA;Faculdade ;Privada com fins lucrativos;75131;38;SERVIÇO SOCIAL;Educação Presencial;2105302;IMPERATRIZ;MA;64;56;48;0,8571;0,0075;2,6476;3
2016;1742;FACULDADE DE TECNOLOGIA CARLOS DRUMMOND DE ANDRADE;CSET DRUMMOND;Faculdade ;Privada com fins lucrativos;75264;91;TECNOLOGIA EM GESTÃO HOSPITALAR;Educação Presencial;3550308;SÃO PAULO;SP;11;9;2;0,2222;-2,2508;2,0017;3
2016;449;UNIVERSIDADE LUTERANA DO BRASIL;ULBRA;Universidade;Pessoa Jurídica de Direito Privado - Sem fins lucrativos - Fundação;75336;23;ENFERMAGEM;Educação Presencial;4309209;GRAVATAÍ;RS;30;30;12;0,4000;-1,0312;2,0182;3
2016;449;UNIVERSIDADE LUTERANA DO BRASIL;ULBRA;Universidade;Pessoa Jurídica de Direito Privado - Sem fins lucrativos - Fundação;75341;36;FISIOTERAPIA;Educação Presencial;4303004;CACHOEIRA DO SUL;RS;15;15;10;0,6667;-0,9651;2,0552;3
2016;449;UNIVERSIDADE LUTERANA DO BRASIL;ULBRA;Universidade;Pessoa Jurídica de Direito Privado - Sem fins lucrativos - Fundação;75366;55;BIOMEDICINA;Educação Presencial;4304705;CARAZINHO;RS;12;12;11;0,9167;0,3680;2,5898;3
2016;450;CENTRO UNIVERSITÁRIO LUTERANO DE JI-PARANÁ;CEULJI/ULBRA;Centro Universitário;Pessoa Jurídica de Direito Privado - Sem fins lucrativos - Fundação;75368;5;MEDICINA VETERINÁRIA;Educação Presencial;1100122;JI-PARANÁ;RO;6;6;3;0,5000;4,2874;5,0000;5
2016;457;UNIVERSIDADE ANHANGUERA DE SÃO PAULO - UNIAN-SP;UNIAN - SP;Universidade;Privada com fins lucrativos;75431;92;TECNOLOGIA EM GESTÃO AMBIENTAL;Educação Presencial;3547809;SANTO ANDRÉ;SP;21;5;4;0,8000;1,3205;2,9873;4
2016;718;UNIVERSIDADE POTIGUAR;UNP;Universidade;Pessoa Jurídica de Direito Privado - Com fins lucrativos - Sociedade Civil;75604;3501;EDUCAÇÃO FÍSICA (BACHARELADO);Educação Presencial;2408102;NATAL;RN;148;124;73;0,5887;-0,0898;2,4281;3
2016;718;UNIVERSIDADE POTIGUAR;UNP;Universidade;Pessoa Jurídica de Direito Privado - Com fins lucrativos - Sociedade Civil;75606;28;NUTRIÇÃO;Educação Presencial;2408102;NATAL;RN;125;122;88;0,7213;-0,1585;2,3724;3
2016;718;UNIVERSIDADE POTIGUAR;UNP;Universidade;Pessoa Jurídica de Direito Privado - Com fins lucrativos - Sociedade Civil;75608;38;SERVIÇO SOCIAL;Educação Presencial;2408102;NATAL;RN;135;128;104;0,8125;-0,0072;2,6407;3
2016;1427;FACULDADE DA SERRA GAÚCHA;FSG;Faculdade ;Privada com fins lucrativos;75671;36;FISIOTERAPIA;Educação Presencial;4305108;CAXIAS DO SUL;RS;53;52;27;0,5192;0,2181;2,5835;3
2016;4010;CENTRO UNIVERSITÁRIO METODISTA;IPA;Centro Universitário;Privada sem fins lucrativos;75703;55;BIOMEDICINA;Educação Presencial;4314902;PORTO ALEGRE;RS;41;39;27;0,6923;-0,2712;2,2707;3
2016;4010;CENTRO UNIVERSITÁRIO METODISTA;IPA;Centro Universitário;Privada sem fins lucrativos;75705;23;ENFERMAGEM;Educação Presencial;4314902;PORTO ALEGRE;RS;30;26;15;0,5769;-1,4476;1,8222;2
2016;4010;CENTRO UNIVERSITÁRIO METODISTA;IPA;Centro Universitário;Privada sem fins lucrativos;75717;19;FARMÁCIA;Educação Presencial;4314902;PORTO ALEGRE;RS;23;22;16;0,7273;0,8528;2,7842;3
2016;4010;CENTRO UNIVERSITÁRIO METODISTA;IPA;Centro Universitário;Privada sem fins lucrativos;75728;38;SERVIÇO SOCIAL;Educação Presencial;4314902;PORTO ALEGRE;RS;10;6;3;0,5000;5,0488;5,0000;5
2016;338;PONTIFÍCIA UNIVERSIDADE CATÓLICA DE MINAS GERAIS;PUC MINAS;Universidade;Pessoa Jurídica de Direito Privado - Sem fins lucrativos - Fundação;75740;23;ENFERMAGEM;Educação Presencial;3151800;POÇOS DE CALDAS;MG;26;25;20;0,8000;-0,1719;2,4227;3
2016;2323;FACULDADE DA AMAZÔNIA;FAMA;Faculdade ;Privada com fins lucrativos;75774;17;AGRONOMIA;Educação Presencial;1100304;VILHENA;RO;32;27;13;0,4815;-4,7282;0,0000;1
2016;2323;FACULDADE DA AMAZÔNIA;FAMA;Faculdade ;Privada com fins lucrativos;75776;51;ZOOTECNIA;Educação Presencial;1100304;VILHENA;RO;11;10;5;0,5000;-6,7677;0,0000;1
2016;2323;FACULDADE DA AMAZÔNIA;FAMA;Faculdade ;Privada com fins lucrativos;75778;38;SERVIÇO SOCIAL;Educação Presencial;1100304;VILHENA;RO;3;1;1;1,0000;;;SC
2016;472;UNIVERSIDADE DO GRANDE RIO PROFESSOR JOSÉ DE SOUZA HERDY;UNIGRANRIO;Universidade;Privada sem fins lucrativos;75821;12;MEDICINA;Educação Presencial;3304557;RIO DE JANEIRO;RJ;113;110;85;0,7727;-1,1865;1,6322;2
2016;472;UNIVERSIDADE DO GRANDE RIO PROFESSOR JOSÉ DE SOUZA HERDY;UNIGRANRIO;Universidade;Privada sem fins lucrativos;75823;6;ODONTOLOGIA;Educação Presencial;3304557;RIO DE JANEIRO;RJ;52;48;33;0,6875;0,1067;2,5839;3
2016;266;UNIVERSIDADE METODISTA DE PIRACICABA;UNIMEP;Universidade;Privada sem fins lucrativos;75837;3501;EDUCAÇÃO FÍSICA (BACHARELADO);Educação Presencial;3538709;PIRACICABA;SP;79;68;35;0,5147;-0,3138;2,3254;3
2016;1014;INSTITUTO SUPERIOR E CENTRO EDUCACIONAL LUTERANO - BOM JESUS - IELUSC;BOM JESUS/IELUSC;Faculdade ;Privada sem fins lucrativos;75867;28;NUTRIÇÃO;Educação Presencial;4209102;JOINVILLE;SC;43;41;29;0,7073;0,5089;2,6734;3
2016;1850;FACULDADE ALVORADA DE TECNOLOGIA E EDUCAÇÃO DE MARINGÁ;FACULDADE ALVORADA;Faculdade ;Pessoa Jurídica de Direito Privado - Sem fins lucrativos - Fundação;75871;23;ENFERMAGEM;Educação Presencial;4115200;MARINGÁ;PR;29;19;11;0,5789;-0,4656;2,2844;3
2016;1735;CENTRO UNIVERSITÁRIO DOUTOR LEÃO SAMPAIO;FLS;Centro Universitário;Privada com fins lucrativos;75875;36;FISIOTERAPIA;Educação Presencial;2307304;JUAZEIRO DO NORTE;CE;87;83;73;0,8795;0,0955;2,5288;3
2016;472;UNIVERSIDADE DO GRANDE RIO PROFESSOR JOSÉ DE SOUZA HERDY;UNIGRANRIO;Universidade;Privada sem fins lucrativos;75949;92;TECNOLOGIA EM GESTÃO AMBIENTAL;Educação Presencial;3301702;DUQUE DE CAXIAS;RJ;14;8;4;0,5000;2,6921;3,4846;4
2016;472;UNIVERSIDADE DO GRANDE RIO PROFESSOR JOSÉ DE SOUZA HERDY;UNIGRANRIO;Universidade;Privada sem fins lucrativos;75956;69;TECNOLOGIA EM RADIOLOGIA;Educação Presencial;3301702;DUQUE DE CAXIAS;RJ;30;22;13;0,5909;-1,0813;2,0965;3
2016;322;UNIVERSIDADE PAULISTA;UNIP;Universidade;Privada sem fins lucrativos;76321;95;TECNOLOGIA EM ESTÉTICA E COSMÉTICA;Educação Presencial;3550308;SÃO PAULO;SP;17;12;6;0,5000;2,2252;3,8790;4
2016;322;UNIVERSIDADE PAULISTA;UNIP;Universidade;Privada sem fins lucrativos;76327;28;NUTRIÇÃO;Educação Presencial;3547304;SANTANA DE PARNAÍBA;SP;2;2;2;1,0000;-5,4198;0,0000;1
2016;322;UNIVERSIDADE PAULISTA;UNIP;Universidade;Privada sem fins lucrativos;76355;95;TECNOLOGIA EM ESTÉTICA E COSMÉTICA;Educação Presencial;3550308;SÃO PAULO;SP;12;11;4;0,3636;-5,1955;0,0000;1
2016;322;UNIVERSIDADE PAULISTA;UNIP;Universidade;Privada sem fins lucrativos;76380;3501;EDUCAÇÃO FÍSICA (BACHARELADO);Educação Presencial;3550308;SÃO PAULO;SP;50;38;17;0,4474;3,6237;4,1311;5
2016;322;UNIVERSIDADE PAULISTA;UNIP;Universidade;Privada sem fins lucrativos;76381;23;ENFERMAGEM;Educação Presencial;3550308;SÃO PAULO;SP;23;22;13;0,5909;2,1204;3,5017;4
2016;322;UNIVERSIDADE PAULISTA;UNIP;Universidade;Privada sem fins lucrativos;76387;19;FARMÁCIA;Educação Presencial;3550308;SÃO PAULO;SP;47;47;30;0,6383;1,4686;3,0519;4
2016;322;UNIVERSIDADE PAULISTA;UNIP;Universidade;Privada sem fins lucrativos;76391;19;FARMÁCIA;Educação Presencial;3550308;SÃO PAULO;SP;30;26;9;0,3462;-0,5800;2,1613;3
2016;322;UNIVERSIDADE PAULISTA;UNIP;Universidade;Privada sem fins lucrativos;76397;28;NUTRIÇÃO;Educação Presencial;3550308;SÃO PAULO;SP;11;10;5;0,5000;0,5667;2,6995;3
2016;322;UNIVERSIDADE PAULISTA;UNIP;Universidade;Privada sem fins lucrativos;76455;95;TECNOLOGIA EM ESTÉTICA E COSMÉTICA;Educação Presencial;3550308;SÃO PAULO;SP;68;52;33;0,6346;-0,2635;2,3539;3
2016;322;UNIVERSIDADE PAULISTA;UNIP;Universidade;Privada sem fins lucrativos;76473;28;NUTRIÇÃO;Educação Presencial;3525904;JUNDIAÍ;SP;11;11;7;0,6364;1,6298;3,1788;4
2016;322;UNIVERSIDADE PAULISTA;UNIP;Universidade;Privada sem fins lucrativos;76524;23;ENFERMAGEM;Educação Presencial;3526902;LIMEIRA;SP;12;11;4;0,3636;6,3431;5,0000;5
2016;322;UNIVERSIDADE PAULISTA;UNIP;Universidade;Privada sem fins lucrativos;76566;19;FARMÁCIA;Educação Presencial;3549706;SÃO JOSÉ DO RIO PARDO;SP;10;10;9;0,9000;3,1260;3,7724;4
2016;322;UNIVERSIDADE PAULISTA;UNIP;Universidade;Privada sem fins lucrativos;76580;28;NUTRIÇÃO;Educação Presencial;3549805;SÃO JOSÉ DO RIO PRETO;SP;8;8;7;0,8750;1,2043;2,9870;4
2016;143;UNIVERSIDADE DE UBERABA;UNIUBE;Universidade;Privada sem fins lucrativos;76853;3501;EDUCAÇÃO FÍSICA (BACHARELADO);Educação Presencial;3170107;UBERABA;MG;35;31;15;0,4839;-3,9583;0,6541;1
2016;1461;FACULDADE DE TECNOLOGIA E CIÊNCIAS;FTC SALVADOR;Faculdade ;Privada com fins lucrativos;78256;12;MEDICINA;Educação Presencial;2927408;SALVADOR;BA;88;88;76;0,8636;-0,2518;2,6512;3
2016;1734;FACULDADE INTEGRAL DIFERENCIAL;FACID;Faculdade ;Pessoa Jurídica de Direito Privado - Com fins lucrativos - Sociedade Civil;79007;12;MEDICINA;Educação Presencial;2211001;TERESINA;PI;97;96;79;0,8229;-0,8340;2,0165;3
2016;1128;UNIVERSIDADE DE ITAÚNA;UI;Universidade;Privada sem fins lucrativos;79217;28;NUTRIÇÃO;Educação Presencial;3133808;ITAÚNA;MG;30;29;23;0,7931;-2,6979;1,2274;2
2016;1128;UNIVERSIDADE DE ITAÚNA;UI;Universidade;Privada sem fins lucrativos;79225;23;ENFERMAGEM;Educação Presencial;3133808;ITAÚNA;MG;55;34;22;0,6471;-0,0163;2,4959;3
2016;752;FACULDADE DE PARÁ DE MINAS;FAPAM;Faculdade ;Privada sem fins lucrativos;79351;23;ENFERMAGEM;Educação Presencial;3147105;PARÁ DE MINAS;MG;1;0;0;0,0000;;;SC
2016;2565;ABEU - CENTRO UNIVERSITÁRIO;UNIABEU;Centro Universitário;Privada sem fins lucrativos;79443;38;SERVIÇO SOCIAL;Educação Presencial;3300456;BELFORD ROXO;RJ;55;46;19;0,4130;0,0200;2,6534;3
2016;4037;FACULDADE DE TECNOLOGIA INTENSIVA;FATECI;Faculdade ;Privada com fins lucrativos;79447;69;TECNOLOGIA EM RADIOLOGIA;Educação Presencial;2304400;FORTALEZA;CE;11;11;5;0,4545;2,4257;3,0818;4
2016;417;UNIVERSIDADE CIDADE DE SÃO PAULO;UNICID;Universidade;Privada com fins lucrativos;79485;55;BIOMEDICINA;Educação Presencial;3550308;SÃO PAULO;SP;63;62;47;0,7581;-0,5725;2,1203;3
2016;2791;FACULDADE DE CIÊNCIAS AGRÁRIAS E EXATAS DE PRIMAVERA DO LESTE;0;Faculdade ;Pessoa Jurídica de Direito Privado - Com fins lucrativos - Sociedade Mercantil ou Comercial;79552;17;AGRONOMIA;Educação Presencial;5107040;PRIMAVERA DO LESTE;MT;34;34;22;0,6471;1,1131;3,5287;4
2016;2564;UNIVERSIDADE FEDERAL DE CAMPINA GRANDE;UFCG;Universidade;Pessoa Jurídica de Direito Público - Federal;79572;23;ENFERMAGEM;Educação Presencial;2503704;CAJAZEIRAS;PB;73;71;71;1,0000;0,1673;2,5823;3
2016;22;UNIVERSIDADE PRESBITERIANA MACKENZIE;MACKENZIE;Universidade;Pessoa Jurídica de Direito Privado - Sem fins lucrativos - Fundação;79574;19;FARMÁCIA;Educação Presencial;3550308;SÃO PAULO;SP;73;70;55;0,7857;0,0450;2,4330;3
2016;24;UNIVERSIDADE ESTADUAL DE SANTA CRUZ;UESC;Universidade;Pessoa Jurídica de Direito Público - Estadual;79576;55;BIOMEDICINA;Educação Presencial;2913606;ILHÉUS;BA;16;16;14;0,8750;1,1676;2,9890;4
2016;208;UNIVERSIDADE DE RIBEIRÃO PRETO;UNAERP;Universidade;Privada sem fins lucrativos;79642;38;SERVIÇO SOCIAL;Educação Presencial;3518701;GUARUJÁ;SP;39;39;20;0,5128;-0,7772;2,2814;3
2016;1917;FACULDADE DE CIÊNCIAS BIOMÉDICAS DE CACOAL;FACIMED;Faculdade ;Privada com fins lucrativos;79756;36;FISIOTERAPIA;Educação Presencial;1100049;CACOAL;RO;28;26;22;0,8462;-0,9346;2,0689;3
2016;2724;INSTITUTO DE ENSINO SUPERIOR DO SUL DO MARANHÃO;IESMA;Faculdade ;Privada com fins lucrativos;79772;28;NUTRIÇÃO;Educação Presencial;2105302;IMPERATRIZ;MA;80;71;57;0,8028;-0,7597;2,1013;3
2016;1856;FACULDADE DO NORTE NOVO DE APUCARANA;FACNOPAR;Faculdade ;Privada sem fins lucrativos;79817;90;TECNOLOGIA EM AGRONEGÓCIOS;Educação Presencial;4101408;APUCARANA;PR;17;17;16;0,9412;0,7735;2,8852;3
2016;265;FACULDADES INTEGRADAS DE OURINHOS;FIO;Faculdade ;Privada sem fins lucrativos;79833;23;ENFERMAGEM;Educação Presencial;3534708;OURINHOS;SP;22;20;11;0,5500;0,0343;2,5197;3
2016;1676;FACULDADE SÃO MIGUEL;FACULDADE SÃO MIGUEL;Faculdade ;Privada com fins lucrativos;79838;28;NUTRIÇÃO;Educação Presencial;2611606;RECIFE;PE;61;61;39;0,6393;-0,7133;2,1223;3
2016;1676;FACULDADE SÃO MIGUEL;FACULDADE SÃO MIGUEL;Faculdade ;Privada com fins lucrativos;79840;23;ENFERMAGEM;Educação Presencial;2611606;RECIFE;PE;107;89;43;0,4831;-0,3577;2,3352;3
2016;1676;FACULDADE SÃO MIGUEL;FACULDADE SÃO MIGUEL;Faculdade ;Privada com fins lucrativos;79854;36;FISIOTERAPIA;Educação Presencial;2611606;RECIFE;PE;18;16;9;0,5625;0,2336;2,5904;3
2016;14248;Faculdade Presidente Antônio Carlos de Uberlândia;0;Faculdade ;Pessoa Jurídica de Direito Privado - Sem fins lucrativos - Fundação;79866;17;AGRONOMIA;Educação Presencial;3170206;UBERLÂNDIA;MG;78;65;39;0,6000;-0,2815;2,6862;3
2016;14248;Faculdade Presidente Antônio Carlos de Uberlândia;0;Faculdade ;Pessoa Jurídica de Direito Privado - Sem fins lucrativos - Fundação;79868;55;BIOMEDICINA;Educação Presencial;3170206;UBERLÂNDIA;MG;51;38;27;0,7105;-1,2824;1,7659;2
2016;14248;Faculdade Presidente Antônio Carlos de Uberlândia;0;Faculdade ;Pessoa Jurídica de Direito Privado - Sem fins lucrativos - Fundação;79870;5;MEDICINA VETERINÁRIA;Educação Presencial;3170206;UBERLÂNDIA;MG;58;56;41;0,7321;-1,3613;1,5720;2
2016;14248;Faculdade Presidente Antônio Carlos de Uberlândia;0;Faculdade ;Pessoa Jurídica de Direito Privado - Sem fins lucrativos - Fundação;79872;23;ENFERMAGEM;Educação Presencial;3170206;UBERLÂNDIA;MG;57;52;30;0,5769;-0,2438;2,3888;3
2016;2973;FACULDADE DE CIÊNCIAS HUMANAS E BIOLÓGICAS E DA SAÚDE;0;Faculdade ;Pessoa Jurídica de Direito Privado - Com fins lucrativos - Sociedade Mercantil ou Comercial;79932;36;FISIOTERAPIA;Educação Presencial;5107040;PRIMAVERA DO LESTE;MT;9;8;7;0,8750;-1,3528;1,8821;2
2016;3774;FACULDADE SÃO TOMAZ DE AQUINO;FSTA;Faculdade ;Privada com fins lucrativos;79972;23;ENFERMAGEM;Educação Presencial;2927408;SALVADOR;BA;2;1;1;1,0000;;;SC
2016;688;UNIVERSIDADE ESTADUAL DO SUDOESTE DA BAHIA;UESB;Universidade;Pessoa Jurídica de Direito Público - Estadual;80010;6;ODONTOLOGIA;Educação Presencial;2918001;JEQUIÉ;BA;32;32;30;0,9375;-0,8193;1,6076;2
2016;330;UNIVERSIDADE IGUAÇU;UNIG;Universidade;Privada sem fins lucrativos;80028;19;FARMÁCIA;Educação Presencial;3303500;NOVA IGUAÇU;RJ;90;88;35;0,3977;-1,3817;1,8128;2
2016;82;UNIVERSIDADE DO OESTE DE SANTA CATARINA;UNOESC;Universidade;Pessoa Jurídica de Direito Público - Municipal;80031;17;AGRONOMIA;Educação Presencial;4216701;SÃO JOSÉ DO CEDRO;SC;34;34;24;0,7059;0,9920;3,4555;4
2016;688;UNIVERSIDADE ESTADUAL DO SUDOESTE DA BAHIA;UESB;Universidade;Pessoa Jurídica de Direito Público - Estadual;80037;12;MEDICINA;Educação Presencial;2933307;VITÓRIA DA CONQUISTA;BA;31;31;25;0,8065;1,9028;5,0000;5
2016;1494;FACULDADE CATÓLICA SALESIANA DO ESPÍRITO SANTO;0;Centro Universitário;Privada sem fins lucrativos;80093;19;FARMÁCIA;Educação Presencial;3205309;VITÓRIA;ES;38;30;18;0,6000;0,6603;2,7005;3
2016;1364;FACULDADE DE TECNOLOGIA E CIÊNCIAS DE VITÓRIA DA CONQUISTA;FTC;Faculdade ;Privada com fins lucrativos;80101;3501;EDUCAÇÃO FÍSICA (BACHARELADO);Educação Presencial;2933307;VITÓRIA DA CONQUISTA;BA;34;29;17;0,5862;1,1259;2,9856;4
2016;1364;FACULDADE DE TECNOLOGIA E CIÊNCIAS DE VITÓRIA DA CONQUISTA;FTC;Faculdade ;Privada com fins lucrativos;80103;28;NUTRIÇÃO;Educação Presencial;2933307;VITÓRIA DA CONQUISTA;BA;49;47;35;0,7447;-0,4719;2,2311;3
2016;1364;FACULDADE DE TECNOLOGIA E CIÊNCIAS DE VITÓRIA DA CONQUISTA;FTC;Faculdade ;Privada com fins lucrativos;80105;36;FISIOTERAPIA;Educação Presencial;2933307;VITÓRIA DA CONQUISTA;BA;65;56;37;0,6607;-0,2414;2,3783;3
2016;2023;FACULDADE DE GUANAMBI;0;Faculdade ;Privada com fins lucrativos;80124;23;ENFERMAGEM;Educação Presencial;2911709;GUANAMBI;BA;35;31;26;0,8387;-0,0840;2,4641;3
2016;2279;FACULDADE INTEGRADA METROPOLITANA DE CAMPINAS;METROCAMP;Faculdade ;Pessoa Jurídica de Direito Privado - Com fins lucrativos - Sociedade Civil;80133;28;NUTRIÇÃO;Educação Presencial;3509502;CAMPINAS;SP;33;30;12;0,4000;0,5396;2,6873;3
2016;2279;FACULDADE INTEGRADA METROPOLITANA DE CAMPINAS;METROCAMP;Faculdade ;Pessoa Jurídica de Direito Privado - Com fins lucrativos - Sociedade Civil;80141;55;BIOMEDICINA;Educação Presencial;3509502;CAMPINAS;SP;76;66;47;0,7121;-0,3475;2,2326;3
2016;1231;INSTITUTO CENECISTA DE ENSINO SUPERIOR DE SANTO ÂNGELO;CNEC/IESA;Faculdade ;Privada sem fins lucrativos;80158;36;FISIOTERAPIA;Educação Presencial;4317509;SANTO ÂNGELO;RS;59;59;50;0,8475;-0,1441;2,4218;3
2016;1952;FACULDADE DE CIÊNCIAS JURÍDICAS E SOCIAIS APLICADAS DO ARAGUAIA;FACULDADES CATHEDRAL;Faculdade ;Privada com fins lucrativos;80204;90;TECNOLOGIA EM AGRONEGÓCIOS;Educação Presencial;5101803;BARRA DO GARÇAS;MT;29;29;24;0,8276;-1,5123;2,1592;3
2016;4722;FACULDADES INTEGRADAS VIANNA JÚNIOR;FIVJ;Faculdade ;Privada com fins lucrativos;80206;92;TECNOLOGIA EM GESTÃO AMBIENTAL;Educação Presencial;3136702;JUIZ DE FORA;MG;19;18;13;0,7222;0,8337;2,8108;3
2016;2724;INSTITUTO DE ENSINO SUPERIOR DO SUL DO MARANHÃO;IESMA;Faculdade ;Privada com fins lucrativos;80212;23;ENFERMAGEM;Educação Presencial;2105302;IMPERATRIZ;MA;52;49;36;0,7347;-0,8969;2,0814;3
2016;1694;ESCOLA SUPERIOR DE CRICIÚMA - ESUCRI;ESUCRI;Faculdade ;Privada com fins lucrativos;80214;23;ENFERMAGEM;Educação Presencial;4204608;CRICIÚMA;SC;43;42;15;0,3571;0,6582;2,8134;3
2016;426;CENTRO UNIVERSITÁRIO FRANCISCANO;UNIFRA;Centro Universitário;Privada sem fins lucrativos;80272;6;ODONTOLOGIA;Educação Presencial;4316907;SANTA MARIA;RS;63;61;56;0,9180;0,0234;2,4960;3
2016;1554;FACULDADES INTEGRADAS DO VALE DO RIBEIRA;FIVR;Faculdade ;Privada com fins lucrativos;80317;36;FISIOTERAPIA;Educação Presencial;3542602;REGISTRO;SP;12;10;10;1,0000;-0,2870;2,3580;3
2016;1554;FACULDADES INTEGRADAS DO VALE DO RIBEIRA;FIVR;Faculdade ;Privada com fins lucrativos;80319;28;NUTRIÇÃO;Educação Presencial;3542602;REGISTRO;SP;16;15;12;0,8000;-0,0544;2,4194;3
2016;1281;FACULDADE DE CIÊNCIAS SOCIAIS E AGRÁRIAS DE ITAPEVA;FAIT;Faculdade ;Pessoa Jurídica de Direito Privado - Com fins lucrativos - Sociedade Civil;80324;23;ENFERMAGEM;Educação Presencial;3522406;ITAPEVA;SP;43;42;28;0,6667;0,6781;2,8228;3
2016;1718;FACULDADE NOBRE DE FEIRA DE SANTANA;FAN;Faculdade ;Privada com fins lucrativos;80326;28;NUTRIÇÃO;Educação Presencial;2910800;FEIRA DE SANTANA;BA;10;10;8;0,8000;2,5903;3,6120;4
2016;1718;FACULDADE NOBRE DE FEIRA DE SANTANA;FAN;Faculdade ;Privada com fins lucrativos;80328;23;ENFERMAGEM;Educação Presencial;2910800;FEIRA DE SANTANA;BA;8;8;6;0,7500;-1,0298;2,0189;3
2016;2835;CENTRO UNIVERSITÁRIO MAURÍCIO DE NASSAU;UNINASSAU;Centro Universitário;Privada com fins lucrativos;80330;3501;EDUCAÇÃO FÍSICA (BACHARELADO);Educação Presencial;2611606;RECIFE;PE;262;129;99;0,7674;0,1536;2,5397;3
2016;515;CENTRO UNIVERSITÁRIO ANHANGUERA DE NITERÓI;UNIAN;Centro Universitário;Privada com fins lucrativos;80354;92;TECNOLOGIA EM GESTÃO AMBIENTAL;Educação Presencial;3303302;NITERÓI;RJ;47;14;11;0,7857;1,3494;2,9978;4
2016;2973;FACULDADE DE CIÊNCIAS HUMANAS E BIOLÓGICAS E DA SAÚDE;0;Faculdade ;Pessoa Jurídica de Direito Privado - Com fins lucrativos - Sociedade Mercantil ou Comercial;80360;3501;EDUCAÇÃO FÍSICA (BACHARELADO);Educação Presencial;5107040;PRIMAVERA DO LESTE;MT;5;5;5;1,0000;1,1553;2,9991;4
2016;2973;FACULDADE DE CIÊNCIAS HUMANAS E BIOLÓGICAS E DA SAÚDE;0;Faculdade ;Pessoa Jurídica de Direito Privado - Com fins lucrativos - Sociedade Mercantil ou Comercial;80362;19;FARMÁCIA;Educação Presencial;5107040;PRIMAVERA DO LESTE;MT;10;9;6;0,6667;4,2898;4,2783;5
2016;4358;INSTITUTO FEDERAL DE EDUCAÇÃO, CIÊNCIA E TECNOLOGIA DO SUL DE MINAS GERAIS;IF SUL DE MINAS;Instituto Federal de Educação, Ciência e Tecnologia;Pessoa Jurídica de Direito Público - Federal;80373;92;TECNOLOGIA EM GESTÃO AMBIENTAL;Educação Presencial;3130606;INCONFIDENTES;MG;25;24;21;0,8750;0,2752;2,6083;3
2016;163;UNIVERSIDADE ESTÁCIO DE SÁ;UNESA;Universidade;Privada com fins lucrativos;80562;69;TECNOLOGIA EM RADIOLOGIA;Educação Presencial;3304557;RIO DE JANEIRO;RJ;47;41;15;0,3659;-0,8558;2,1599;3
2016;163;UNIVERSIDADE ESTÁCIO DE SÁ;UNESA;Universidade;Privada com fins lucrativos;80564;69;TECNOLOGIA EM RADIOLOGIA;Educação Presencial;3304557;RIO DE JANEIRO;RJ;18;15;5;0,3333;1,7059;2,8796;3
2016;10;PONTIFÍCIA UNIVERSIDADE CATÓLICA DO PARANÁ;PUCPR;Universidade;Privada sem fins lucrativos;80608;23;ENFERMAGEM;Educação Presencial;4127700;TOLEDO;PR;9;9;8;0,8889;-5,3188;0,0000;1
2016;10;PONTIFÍCIA UNIVERSIDADE CATÓLICA DO PARANÁ;PUCPR;Universidade;Privada sem fins lucrativos;80610;17;AGRONOMIA;Educação Presencial;4127700;TOLEDO;PR;75;64;57;0,8906;0,4012;3,0986;4
2016;3797;FACULDADE GUAIRACÁ;FAG;Faculdade ;Privada com fins lucrativos;80810;3501;EDUCAÇÃO FÍSICA (BACHARELADO);Educação Presencial;4109401;GUARAPUAVA;PR;72;61;29;0,4754;-0,9417;2,0374;3
2016;2826;FACULDADE NOSSA SENHORA DE FÁTIMA;FACULDADE FÁTIMA;Faculdade ;Privada sem fins lucrativos;80824;28;NUTRIÇÃO;Educação Presencial;4305108;CAXIAS DO SUL;RS;7;7;3;0,4286;-1,1444;1,9279;2
2016;2362;FACULDADE DE CIÊNCIAS MÉDICAS DE CAMPINA GRANDE;FCM;Faculdade ;Privada com fins lucrativos;80865;23;ENFERMAGEM;Educação Presencial;2504009;CAMPINA GRANDE;PB;29;27;22;0,8148;-0,4251;2,3035;3
2016;2362;FACULDADE DE CIÊNCIAS MÉDICAS DE CAMPINA GRANDE;FCM;Faculdade ;Privada com fins lucrativos;80871;36;FISIOTERAPIA;Educação Presencial;2504009;CAMPINA GRANDE;PB;49;45;35;0,7778;-0,1249;2,4304;3
2016;2826;FACULDADE NOSSA SENHORA DE FÁTIMA;FACULDADE FÁTIMA;Faculdade ;Privada sem fins lucrativos;81068;27;FONOAUDIOLOGIA;Educação Presencial;4305108;CAXIAS DO SUL;RS;11;11;7;0,6364;0,3529;2,4814;3
2016;1078;FACULDADE INTEGRADO DE CAMPO MOURÃO;CEI;Faculdade ;Privada com fins lucrativos;81096;23;ENFERMAGEM;Educação Presencial;4104303;CAMPO MOURÃO;PR;26;25;23;0,9200;-0,4486;2,2924;3
2016;1078;FACULDADE INTEGRADO DE CAMPO MOURÃO;CEI;Faculdade ;Privada com fins lucrativos;81098;19;FARMÁCIA;Educação Presencial;4104303;CAMPO MOURÃO;PR;30;23;17;0,7391;0,9160;2,8117;3
2016;5592;FACULDADES INTEGRADAS DO NORTE DE MINAS - FUNORTE;FUNORTE;Faculdade ;Privada sem fins lucrativos;81102;19;FARMÁCIA;Educação Presencial;3143302;MONTES CLAROS;MG;69;63;52;0,8254;-0,3004;2,2829;3
2016;221;UNIVERSIDADE CRUZEIRO DO SUL;UNICSUL;Universidade;Pessoa Jurídica de Direito Privado - Com fins lucrativos - Sociedade Civil;81113;6;ODONTOLOGIA;Educação Presencial;3550308;SÃO PAULO;SP;71;65;40;0,6154;0,4309;2,9256;3
2016;2581;FACULDADE SÃO SALVADOR;FSS;Faculdade ;Privada com fins lucrativos;81194;23;ENFERMAGEM;Educação Presencial;2927408;SALVADOR;BA;29;25;9;0,3600;-2,8712;1,1521;2
2016;3983;CENTRO UNIVERSITÁRIO DE FORMIGA;UNIFORMG;Centro Universitário;Pessoa Jurídica de Direito Privado - Sem fins lucrativos - Fundação;81268;36;FISIOTERAPIA;Educação Presencial;3126109;FORMIGA;MG;23;23;20;0,8696;0,3031;2,6215;3
2016;2158;FACULDADE SANTA MARIA;FSM;Faculdade ;Privada com fins lucrativos;81351;36;FISIOTERAPIA;Educação Presencial;2503704;CAJAZEIRAS;PB;59;58;54;0,9310;0,0409;2,5044;3
2016;82;UNIVERSIDADE DO OESTE DE SANTA CATARINA;UNOESC;Universidade;Pessoa Jurídica de Direito Público - Municipal;81374;17;AGRONOMIA;Educação Presencial;4219507;XANXERÊ;SC;52;50;32;0,6400;0,2757;3,0228;4
2016;384;CENTRO UNIVERSITÁRIO DE ANÁPOLIS;UNIEVANGÉLICA;Centro Universitário;Privada sem fins lucrativos;81382;3501;EDUCAÇÃO FÍSICA (BACHARELADO);Educação Presencial;5201108;ANÁPOLIS;GO;100;75;36;0,4800;-0,5391;2,2221;3
2016;384;CENTRO UNIVERSITÁRIO DE ANÁPOLIS;UNIEVANGÉLICA;Centro Universitário;Privada sem fins lucrativos;81384;19;FARMÁCIA;Educação Presencial;5201108;ANÁPOLIS;GO;92;84;70;0,8333;-0,0035;2,4119;3
2016;221;UNIVERSIDADE CRUZEIRO DO SUL;UNICSUL;Universidade;Pessoa Jurídica de Direito Privado - Com fins lucrativos - Sociedade Civil;81386;19;FARMÁCIA;Educação Presencial;3550308;SÃO PAULO;SP;30;28;24;0,8571;-0,0120;2,4082;3
2016;339;FACULDADE SANTA EMÍLIA DE RODAT;FASER;Faculdade ;Privada sem fins lucrativos;81410;69;TECNOLOGIA EM RADIOLOGIA;Educação Presencial;2507507;JOÃO PESSOA;PB;47;42;26;0,6190;-0,8515;2,1611;3
2016;386;CENTRO UNIVERSITÁRIO DE GOIÁS;UNI-ANHANGÜERA;Centro Universitário;Privada com fins lucrativos;81845;17;AGRONOMIA;Educação Presencial;5208707;GOIÂNIA;GO;39;35;20;0,5714;-1,1068;2,1876;3
2016;568;UNIVERSIDADE ESTADUAL DO MARANHÃO;UEMA;Universidade;Pessoa Jurídica de Direito Público - Estadual;81914;17;AGRONOMIA;Educação Presencial;2101400;BALSAS;MA;46;42;34;0,8095;0,1324;2,9362;3
2016;568;UNIVERSIDADE ESTADUAL DO MARANHÃO;UEMA;Universidade;Pessoa Jurídica de Direito Público - Estadual;81923;23;ENFERMAGEM;Educação Presencial;2101400;BALSAS;MA;5;5;3;0,6000;-4,8518;0,2198;1
2016;673;CENTRO UNIVERSITÁRIO DA GRANDE DOURADOS;UNIGRAN;Centro Universitário;Pessoa Jurídica de Direito Privado - Sem fins lucrativos - Fundação;81956;95;TECNOLOGIA EM ESTÉTICA E COSMÉTICA;Educação Presencial;5003702;DOURADOS;MS;30;30;24;0,8000;1,9914;3,7358;4
2016;3974;UNIVERSIDADE DE RIO VERDE;FESURV;Universidade;Pessoa Jurídica de Direito Público - Municipal;82032;23;ENFERMAGEM;Educação Presencial;5218805;RIO VERDE;GO;11;8;5;0,6250;-2,4728;1,3396;2
2016;1299;FACULDADES INTEGRADAS DE FERNANDÓPOLIS;FIFE;Faculdade ;Privada sem fins lucrativos;82174;28;NUTRIÇÃO;Educação Presencial;3515509;FERNANDÓPOLIS;SP;21;21;17;0,8095;-0,0612;2,4163;3
2016;316;UNIVERSIDADE NOVE DE JULHO;UNINOVE;Universidade;Privada sem fins lucrativos;82224;12;MEDICINA;Educação Presencial;3550308;SÃO PAULO;SP;102;101;79;0,7822;0,4065;3,3688;4
2016;316;UNIVERSIDADE NOVE DE JULHO;UNINOVE;Universidade;Privada sem fins lucrativos;82227;6;ODONTOLOGIA;Educação Presencial;3550308;SÃO PAULO;SP;213;206;112;0,5437;0,2571;2,7424;3
2016;649;CENTRO UNIVERSITÁRIO DE UNIÃO DA VITÓRIA;UNIUV;Centro Universitário;Pessoa Jurídica de Direito Público - Municipal;82336;3501;EDUCAÇÃO FÍSICA (BACHARELADO);Educação Presencial;4128203;UNIÃO DA VITÓRIA;PR;6;6;0;0,0000;;;SC
2016;663;UNIVERSIDADE SALGADO DE OLIVEIRA;UNIVERSO;Universidade;Pessoa Jurídica de Direito Privado - Sem fins lucrativos - Fundação;82338;38;SERVIÇO SOCIAL;Educação Presencial;3136702;JUIZ DE FORA;MG;31;31;21;0,6774;-0,4927;2,4142;3
2016;1036;UNIVERSIDADE DO ESTADO DE MINAS GERAIS;UEMG;Universidade;Pessoa Jurídica de Direito Público - Estadual;82494;38;SERVIÇO SOCIAL;Educação Presencial;3122306;DIVINÓPOLIS;MG;2;0;0;0,0000;;;SC
2016;83;UNIVERSIDADE DO VALE DO ITAJAÍ;UNIVALI;Universidade;Pessoa Jurídica de Direito Privado - Sem fins lucrativos - Fundação;82498;95;TECNOLOGIA EM ESTÉTICA E COSMÉTICA;Educação Presencial;4202008;BALNEÁRIO CAMBORIÚ;SC;1;0;0;0,0000;;;SC
2016;1642;FACULDADE DE TECNOLOGIA E CIÊNCIAS DE ITABUNA;FTC;Faculdade ;Privada com fins lucrativos;82631;36;FISIOTERAPIA;Educação Presencial;2914802;ITABUNA;BA;34;34;22;0,6471;-0,0681;2,4557;3
2016;1600;INSTITUTO DE CIÊNCIAS DA SAÚDE;ICS;Faculdade ;Privada sem fins lucrativos;82633;23;ENFERMAGEM;Educação Presencial;3143302;MONTES CLAROS;MG;7;7;5;0,7143;0,6566;2,8126;3
2016;265;FACULDADES INTEGRADAS DE OURINHOS;FIO;Faculdade ;Privada sem fins lucrativos;82635;5;MEDICINA VETERINÁRIA;Educação Presencial;3534708;OURINHOS;SP;16;15;10;0,6667;2,3596;4,3729;5
2016;3400;FACULDADE DE SAÚDE DE SÃO PAULO;FASSP;Faculdade ;Privada com fins lucrativos;82662;36;FISIOTERAPIA;Educação Presencial;3537305;PENÁPOLIS;SP;38;36;14;0,3889;-2,3529;1,4356;2
2016;2147;FACULDADE METROPOLITANA DE MANAUS;FAMETRO;Faculdade ;Pessoa Jurídica de Direito Privado - Com fins lucrativos - Sociedade Civil;82664;38;SERVIÇO SOCIAL;Educação Presencial;1302603;MANAUS;AM;119;109;56;0,5138;-0,1767;2,5616;3
2016;5591;FACULDADES INTEGRADAS CAMÕES;FICA;Faculdade ;Privada com fins lucrativos;82678;69;TECNOLOGIA EM RADIOLOGIA;Educação Presencial;4106902;CURITIBA;PR;66;64;45;0,7031;-0,1151;2,3680;3
2016;1046;UNIÃO DAS FACULDADES DOS GRANDES LAGOS;UNILAGO;Faculdade ;Privada sem fins lucrativos;82746;28;NUTRIÇÃO;Educação Presencial;3549805;SÃO JOSÉ DO RIO PRETO;SP;6;6;1;0,1667;;;SC
2016;3966;CENTRO UNIVERSITÁRIO DE CARATINGA;UNEC;Centro Universitário;Privada sem fins lucrativos;82778;19;FARMÁCIA;Educação Presencial;3113404;CARATINGA;MG;2;2;0;0,0000;;;SC
2016;3966;CENTRO UNIVERSITÁRIO DE CARATINGA;UNEC;Centro Universitário;Privada sem fins lucrativos;82782;28;NUTRIÇÃO;Educação Presencial;3113404;CARATINGA;MG;30;28;27;0,9643;-0,8449;2,0629;3
2016;163;UNIVERSIDADE ESTÁCIO DE SÁ;UNESA;Universidade;Privada com fins lucrativos;82817;38;SERVIÇO SOCIAL;Educação Presencial;3300704;CABO FRIO;RJ;51;48;18;0,3750;-0,4437;2,4370;3
2016;163;UNIVERSIDADE ESTÁCIO DE SÁ;UNESA;Universidade;Privada com fins lucrativos;82830;36;FISIOTERAPIA;Educação Presencial;3303500;NOVA IGUAÇU;RJ;34;34;24;0,7059;-0,1235;2,4310;3
2016;572;UNIVERSIDADE FEDERAL FLUMINENSE;UFF;Universidade;Pessoa Jurídica de Direito Público - Federal;82834;38;SERVIÇO SOCIAL;Educação Presencial;3304524;RIO DAS OSTRAS;RJ;68;55;37;0,6727;-1,4806;1,9532;3
2016;163;UNIVERSIDADE ESTÁCIO DE SÁ;UNESA;Universidade;Privada com fins lucrativos;82838;36;FISIOTERAPIA;Educação Presencial;3300704;CABO FRIO;RJ;22;21;10;0,4762;-1,0207;2,0304;3
2016;572;UNIVERSIDADE FEDERAL FLUMINENSE;UFF;Universidade;Pessoa Jurídica de Direito Público - Federal;82840;23;ENFERMAGEM;Educação Presencial;3304524;RIO DAS OSTRAS;RJ;47;43;40;0,9302;-1,4386;1,8264;2
2016;1613;FACULDADE ADVENTISTA PARANAENSE;IAP;Faculdade ;Privada sem fins lucrativos;82984;23;ENFERMAGEM;Educação Presencial;4111605;IVATUBA;PR;20;20;16;0,8000;1,0196;2,9835;4
2016;1641;FACULDADE SOCIAL DA BAHIA;FSBA;Faculdade ;Privada sem fins lucrativos;82990;36;FISIOTERAPIA;Educação Presencial;2927408;SALVADOR;BA;40;35;11;0,3143;-0,5747;2,2295;3
2016;3515;FACULDADES INTEGRADAS DA VITÓRIA DE SANTO ANTÃO;FAINTVISA;Faculdade ;Privada com fins lucrativos;83024;19;FARMÁCIA;Educação Presencial;2616407;VITÓRIA DE SANTO ANTÃO;PE;54;52;29;0,5577;-0,0293;2,4007;3
2016;3602;CENTRO UNIVERSITÁRIO AUTÔNOMO DO BRASIL;0;Centro Universitário;Privada com fins lucrativos;83281;38;SERVIÇO SOCIAL;Educação Presencial;4106902;CURITIBA;PR;21;19;9;0,4737;0,3376;2,8016;3
2016;2536;FACULDADE RORAIMENSE DE ENSINO SUPERIOR;FARES;Faculdade ;Privada com fins lucrativos;83301;17;AGRONOMIA;Educação Presencial;1400100;BOA VISTA;RR;7;6;2;0,3333;-8,0600;0,0000;1
2016;1299;FACULDADES INTEGRADAS DE FERNANDÓPOLIS;FIFE;Faculdade ;Privada sem fins lucrativos;83370;38;SERVIÇO SOCIAL;Educação Presencial;3515509;FERNANDÓPOLIS;SP;12;11;8;0,7273;0,7284;2,9840;4
2016;1767;FACULDADE DE CIÊNCIAS SOCIAIS APLICADAS;0;Faculdade ;Pessoa Jurídica de Direito Privado - Com fins lucrativos - Sociedade Mercantil ou Comercial;83372;19;FARMÁCIA;Educação Presencial;5107958;TANGARÁ DA SERRA;MT;13;13;8;0,6154;0,4173;2,5949;3
2016;1767;FACULDADE DE CIÊNCIAS SOCIAIS APLICADAS;0;Faculdade ;Pessoa Jurídica de Direito Privado - Com fins lucrativos - Sociedade Mercantil ou Comercial;83374;36;FISIOTERAPIA;Educação Presencial;5107958;TANGARÁ DA SERRA;MT;12;12;8;0,6667;3,0535;3,8494;4
2016;163;UNIVERSIDADE ESTÁCIO DE SÁ;UNESA;Universidade;Privada com fins lucrativos;83413;38;SERVIÇO SOCIAL;Educação Presencial;3304557;RIO DE JANEIRO;RJ;25;22;11;0,5000;-0,5022;2,4097;3
2016;1038;FACULDADES INTEGRADAS DE TRÊS LAGOAS;AEMS;Faculdade ;Privada sem fins lucrativos;83470;36;FISIOTERAPIA;Educação Presencial;5008305;TRÊS LAGOAS;MS;14;8;6;0,7500;-2,6620;1,2977;2
2016;1173;FACULDADE ANHANGUERA DE BRASÍLIA;FAB;Faculdade ;Privada com fins lucrativos;83478;19;FARMÁCIA;Educação Presencial;5300108;BRASÍLIA;DF;106;106;52;0,4906;-1,4676;1,7755;2
2016;1173;FACULDADE ANHANGUERA DE BRASÍLIA;FAB;Faculdade ;Privada com fins lucrativos;83480;55;BIOMEDICINA;Educação Presencial;5300108;BRASÍLIA;DF;51;47;24;0,5106;-0,8847;1,9644;3
2016;14724;INSTITUTO FEDERAL DE EDUCAÇÃO, CIÊNCIA E TECNOLOGIA DO PARANÁ;IFPR;Instituto Federal de Educação, Ciência e Tecnologia;Pessoa Jurídica de Direito Público - Federal;83532;23;ENFERMAGEM;Educação Presencial;4117602;PALMAS;PR;18;18;18;1,0000;2,0891;3,4870;4
2016;430;CENTRO UNIVERSITÁRIO FILADÉLFIA;UNIFIL;Centro Universitário;Privada sem fins lucrativos;83604;55;BIOMEDICINA;Educação Presencial;4113700;LONDRINA;PR;41;40;36;0,9000;2,8857;3,8468;4
2016;1869;CENTRO UNIVERSITÁRIO DE ITAJUBÁ;FEPI;Centro Universitário;Privada sem fins lucrativos;83694;5;MEDICINA VETERINÁRIA;Educação Presencial;3132404;ITAJUBÁ;MG;60;55;38;0,6909;-0,0852;2,5325;3
2016;1038;FACULDADES INTEGRADAS DE TRÊS LAGOAS;AEMS;Faculdade ;Privada sem fins lucrativos;83840;38;SERVIÇO SOCIAL;Educação Presencial;5008305;TRÊS LAGOAS;MS;11;10;5;0,5000;-0,3167;2,4963;3
2016;1818;FACULDADE PITÁGORAS DE BELO HORIZONTE;FPAS;Faculdade ;Privada com fins lucrativos;83918;23;ENFERMAGEM;Educação Presencial;3106200;BELO HORIZONTE;MG;49;48;27;0,5625;0,1335;2,5665;3
2016;4010;CENTRO UNIVERSITÁRIO METODISTA;IPA;Centro Universitário;Privada sem fins lucrativos;83938;3501;EDUCAÇÃO FÍSICA (BACHARELADO);Educação Presencial;4314902;PORTO ALEGRE;RS;127;101;55;0,5446;0,1144;2,5217;3
2016;19512;INSTITUTO MASTER DE ENSINO PRESIDENTE ANTÔNIO CARLOS;IMEPAC;Faculdade ;Pessoa Jurídica de Direito Privado - Com fins lucrativos - Sociedade Civil;84352;12;MEDICINA;Educação Presencial;3103504;ARAGUARI;MG;61;61;38;0,6230;-0,3413;2,5536;3
2016;1820;INSTITUTO FEDERAL DE EDUCAÇÃO, CIÊNCIA E TECNOLOGIA DO PIAUÍ;IFPI;Instituto Federal de Educação, Ciência e Tecnologia;Pessoa Jurídica de Direito Público - Federal;84372;69;TECNOLOGIA EM RADIOLOGIA;Educação Presencial;2211001;TERESINA;PI;19;14;13;0,9286;1,7183;2,8831;3
2016;526;UNIVERSIDADE BRAZ CUBAS;UBC;Universidade;Pessoa Jurídica de Direito Privado - Com fins lucrativos - Sociedade Civil;84395;69;TECNOLOGIA EM RADIOLOGIA;Educação Presencial;3530607;MOGI DAS CRUZES;SP;20;16;8;0,5000;1,9879;2,9588;4
2016;527;PONTIFÍCIA UNIVERSIDADE CATÓLICA DE GOIÁS;PUC GOIÁS;Universidade;Privada sem fins lucrativos;84408;12;MEDICINA;Educação Presencial;5208707;GOIÂNIA;GO;94;94;87;0,9255;0,0431;2,9727;4
2016;1058;Estácio FIB - Centro Universitário Estácio da Bahia;Estácio FIB;Centro Universitário;Privada com fins lucrativos;84453;23;ENFERMAGEM;Educação Presencial;2927408;SALVADOR;BA;106;91;44;0,4835;-0,4701;2,2823;3
2016;14156;Faculdade Presidente Antônio Carlos de Teófilo Otoni;FUNEES Teófilo Otoni;Faculdade ;Pessoa Jurídica de Direito Privado - Sem fins lucrativos - Fundação;84648;23;ENFERMAGEM;Educação Presencial;3168606;TEÓFILO OTONI;MG;61;60;40;0,6667;0,3903;2,6873;3
2016;15453;Faculdade Presidente Antônio Carlos de Conselheiro Lafaiete;0;Faculdade ;Pessoa Jurídica de Direito Privado - Sem fins lucrativos - Fundação;84659;5;MEDICINA VETERINÁRIA;Educação Presencial;3118304;CONSELHEIRO LAFAIETE;MG;27;20;11;0,5500;-3,1783;0,2043;1
2016;2915;FACULDADE CIDADE DE PATOS DE MINAS;FPM;Faculdade ;Privada sem fins lucrativos;84666;36;FISIOTERAPIA;Educação Presencial;3148004;PATOS DE MINAS;MG;14;12;5;0,4167;-0,8517;2,1059;3
2016;15452;FACULDADE ÁLIS DE BOM DESPACHO;0;Faculdade ;Pessoa Jurídica de Direito Privado - Sem fins lucrativos - Fundação;84751;5;MEDICINA VETERINÁRIA;Educação Presencial;3107406;BOM DESPACHO;MG;27;27;22;0,8148;0,7084;3,1299;4
2016;15452;FACULDADE ÁLIS DE BOM DESPACHO;0;Faculdade ;Pessoa Jurídica de Direito Privado - Sem fins lucrativos - Fundação;84757;17;AGRONOMIA;Educação Presencial;3107406;BOM DESPACHO;MG;6;6;3;0,5000;4,8987;5,0000;5
2016;14248;Faculdade Presidente Antônio Carlos de Uberlândia;0;Faculdade ;Pessoa Jurídica de Direito Privado - Sem fins lucrativos - Fundação;84790;19;FARMÁCIA;Educação Presencial;3170206;UBERLÂNDIA;MG;53;42;27;0,6429;0,8074;2,7644;3
2016;14248;Faculdade Presidente Antônio Carlos de Uberlândia;0;Faculdade ;Pessoa Jurídica de Direito Privado - Sem fins lucrativos - Fundação;84798;38;SERVIÇO SOCIAL;Educação Presencial;3170206;UBERLÂNDIA;MG;76;66;40;0,6061;-0,2896;2,5090;3
2016;14248;Faculdade Presidente Antônio Carlos de Uberlândia;0;Faculdade ;Pessoa Jurídica de Direito Privado - Sem fins lucrativos - Fundação;84801;90;TECNOLOGIA EM AGRONEGÓCIOS;Educação Presencial;3170206;UBERLÂNDIA;MG;9;9;4;0,4444;2,8774;3,5533;4
2016;15357;Faculdade Presidente Antônio Carlos de Ubá;0;Faculdade ;Pessoa Jurídica de Direito Privado - Sem fins lucrativos - Fundação;84975;19;FARMÁCIA;Educação Presencial;3169901;UBÁ;MG;14;13;10;0,7692;2,5360;3,5159;4
2016;670;UNIVERSIDADE SÃO FRANCISCO;USF;Universidade;Privada sem fins lucrativos;85011;19;FARMÁCIA;Educação Presencial;3509502;CAMPINAS;SP;74;70;42;0,6000;-0,5315;2,1824;3
2016;3990;FACULDADE SÃO BERNARDO DE TECNOLOGIA;0;Faculdade ;Privada com fins lucrativos;85032;92;TECNOLOGIA EM GESTÃO AMBIENTAL;Educação Presencial;3548708;SÃO BERNARDO DO CAMPO;SP;70;0;0;0,0000;;;SC
2016;2773;FACULDADE DE MACAPÁ;FAMA;Faculdade ;Privada sem fins lucrativos;85086;36;FISIOTERAPIA;Educação Presencial;1600303;MACAPÁ;AP;13;9;4;0,4444;-0,9686;2,0537;3
2016;1846;CENTRO UNIVERSITÁRIO DE LINS;UNILINS;Centro Universitário;Privada sem fins lucrativos;85252;23;ENFERMAGEM;Educação Presencial;3527108;LINS;SP;21;21;11;0,5238;-1,6647;1,7200;2
2016;3826;FACULDADE VASCO DA GAMA;FVG;Faculdade ;Privada sem fins lucrativos;85312;38;SERVIÇO SOCIAL;Educação Presencial;2927408;SALVADOR;BA;329;309;114;0,3689;-0,0697;2,6116;3
2016;756;UNIVERSIDADE ESTADUAL DO PIAUÍ;UESPI;Universidade;Pessoa Jurídica de Direito Público - Estadual;85332;23;ENFERMAGEM;Educação Presencial;2211001;TERESINA;PI;37;31;31;1,0000;0,6144;2,7928;3
2016;685;FACULDADE DO BELO JARDIM;FBJ;Faculdade ;Pessoa Jurídica de Direito Público - Municipal;85348;23;ENFERMAGEM;Educação Presencial;2601706;BELO JARDIM;PE;54;54;38;0,7037;-0,4983;2,2690;3
2016;1563;CENTRO UNIVERSITÁRIO DA FACULDADE DE SAÚDE, CIÊNCIAS HUMANAS E TECNOLÓGICAS DO PIAUÍ;NOVAFAPI;Centro Universitário;Privada com fins lucrativos;85422;55;BIOMEDICINA;Educação Presencial;2211001;TERESINA;PI;69;59;54;0,9153;-0,1099;2,3512;3
2016;3641;CENTRO UNIVERSITÁRIO DA FUNDAÇÃO EDUCACIONAL DE BARRETOS;UNIFEB;Centro Universitário;Privada sem fins lucrativos;85504;19;FARMÁCIA;Educação Presencial;3505500;BARRETOS;SP;5;2;2;1,0000;-14,4324;0,0000;1
2016;417;UNIVERSIDADE CIDADE DE SÃO PAULO;UNICID;Universidade;Privada com fins lucrativos;85540;92;TECNOLOGIA EM GESTÃO AMBIENTAL;Educação Presencial;3550308;SÃO PAULO;SP;33;29;12;0,4138;-1,7903;1,8595;2
2016;3984;FUNDAÇÃO UNIVERSIDADE FEDERAL DO VALE DO SÃO FRANCISCO;UNIVASF;Universidade;Pessoa Jurídica de Direito Público - Federal;85586;12;MEDICINA;Educação Presencial;2611101;PETROLINA;PE;77;76;72;0,9474;-0,0321;2,8907;3
2016;2582;FACULDADE DE ENSINO SUPERIOR DO CENTRO DO PARANÁ;UCP;Faculdade ;Privada sem fins lucrativos;85604;90;TECNOLOGIA EM AGRONEGÓCIOS;Educação Presencial;4119608;PITANGA;PR;10;10;8;0,8000;3,0739;3,6157;4
2016;1809;INSTITUTO FEDERAL DE EDUCAÇÃO, CIÊNCIA E TECNOLOGIA DE PERNAMBUCO;IFPE;Instituto Federal de Educação, Ciência e Tecnologia;Pessoa Jurídica de Direito Público - Federal;85635;69;TECNOLOGIA EM RADIOLOGIA;Educação Presencial;2611606;RECIFE;PE;36;30;30;1,0000;0,1141;2,4324;3
2016;1414;FACULDADE SÃO LUCAS;FSL;Centro Universitário;Privada com fins lucrativos;85652;12;MEDICINA;Educação Presencial;1100205;PORTO VELHO;RO;93;92;67;0,7283;-0,7984;2,0553;3
2016;545;FACULDADE DE CIÊNCIAS ADMINISTRATIVAS E CONTÁBEIS DE ITABIRA;FACCI;Faculdade ;Privada sem fins lucrativos;85730;23;ENFERMAGEM;Educação Presencial;3131703;ITABIRA;MG;6;5;1;0,2000;;;SC
2016;2076;FACULDADE REGIONAL DA BAHIA;FARB;Faculdade ;Privada com fins lucrativos;85734;36;FISIOTERAPIA;Educação Presencial;2927408;SALVADOR;BA;7;7;3;0,4286;-2,8722;1,2038;2
2016;2146;FACULDADE DO ACRE;FAC;Faculdade ;Privada com fins lucrativos;85799;38;SERVIÇO SOCIAL;Educação Presencial;1200401;RIO BRANCO;AC;102;92;72;0,7826;-0,2104;2,5459;3
2016;1232;CENTRO UNIVERSITÁRIO CAMPOS DE ANDRADE;UNIANDRADE;Centro Universitário;Privada sem fins lucrativos;86017;95;TECNOLOGIA EM ESTÉTICA E COSMÉTICA;Educação Presencial;4106902;CURITIBA;PR;28;26;19;0,7308;0,1865;2,6297;3
2016;1255;FACULDADE BOA VIAGEM;FBV;Faculdade ;Pessoa Jurídica de Direito Privado - Com fins lucrativos - Sociedade Mercantil ou Comercial;86205;3501;EDUCAÇÃO FÍSICA (BACHARELADO);Educação Presencial;2611606;RECIFE;PE;19;17;14;0,8235;1,2067;3,0227;4
2016;398;UNIVERSIDADE TIRADENTES;UNIT;Universidade;Privada com fins lucrativos;86284;55;BIOMEDICINA;Educação Presencial;2800308;ARACAJU;SE;87;86;65;0,7558;0,3068;2,5593;3
2016;1600;INSTITUTO DE CIÊNCIAS DA SAÚDE;ICS;Faculdade ;Privada sem fins lucrativos;86288;12;MEDICINA;Educação Presencial;3143302;MONTES CLAROS;MG;109;107;94;0,8785;0,1453;3,0840;4
2016;1244;FACULDADE BRASILEIRA;MULTIVIX VITÓRIA;Faculdade ;Privada com fins lucrativos;86356;12;MEDICINA;Educação Presencial;3205309;VITÓRIA;ES;81;75;71;0,9467;0,1589;3,0989;4
2016;1978;FACULDADE METROPOLITANA DA GRANDE FORTALEZA;FAMETRO;Faculdade ;Privada com fins lucrativos;86392;23;ENFERMAGEM;Educação Presencial;2304400;FORTALEZA;CE;123;108;78;0,7222;0,8750;2,9155;3
2016;2808;FACULDADES ITECNE DE CASCAVEL;ITECNE;Faculdade ;Privada com fins lucrativos;86440;38;SERVIÇO SOCIAL;Educação Presencial;4104808;CASCAVEL;PR;22;21;17;0,8095;-0,4228;2,4468;3
2016;910;FACULDADE SANTA LÚCIA;FCACSL;Faculdade ;Privada sem fins lucrativos;86442;38;SERVIÇO SOCIAL;Educação Presencial;3530805;MOGI-MIRIM;SP;18;18;10;0,5556;-0,3214;2,4941;3
2016;4503;UNIVERSIDADE FEDERAL DO RECÔNCAVO DA BAHIA;UFRB;Universidade;Pessoa Jurídica de Direito Público - Federal;86500;51;ZOOTECNIA;Educação Presencial;2909802;CRUZ DAS ALMAS;BA;22;17;13;0,7647;-1,1373;2,3339;3
2016;14156;Faculdade Presidente Antônio Carlos de Teófilo Otoni;FUNEES Teófilo Otoni;Faculdade ;Pessoa Jurídica de Direito Privado - Sem fins lucrativos - Fundação;86536;19;FARMÁCIA;Educação Presencial;3168606;TEÓFILO OTONI;MG;29;21;18;0,8571;-1,8315;1,6173;2
2016;3285;FACULDADE SANTO ANTONIO;FSA;Faculdade ;Privada com fins lucrativos;86600;23;ENFERMAGEM;Educação Presencial;2900702;ALAGOINHAS;BA;49;48;33;0,6875;-0,7493;2,1509;3
2016;1580;FACULDADE DE CIÊNCIAS E EDUCAÇÃO SENA AIRES;FACESA;Faculdade ;Privada com fins lucrativos;86606;36;FISIOTERAPIA;Educação Presencial;5221858;VALPARAÍSO DE GOIÁS;GO;10;9;8;0,8889;0,8359;2,8593;3
2016;1580;FACULDADE DE CIÊNCIAS E EDUCAÇÃO SENA AIRES;FACESA;Faculdade ;Privada com fins lucrativos;86608;19;FARMÁCIA;Educação Presencial;5221858;VALPARAÍSO DE GOIÁS;GO;17;14;6;0,4286;0,4306;2,6006;3
2016;3618;FACULDADE MARIO SCHENBERG;FMS;Faculdade ;Privada com fins lucrativos;86623;36;FISIOTERAPIA;Educação Presencial;3513009;COTIA;SP;12;11;6;0,5455;-3,1319;1,0879;2
2016;161;CENTRO UNIVERSITÁRIO ASSUNÇÃO;UNIFAI;Centro Universitário;Privada sem fins lucrativos;86640;38;SERVIÇO SOCIAL;Educação Presencial;3550308;SÃO PAULO;SP;24;15;5;0,3333;-1,1292;2,1172;3
2016;450;CENTRO UNIVERSITÁRIO LUTERANO DE JI-PARANÁ;CEULJI/ULBRA;Centro Universitário;Pessoa Jurídica de Direito Privado - Sem fins lucrativos - Fundação;86658;3501;EDUCAÇÃO FÍSICA (BACHARELADO);Educação Presencial;1100122;JI-PARANÁ;RO;5;4;0;0,0000;;;SC
2016;3396;FACULDADE LS;FACELS;Faculdade ;Privada com fins lucrativos;86674;23;ENFERMAGEM;Educação Presencial;5300108;BRASÍLIA;DF;18;18;10;0,5556;0,9826;2,9661;4
2016;522;CENTRO UNIVERSITÁRIO CELSO LISBOA;UCL;Centro Universitário;Privada sem fins lucrativos;86701;19;FARMÁCIA;Educação Presencial;3304557;RIO DE JANEIRO;RJ;108;101;27;0,2673;-1,4409;1,7870;2
2016;522;CENTRO UNIVERSITÁRIO CELSO LISBOA;UCL;Centro Universitário;Privada sem fins lucrativos;86703;28;NUTRIÇÃO;Educação Presencial;3304557;RIO DE JANEIRO;RJ;20;17;8;0,4706;-1,0112;1,9879;3
2016;1820;INSTITUTO FEDERAL DE EDUCAÇÃO, CIÊNCIA E TECNOLOGIA DO PIAUÍ;IFPI;Instituto Federal de Educação, Ciência e Tecnologia;Pessoa Jurídica de Direito Público - Federal;86806;92;TECNOLOGIA EM GESTÃO AMBIENTAL;Educação Presencial;2211001;TERESINA;PI;32;23;21;0,9130;-1,8685;1,8312;2
2016;3793;FACULDADE FRUTAL;FAF;Faculdade ;Privada com fins lucrativos;86820;28;NUTRIÇÃO;Educação Presencial;3127107;FRUTAL;MG;10;10;6;0,6000;-4,6832;0,3321;1
2016;1131;FACULDADE SANTO AGOSTINHO;FSA;Faculdade ;Privada com fins lucrativos;86830;23;ENFERMAGEM;Educação Presencial;2211001;TERESINA;PI;151;149;117;0,7852;-0,1297;2,4426;3
2016;1131;FACULDADE SANTO AGOSTINHO;FSA;Faculdade ;Privada com fins lucrativos;86832;36;FISIOTERAPIA;Educação Presencial;2211001;TERESINA;PI;60;60;53;0,8833;0,0591;2,5125;3
2016;724;Centro Universitário FACEX;UNIFACEX;Centro Universitário;Privada sem fins lucrativos;86883;23;ENFERMAGEM;Educação Presencial;2408102;NATAL;RN;56;55;41;0,7455;1,1622;3,0506;4
2016;3602;CENTRO UNIVERSITÁRIO AUTÔNOMO DO BRASIL;0;Centro Universitário;Privada com fins lucrativos;86900;28;NUTRIÇÃO;Educação Presencial;4106902;CURITIBA;PR;34;34;24;0,7059;0,3493;2,6014;3
2016;3602;CENTRO UNIVERSITÁRIO AUTÔNOMO DO BRASIL;0;Centro Universitário;Privada com fins lucrativos;86902;23;ENFERMAGEM;Educação Presencial;4106902;CURITIBA;PR;31;30;23;0,7667;-0,2960;2,3642;3
2016;1901;FACULDADE CATÓLICA DE UBERLÂNDIA;FCU;Faculdade ;Pessoa Jurídica de Direito Privado - Sem fins lucrativos - Fundação;86908;38;SERVIÇO SOCIAL;Educação Presencial;3170206;UBERLÂNDIA;MG;28;24;10;0,4167;-1,6036;1,8958;2
2016;673;CENTRO UNIVERSITÁRIO DA GRANDE DOURADOS;UNIGRAN;Centro Universitário;Pessoa Jurídica de Direito Privado - Sem fins lucrativos - Fundação;87182;6;ODONTOLOGIA;Educação Presencial;5003702;DOURADOS;MS;39;39;33;0,8462;0,8758;3,3946;4
2016;575;UNIVERSIDADE FEDERAL DE MINAS GERAIS;UFMG;Universidade;Pessoa Jurídica de Direito Público - Federal;87193;51;ZOOTECNIA;Educação Presencial;3143302;MONTES CLAROS;MG;37;35;30;0,8571;0,3601;2,9547;4
2016;339;FACULDADE SANTA EMÍLIA DE RODAT;FASER;Faculdade ;Privada sem fins lucrativos;87232;55;BIOMEDICINA;Educação Presencial;2507507;JOÃO PESSOA;PB;45;42;25;0,5952;-0,8270;1,9932;3
2016;1815;FACULDADE DO INSTITUTO BRASIL;FIBRA;Faculdade ;Privada com fins lucrativos;87244;19;FARMÁCIA;Educação Presencial;5201108;ANÁPOLIS;GO;16;16;11;0,6875;0,0965;2,4554;3
2016;2915;FACULDADE CIDADE DE PATOS DE MINAS;FPM;Faculdade ;Privada sem fins lucrativos;87274;55;BIOMEDICINA;Educação Presencial;3148004;PATOS DE MINAS;MG;26;26;19;0,7308;-0,3787;2,2171;3
2016;3371;CENTRO UNIVERSITÁRIO DE PATOS DE MINAS;UNIPAM;Centro Universitário;Privada sem fins lucrativos;87350;28;NUTRIÇÃO;Educação Presencial;3148004;PATOS DE MINAS;MG;3;0;0;0,0000;;;SC
2016;3371;CENTRO UNIVERSITÁRIO DE PATOS DE MINAS;UNIPAM;Centro Universitário;Privada sem fins lucrativos;87354;51;ZOOTECNIA;Educação Presencial;3148004;PATOS DE MINAS;MG;21;18;12;0,6667;2,8982;4,0068;5
2016;453;CENTRO UNIVERSITÁRIO LUTERANO DE PALMAS;CEULP;Centro Universitário;Pessoa Jurídica de Direito Privado - Sem fins lucrativos - Fundação;87390;95;TECNOLOGIA EM ESTÉTICA E COSMÉTICA;Educação Presencial;1721000;PALMAS;TO;36;35;23;0,6571;-0,5010;2,2083;3
2016;3615;FACULDADE PERNAMBUCANA DE SAÚDE ;FPS;Faculdade ;Privada sem fins lucrativos;87537;12;MEDICINA;Educação Presencial;2611606;RECIFE;PE;146;142;141;0,9930;-1,6019;1,1793;2
2016;3615;FACULDADE PERNAMBUCANA DE SAÚDE ;FPS;Faculdade ;Privada sem fins lucrativos;87705;23;ENFERMAGEM;Educação Presencial;2611606;RECIFE;PE;57;55;49;0,8909;-0,3255;2,3504;3
2016;1139;FACULDADE DE ESTUDOS ADMINISTRATIVOS DE MINAS GERAIS - FEAD-MG;FEAD - MG;Faculdade ;Privada com fins lucrativos;87760;6;ODONTOLOGIA;Educação Presencial;3106200;BELO HORIZONTE;MG;83;78;69;0,8846;-1,2397;1,1643;2
2016;403;UNIVERSIDADE CATÓLICA DE BRASÍLIA;UCB;Universidade;Privada sem fins lucrativos;87910;38;SERVIÇO SOCIAL;Educação Presencial;5300108;BRASÍLIA;DF;109;90;24;0,2667;-4,5867;0,5038;1
2016;1264;CENTRO UNIVERSITÁRIO DO RIO GRANDE DO NORTE;UNI-RN;Centro Universitário;Privada sem fins lucrativos;87929;23;ENFERMAGEM;Educação Presencial;2408102;NATAL;RN;23;22;19;0,8636;-0,3755;2,3269;3
2016;124;CENTRO UNIVERSITÁRIO DE ARARAQUARA;UNIARA;Centro Universitário;Privada sem fins lucrativos;87941;12;MEDICINA;Educação Presencial;3503208;ARARAQUARA;SP;54;54;43;0,7963;-1,0940;1,7330;2
2016;3984;FUNDAÇÃO UNIVERSIDADE FEDERAL DO VALE DO SÃO FRANCISCO;UNIVASF;Universidade;Pessoa Jurídica de Direito Público - Federal;87958;5;MEDICINA VETERINÁRIA;Educação Presencial;2611101;PETROLINA;PE;72;71;57;0,8028;0,0454;2,6309;3
2016;4522;CENTRO UNIVERSITÁRIO CATÓLICO SALESIANO AUXILIUM;UNISALESIANO;Centro Universitário;Privada sem fins lucrativos;88074;3501;EDUCAÇÃO FÍSICA (BACHARELADO);Educação Presencial;3527108;LINS;SP;44;40;28;0,7000;-0,7872;2,1083;3
2016;4522;CENTRO UNIVERSITÁRIO CATÓLICO SALESIANO AUXILIUM;UNISALESIANO;Centro Universitário;Privada sem fins lucrativos;88076;23;ENFERMAGEM;Educação Presencial;3527108;LINS;SP;32;30;22;0,7333;0,7732;2,8675;3
2016;1058;Estácio FIB - Centro Universitário Estácio da Bahia;Estácio FIB;Centro Universitário;Privada com fins lucrativos;88156;28;NUTRIÇÃO;Educação Presencial;2927408;SALVADOR;BA;68;67;31;0,4627;-0,2590;2,3272;3
2016;3371;CENTRO UNIVERSITÁRIO DE PATOS DE MINAS;UNIPAM;Centro Universitário;Privada sem fins lucrativos;88270;36;FISIOTERAPIA;Educação Presencial;3148004;PATOS DE MINAS;MG;29;26;23;0,8846;0,4311;2,6786;3
2016;1450;CENTRO UNIVERSITÁRIO DO CERRADO-PATROCÍNIO;UNICERP;Centro Universitário;Privada sem fins lucrativos;88298;23;ENFERMAGEM;Educação Presencial;3148103;PATROCÍNIO;MG;10;9;7;0,7778;-1,0727;1,9986;3
2016;2076;FACULDADE REGIONAL DA BAHIA;FARB;Faculdade ;Privada com fins lucrativos;88438;28;NUTRIÇÃO;Educação Presencial;2927408;SALVADOR;BA;13;13;9;0,6923;-1,1719;1,9155;2
2016;1430;CENTRO UNIVERSITÁRIO INGÁ;0;Centro Universitário;Privada sem fins lucrativos;88446;28;NUTRIÇÃO;Educação Presencial;4115200;MARINGÁ;PR;12;12;8;0,6667;1,2230;2,9954;4
2016;2271;FACULDADE PITÁGORAS DE IPATINGA;FPI;Faculdade ;Privada com fins lucrativos;88484;23;ENFERMAGEM;Educação Presencial;3131307;IPATINGA;MG;36;35;14;0,4000;0,0281;2,5168;3
2016;2005;FACULDADE DE CIÊNCIAS SOCIAIS APLICADAS DE SINOP;FACISAS;Faculdade ;Pessoa Jurídica de Direito Privado - Com fins lucrativos - Sociedade Mercantil ou Comercial;88488;19;FARMÁCIA;Educação Presencial;5107909;SINOP;MT;26;26;21;0,8077;0,9247;2,8155;3
2016;338;PONTIFÍCIA UNIVERSIDADE CATÓLICA DE MINAS GERAIS;PUC MINAS;Universidade;Pessoa Jurídica de Direito Privado - Sem fins lucrativos - Fundação;88509;3501;EDUCAÇÃO FÍSICA (BACHARELADO);Educação Presencial;3106200;BELO HORIZONTE;MG;63;58;28;0,4828;0,1709;2,5477;3
2016;375;UNIVERSIDADE DE SANTO AMARO;UNISA;Universidade;Privada sem fins lucrativos;88514;6;ODONTOLOGIA;Educação Presencial;3550308;SÃO PAULO;SP;54;53;37;0,6981;-0,1240;2,3406;3
2016;13;UNIVERSIDADE DE CAXIAS DO SUL;UCS;Universidade;Privada sem fins lucrativos;88562;17;AGRONOMIA;Educação Presencial;4305108;CAXIAS DO SUL;RS;35;33;12;0,3636;0,4440;3,1245;4
2016;13;UNIVERSIDADE DE CAXIAS DO SUL;UCS;Universidade;Privada sem fins lucrativos;88564;17;AGRONOMIA;Educação Presencial;4322509;VACARIA;RS;37;34;18;0,5294;-1,0036;2,2500;3
2016;2343;FACULDADE DA AMAZÔNIA OCIDENTAL;FAAO;Faculdade ;Privada com fins lucrativos;88566;38;SERVIÇO SOCIAL;Educação Presencial;1200401;RIO BRANCO;AC;57;33;29;0,8788;0,0458;2,6655;3
2016;3769;FACULDADE MADRE TEREZA;FAMAT;Faculdade ;Privada com fins lucrativos;88578;23;ENFERMAGEM;Educação Presencial;1600600;SANTANA;AP;26;26;17;0,6538;-1,2223;1,9282;2
2016;3117;FACULDADE DE SAÚDE E DESENVOLVIMENTO HUMANO SANTO AGOSTINHO;FS;Faculdade ;Privada com fins lucrativos;88588;19;FARMÁCIA;Educação Presencial;3143302;MONTES CLAROS;MG;20;16;9;0,5625;1,2204;2,9440;3
2016;581;UNIVERSIDADE FEDERAL DO RIO GRANDE DO SUL;UFRGS;Universidade;Pessoa Jurídica de Direito Público - Federal;88652;3501;EDUCAÇÃO FÍSICA (BACHARELADO);Educação Presencial;4314902;PORTO ALEGRE;RS;146;99;24;0,2424;-5,3846;0,0000;1
2016;4017;CENTRO UNIVERSITÁRIO PADRE ANCHIETA;UNIANCHIETA;Centro Universitário;Privada com fins lucrativos;88658;36;FISIOTERAPIA;Educação Presencial;3525904;JUNDIAÍ;SP;52;51;36;0,7059;-0,2636;2,3684;3
2016;4017;CENTRO UNIVERSITÁRIO PADRE ANCHIETA;UNIANCHIETA;Centro Universitário;Privada com fins lucrativos;88660;28;NUTRIÇÃO;Educação Presencial;3525904;JUNDIAÍ;SP;17;17;11;0,6471;-2,4306;1,3479;2
2016;4017;CENTRO UNIVERSITÁRIO PADRE ANCHIETA;UNIANCHIETA;Centro Universitário;Privada com fins lucrativos;88662;23;ENFERMAGEM;Educação Presencial;3525904;JUNDIAÍ;SP;41;39;20;0,5128;0,1179;2,5591;3
2016;4017;CENTRO UNIVERSITÁRIO PADRE ANCHIETA;UNIANCHIETA;Centro Universitário;Privada com fins lucrativos;88664;3501;EDUCAÇÃO FÍSICA (BACHARELADO);Educação Presencial;3525904;JUNDIAÍ;SP;23;22;0;0,0000;;;SC
2016;423;UNIVERSIDADE REGIONAL INTEGRADA DO ALTO URUGUAI E DAS MISSÕES;URI;Universidade;Privada sem fins lucrativos;88810;28;NUTRIÇÃO;Educação Presencial;4307005;ERECHIM;RS;18;18;17;0,9444;1,2566;3,0105;4
2016;3193;FACULDADES INTEGRADAS DOS CAMPOS GERAIS;CESCAGE;Faculdade ;Pessoa Jurídica de Direito Privado - Com fins lucrativos - Sociedade Civil;88834;5;MEDICINA VETERINÁRIA;Educação Presencial;4119905;PONTA GROSSA;PR;58;57;40;0,7018;-0,4696;2,2432;3
2016;1702;CENTRO UNIVERSITÁRIO ESTÁCIO DA AMAZÔNIA;ESTÁCIO AMAZÔNIA;Centro Universitário;Pessoa Jurídica de Direito Privado - Com fins lucrativos - Sociedade Civil;88864;90;TECNOLOGIA EM AGRONEGÓCIOS;Educação Presencial;1400100;BOA VISTA;RR;20;20;11;0,5500;-4,5769;1,1859;2
2016;1281;FACULDADE DE CIÊNCIAS SOCIAIS E AGRÁRIAS DE ITAPEVA;FAIT;Faculdade ;Pessoa Jurídica de Direito Privado - Com fins lucrativos - Sociedade Civil;88902;36;FISIOTERAPIA;Educação Presencial;3522406;ITAPEVA;SP;38;36;29;0,8056;-0,3138;2,3460;3
2016;1938;FACULDADE GLOBAL DE UMUARAMA;FGU;Faculdade ;Privada com fins lucrativos;88910;27;FONOAUDIOLOGIA;Educação Presencial;4128104;UMUARAMA;PR;15;15;9;0,6000;-4,1666;0,3829;1
2016;2336;FACULDADE MONTES BELOS;FMB;Faculdade ;Privada com fins lucrativos;88918;23;ENFERMAGEM;Educação Presencial;5220108;SÃO LUÍS DE MONTES BELOS;GO;29;26;21;0,8077;0,5004;2,7391;3
2016;265;FACULDADES INTEGRADAS DE OURINHOS;FIO;Faculdade ;Privada sem fins lucrativos;88936;17;AGRONOMIA;Educação Presencial;3534708;OURINHOS;SP;12;12;11;0,9167;2,7347;4,5082;5
2016;1281;FACULDADE DE CIÊNCIAS SOCIAIS E AGRÁRIAS DE ITAPEVA;FAIT;Faculdade ;Pessoa Jurídica de Direito Privado - Com fins lucrativos - Sociedade Civil;88938;19;FARMÁCIA;Educação Presencial;3522406;ITAPEVA;SP;24;24;22;0,9167;-1,5887;1,7228;2
2016;1927;FACULDADES INTEGRADAS DO VALE DO IGUAÇU;0;Faculdade ;Privada com fins lucrativos;88946;5;MEDICINA VETERINÁRIA;Educação Presencial;4128203;UNIÃO DA VITÓRIA;PR;74;72;60;0,8333;0,4854;2,9621;4
2016;2469;INSTITUTO MACAPAENSE DE ENSINO SUPERIOR;IMMES;Faculdade ;Privada com fins lucrativos;88970;36;FISIOTERAPIA;Educação Presencial;1600303;MACAPÁ;AP;9;8;6;0,7500;-0,9246;2,0733;3
2016;2469;INSTITUTO MACAPAENSE DE ENSINO SUPERIOR;IMMES;Faculdade ;Privada com fins lucrativos;88972;19;FARMÁCIA;Educação Presencial;1600303;MACAPÁ;AP;36;35;11;0,3143;-1,1234;1,9251;2
2016;3875;CENTRO UNIVERSITÁRIO DA FUNDAÇÃO EDUCACIONAL GUAXUPÉ;UNIFEG;Centro Universitário;Privada sem fins lucrativos;88977;36;FISIOTERAPIA;Educação Presencial;3128709;GUAXUPÉ;MG;27;26;22;0,8462;-1,2539;1,9263;2
2016;1149;CENTRO UNIVERSITÁRIO NOSSA SENHORA DO PATROCÍNIO;CEUNSP;Centro Universitário;Privada com fins lucrativos;89088;19;FARMÁCIA;Educação Presencial;3523909;ITU;SP;4;3;3;1,0000;-3,7564;0,7805;1
2016;375;UNIVERSIDADE DE SANTO AMARO;UNISA;Universidade;Privada sem fins lucrativos;89135;36;FISIOTERAPIA;Educação Presencial;3550308;SÃO PAULO;SP;37;34;22;0,6471;-0,4439;2,2879;3
2016;21;PONTIFÍCIA UNIVERSIDADE CATÓLICA DO RIO GRANDE DO SUL;PUCRS;Universidade;Privada sem fins lucrativos;89146;3501;EDUCAÇÃO FÍSICA (BACHARELADO);Educação Presencial;4314902;PORTO ALEGRE;RS;112;105;53;0,5048;-0,1700;2,3913;3
2016;1149;CENTRO UNIVERSITÁRIO NOSSA SENHORA DO PATROCÍNIO;CEUNSP;Centro Universitário;Privada com fins lucrativos;89164;92;TECNOLOGIA EM GESTÃO AMBIENTAL;Educação Presencial;3545209;SALTO;SP;18;18;8;0,4444;1,6055;3,0906;4
2016;1450;CENTRO UNIVERSITÁRIO DO CERRADO-PATROCÍNIO;UNICERP;Centro Universitário;Privada sem fins lucrativos;89210;17;AGRONOMIA;Educação Presencial;3148103;PATROCÍNIO;MG;52;49;39;0,7959;-0,9268;2,2964;3
2016;502;CENTRO UNIVERSITÁRIO MONTE SERRAT;UNIMONTE;Centro Universitário;Privada com fins lucrativos;89245;55;BIOMEDICINA;Educação Presencial;3548500;SANTOS;SP;33;29;14;0,4828;0,0763;2,4442;3
2016;1196;CENTRO UNIVERSITÁRIO DE MARINGÁ - UNICESUMAR;UNICESUMAR;Centro Universitário;Pessoa Jurídica de Direito Privado - Com fins lucrativos - Sociedade Mercantil ou Comercial;89261;19;FARMÁCIA;Educação Presencial;4115200;MARINGÁ;PR;24;24;17;0,7083;2,5198;3,5088;4
2016;18;UNIVERSIDADE CATÓLICA DE PELOTAS;UCPEL;Universidade;Privada sem fins lucrativos;89467;23;ENFERMAGEM;Educação Presencial;4314407;PELOTAS;RS;36;36;30;0,8333;-1,0865;1,9922;3
2016;298;UNIVERSIDADE NORTE DO PARANÁ;UNOPAR;Universidade;Privada com fins lucrativos;89474;3501;EDUCAÇÃO FÍSICA (BACHARELADO);Educação Presencial;4101507;ARAPONGAS;PR;67;60;24;0,4000;-0,0205;2,4599;3
2016;298;UNIVERSIDADE NORTE DO PARANÁ;UNOPAR;Universidade;Privada com fins lucrativos;89476;3501;EDUCAÇÃO FÍSICA (BACHARELADO);Educação Presencial;4113700;LONDRINA;PR;112;103;53;0,5146;0,0171;2,4771;3
2016;3602;CENTRO UNIVERSITÁRIO AUTÔNOMO DO BRASIL;0;Centro Universitário;Privada com fins lucrativos;89482;36;FISIOTERAPIA;Educação Presencial;4106902;CURITIBA;PR;19;19;11;0,5789;0,4163;2,6720;3
2016;3602;CENTRO UNIVERSITÁRIO AUTÔNOMO DO BRASIL;0;Centro Universitário;Privada com fins lucrativos;89484;19;FARMÁCIA;Educação Presencial;4106902;CURITIBA;PR;41;41;25;0,6098;-0,3339;2,2683;3
2016;739;CENTRO UNIVERSITÁRIO SÃO CAMILO - ESPÍRITO SANTO;SÃO CAMILO-ES;Centro Universitário;Privada sem fins lucrativos;89515;28;NUTRIÇÃO;Educação Presencial;3201209;CACHOEIRO DE ITAPEMIRIM;ES;19;17;17;1,0000;0,8289;2,8177;3
2016;1113;CENTRO UNIVERSITÁRIO EURO-AMERICANO;UNIEURO;Centro Universitário;Privada sem fins lucrativos;89522;36;FISIOTERAPIA;Educação Presencial;5300108;BRASÍLIA;DF;8;7;6;0,8571;0,6408;2,7722;3
2016;2005;FACULDADE DE CIÊNCIAS SOCIAIS APLICADAS DE SINOP;FACISAS;Faculdade ;Pessoa Jurídica de Direito Privado - Com fins lucrativos - Sociedade Mercantil ou Comercial;89780;36;FISIOTERAPIA;Educação Presencial;5107909;SINOP;MT;14;14;13;0,9286;0,7727;2,8311;3
2016;1927;FACULDADES INTEGRADAS DO VALE DO IGUAÇU;0;Faculdade ;Privada com fins lucrativos;89782;17;AGRONOMIA;Educação Presencial;4128203;UNIÃO DA VITÓRIA;PR;33;31;27;0,8710;1,7319;3,9024;4
2016;1258;FACULDADE ANHANGUERA DE CASCAVEL;0;Faculdade ;Privada com fins lucrativos;89896;38;SERVIÇO SOCIAL;Educação Presencial;4104808;CASCAVEL;PR;15;15;11;0,7333;-0,9049;2,2218;3
2016;457;UNIVERSIDADE ANHANGUERA DE SÃO PAULO - UNIAN-SP;UNIAN - SP;Universidade;Privada com fins lucrativos;89903;92;TECNOLOGIA EM GESTÃO AMBIENTAL;Educação Presencial;3548708;SÃO BERNARDO DO CAMPO;SP;2;0;0;0,0000;;;SC
2016;2409;FACULDADE ASCES;ASCES;Centro Universitário;Privada sem fins lucrativos;89994;23;ENFERMAGEM;Educação Presencial;2604106;CARUARU;PE;62;62;60;0,9677;0,4931;2,7357;3
2016;2409;FACULDADE ASCES;ASCES;Centro Universitário;Privada sem fins lucrativos;89996;19;FARMÁCIA;Educação Presencial;2604106;CARUARU;PE;82;80;69;0,8625;0,1336;2,4715;3
2016;719;UNIVERSIDADE DO ESTADO DE MATO GROSSO;UNEMAT;Universidade;Pessoa Jurídica de Direito Público - Estadual;90004;23;ENFERMAGEM;Educação Presencial;5103502;DIAMANTINO;MT;34;0;0;0,0000;;;SC
2016;4163;CENTRO UNIVERSITÁRIO BARRIGA VERDE;UNIBAVE;Centro Universitário;Pessoa Jurídica de Direito Privado - Sem fins lucrativos - Fundação;90020;23;ENFERMAGEM;Educação Presencial;4211702;ORLEANS;SC;20;18;12;0,6667;-0,6073;2,2178;3
2016;3151;UNIVERSIDADE COMUNITÁRIA DA REGIÃO DE CHAPECÓ;UNOCHAPECÓ;Universidade;Pessoa Jurídica de Direito Privado - Sem fins lucrativos - Fundação;90051;28;NUTRIÇÃO;Educação Presencial;4204202;CHAPECÓ;SC;28;24;17;0,7083;0,6547;2,7391;3
2016;76;UNIVERSIDADE REGIONAL DE BLUMENAU;FURB;Universidade;Pessoa Jurídica de Direito Público - Municipal;90053;5;MEDICINA VETERINÁRIA;Educação Presencial;4202404;BLUMENAU;SC;52;52;29;0,5577;0,0358;2,6237;3
2016;2579;FACULDADE ATENAS;0;Faculdade ;Privada com fins lucrativos;90059;12;MEDICINA;Educação Presencial;3147006;PARACATU;MG;75;75;71;0,9467;0,2895;3,2413;4
2016;1895;CENTRO UNIVERSITÁRIO CHRISTUS;UNICHRISTUS;Centro Universitário;Privada com fins lucrativos;90084;12;MEDICINA;Educação Presencial;2304400;FORTALEZA;CE;144;142;138;0,9718;-0,0777;2,8410;3
2016;7;UNIVERSIDADE FEDERAL DE SÃO CARLOS;UFSCAR;Universidade;Pessoa Jurídica de Direito Público - Federal;90091;12;MEDICINA;Educação Presencial;3548906;SÃO CARLOS;SP;34;34;34;1,0000;-1,0058;1,8291;2
2016;18;UNIVERSIDADE CATÓLICA DE PELOTAS;UCPEL;Universidade;Privada sem fins lucrativos;90207;19;FARMÁCIA;Educação Presencial;4314407;PELOTAS;RS;10;10;8;0,8000;0,4635;2,6150;3
2016;3793;FACULDADE FRUTAL;FAF;Faculdade ;Privada com fins lucrativos;90220;38;SERVIÇO SOCIAL;Educação Presencial;3127107;FRUTAL;MG;3;3;2;0,6667;-5,6664;0,0000;1
2016;1058;Estácio FIB - Centro Universitário Estácio da Bahia;Estácio FIB;Centro Universitário;Privada com fins lucrativos;90329;19;FARMÁCIA;Educação Presencial;2927408;SALVADOR;BA;43;41;19;0,4634;-0,4878;2,2014;3
2016;1224;CENTRO UNIVERSITÁRIO DE JALES;UNIJALES;Centro Universitário;Privada sem fins lucrativos;90331;23;ENFERMAGEM;Educação Presencial;3524808;JALES;SP;12;12;5;0,4167;1,0132;2,9805;4
2016;3983;CENTRO UNIVERSITÁRIO DE FORMIGA;UNIFORMG;Centro Universitário;Pessoa Jurídica de Direito Privado - Sem fins lucrativos - Fundação;90359;5;MEDICINA VETERINÁRIA;Educação Presencial;3126109;FORMIGA;MG;39;36;26;0,7222;0,0273;2,6173;3
2016;1113;CENTRO UNIVERSITÁRIO EURO-AMERICANO;UNIEURO;Centro Universitário;Privada sem fins lucrativos;90363;3501;EDUCAÇÃO FÍSICA (BACHARELADO);Educação Presencial;5300108;BRASÍLIA;DF;51;42;26;0,6190;-0,2099;2,3730;3
2016;1224;CENTRO UNIVERSITÁRIO DE JALES;UNIJALES;Centro Universitário;Privada sem fins lucrativos;90365;36;FISIOTERAPIA;Educação Presencial;3524808;JALES;SP;4;4;4;1,0000;-5,5685;0,0000;1
2016;1224;CENTRO UNIVERSITÁRIO DE JALES;UNIJALES;Centro Universitário;Privada sem fins lucrativos;90369;38;SERVIÇO SOCIAL;Educação Presencial;3524808;JALES;SP;29;29;12;0,4138;-3,0493;1,2212;2
2016;4725;FACULDADE DE TECNOLOGIA EGÍDIO JOSÉ DA SILVA;FATEGIDIO;Faculdade ;Privada com fins lucrativos;90408;69;TECNOLOGIA EM RADIOLOGIA;Educação Presencial;3168606;TEÓFILO OTONI;MG;21;3;3;1,0000;2,9974;3,2425;4
2016;4725;FACULDADE DE TECNOLOGIA EGÍDIO JOSÉ DA SILVA;FATEGIDIO;Faculdade ;Privada com fins lucrativos;90411;91;TECNOLOGIA EM GESTÃO HOSPITALAR;Educação Presencial;3168606;TEÓFILO OTONI;MG;6;0;0;0,0000;;;SC
2016;2571;FACULDADE REDENTOR;FACREDENTOR;Faculdade ;Privada sem fins lucrativos;90430;36;FISIOTERAPIA;Educação Presencial;3302205;ITAPERUNA;RJ;18;17;12;0,7059;0,4041;2,6665;3
2016;1735;CENTRO UNIVERSITÁRIO DOUTOR LEÃO SAMPAIO;FLS;Centro Universitário;Privada com fins lucrativos;90432;38;SERVIÇO SOCIAL;Educação Presencial;2307304;JUAZEIRO DO NORTE;CE;143;136;106;0,7794;0,1338;2,7065;3
2016;1735;CENTRO UNIVERSITÁRIO DOUTOR LEÃO SAMPAIO;FLS;Centro Universitário;Privada com fins lucrativos;90434;55;BIOMEDICINA;Educação Presencial;2307304;JUAZEIRO DO NORTE;CE;90;89;86;0,9663;0,2697;2,5408;3
2016;1322;FACULDADE EDUVALE DE AVARÉ;EDUVALE;Faculdade ;Privada sem fins lucrativos;90443;17;AGRONOMIA;Educação Presencial;3504503;AVARÉ;SP;15;14;9;0,6429;2,1452;4,1521;5
2016;1113;CENTRO UNIVERSITÁRIO EURO-AMERICANO;UNIEURO;Centro Universitário;Privada sem fins lucrativos;90455;23;ENFERMAGEM;Educação Presencial;5300108;BRASÍLIA;DF;34;30;12;0,4000;0,7614;2,8620;3
2016;1113;CENTRO UNIVERSITÁRIO EURO-AMERICANO;UNIEURO;Centro Universitário;Privada sem fins lucrativos;90467;19;FARMÁCIA;Educação Presencial;5300108;BRASÍLIA;DF;16;16;3;0,1875;;;SC
2016;2362;FACULDADE DE CIÊNCIAS MÉDICAS DE CAMPINA GRANDE;FCM;Faculdade ;Privada com fins lucrativos;90483;12;MEDICINA;Educação Presencial;2504009;CAMPINA GRANDE;PB;120;120;101;0,8417;-2,6837;0,0000;1
2016;481;UNIVERSIDADE GUARULHOS;UNG;Universidade;Pessoa Jurídica de Direito Privado - Com fins lucrativos - Sociedade Civil;90497;38;SERVIÇO SOCIAL;Educação Presencial;3518800;GUARULHOS;SP;108;72;19;0,2639;0,3650;2,8144;3
2016;545;FACULDADE DE CIÊNCIAS ADMINISTRATIVAS E CONTÁBEIS DE ITABIRA;FACCI;Faculdade ;Privada sem fins lucrativos;90499;55;BIOMEDICINA;Educação Presencial;3131703;ITABIRA;MG;1;1;0;0,0000;;;SC
2016;1735;CENTRO UNIVERSITÁRIO DOUTOR LEÃO SAMPAIO;FLS;Centro Universitário;Privada com fins lucrativos;90529;23;ENFERMAGEM;Educação Presencial;2307304;JUAZEIRO DO NORTE;CE;90;84;64;0,7619;-0,0930;2,4598;3
2016;163;UNIVERSIDADE ESTÁCIO DE SÁ;UNESA;Universidade;Privada com fins lucrativos;90537;69;TECNOLOGIA EM RADIOLOGIA;Educação Presencial;3303302;NITERÓI;RJ;6;5;3;0,6000;-1,8062;1,8928;2
2016;1113;CENTRO UNIVERSITÁRIO EURO-AMERICANO;UNIEURO;Centro Universitário;Privada sem fins lucrativos;90571;36;FISIOTERAPIA;Educação Presencial;5300108;BRASÍLIA;DF;30;30;13;0,4333;-0,4848;2,2697;3
2016;163;UNIVERSIDADE ESTÁCIO DE SÁ;UNESA;Universidade;Privada com fins lucrativos;90582;69;TECNOLOGIA EM RADIOLOGIA;Educação Presencial;3303500;NOVA IGUAÇU;RJ;28;25;11;0,4400;-0,4816;2,2650;3
2016;1317;FACULDADE SUDOESTE PAULISTA;FSP;Faculdade ;Privada com fins lucrativos;90597;38;SERVIÇO SOCIAL;Educação Presencial;3504503;AVARÉ;SP;21;19;14;0,7368;0,6110;2,9292;3
2016;2745;ESCOLA SUPERIOR DA AMAZÔNIA;ESAMAZ;Faculdade ;Privada com fins lucrativos;90615;23;ENFERMAGEM;Educação Presencial;1501402;BELÉM;PA;47;46;28;0,6087;-1,5436;1,7770;2
2016;2135;CENTRO UNIVERSITÁRIO CATÓLICA DE QUIXADÁ;0;Centro Universitário;Pessoa Jurídica de Direito Privado - Sem fins lucrativos - Associação de Utilidade Pública;90681;6;ODONTOLOGIA;Educação Presencial;2311306;QUIXADÁ;CE;95;94;76;0,8085;-0,4822;1,9629;3
2016;2915;FACULDADE CIDADE DE PATOS DE MINAS;FPM;Faculdade ;Privada sem fins lucrativos;90683;6;ODONTOLOGIA;Educação Presencial;3148004;PATOS DE MINAS;MG;83;80;64;0,8000;-1,1194;1,2912;2
2016;1939;INSTITUTO DE ENSINO SUPERIOR DE LONDRINA - INESUL;INESUL;Faculdade ;Privada com fins lucrativos;90689;19;FARMÁCIA;Educação Presencial;4113700;LONDRINA;PR;33;30;11;0,3667;-4,9511;0,2611;1
2016;1939;INSTITUTO DE ENSINO SUPERIOR DE LONDRINA - INESUL;INESUL;Faculdade ;Privada com fins lucrativos;90691;23;ENFERMAGEM;Educação Presencial;4113700;LONDRINA;PR;14;11;5;0,4545;-1,1501;1,9622;3
2016;1939;INSTITUTO DE ENSINO SUPERIOR DE LONDRINA - INESUL;INESUL;Faculdade ;Privada com fins lucrativos;90693;36;FISIOTERAPIA;Educação Presencial;4113700;LONDRINA;PR;26;22;7;0,3182;-2,6688;1,2946;2
2016;3034;FACULDADE DELTA;FACDELTA;Faculdade ;Privada com fins lucrativos;90705;38;SERVIÇO SOCIAL;Educação Presencial;2927408;SALVADOR;BA;100;74;38;0,5135;-0,4019;2,4566;3
2016;3840;CENTRO UNIVERSITÁRIO FACVEST ;FACVEST;Centro Universitário;Privada com fins lucrativos;90726;19;FARMÁCIA;Educação Presencial;4209300;LAGES;SC;16;14;11;0,7857;0,3634;2,5715;3
2016;3840;CENTRO UNIVERSITÁRIO FACVEST ;FACVEST;Centro Universitário;Privada com fins lucrativos;90730;23;ENFERMAGEM;Educação Presencial;4209300;LAGES;SC;10;10;6;0,6000;2,1097;3,4967;4
2016;3840;CENTRO UNIVERSITÁRIO FACVEST ;FACVEST;Centro Universitário;Privada com fins lucrativos;90732;36;FISIOTERAPIA;Educação Presencial;4209300;LAGES;SC;10;10;9;0,9000;-1,1001;1,9949;3
2016;1118;UNIÃO DAS ESCOLAS DO GRUPO FAIMI DE EDUCAÇÃO;FAIMI;Faculdade ;Privada com fins lucrativos;90734;23;ENFERMAGEM;Educação Presencial;3530300;MIRASSOL;SP;44;43;13;0,3023;-2,9574;1,1115;2
2016;3375;INSTITUTO DE ENSINO SUPERIOR MÚLTIPLO;IESM;Faculdade ;Privada com fins lucrativos;90737;51;ZOOTECNIA;Educação Presencial;2112209;TIMON;MA;16;15;11;0,7333;-2,0209;1,9677;3
2016;1115;FACULDADE SANTA TEREZINHA;CEST;Faculdade ;Privada sem fins lucrativos;90754;28;NUTRIÇÃO;Educação Presencial;2111300;SÃO LUÍS;MA;40;37;32;0,8649;-0,1724;2,3662;3
2016;1273;FACULDADE CAMPO LIMPO PAULISTA;FACCAMP;Faculdade ;Privada com fins lucrativos;90756;19;FARMÁCIA;Educação Presencial;3509601;CAMPO LIMPO PAULISTA;SP;26;24;9;0,3750;-0,7487;2,0880;3
2016;4785;INSTITUTO FEDERAL DE EDUCAÇÃO CIÊNCIA E TECNOLOGIA DE RONDÔNIA;IFRO;Instituto Federal de Educação, Ciência e Tecnologia;Pessoa Jurídica de Direito Público - Federal;90763;92;TECNOLOGIA EM GESTÃO AMBIENTAL;Educação Presencial;1100064;COLORADO DO OESTE;RO;18;11;9;0,8182;1,3989;3,0158;4
2016;1170;FACULDADE METROPOLITANA DE CAMAÇARI;FAMEC;Faculdade ;Privada sem fins lucrativos;90800;36;FISIOTERAPIA;Educação Presencial;2905701;CAMAÇARI;BA;14;13;7;0,5385;-0,0892;2,4463;3
2016;3151;UNIVERSIDADE COMUNITÁRIA DA REGIÃO DE CHAPECÓ;UNOCHAPECÓ;Universidade;Pessoa Jurídica de Direito Privado - Sem fins lucrativos - Fundação;90847;12;MEDICINA;Educação Presencial;4204202;CHAPECÓ;SC;39;38;36;0,9474;-0,6487;2,2185;3
2016;3936;FACULDADE ANHANGUERA DE LIMEIRA;0;Faculdade ;Privada com fins lucrativos;90863;36;FISIOTERAPIA;Educação Presencial;3526902;LIMEIRA;SP;5;4;3;0,7500;0,0664;2,5157;3
2016;3936;FACULDADE ANHANGUERA DE LIMEIRA;0;Faculdade ;Privada com fins lucrativos;90865;23;ENFERMAGEM;Educação Presencial;3526902;LIMEIRA;SP;2;0;0;0,0000;;;SC
2016;4138;FACULDADE ANHANGUERA DE SANTA BÁRBARA;0;Faculdade ;Privada com fins lucrativos;90877;23;ENFERMAGEM;Educação Presencial;3545803;SANTA BÁRBARA D'OESTE;SP;21;18;7;0,3889;-2,8511;1,1616;2
2016;4138;FACULDADE ANHANGUERA DE SANTA BÁRBARA;0;Faculdade ;Privada com fins lucrativos;90879;36;FISIOTERAPIA;Educação Presencial;3545803;SANTA BÁRBARA D'OESTE;SP;16;15;11;0,7333;-0,4837;2,2701;3
2016;4141;FACULDADE ANHANGUERA DE TAUBATÉ;0;Faculdade ;Privada com fins lucrativos;90893;36;FISIOTERAPIA;Educação Presencial;3554102;TAUBATÉ;SP;28;26;19;0,7308;1,1375;2,9939;4
2016;4141;FACULDADE ANHANGUERA DE TAUBATÉ;0;Faculdade ;Privada com fins lucrativos;90901;23;ENFERMAGEM;Educação Presencial;3554102;TAUBATÉ;SP;92;78;41;0,5256;0,7472;2,8553;3
2016;2843;FACULDADE DE CIÊNCIAS MÉDICAS E DA SAÚDE DE JUIZ DE FORA;FCMS/JF;Faculdade ;Privada com fins lucrativos;90939;19;FARMÁCIA;Educação Presencial;3136702;JUIZ DE FORA;MG;17;16;14;0,8750;1,5226;3,0754;4
2016;1170;FACULDADE METROPOLITANA DE CAMAÇARI;FAMEC;Faculdade ;Privada sem fins lucrativos;90947;23;ENFERMAGEM;Educação Presencial;2905701;CAMAÇARI;BA;43;37;14;0,3784;-1,4864;1,8039;2
2016;2437;FACULDADE PITÁGORAS DE TEIXEIRA DE FREITAS;PIT TEIXEIRA;Faculdade ;Privada com fins lucrativos;91007;19;FARMÁCIA;Educação Presencial;2931350;TEIXEIRA DE FREITAS;BA;38;37;26;0,7027;-0,7343;2,0943;3
2016;4256;FACULDADES INTEGRADAS PITÁGORAS;FIP-MOC;Faculdade ;Privada com fins lucrativos;91013;19;FARMÁCIA;Educação Presencial;3143302;MONTES CLAROS;MG;13;12;11;0,9167;-2,9661;1,1240;2
2016;3400;FACULDADE DE SAÚDE DE SÃO PAULO;FASSP;Faculdade ;Privada com fins lucrativos;91015;23;ENFERMAGEM;Educação Presencial;3537305;PENÁPOLIS;SP;34;33;8;0,2424;-3,6040;0,8072;1
2016;3099;FACULDADE INTERNACIONAL DA PARAÍBA;FPB;Faculdade ;Privada com fins lucrativos;91025;28;NUTRIÇÃO;Educação Presencial;2507507;JOÃO PESSOA;PB;114;88;63;0,7159;-0,3947;2,2659;3
2016;3099;FACULDADE INTERNACIONAL DA PARAÍBA;FPB;Faculdade ;Privada com fins lucrativos;91027;23;ENFERMAGEM;Educação Presencial;2507507;JOÃO PESSOA;PB;159;139;85;0,6115;-0,4802;2,2775;3
2016;1657;FACULDADE EDUCACIONAL DE DOIS VIZINHOS;FAED;Faculdade ;Privada com fins lucrativos;91029;5;MEDICINA VETERINÁRIA;Educação Presencial;4107207;DOIS VIZINHOS;PR;36;35;32;0,9143;0,6796;3,1083;4
2016;2501;FACULDADE ESTÁCIO DE SÁ DE GOIÁS;FESGO;Faculdade ;Privada com fins lucrativos;91031;23;ENFERMAGEM;Educação Presencial;5208707;GOIÂNIA;GO;102;96;44;0,4583;-1,1601;1,9575;3
2016;1202;FACULDADE SANTA RITA;FASAR;Faculdade ;Privada com fins lucrativos;91045;28;NUTRIÇÃO;Educação Presencial;3118304;CONSELHEIRO LAFAIETE;MG;20;19;12;0,6316;-0,4790;2,2279;3
2016;1202;FACULDADE SANTA RITA;FASAR;Faculdade ;Privada com fins lucrativos;91049;23;ENFERMAGEM;Educação Presencial;3118304;CONSELHEIRO LAFAIETE;MG;17;16;9;0,5625;3,2151;4,0170;5
2016;3641;CENTRO UNIVERSITÁRIO DA FUNDAÇÃO EDUCACIONAL DE BARRETOS;UNIFEB;Centro Universitário;Privada sem fins lucrativos;91085;51;ZOOTECNIA;Educação Presencial;3505500;BARRETOS;SP;17;10;9;0,9000;-3,1870;1,4843;2
2016;3921;FACULDADE ARNALDO HORÁCIO FERREIRA;FAAHF;Faculdade ;Privada com fins lucrativos;91095;17;AGRONOMIA;Educação Presencial;2919553;LUÍS EDUARDO MAGALHÃES;BA;41;41;29;0,7073;0,5300;3,1764;4
2016;4293;FACULDADE INTEGRAÇÃO TIETE;FIT;Faculdade ;Privada com fins lucrativos;91123;23;ENFERMAGEM;Educação Presencial;3554508;TIETÊ;SP;15;15;7;0,4667;1,9897;3,4402;4
2016;416;FACULDADE DE SÃO PAULO;FASP;Faculdade ;Pessoa Jurídica de Direito Privado - Sem fins lucrativos - Fundação;91129;23;ENFERMAGEM;Educação Presencial;3550308;SÃO PAULO;SP;609;520;122;0,2346;-0,4466;2,2934;3
2016;3034;FACULDADE DELTA;FACDELTA;Faculdade ;Privada com fins lucrativos;91161;19;FARMÁCIA;Educação Presencial;2927408;SALVADOR;BA;16;16;12;0,7500;1,5845;3,1023;4
2016;2787;FACULDADES PEQUENO PRÍNCIPE;FPP;Faculdade ;Privada sem fins lucrativos;91175;55;BIOMEDICINA;Educação Presencial;4106902;CURITIBA;PR;37;35;32;0,9143;-0,5508;2,1311;3
2016;1281;FACULDADE DE CIÊNCIAS SOCIAIS E AGRÁRIAS DE ITAPEVA;FAIT;Faculdade ;Pessoa Jurídica de Direito Privado - Com fins lucrativos - Sociedade Civil;91177;17;AGRONOMIA;Educação Presencial;3522406;ITAPEVA;SP;48;46;35;0,7609;-0,6391;2,4702;3
2016;2076;FACULDADE REGIONAL DA BAHIA;FARB;Faculdade ;Privada com fins lucrativos;91183;27;FONOAUDIOLOGIA;Educação Presencial;2927408;SALVADOR;BA;9;9;6;0,6667;2,2183;3,3476;4
2016;2077;FACULDADE ANGLO-AMERICANO;FAA;Faculdade ;Privada com fins lucrativos;91189;19;FARMÁCIA;Educação Presencial;4108304;FOZ DO IGUAÇU;PR;22;21;18;0,8571;-0,6398;2,1353;3
2016;718;UNIVERSIDADE POTIGUAR;UNP;Universidade;Pessoa Jurídica de Direito Privado - Com fins lucrativos - Sociedade Civil;91219;12;MEDICINA;Educação Presencial;2408102;NATAL;RN;139;139;128;0,9209;-0,4458;2,4397;3
2016;355;UNIVERSIDADE TUIUTI DO PARANÁ;UTP;Universidade;Privada com fins lucrativos;91229;95;TECNOLOGIA EM ESTÉTICA E COSMÉTICA;Educação Presencial;4106902;CURITIBA;PR;99;92;67;0,7283;0,0938;2,5728;3
2016;27;UNIVERSIDADE VALE DO RIO VERDE;UNINCOR;Universidade;Privada sem fins lucrativos;91271;95;TECNOLOGIA EM ESTÉTICA E COSMÉTICA;Educação Presencial;3169307;TRÊS CORAÇÕES;MG;15;14;12;0,8571;1,1146;3,1985;4
2016;403;UNIVERSIDADE CATÓLICA DE BRASÍLIA;UCB;Universidade;Privada sem fins lucrativos;91295;55;BIOMEDICINA;Educação Presencial;5300108;BRASÍLIA;DF;50;47;33;0,7021;1,1120;2,9613;4
2016;217;CENTRO UNIVERSITÁRIO DAS FACULDADES ASSOCIADAS DE ENSINO - FAE;UNIFAE;Centro Universitário;Pessoa Jurídica de Direito Público - Municipal;91309;3501;EDUCAÇÃO FÍSICA (BACHARELADO);Educação Presencial;3549102;SÃO JOÃO DA BOA VISTA;SP;74;71;39;0,5493;0,2881;2,6014;3
2016;14028;Faculdade UNA de Betim;UNA;Faculdade ;Privada com fins lucrativos;91315;92;TECNOLOGIA EM GESTÃO AMBIENTAL;Educação Presencial;3106705;BETIM;MG;3;2;2;1,0000;9,2537;5,0000;5
2016;14028;Faculdade UNA de Betim;UNA;Faculdade ;Privada com fins lucrativos;91319;38;SERVIÇO SOCIAL;Educação Presencial;3106705;BETIM;MG;36;35;23;0,6571;0,4463;2,8523;3
2016;3590;FACULDADE DE ENFERMAGEM SÃO VICENTE DE PAULA;FESVIP;Faculdade ;Pessoa Jurídica de Direito Privado - Com fins lucrativos - Sociedade Civil;91354;23;ENFERMAGEM;Educação Presencial;2507507;JOÃO PESSOA;PB;45;41;17;0,4146;-0,3730;2,3280;3
2016;3204;FACULDADE DE QUATRO MARCOS;FQM;Faculdade ;Privada com fins lucrativos;91358;19;FARMÁCIA;Educação Presencial;5107107;SÃO JOSÉ DOS QUATRO MARCOS;MT;23;22;14;0,6364;-2,2354;1,4417;2
2016;3204;FACULDADE DE QUATRO MARCOS;FQM;Faculdade ;Privada com fins lucrativos;91360;23;ENFERMAGEM;Educação Presencial;5107107;SÃO JOSÉ DOS QUATRO MARCOS;MT;21;21;14;0,6667;-3,2840;0,9578;2
2016;295;UNIVERSIDADE DE SANTA CRUZ DO SUL;UNISC;Universidade;Privada sem fins lucrativos;91399;12;MEDICINA;Educação Presencial;4316808;SANTA CRUZ DO SUL;RS;58;58;56;0,9655;0,3868;3,3474;4
2016;40;UNIVERSIDADE DO ESTADO DA BAHIA;UNEB;Universidade;Pessoa Jurídica de Direito Público - Estadual;91531;19;FARMÁCIA;Educação Presencial;2927408;SALVADOR;BA;12;12;10;0,8333;0,1278;2,4690;3
2016;40;UNIVERSIDADE DO ESTADO DA BAHIA;UNEB;Universidade;Pessoa Jurídica de Direito Público - Estadual;91533;36;FISIOTERAPIA;Educação Presencial;2927408;SALVADOR;BA;41;41;34;0,8293;0,7126;2,8042;3
2016;587;UNIVERSIDADE FEDERAL RURAL DE PERNAMBUCO;UFRPE;Universidade;Pessoa Jurídica de Direito Público - Federal;91555;17;AGRONOMIA;Educação Presencial;2606002;GARANHUNS;PE;33;32;30;0,9375;0,0303;2,8746;3
2016;587;UNIVERSIDADE FEDERAL RURAL DE PERNAMBUCO;UFRPE;Universidade;Pessoa Jurídica de Direito Público - Federal;91561;5;MEDICINA VETERINÁRIA;Educação Presencial;2606002;GARANHUNS;PE;54;54;50;0,9259;0,4217;2,9142;3
2016;1129;CENTRO UNIVERSITÁRIO DO NORTE PAULISTA;UNORP;Centro Universitário;Privada sem fins lucrativos;91585;55;BIOMEDICINA;Educação Presencial;3549805;SÃO JOSÉ DO RIO PRETO;SP;1;0;0;0,0000;;;SC
2016;2944;FACULDADE DO SUL;FACSUL;Faculdade ;Pessoa Jurídica de Direito Privado - Com fins lucrativos - Sociedade Mercantil ou Comercial;91677;19;FARMÁCIA;Educação Presencial;2914802;ITABUNA;BA;17;17;11;0,6471;2,7888;3,6258;4
2016;2944;FACULDADE DO SUL;FACSUL;Faculdade ;Pessoa Jurídica de Direito Privado - Com fins lucrativos - Sociedade Mercantil ou Comercial;91681;38;SERVIÇO SOCIAL;Educação Presencial;2914802;ITABUNA;BA;62;53;34;0,6415;-1,3265;2,0251;3
2016;587;UNIVERSIDADE FEDERAL RURAL DE PERNAMBUCO;UFRPE;Universidade;Pessoa Jurídica de Direito Público - Federal;91738;51;ZOOTECNIA;Educação Presencial;2606002;GARANHUNS;PE;22;20;18;0,9000;1,0755;3,2512;4
2016;40;UNIVERSIDADE DO ESTADO DA BAHIA;UNEB;Universidade;Pessoa Jurídica de Direito Público - Estadual;91801;23;ENFERMAGEM;Educação Presencial;2911709;GUANAMBI;BA;23;22;21;0,9545;0,3381;2,6628;3
2016;224;FACULDADE DE MEDICINA DO ABC;FMABC;Faculdade ;Privada sem fins lucrativos;91803;28;NUTRIÇÃO;Educação Presencial;3547809;SANTO ANDRÉ;SP;23;23;16;0,6957;1,0565;2,9203;3
2016;224;FACULDADE DE MEDICINA DO ABC;FMABC;Faculdade ;Privada sem fins lucrativos;91807;36;FISIOTERAPIA;Educação Presencial;3547809;SANTO ANDRÉ;SP;27;27;24;0,8889;-0,9699;2,0531;3
2016;82;UNIVERSIDADE DO OESTE DE SANTA CATARINA;UNOESC;Universidade;Pessoa Jurídica de Direito Público - Municipal;91819;51;ZOOTECNIA;Educação Presencial;4219507;XANXERÊ;SC;19;18;13;0,7222;2,1029;3,6771;4
2016;1046;UNIÃO DAS FACULDADES DOS GRANDES LAGOS;UNILAGO;Faculdade ;Privada sem fins lucrativos;91839;36;FISIOTERAPIA;Educação Presencial;3549805;SÃO JOSÉ DO RIO PRETO;SP;24;12;7;0,5833;0,8947;2,8855;3
2016;1356;FACULDADES INTEGRADAS DE SANTA FÉ DO SUL;FUNEC;Faculdade ;Pessoa Jurídica de Direito Público - Municipal;91865;23;ENFERMAGEM;Educação Presencial;3546603;SANTA FÉ DO SUL;SP;39;38;27;0,7105;-0,7415;2,1546;3
2016;82;UNIVERSIDADE DO OESTE DE SANTA CATARINA;UNOESC;Universidade;Pessoa Jurídica de Direito Público - Municipal;91879;17;AGRONOMIA;Educação Presencial;4203600;CAMPOS NOVOS;SC;40;38;23;0,6053;-0,1009;2,7953;3
2016;3974;UNIVERSIDADE DE RIO VERDE;FESURV;Universidade;Pessoa Jurídica de Direito Público - Municipal;91883;5;MEDICINA VETERINÁRIA;Educação Presencial;5218805;RIO VERDE;GO;59;53;22;0,4151;-2,1281;0,9948;2
2016;3974;UNIVERSIDADE DE RIO VERDE;FESURV;Universidade;Pessoa Jurídica de Direito Público - Municipal;91885;28;NUTRIÇÃO;Educação Presencial;5218805;RIO VERDE;GO;18;15;6;0,4000;-2,6527;1,2477;2
2016;82;UNIVERSIDADE DO OESTE DE SANTA CATARINA;UNOESC;Universidade;Pessoa Jurídica de Direito Público - Municipal;91895;23;ENFERMAGEM;Educação Presencial;4209003;JOAÇABA;SC;20;17;11;0,6471;3,2203;4,0194;5
2016;54;UNIVERSIDADE ESTADUAL DE CAMPINAS;UNICAMP;Universidade;Pessoa Jurídica de Direito Público - Estadual;91897;3501;EDUCAÇÃO FÍSICA (BACHARELADO);Educação Presencial;3509502;CAMPINAS;SP;65;45;41;0,9111;-0,2029;2,3762;3
2016;54;UNIVERSIDADE ESTADUAL DE CAMPINAS;UNICAMP;Universidade;Pessoa Jurídica de Direito Público - Estadual;91899;3501;EDUCAÇÃO FÍSICA (BACHARELADO);Educação Presencial;3509502;CAMPINAS;SP;58;39;31;0,7949;-1,9311;1,5837;2
2016;3184;INSTITUTO FEDERAL DE EDUCAÇÃO, CIÊNCIA E TECNOLOGIA DE RORAIMA;IFRR;Instituto Federal de Educação, Ciência e Tecnologia;Pessoa Jurídica de Direito Público - Federal;91907;91;TECNOLOGIA EM GESTÃO HOSPITALAR;Educação Presencial;1400100;BOA VISTA;RR;63;35;24;0,6857;0,1206;2,6038;3
2016;14;UNIVERSIDADE DO VALE DO RIO DOS SINOS;UNISINOS;Universidade;Privada sem fins lucrativos;91921;92;TECNOLOGIA EM GESTÃO AMBIENTAL;Educação Presencial;4318705;SÃO LEOPOLDO;RS;36;33;21;0,6364;-1,6442;1,9125;2
2016;3516;FACULDADE DE CIÊNCIAS DA SAÚDE ARCHIMEDES THEODORO;FAC - SAUDE ARTHE;Faculdade ;Pessoa Jurídica de Direito Público - Municipal;91939;23;ENFERMAGEM;Educação Presencial;3101508;ALÉM PARAÍBA;MG;18;14;6;0,4286;-4,0574;0,5937;1
2016;1420;FACULDADES DE DRACENA;0;Faculdade ;Pessoa Jurídica de Direito Privado - Sem fins lucrativos - Fundação;91951;23;ENFERMAGEM;Educação Presencial;3514403;DRACENA;SP;22;22;15;0,6818;-2,2590;1,4403;2
2016;14156;Faculdade Presidente Antônio Carlos de Teófilo Otoni;FUNEES Teófilo Otoni;Faculdade ;Pessoa Jurídica de Direito Privado - Sem fins lucrativos - Fundação;91987;36;FISIOTERAPIA;Educação Presencial;3168606;TEÓFILO OTONI;MG;47;37;31;0,8378;-1,6134;1,7658;2
2016;2183;CENTRO UNIVERSITÁRIO FUNDAÇÃO SANTO ANDRÉ;CUFSA;Centro Universitário;Fundação Pública de Direito Privado Municipal;92011;92;TECNOLOGIA EM GESTÃO AMBIENTAL;Educação Presencial;3547809;SANTO ANDRÉ;SP;16;0;0;0,0000;;;SC
2016;226;CENTRO UNIVERSITÁRIO LUSÍADA;UNILUS;Centro Universitário;Pessoa Jurídica de Direito Privado - Sem fins lucrativos - Fundação;92044;69;TECNOLOGIA EM RADIOLOGIA;Educação Presencial;3548500;SANTOS;SP;7;7;2;0,2857;2,9857;3,2392;4
2016;437;UNIVERSIDADE PARANAENSE;UNIPAR;Universidade;Privada sem fins lucrativos;92135;23;ENFERMAGEM;Educação Presencial;4108809;GUAÍRA;PR;22;22;20;0,9091;-0,2520;2,3850;3
2016;81;UNIVERSIDADE DA REGIÃO DE JOINVILLE;UNIVILLE;Universidade;Pessoa Jurídica de Direito Privado - Sem fins lucrativos - Sociedade;92151;3501;EDUCAÇÃO FÍSICA (BACHARELADO);Educação Presencial;4209102;JOINVILLE;SC;36;32;15;0,4688;0,4069;2,6559;3
2016;9;UNIVERSIDADE ESTADUAL DE LONDRINA;UEL;Universidade;Pessoa Jurídica de Direito Público - Estadual;92157;3501;EDUCAÇÃO FÍSICA (BACHARELADO);Educação Presencial;4113700;LONDRINA;PR;94;85;60;0,7059;-0,2038;2,3758;3
2016;609;UNIVERSIDADE ESTADUAL DO OESTE DO PARANÁ;UNIOESTE;Universidade;Pessoa Jurídica de Direito Público - Estadual;92167;3501;EDUCAÇÃO FÍSICA (BACHARELADO);Educação Presencial;4114609;MARECHAL CÂNDIDO RONDON;PR;21;18;11;0,6111;0,5311;2,7128;3
2016;430;CENTRO UNIVERSITÁRIO FILADÉLFIA;UNIFIL;Centro Universitário;Privada sem fins lucrativos;92184;3501;EDUCAÇÃO FÍSICA (BACHARELADO);Educação Presencial;4113700;LONDRINA;PR;20;19;13;0,6842;3,2932;3,9795;5
2016;4849;FACULDADE DE CIÊNCIAS HUMANAS, ECONÔMICAS E DA SAÚDE DE ARAGUAÍNA;FAHESA / ITPAC;Faculdade ;Privada com fins lucrativos;92215;23;ENFERMAGEM;Educação Presencial;1702109;ARAGUAÍNA;TO;60;60;49;0,8167;0,2021;2,5987;3
2016;4849;FACULDADE DE CIÊNCIAS HUMANAS, ECONÔMICAS E DA SAÚDE DE ARAGUAÍNA;FAHESA / ITPAC;Faculdade ;Privada com fins lucrativos;92219;19;FARMÁCIA;Educação Presencial;1702109;ARAGUAÍNA;TO;57;55;38;0,6909;-0,0173;2,4059;3
2016;792;CENTRO UNIVERSITÁRIO DO ESTADO DO PARÁ;CESUPA;Centro Universitário;Privada sem fins lucrativos;92284;23;ENFERMAGEM;Educação Presencial;1501402;BELÉM;PA;53;49;39;0,7959;0,1413;2,5701;3
2016;1036;UNIVERSIDADE DO ESTADO DE MINAS GERAIS;UEMG;Universidade;Pessoa Jurídica de Direito Público - Estadual;92488;92;TECNOLOGIA EM GESTÃO AMBIENTAL;Educação Presencial;3134202;ITUIUTABA;MG;9;0;0;0,0000;;;SC
2016;208;UNIVERSIDADE DE RIBEIRÃO PRETO;UNAERP;Universidade;Privada sem fins lucrativos;92491;28;NUTRIÇÃO;Educação Presencial;3543402;RIBEIRÃO PRETO;SP;30;29;20;0,6897;0,0065;2,4468;3
2016;208;UNIVERSIDADE DE RIBEIRÃO PRETO;UNAERP;Universidade;Privada sem fins lucrativos;92521;36;FISIOTERAPIA;Educação Presencial;3543402;RIBEIRÃO PRETO;SP;25;25;23;0,9200;0,3349;2,6356;3
2016;367;UNIVERSIDADE ESTADUAL DE MONTES CLAROS;UNIMONTES;Universidade;Pessoa Jurídica de Direito Público - Estadual;92593;51;ZOOTECNIA;Educação Presencial;3135100;JANAÚBA;MG;25;25;22;0,8800;0,4426;2,9888;4
2016;367;UNIVERSIDADE ESTADUAL DE MONTES CLAROS;UNIMONTES;Universidade;Pessoa Jurídica de Direito Público - Estadual;92601;3501;EDUCAÇÃO FÍSICA (BACHARELADO);Educação Presencial;3143302;MONTES CLAROS;MG;36;0;0;0,0000;;;SC
2016;316;UNIVERSIDADE NOVE DE JULHO;UNINOVE;Universidade;Privada sem fins lucrativos;92625;55;BIOMEDICINA;Educação Presencial;3550308;SÃO PAULO;SP;40;38;26;0,6842;0,9388;2,8748;3
2016;1422;CENTRO UNIVERSITÁRIO DO NORTE;UNINORTE;Centro Universitário;Privada com fins lucrativos;92657;95;TECNOLOGIA EM ESTÉTICA E COSMÉTICA;Educação Presencial;1302603;MANAUS;AM;159;86;48;0,5581;-0,2090;2,3873;3
2016;1303;INSTITUTO FEDERAL DE EDUCAÇÃO, CIÊNCIA E TECNOLOGIA GOIANO;IF Goiano;Instituto Federal de Educação, Ciência e Tecnologia;Pessoa Jurídica de Direito Público - Federal;92661;90;TECNOLOGIA EM AGRONEGÓCIOS;Educação Presencial;5218805;RIO VERDE;GO;33;25;20;0,8000;-0,8373;2,3736;3
2016;663;UNIVERSIDADE SALGADO DE OLIVEIRA;UNIVERSO;Universidade;Pessoa Jurídica de Direito Privado - Sem fins lucrativos - Fundação;92663;38;SERVIÇO SOCIAL;Educação Presencial;2927408;SALVADOR;BA;12;10;3;0,3000;-1,8313;1,7896;2
2016;298;UNIVERSIDADE NORTE DO PARANÁ;UNOPAR;Universidade;Privada com fins lucrativos;92699;19;FARMÁCIA;Educação Presencial;4113700;LONDRINA;PR;11;11;8;0,7273;-2,7355;1,2243;2
2016;1196;CENTRO UNIVERSITÁRIO DE MARINGÁ - UNICESUMAR;UNICESUMAR;Centro Universitário;Pessoa Jurídica de Direito Privado - Com fins lucrativos - Sociedade Mercantil ou Comercial;92715;17;AGRONOMIA;Educação Presencial;4115200;MARINGÁ;PR;69;67;42;0,6269;-0,4235;2,6004;3
2016;1559;CENTRO UNIVERSITÁRIO DO ESPÍRITO SANTO;UNESC;Centro Universitário;Privada sem fins lucrativos;92734;3501;EDUCAÇÃO FÍSICA (BACHARELADO);Educação Presencial;3201506;COLATINA;ES;13;10;5;0,5000;1,9738;3,3744;4
2016;146;CENTRO UNIVERSITÁRIO DE RIO PRETO;UNIRP;Centro Universitário;Privada com fins lucrativos;92769;19;FARMÁCIA;Educação Presencial;3549805;SÃO JOSÉ DO RIO PRETO;SP;29;28;19;0,6786;1,6905;3,1483;4
2016;146;CENTRO UNIVERSITÁRIO DE RIO PRETO;UNIRP;Centro Universitário;Privada com fins lucrativos;92771;36;FISIOTERAPIA;Educação Presencial;3549805;SÃO JOSÉ DO RIO PRETO;SP;28;26;16;0,6154;-0,3784;2,3172;3
2016;1233;CENTRO UNIVERSITÁRIO CÂNDIDO RONDON;UNIRONDON;Centro Universitário;Privada sem fins lucrativos;92775;55;BIOMEDICINA;Educação Presencial;5103403;CUIABÁ;MT;14;13;12;0,9231;1,0625;2,9366;3
2016;1233;CENTRO UNIVERSITÁRIO CÂNDIDO RONDON;UNIRONDON;Centro Universitário;Privada sem fins lucrativos;92777;23;ENFERMAGEM;Educação Presencial;5103403;CUIABÁ;MT;3;2;2;1,0000;-1,3906;1,8490;2
2016;15032;UNIVERSIDADE ALTO VALE DO RIO DO PEIXE;UNIARP;Universidade;Privada sem fins lucrativos;92908;17;AGRONOMIA;Educação Presencial;4203006;CAÇADOR;SC;19;18;4;0,2222;0,7839;3,3298;4
2016;3930;INSTITUTO DE EDUCAÇÃO SUPERIOR RAIMUNDO SÁ;IESRSA;Faculdade ;Privada com fins lucrativos;92923;38;SERVIÇO SOCIAL;Educação Presencial;2208007;PICOS;PI;62;56;50;0,8929;-0,2659;2,5200;3
2016;4530;CENTRO UNIVERSITÁRIO TIRADENTES;FITS;Centro Universitário;Privada com fins lucrativos;92925;38;SERVIÇO SOCIAL;Educação Presencial;2704302;MACEIÓ;AL;74;60;36;0,6000;0,2769;2,7733;3
2016;4138;FACULDADE ANHANGUERA DE SANTA BÁRBARA;0;Faculdade ;Privada com fins lucrativos;92945;55;BIOMEDICINA;Educação Presencial;3545803;SANTA BÁRBARA D'OESTE;SP;22;17;9;0,5294;-0,1462;2,3331;3
2016;1019;FACULDADE DE CIÊNCIAS E TECNOLOGIA DE UNAÍ - FACTU;FACTU;Faculdade ;Privada sem fins lucrativos;92973;23;ENFERMAGEM;Educação Presencial;3170404;UNAÍ;MG;19;19;15;0,7895;-0,4950;2,2706;3
2016;1157;ESCOLA SUPERIOR SÃO FRANCISCO DE ASSIS;ESFA;Faculdade ;Pessoa Jurídica de Direito Privado - Sem fins lucrativos - Associação de Utilidade Pública;92980;55;BIOMEDICINA;Educação Presencial;3204609;SANTA TERESA;ES;8;8;7;0,8750;-0,6627;2,0752;3
2016;2041;FACULDADE SUDAMÉRICA;SUDAMÉRICA;Faculdade ;Privada com fins lucrativos;92990;36;FISIOTERAPIA;Educação Presencial;3115300;CATAGUASES;MG;13;13;7;0,5385;-1,3100;1,9013;2
2016;555;UNIVERSIDADE DE FORTALEZA;UNIFOR;Universidade;Privada sem fins lucrativos;93001;12;MEDICINA;Educação Presencial;2304400;FORTALEZA;CE;119;116;111;0,9569;0,3214;3,2760;4
2016;344;CENTRO UNIVERSITÁRIO UNA;UNA;Centro Universitário;Privada com fins lucrativos;93394;38;SERVIÇO SOCIAL;Educação Presencial;3106200;BELO HORIZONTE;MG;75;72;48;0,6667;0,4937;2,8745;3
2016;3;UNIVERSIDADE FEDERAL DE SERGIPE;UFS;Universidade;Pessoa Jurídica de Direito Público - Federal;94033;51;ZOOTECNIA;Educação Presencial;2806701;SÃO CRISTÓVÃO;SE;46;40;21;0,5250;1,0111;3,2245;4
2016;591;UNIVERSIDADE FEDERAL DE SÃO PAULO;UNIFESP;Universidade;Pessoa Jurídica de Direito Público - Federal;94098;28;NUTRIÇÃO;Educação Presencial;3548500;SANTOS;SP;39;35;35;1,0000;-0,1083;2,3951;3
2016;591;UNIVERSIDADE FEDERAL DE SÃO PAULO;UNIFESP;Universidade;Pessoa Jurídica de Direito Público - Federal;94102;36;FISIOTERAPIA;Educação Presencial;3548500;SANTOS;SP;32;32;32;1,0000;0,2162;2,5827;3
2016;591;UNIVERSIDADE FEDERAL DE SÃO PAULO;UNIFESP;Universidade;Pessoa Jurídica de Direito Público - Federal;94115;3501;EDUCAÇÃO FÍSICA (BACHARELADO);Educação Presencial;3548500;SANTOS;SP;33;25;24;0,9600;0,5778;2,7342;3
2016;135;CENTRO UNIVERSITÁRIO CLARETIANO;CEUCLAR;Centro Universitário;Privada sem fins lucrativos;94157;3501;EDUCAÇÃO FÍSICA (BACHARELADO);Educação Presencial;3505906;BATATAIS;SP;60;51;31;0,6078;-0,1944;2,3801;3
2016;3160;INSTITUTO FEDERAL DE EDUCAÇÃO, CIÊNCIA E TECNOLOGIA DE ALAGOAS;IFAL;Instituto Federal de Educação, Ciência e Tecnologia;Pessoa Jurídica de Direito Público - Federal;94175;92;TECNOLOGIA EM GESTÃO AMBIENTAL;Educação Presencial;2704708;MARECHAL DEODORO;AL;71;60;58;0,9667;-0,2239;2,4274;3
2016;449;UNIVERSIDADE LUTERANA DO BRASIL;ULBRA;Universidade;Pessoa Jurídica de Direito Privado - Sem fins lucrativos - Fundação;94183;17;AGRONOMIA;Educação Presencial;4304606;CANOAS;RS;23;21;9;0,4286;-0,6059;2,4903;3
2016;3427;FACULDADE JOSÉ AUGUSTO VIEIRA;FJAV;Faculdade ;Privada sem fins lucrativos;94203;38;SERVIÇO SOCIAL;Educação Presencial;2803500;LAGARTO;SE;38;34;27;0,7941;-0,0892;2,6024;3
2016;2413;FACULDADE DE ENSINO SUPERIOR DE FLORIANO;FAESF;Faculdade ;Privada com fins lucrativos;94211;19;FARMÁCIA;Educação Presencial;2203909;FLORIANO;PI;21;20;19;0,9500;-1,1549;1,9114;2
2016;2413;FACULDADE DE ENSINO SUPERIOR DE FLORIANO;FAESF;Faculdade ;Privada com fins lucrativos;94213;28;NUTRIÇÃO;Educação Presencial;2203909;FLORIANO;PI;9;9;8;0,8889;-1,9655;1,5576;2
2016;2413;FACULDADE DE ENSINO SUPERIOR DE FLORIANO;FAESF;Faculdade ;Privada com fins lucrativos;94215;36;FISIOTERAPIA;Educação Presencial;2203909;FLORIANO;PI;11;11;10;0,9091;-1,7387;1,7098;2
2016;1087;FACULDADES INTEGRADAS APARÍCIO CARVALHO;FIMCA;Faculdade ;Pessoa Jurídica de Direito Privado - Com fins lucrativos - Sociedade Civil;94221;55;BIOMEDICINA;Educação Presencial;1100205;PORTO VELHO;RO;27;27;20;0,7407;-0,1280;2,3422;3
2016;1087;FACULDADES INTEGRADAS APARÍCIO CARVALHO;FIMCA;Faculdade ;Pessoa Jurídica de Direito Privado - Com fins lucrativos - Sociedade Civil;94223;36;FISIOTERAPIA;Educação Presencial;1100205;PORTO VELHO;RO;53;51;36;0,7059;-0,5042;2,2610;3
2016;916;FACULDADE ESTÁCIO DE TERESINA;ESTÁCIO TERESINA;Faculdade ;Privada com fins lucrativos;94243;36;FISIOTERAPIA;Educação Presencial;2211001;TERESINA;PI;26;23;18;0,7826;-0,5672;2,2329;3
2016;3613;FACULDADES INTEGRADAS IESGO;IESGO;Faculdade ;Privada com fins lucrativos;94246;23;ENFERMAGEM;Educação Presencial;5208004;FORMOSA;GO;48;43;35;0,8140;0,2085;2,6017;3
2016;2271;FACULDADE PITÁGORAS DE IPATINGA;FPI;Faculdade ;Privada com fins lucrativos;94248;19;FARMÁCIA;Educação Presencial;3131307;IPATINGA;MG;1;0;0;0,0000;;;SC
2016;2944;FACULDADE DO SUL;FACSUL;Faculdade ;Pessoa Jurídica de Direito Privado - Com fins lucrativos - Sociedade Mercantil ou Comercial;94258;36;FISIOTERAPIA;Educação Presencial;2914802;ITABUNA;BA;14;11;7;0,6364;2,4717;3,5896;4
2016;1818;FACULDADE PITÁGORAS DE BELO HORIZONTE;FPAS;Faculdade ;Privada com fins lucrativos;94313;19;FARMÁCIA;Educação Presencial;3106200;BELO HORIZONTE;MG;70;68;48;0,7059;0,0040;2,4152;3
2016;3304;FACULDADES INTEGRADAS DE PATOS;FIP;Faculdade ;Privada com fins lucrativos;94325;55;BIOMEDICINA;Educação Presencial;2510808;PATOS;PB;33;33;25;0,7576;-0,3322;2,2403;3
2016;3304;FACULDADES INTEGRADAS DE PATOS;FIP;Faculdade ;Privada com fins lucrativos;94327;36;FISIOTERAPIA;Educação Presencial;2510808;PATOS;PB;35;35;34;0,9714;0,3255;2,6314;3
2016;203;UNIVERSIDADE SÃO JUDAS TADEU;USJT;Universidade;Privada com fins lucrativos;94906;19;FARMÁCIA;Educação Presencial;3550308;SÃO PAULO;SP;48;48;42;0,8750;1,3646;3,0067;4
2016;2474;FACULDADE MARIA MILZA;FAMAM;Faculdade ;Privada com fins lucrativos;94909;19;FARMÁCIA;Educação Presencial;2909802;CRUZ DAS ALMAS;BA;18;17;16;0,9412;-0,4716;2,2084;3
2016;2474;FACULDADE MARIA MILZA;FAMAM;Faculdade ;Privada com fins lucrativos;94913;55;BIOMEDICINA;Educação Presencial;2909802;CRUZ DAS ALMAS;BA;5;4;4;1,0000;2,9012;3,8545;4
2016;1818;FACULDADE PITÁGORAS DE BELO HORIZONTE;FPAS;Faculdade ;Privada com fins lucrativos;94917;3501;EDUCAÇÃO FÍSICA (BACHARELADO);Educação Presencial;3106200;BELO HORIZONTE;MG;14;11;6;0,5455;-0,0259;2,4574;3
2016;1818;FACULDADE PITÁGORAS DE BELO HORIZONTE;FPAS;Faculdade ;Privada com fins lucrativos;94919;28;NUTRIÇÃO;Educação Presencial;3106200;BELO HORIZONTE;MG;2;0;0;0,0000;;;SC
2016;3602;CENTRO UNIVERSITÁRIO AUTÔNOMO DO BRASIL;0;Centro Universitário;Privada com fins lucrativos;94925;55;BIOMEDICINA;Educação Presencial;4106902;CURITIBA;PR;34;33;32;0,9697;-0,3929;2,2099;3
2016;1422;CENTRO UNIVERSITÁRIO DO NORTE;UNINORTE;Centro Universitário;Privada com fins lucrativos;95047;6;ODONTOLOGIA;Educação Presencial;1302603;MANAUS;AM;136;122;96;0,7869;-0,0480;2,4208;3
2016;2835;CENTRO UNIVERSITÁRIO MAURÍCIO DE NASSAU;UNINASSAU;Centro Universitário;Privada com fins lucrativos;95077;69;TECNOLOGIA EM RADIOLOGIA;Educação Presencial;2611606;RECIFE;PE;52;24;17;0,7083;-0,4167;2,2832;3
2016;734;FACULDADES INTEGRADAS MARIA IMACULADA;FIMI;Faculdade ;Privada sem fins lucrativos;95098;19;FARMÁCIA;Educação Presencial;3530706;MOGI GUAÇU;SP;22;22;13;0,5909;-2,8149;1,1897;2
2016;4826;FACULDADE ANHANGÜERA DE CAMPINAS;0;Faculdade ;Privada com fins lucrativos;95137;5;MEDICINA VETERINÁRIA;Educação Presencial;3509502;CAMPINAS;SP;58;48;27;0,5625;-0,4416;2,2643;3
2016;4826;FACULDADE ANHANGÜERA DE CAMPINAS;0;Faculdade ;Privada com fins lucrativos;95139;23;ENFERMAGEM;Educação Presencial;3509502;CAMPINAS;SP;106;95;37;0,3895;-0,6746;2,1860;3
2016;4826;FACULDADE ANHANGÜERA DE CAMPINAS;0;Faculdade ;Privada com fins lucrativos;95141;36;FISIOTERAPIA;Educação Presencial;3509502;CAMPINAS;SP;50;37;24;0,6486;0,0542;2,5103;3
2016;3518;FACULDADE JANGADA;FJ;Faculdade ;Privada com fins lucrativos;95147;23;ENFERMAGEM;Educação Presencial;4208906;JARAGUÁ DO SUL;SC;33;31;12;0,3871;-0,4386;2,2972;3
2016;3602;CENTRO UNIVERSITÁRIO AUTÔNOMO DO BRASIL;0;Centro Universitário;Privada com fins lucrativos;95151;3501;EDUCAÇÃO FÍSICA (BACHARELADO);Educação Presencial;4106902;CURITIBA;PR;104;91;55;0,6044;0,7674;2,8212;3
2016;571;UNIVERSIDADE FEDERAL DO PARANÁ;UFPR;Universidade;Pessoa Jurídica de Direito Público - Federal;95166;36;FISIOTERAPIA;Educação Presencial;4115705;MATINHOS;PR;4;3;2;0,6667;-11,1554;0,0000;1
2016;1772;FACULDADE NORDESTE;FANOR;Faculdade ;Pessoa Jurídica de Direito Privado - Com fins lucrativos - Sociedade Civil;95170;36;FISIOTERAPIA;Educação Presencial;2304400;FORTALEZA;CE;24;24;21;0,8750;-0,2352;2,3811;3
2016;2478;FACULDADE DE INTEGRAÇÃO DO ENSINO SUPERIOR DO CONE SUL;FISUL;Faculdade ;Privada com fins lucrativos;95181;38;SERVIÇO SOCIAL;Educação Presencial;4308607;GARIBALDI;RS;8;8;2;0,2500;14,7436;5,0000;5
2016;2593;FACULDADE DE JUAZEIRO DO NORTE;FJN;Faculdade ;Privada com fins lucrativos;95191;23;ENFERMAGEM;Educação Presencial;2307304;JUAZEIRO DO NORTE;CE;59;57;47;0,8246;0,5519;2,7634;3
2016;916;FACULDADE ESTÁCIO DE TERESINA;ESTÁCIO TERESINA;Faculdade ;Privada com fins lucrativos;95194;23;ENFERMAGEM;Educação Presencial;2211001;TERESINA;PI;35;35;32;0,9143;0,3327;2,6602;3
2016;916;FACULDADE ESTÁCIO DE TERESINA;ESTÁCIO TERESINA;Faculdade ;Privada com fins lucrativos;95195;28;NUTRIÇÃO;Educação Presencial;2211001;TERESINA;PI;39;38;28;0,7368;-0,4879;2,2239;3
2016;1292;Centro Universitário de Adamantina;FAI;Centro Universitário;Pessoa Jurídica de Direito Público - Municipal;95197;17;AGRONOMIA;Educação Presencial;3500105;ADAMANTINA;SP;16;14;6;0,4286;-9,5694;0,0000;1
2016;568;UNIVERSIDADE ESTADUAL DO MARANHÃO;UEMA;Universidade;Pessoa Jurídica de Direito Público - Estadual;95424;23;ENFERMAGEM;Educação Presencial;2104800;GRAJAÚ;MA;3;3;3;1,0000;0,9133;2,9335;3
2016;568;UNIVERSIDADE ESTADUAL DO MARANHÃO;UEMA;Universidade;Pessoa Jurídica de Direito Público - Estadual;95426;51;ZOOTECNIA;Educação Presencial;2104800;GRAJAÚ;MA;8;8;8;1,0000;-4,7045;0,8552;1
2016;5550;FACULDADE ANHANGUERA DE ANÁPOLIS;FAAA;Faculdade ;Privada com fins lucrativos;95543;28;NUTRIÇÃO;Educação Presencial;5201108;ANÁPOLIS;GO;26;23;17;0,7391;-1,1276;1,9355;2
2016;5550;FACULDADE ANHANGUERA DE ANÁPOLIS;FAAA;Faculdade ;Privada com fins lucrativos;95545;55;BIOMEDICINA;Educação Presencial;5201108;ANÁPOLIS;GO;59;51;44;0,8627;-0,6895;2,0619;3
2016;3797;FACULDADE GUAIRACÁ;FAG;Faculdade ;Privada com fins lucrativos;95565;38;SERVIÇO SOCIAL;Educação Presencial;4109401;GUARAPUAVA;PR;18;17;13;0,7647;0,7923;3,0138;4
2016;2843;FACULDADE DE CIÊNCIAS MÉDICAS E DA SAÚDE DE JUIZ DE FORA;FCMS/JF;Faculdade ;Privada com fins lucrativos;95579;6;ODONTOLOGIA;Educação Presencial;3136702;JUIZ DE FORA;MG;102;100;89;0,8900;-0,3728;2,0783;3
2016;4849;FACULDADE DE CIÊNCIAS HUMANAS, ECONÔMICAS E DA SAÚDE DE ARAGUAÍNA;FAHESA / ITPAC;Faculdade ;Privada com fins lucrativos;95581;6;ODONTOLOGIA;Educação Presencial;1702109;ARAGUAÍNA;TO;87;85;63;0,7412;0,0702;2,5454;3
2016;409;UNIVERSIDADE DE PERNAMBUCO;UPE;Universidade;Pessoa Jurídica de Direito Público - Estadual;95631;3501;EDUCAÇÃO FÍSICA (BACHARELADO);Educação Presencial;2611606;RECIFE;PE;162;114;108;0,9474;0,0298;2,4829;3
2016;3610;FACULDADES INTEGRADAS PROMOVE DE BRASILIA;0;Faculdade ;Pessoa Jurídica de Direito Privado - Sem fins lucrativos - Sociedade;95655;69;TECNOLOGIA EM RADIOLOGIA;Educação Presencial;5300108;BRASÍLIA;DF;15;6;3;0,5000;4,7026;3,7215;4
2016;4504;FUNDAÇÃO UNIVERSIDADE FEDERAL DA GRANDE DOURADOS;UFGD;Universidade;Pessoa Jurídica de Direito Público - Federal;95739;51;ZOOTECNIA;Educação Presencial;5003702;DOURADOS;MS;37;37;32;0,8649;0,8038;3,1386;4
2016;1041;CENTRO UNIVERSITÁRIO UNIVATES;UNIVATES;Centro Universitário;Privada sem fins lucrativos;95753;55;BIOMEDICINA;Educação Presencial;4311403;LAJEADO;RS;41;41;30;0,7317;-0,0649;2,3737;3
2016;1945;FACULDADE DE SORRISO;FAIS;Faculdade ;Privada com fins lucrativos;95801;90;TECNOLOGIA EM AGRONEGÓCIOS;Educação Presencial;5107925;SORRISO;MT;27;19;15;0,7895;3,6409;3,7958;4
2016;788;FACULDADE DE RONDÔNIA;FARO;Faculdade ;Privada sem fins lucrativos;95912;23;ENFERMAGEM;Educação Presencial;1100205;PORTO VELHO;RO;12;12;5;0,4167;3,2071;4,0132;5
2016;1157;ESCOLA SUPERIOR SÃO FRANCISCO DE ASSIS;ESFA;Faculdade ;Pessoa Jurídica de Direito Privado - Sem fins lucrativos - Associação de Utilidade Pública;96096;6;ODONTOLOGIA;Educação Presencial;3204609;SANTA TERESA;ES;48;45;39;0,8667;-0,6314;1,8057;2
2016;597;UNIVERSIDADE FEDERAL DO TRIÂNGULO MINEIRO;UFTM;Universidade;Pessoa Jurídica de Direito Público - Federal;96201;28;NUTRIÇÃO;Educação Presencial;3170107;UBERABA;MG;17;16;15;0,9375;-0,9748;2,0044;3
2016;597;UNIVERSIDADE FEDERAL DO TRIÂNGULO MINEIRO;UFTM;Universidade;Pessoa Jurídica de Direito Público - Federal;96204;36;FISIOTERAPIA;Educação Presencial;3170107;UBERABA;MG;50;49;46;0,9388;-0,0004;2,4859;3
2016;2336;FACULDADE MONTES BELOS;FMB;Faculdade ;Privada com fins lucrativos;96247;92;TECNOLOGIA EM GESTÃO AMBIENTAL;Educação Presencial;5220108;SÃO LUÍS DE MONTES BELOS;GO;7;7;3;0,4286;-3,5912;1,2066;2
2016;374;CENTRO UNIVERSITÁRIO DAS FACULDADES METROPOLITANAS UNIDAS;FMU;Centro Universitário;Pessoa Jurídica de Direito Privado - Com fins lucrativos - Sociedade Civil;96296;92;TECNOLOGIA EM GESTÃO AMBIENTAL;Educação Presencial;3550308;SÃO PAULO;SP;41;41;21;0,5122;0,6043;2,7276;3
2016;1131;FACULDADE SANTO AGOSTINHO;FSA;Faculdade ;Privada com fins lucrativos;96361;28;NUTRIÇÃO;Educação Presencial;2211001;TERESINA;PI;83;79;68;0,8608;-0,5294;2,2052;3
2016;2336;FACULDADE MONTES BELOS;FMB;Faculdade ;Privada com fins lucrativos;96363;36;FISIOTERAPIA;Educação Presencial;5220108;SÃO LUÍS DE MONTES BELOS;GO;24;24;18;0,7500;-0,8496;2,1068;3
2016;2336;FACULDADE MONTES BELOS;FMB;Faculdade ;Privada com fins lucrativos;96365;19;FARMÁCIA;Educação Presencial;5220108;SÃO LUÍS DE MONTES BELOS;GO;21;21;18;0,8571;0,1223;2,4666;3
2016;1336;CENTRO UNIVERSITÁRIO ASSIS GURGACZ;FAG;Centro Universitário;Privada sem fins lucrativos;96370;27;FONOAUDIOLOGIA;Educação Presencial;4104808;CASCAVEL;PR;27;26;20;0,7692;0,9318;2,7502;3
2016;2271;FACULDADE PITÁGORAS DE IPATINGA;FPI;Faculdade ;Privada com fins lucrativos;96432;28;NUTRIÇÃO;Educação Presencial;3131307;IPATINGA;MG;63;60;43;0,7167;-1,3143;1,8513;2
2016;2271;FACULDADE PITÁGORAS DE IPATINGA;FPI;Faculdade ;Privada com fins lucrativos;96434;3501;EDUCAÇÃO FÍSICA (BACHARELADO);Educação Presencial;3131307;IPATINGA;MG;42;34;20;0,5882;0,3294;2,6203;3
2016;1075;INSTITUTO DE EDUCAÇÃO SUPERIOR DA PARAÍBA;IESP;Faculdade ;Privada com fins lucrativos;96446;23;ENFERMAGEM;Educação Presencial;2507507;JOÃO PESSOA;PB;33;26;10;0,3846;-1,7142;1,6967;2
2016;5520;FACULDADE CATHEDRAL;FACES;Faculdade ;Privada com fins lucrativos;96461;6;ODONTOLOGIA;Educação Presencial;1400100;BOA VISTA;RR;38;38;31;0,8158;-0,2488;2,2090;3
2016;719;UNIVERSIDADE DO ESTADO DE MATO GROSSO;UNEMAT;Universidade;Pessoa Jurídica de Direito Público - Estadual;96497;17;AGRONOMIA;Educação Presencial;5106257;NOVA XAVANTINA;MT;61;58;46;0,7931;0,0627;2,8941;3
2016;163;UNIVERSIDADE ESTÁCIO DE SÁ;UNESA;Universidade;Privada com fins lucrativos;96499;36;FISIOTERAPIA;Educação Presencial;3302403;MACAÉ;RJ;19;19;12;0,6316;-0,6469;2,1973;3
2016;1499;FACULDADE ANHANGUERA DE TABOÃO DA SERRA;FATS;Faculdade ;Privada com fins lucrativos;96687;23;ENFERMAGEM;Educação Presencial;3552809;TABOÃO DA SERRA;SP;80;65;26;0,4000;-0,5398;2,2495;3
2016;1563;CENTRO UNIVERSITÁRIO DA FACULDADE DE SAÚDE, CIÊNCIAS HUMANAS E TECNOLÓGICAS DO PIAUÍ;NOVAFAPI;Centro Universitário;Privada com fins lucrativos;96693;3501;EDUCAÇÃO FÍSICA (BACHARELADO);Educação Presencial;2211001;TERESINA;PI;74;72;62;0,8611;-0,0534;2,4448;3
2016;144;FACULDADE DE CIÊNCIAS HUMANAS DE OLINDA;FACHO;Faculdade ;Privada sem fins lucrativos;96707;23;ENFERMAGEM;Educação Presencial;2609600;OLINDA;PE;95;91;40;0,4396;-0,2471;2,3873;3
2016;823;UNIVERSIDADE DO CEUMA - UNICEUMA;UNICEUMA;Universidade;Privada sem fins lucrativos;96713;23;ENFERMAGEM;Educação Presencial;2111300;SÃO LUÍS;MA;4;1;1;1,0000;;;SC
2016;1418;CENTRO UNIVERSITÁRIO TOLEDO;UNITOLEDO;Centro Universitário;Privada com fins lucrativos;96729;3501;EDUCAÇÃO FÍSICA (BACHARELADO);Educação Presencial;3502804;ARAÇATUBA;SP;31;31;14;0,4516;-1,7826;1,6518;2
2016;3372;CENTRO UNIVERSITÁRIO DE LAVRAS;UNILAVRAS;Centro Universitário;Privada sem fins lucrativos;96741;23;ENFERMAGEM;Educação Presencial;3138203;LAVRAS;MG;13;13;9;0,6923;-0,9357;2,0632;3
2016;5053;FACULDADE DE EDUCAÇÃO TECNOLÓGICA DO ESTADO DO RIO DE JANEIRO;FAETERJ PARACAMBI;Faculdade ;Pessoa Jurídica de Direito Público - Estadual;96839;92;TECNOLOGIA EM GESTÃO AMBIENTAL;Educação Presencial;3303609;PARACAMBI;RJ;121;75;65;0,8667;-0,4669;2,3393;3
2016;3937;Faculdade Anhanguera de Indaiatuba;0;Faculdade ;Privada com fins lucrativos;96965;23;ENFERMAGEM;Educação Presencial;3520509;INDAIATUBA;SP;2;0;0;0,0000;;;SC
2016;3937;Faculdade Anhanguera de Indaiatuba;0;Faculdade ;Privada com fins lucrativos;96967;36;FISIOTERAPIA;Educação Presencial;3520509;INDAIATUBA;SP;6;6;4;0,6667;3,4860;4,0425;5
2016;4013;FACULDADE ANHANGUERA DE RIO CLARO;0;Faculdade ;Privada com fins lucrativos;96979;36;FISIOTERAPIA;Educação Presencial;3543907;RIO CLARO;SP;7;6;3;0,5000;-1,1023;1,9940;3
2016;4446;FACULDADE CIDADE DE GUANHÃES - FACIG;FACIG;Faculdade ;Privada com fins lucrativos;96989;38;SERVIÇO SOCIAL;Educação Presencial;3128006;GUANHÃES;MG;7;0;0;0,0000;;;SC
2016;789;UNIVERSIDADE FEDERAL DE RORAIMA;UFRR;Universidade;Pessoa Jurídica de Direito Público - Federal;97021;51;ZOOTECNIA;Educação Presencial;1400100;BOA VISTA;RR;12;10;2;0,2000;-1,2450;2,2893;3
2016;4017;CENTRO UNIVERSITÁRIO PADRE ANCHIETA;UNIANCHIETA;Centro Universitário;Privada com fins lucrativos;97023;19;FARMÁCIA;Educação Presencial;3525904;JUNDIAÍ;SP;35;34;19;0,5588;0,7499;2,7394;3
2016;1058;Estácio FIB - Centro Universitário Estácio da Bahia;Estácio FIB;Centro Universitário;Privada com fins lucrativos;97053;95;TECNOLOGIA EM ESTÉTICA E COSMÉTICA;Educação Presencial;2927408;SALVADOR;BA;2;1;0;0,0000;;;SC
2016;1273;FACULDADE CAMPO LIMPO PAULISTA;FACCAMP;Faculdade ;Privada com fins lucrativos;97083;23;ENFERMAGEM;Educação Presencial;3509601;CAMPO LIMPO PAULISTA;SP;37;36;13;0,3611;-1,2772;1,9024;2
2016;2579;FACULDADE ATENAS;0;Faculdade ;Privada com fins lucrativos;97085;28;NUTRIÇÃO;Educação Presencial;3147006;PARACATU;MG;15;15;9;0,6000;1,5322;3,1348;4
2016;1231;INSTITUTO CENECISTA DE ENSINO SUPERIOR DE SANTO ÂNGELO;CNEC/IESA;Faculdade ;Privada sem fins lucrativos;97091;55;BIOMEDICINA;Educação Presencial;4317509;SANTO ÂNGELO;RS;30;28;26;0,9286;-0,3247;2,2440;3
2016;1554;FACULDADES INTEGRADAS DO VALE DO RIBEIRA;FIVR;Faculdade ;Privada com fins lucrativos;97095;23;ENFERMAGEM;Educação Presencial;3542602;REGISTRO;SP;32;32;18;0,5625;0,4227;2,7025;3
2016;2745;ESCOLA SUPERIOR DA AMAZÔNIA;ESAMAZ;Faculdade ;Privada com fins lucrativos;97097;36;FISIOTERAPIA;Educação Presencial;1501402;BELÉM;PA;20;18;13;0,7222;-1,7173;1,7194;2
2016;585;UNIVERSIDADE FEDERAL DE SANTA CATARINA;UFSC;Universidade;Pessoa Jurídica de Direito Público - Federal;97099;3501;EDUCAÇÃO FÍSICA (BACHARELADO);Educação Presencial;4205407;FLORIANÓPOLIS;SC;56;54;35;0,6481;0,7202;2,7996;3
2016;338;PONTIFÍCIA UNIVERSIDADE CATÓLICA DE MINAS GERAIS;PUC MINAS;Universidade;Pessoa Jurídica de Direito Privado - Sem fins lucrativos - Fundação;97127;23;ENFERMAGEM;Educação Presencial;3106200;BELO HORIZONTE;MG;49;47;42;0,8936;-1,2389;1,9204;2
2016;338;PONTIFÍCIA UNIVERSIDADE CATÓLICA DE MINAS GERAIS;PUC MINAS;Universidade;Pessoa Jurídica de Direito Privado - Sem fins lucrativos - Fundação;97129;28;NUTRIÇÃO;Educação Presencial;3106200;BELO HORIZONTE;MG;68;67;60;0,8955;-0,8118;2,0779;3
2016;1141;FACULDADE GAMA E SOUZA;FGS;Faculdade ;Privada sem fins lucrativos;97135;91;TECNOLOGIA EM GESTÃO HOSPITALAR;Educação Presencial;3304557;RIO DE JANEIRO;RJ;4;3;0;0,0000;;;SC
2016;2501;FACULDADE ESTÁCIO DE SÁ DE GOIÁS;FESGO;Faculdade ;Privada com fins lucrativos;97217;36;FISIOTERAPIA;Educação Presencial;5208707;GOIÂNIA;GO;29;28;16;0,5714;-0,6751;2,1847;3
2016;717;FUNDAÇÃO UNIVERSIDADE FEDERAL DE CIÊNCIAS DA SAÚDE DE PORTO ALEGRE;UFCSPA;Universidade;Pessoa Jurídica de Direito Público - Federal;97221;27;FONOAUDIOLOGIA;Educação Presencial;4314902;PORTO ALEGRE;RS;16;16;16;1,0000;0,3012;2,4574;3
2016;270;FACULDADES ESEFAP;0;Faculdade ;Privada com fins lucrativos;97249;28;NUTRIÇÃO;Educação Presencial;3555000;TUPÃ;SP;42;41;20;0,4878;0,1718;2,5214;3
2016;319;UNIVERSIDADE CAMILO CASTELO BRANCO;UNICASTELO;Universidade;Pessoa Jurídica de Direito Privado - Sem fins lucrativos - Fundação;97267;38;SERVIÇO SOCIAL;Educação Presencial;3550308;SÃO PAULO;SP;105;83;22;0,2651;-0,2441;2,5302;3
2016;352;CENTRO UNIVERSITÁRIO DE JOÃO PESSOA;UNIPÊ;Centro Universitário;Privada sem fins lucrativos;97323;23;ENFERMAGEM;Educação Presencial;2507507;JOÃO PESSOA;PB;105;100;77;0,7700;-0,2237;2,3983;3
2016;3716;FACULDADE CIÊNCIAS DA VIDA;FCV;Faculdade ;Pessoa Jurídica de Direito Privado - Com fins lucrativos - Sociedade Civil;97453;23;ENFERMAGEM;Educação Presencial;3167202;SETE LAGOAS;MG;53;51;34;0,6667;1,3159;3,1230;4
2016;449;UNIVERSIDADE LUTERANA DO BRASIL;ULBRA;Universidade;Pessoa Jurídica de Direito Privado - Sem fins lucrativos - Fundação;97471;36;FISIOTERAPIA;Educação Presencial;4321501;TORRES;RS;25;24;21;0,8750;-0,2059;2,3942;3
2016;330;UNIVERSIDADE IGUAÇU;UNIG;Universidade;Privada sem fins lucrativos;97517;5;MEDICINA VETERINÁRIA;Educação Presencial;3302205;ITAPERUNA;RJ;50;47;34;0,7234;-0,6161;2,1330;3
2016;707;CENTRO UNIVERSITÁRIO CENTRAL PAULISTA;UNICEP;Centro Universitário;Privada com fins lucrativos;97529;55;BIOMEDICINA;Educação Presencial;3548906;SÃO CARLOS;SP;35;28;23;0,8214;-1,6108;1,6019;2
2016;671;UNIVERSIDADE ANHANGUERA - UNIDERP;UNIDERP;Universidade;Privada com fins lucrativos;97573;38;SERVIÇO SOCIAL;Educação a Distância;5002704;CAMPO GRANDE;MS;2315;2213;938;0,4239;-0,0822;2,6057;3
2016;1450;CENTRO UNIVERSITÁRIO DO CERRADO-PATROCÍNIO;UNICERP;Centro Universitário;Privada sem fins lucrativos;97594;28;NUTRIÇÃO;Educação Presencial;3148103;PATROCÍNIO;MG;2;0;0;0,0000;;;SC
2016;1450;CENTRO UNIVERSITÁRIO DO CERRADO-PATROCÍNIO;UNICERP;Centro Universitário;Privada sem fins lucrativos;97596;90;TECNOLOGIA EM AGRONEGÓCIOS;Educação Presencial;3148103;PATROCÍNIO;MG;2;0;0;0,0000;;;SC
2016;1196;CENTRO UNIVERSITÁRIO DE MARINGÁ - UNICESUMAR;UNICESUMAR;Centro Universitário;Pessoa Jurídica de Direito Privado - Com fins lucrativos - Sociedade Mercantil ou Comercial;97647;3501;EDUCAÇÃO FÍSICA (BACHARELADO);Educação Presencial;4115200;MARINGÁ;PR;71;65;17;0,2615;0,7294;2,8038;3
2016;608;ESCOLA SUPERIOR DE CRUZEIRO  PREFEITO HAMILTON VIEIRA MENDES ;ESEFIC;Faculdade ;Pessoa Jurídica de Direito Público - Municipal;97650;36;FISIOTERAPIA;Educação Presencial;3513405;CRUZEIRO;SP;42;33;17;0,5152;-0,9401;2,0664;3
2016;494;UNIVERSIDADE DO SUL DE SANTA CATARINA;UNISUL;Universidade;Privada sem fins lucrativos;97679;12;MEDICINA;Educação Presencial;4211900;PALHOÇA;SC;54;53;48;0,9057;1,1270;4,1543;5
2016;527;PONTIFÍCIA UNIVERSIDADE CATÓLICA DE GOIÁS;PUC GOIÁS;Universidade;Privada sem fins lucrativos;97685;28;NUTRIÇÃO;Educação Presencial;5208707;GOIÂNIA;GO;88;73;56;0,7671;0,3977;2,6232;3
2016;1149;CENTRO UNIVERSITÁRIO NOSSA SENHORA DO PATROCÍNIO;CEUNSP;Centro Universitário;Privada com fins lucrativos;97796;38;SERVIÇO SOCIAL;Educação Presencial;3523909;ITU;SP;18;18;14;0,7778;2,0330;3,5928;4
2016;384;CENTRO UNIVERSITÁRIO DE ANÁPOLIS;UNIEVANGÉLICA;Centro Universitário;Privada sem fins lucrativos;97873;69;TECNOLOGIA EM RADIOLOGIA;Educação Presencial;5201108;ANÁPOLIS;GO;52;47;33;0,7021;-0,4577;2,2717;3
2016;385;UNIVERSIDADE SALVADOR;UNIFACS;Universidade;Pessoa Jurídica de Direito Privado - Com fins lucrativos - Sociedade Civil;97887;92;TECNOLOGIA EM GESTÃO AMBIENTAL;Educação Presencial;2927408;SALVADOR;BA;23;16;10;0,6250;-0,6161;2,2852;3
2016;3034;FACULDADE DELTA;FACDELTA;Faculdade ;Privada com fins lucrativos;97932;36;FISIOTERAPIA;Educação Presencial;2927408;SALVADOR;BA;18;17;13;0,7647;-1,9404;1,6198;2
2016;298;UNIVERSIDADE NORTE DO PARANÁ;UNOPAR;Universidade;Privada com fins lucrativos;97990;38;SERVIÇO SOCIAL;Educação a Distância;4113700;LONDRINA;PR;6511;5863;2711;0,4624;-0,0568;2,6176;3
2016;1076;FACULDADE DE FILOSOFIA, CIÊNCIAS E LETRAS DE CAJAZEIRAS;FAFIC;Faculdade ;Privada sem fins lucrativos;98023;38;SERVIÇO SOCIAL;Educação Presencial;2503704;CAJAZEIRAS;PB;30;30;26;0,8667;0,3481;2,8065;3
2016;671;UNIVERSIDADE ANHANGUERA - UNIDERP;UNIDERP;Universidade;Privada com fins lucrativos;98029;38;SERVIÇO SOCIAL;Educação Presencial;5002704;CAMPO GRANDE;MS;70;66;61;0,9242;-0,1705;2,5645;3
2016;1317;FACULDADE SUDOESTE PAULISTA;FSP;Faculdade ;Privada com fins lucrativos;98035;55;BIOMEDICINA;Educação Presencial;3504503;AVARÉ;SP;42;41;32;0,7805;-0,5248;2,1441;3
2016;1317;FACULDADE SUDOESTE PAULISTA;FSP;Faculdade ;Privada com fins lucrativos;98037;36;FISIOTERAPIA;Educação Presencial;3504503;AVARÉ;SP;28;27;19;0,7037;0,2851;2,6134;3
2016;1317;FACULDADE SUDOESTE PAULISTA;FSP;Faculdade ;Privada com fins lucrativos;98039;23;ENFERMAGEM;Educação Presencial;3504503;AVARÉ;SP;31;30;25;0,8333;-0,6873;2,1801;3
2016;1317;FACULDADE SUDOESTE PAULISTA;FSP;Faculdade ;Privada com fins lucrativos;98041;19;FARMÁCIA;Educação Presencial;3504503;AVARÉ;SP;29;27;17;0,6296;-0,5764;2,1629;3
2016;2132;FACULDADE BARÃO DO RIO BRANCO;FAB;Faculdade ;Privada com fins lucrativos;98059;36;FISIOTERAPIA;Educação Presencial;1200401;RIO BRANCO;AC;59;59;50;0,8475;0,0444;2,5059;3
2016;2189;FACULDADE DO MARANHÃO;FACAM-MA;Faculdade ;Privada com fins lucrativos;98061;23;ENFERMAGEM;Educação Presencial;2111300;SÃO LUÍS;MA;111;109;102;0,9358;-0,1598;2,4284;3
2016;4013;FACULDADE ANHANGUERA DE RIO CLARO;0;Faculdade ;Privada com fins lucrativos;98069;23;ENFERMAGEM;Educação Presencial;3543907;RIO CLARO;SP;12;10;5;0,5000;-4,6436;0,3178;1
2016;3319;FACULDADE DE ENSINO SUPERIOR DE CATALÃO;FACULDADE CESUC;Faculdade ;Privada com fins lucrativos;98071;36;FISIOTERAPIA;Educação Presencial;5205109;CATALÃO;GO;42;31;26;0,8387;-0,1500;2,4192;3
2016;718;UNIVERSIDADE POTIGUAR;UNP;Universidade;Pessoa Jurídica de Direito Privado - Com fins lucrativos - Sociedade Civil;98090;23;ENFERMAGEM;Educação Presencial;2408003;MOSSORÓ;RN;61;58;47;0,8103;-0,0822;2,4649;3
2016;718;UNIVERSIDADE POTIGUAR;UNP;Universidade;Pessoa Jurídica de Direito Privado - Com fins lucrativos - Sociedade Civil;98092;36;FISIOTERAPIA;Educação Presencial;2408003;MOSSORÓ;RN;63;62;46;0,7419;-0,2349;2,3812;3
2016;4431;FACULDADE DE ENFERMAGEM NOVA ESPERANÇA DE MOSSORÓ - FACENE/RN;FACENE/RN;Faculdade ;Privada com fins lucrativos;98116;23;ENFERMAGEM;Educação Presencial;2408003;MOSSORÓ;RN;50;49;31;0,6327;0,1057;2,5533;3
2016;208;UNIVERSIDADE DE RIBEIRÃO PRETO;UNAERP;Universidade;Privada sem fins lucrativos;98124;3501;EDUCAÇÃO FÍSICA (BACHARELADO);Educação Presencial;3543402;RIBEIRÃO PRETO;SP;32;30;8;0,2667;0,6515;2,7681;3
2016;208;UNIVERSIDADE DE RIBEIRÃO PRETO;UNAERP;Universidade;Privada sem fins lucrativos;98126;3501;EDUCAÇÃO FÍSICA (BACHARELADO);Educação Presencial;3518701;GUARUJÁ;SP;60;50;11;0,2200;1,2943;3,0628;4
2016;750;CENTRO UNIVERSITÁRIO UNIRG;UNIRG;Centro Universitário;Pessoa Jurídica de Direito Público - Municipal;98134;19;FARMÁCIA;Educação Presencial;1709500;GURUPI;TO;26;26;19;0,7308;-2,3090;1,4097;2
2016;3869;INSTITUTO FLORENCE DE ENSINO SUPERIOR;IFES;Faculdade ;Privada com fins lucrativos;98136;23;ENFERMAGEM;Educação Presencial;2111300;SÃO LUÍS;MA;36;35;25;0,7143;-0,2494;2,3862;3
2016;3869;INSTITUTO FLORENCE DE ENSINO SUPERIOR;IFES;Faculdade ;Privada com fins lucrativos;98138;19;FARMÁCIA;Educação Presencial;2111300;SÃO LUÍS;MA;37;36;29;0,8056;0,8185;2,7693;3
2016;3864;FACULDADE REGIONAL DE ALAGOINHAS;FARAL;Faculdade ;Privada com fins lucrativos;98164;28;NUTRIÇÃO;Educação Presencial;2900702;ALAGOINHAS;BA;36;35;27;0,7714;-1,2307;1,8890;2
2016;2076;FACULDADE REGIONAL DA BAHIA;FARB;Faculdade ;Privada com fins lucrativos;98339;23;ENFERMAGEM;Educação Presencial;2927408;SALVADOR;BA;33;32;18;0,5625;-1,9294;1,5954;2
2016;1280;Faculdade Estácio Cotia;Estácio FAAC;Faculdade ;Privada com fins lucrativos;98348;23;ENFERMAGEM;Educação Presencial;3513009;COTIA;SP;32;32;15;0,4688;-0,3386;2,3442;3
2016;1917;FACULDADE DE CIÊNCIAS BIOMÉDICAS DE CACOAL;FACIMED;Faculdade ;Privada com fins lucrativos;98350;5;MEDICINA VETERINÁRIA;Educação Presencial;1100049;CACOAL;RO;16;14;9;0,6429;1,4764;3,7081;4
2016;20;UNIVERSIDADE DE PASSO FUNDO;UPF;Universidade;Privada sem fins lucrativos;98359;3501;EDUCAÇÃO FÍSICA (BACHARELADO);Educação Presencial;4314100;PASSO FUNDO;RS;45;36;20;0,5556;2,4134;3,5760;4
2016;22;UNIVERSIDADE PRESBITERIANA MACKENZIE;MACKENZIE;Universidade;Pessoa Jurídica de Direito Privado - Sem fins lucrativos - Fundação;98387;36;FISIOTERAPIA;Educação Presencial;3505708;BARUERI;SP;9;8;7;0,8750;3,5425;4,0677;5
2016;22;UNIVERSIDADE PRESBITERIANA MACKENZIE;MACKENZIE;Universidade;Pessoa Jurídica de Direito Privado - Sem fins lucrativos - Fundação;98389;28;NUTRIÇÃO;Educação Presencial;3550308;SÃO PAULO;SP;27;26;20;0,7692;1,7864;3,2495;4
2016;14;UNIVERSIDADE DO VALE DO RIO DOS SINOS;UNISINOS;Universidade;Privada sem fins lucrativos;98393;3501;EDUCAÇÃO FÍSICA (BACHARELADO);Educação Presencial;4318705;SÃO LEOPOLDO;RS;68;50;13;0,2600;0,4397;2,6709;3
2016;664;UNIVERSIDADE VILA VELHA;UVV;Universidade;Privada sem fins lucrativos;98406;12;MEDICINA;Educação Presencial;3205200;VILA VELHA;ES;96;96;90;0,9375;0,1621;3,1024;4
2016;1917;FACULDADE DE CIÊNCIAS BIOMÉDICAS DE CACOAL;FACIMED;Faculdade ;Privada com fins lucrativos;98409;12;MEDICINA;Educação Presencial;1100049;CACOAL;RO;50;49;41;0,8367;-0,9553;1,8842;2
2016;792;CENTRO UNIVERSITÁRIO DO ESTADO DO PARÁ;CESUPA;Centro Universitário;Privada sem fins lucrativos;98506;12;MEDICINA;Educação Presencial;1501402;BELÉM;PA;98;96;86;0,8958;0,4530;3,4195;4
2016;1430;CENTRO UNIVERSITÁRIO INGÁ;0;Centro Universitário;Privada sem fins lucrativos;98573;38;SERVIÇO SOCIAL;Educação Presencial;4115200;MARINGÁ;PR;9;9;5;0,5556;1,5136;3,3504;4
2016;1225;CENTRO UNIVERSITÁRIO AMPARENSE;UNIFIA;Centro Universitário;Privada com fins lucrativos;98577;23;ENFERMAGEM;Educação Presencial;3501905;AMPARO;SP;15;15;10;0,6667;1,2852;3,1085;4
2016;1225;CENTRO UNIVERSITÁRIO AMPARENSE;UNIFIA;Centro Universitário;Privada com fins lucrativos;98597;55;BIOMEDICINA;Educação Presencial;3501905;AMPARO;SP;14;14;12;0,8571;1,1022;2,9564;4
2016;3;UNIVERSIDADE FEDERAL DE SERGIPE;UFS;Universidade;Pessoa Jurídica de Direito Público - Federal;98609;19;FARMÁCIA;Educação Presencial;2806701;SÃO CRISTÓVÃO;SE;75;70;54;0,7714;0,2252;2,5113;3
2016;1591;FACULDADE ESTÁCIO MACAPÁ - ESTÁCIO MACAPÁ;ESTÁCIO MACAPÁ;Faculdade ;Privada sem fins lucrativos;98620;23;ENFERMAGEM;Educação Presencial;1600303;MACAPÁ;AP;91;83;50;0,6024;-0,3326;2,3470;3
2016;5077;UNIVERSIDADE ESTADUAL DE RORAIMA;UERR;Universidade;Pessoa Jurídica de Direito Público - Estadual;98646;38;SERVIÇO SOCIAL;Educação Presencial;1400100;BOA VISTA;RR;31;28;19;0,6786;0,6191;2,9330;3
2016;5077;UNIVERSIDADE ESTADUAL DE RORAIMA;UERR;Universidade;Pessoa Jurídica de Direito Público - Estadual;98657;17;AGRONOMIA;Educação Presencial;1400100;BOA VISTA;RR;30;30;11;0,3667;-4,4157;0,1888;1
2016;5077;UNIVERSIDADE ESTADUAL DE RORAIMA;UERR;Universidade;Pessoa Jurídica de Direito Público - Estadual;98667;23;ENFERMAGEM;Educação Presencial;1400050;ALTO ALEGRE;RR;16;14;7;0,5000;0,9185;2,9359;3
2016;3966;CENTRO UNIVERSITÁRIO DE CARATINGA;UNEC;Centro Universitário;Privada sem fins lucrativos;98719;23;ENFERMAGEM;Educação Presencial;3144300;NANUQUE;MG;2;1;1;1,0000;;;SC
2016;3966;CENTRO UNIVERSITÁRIO DE CARATINGA;UNEC;Centro Universitário;Privada sem fins lucrativos;98721;19;FARMÁCIA;Educação Presencial;3144300;NANUQUE;MG;21;20;17;0,8500;-1,6916;1,6781;2
2016;2191;FACULDADE ANHANGUERA DE PELOTAS;0;Faculdade ;Privada com fins lucrativos;98723;23;ENFERMAGEM;Educação Presencial;4314407;PELOTAS;RS;91;82;63;0,7683;-0,8134;2,1207;3
2016;3972;CENTRO SUPERIOR DE ENSINO E PESQUISA DE MACHADO;CESEP;Faculdade ;Privada sem fins lucrativos;98726;38;SERVIÇO SOCIAL;Educação Presencial;3139003;MACHADO;MG;12;10;4;0,4000;-0,5112;2,4055;3
2016;1322;FACULDADE EDUVALE DE AVARÉ;EDUVALE;Faculdade ;Privada sem fins lucrativos;98730;23;ENFERMAGEM;Educação Presencial;3504503;AVARÉ;SP;9;9;2;0,2222;3,0575;3,9428;4
2016;2132;FACULDADE BARÃO DO RIO BRANCO;FAB;Faculdade ;Privada com fins lucrativos;98738;23;ENFERMAGEM;Educação Presencial;1200401;RIO BRANCO;AC;205;195;171;0,8769;-0,2700;2,3765;3
2016;3797;FACULDADE GUAIRACÁ;FAG;Faculdade ;Privada com fins lucrativos;98740;23;ENFERMAGEM;Educação Presencial;4109401;GUARAPUAVA;PR;51;49;28;0,5714;1,0393;2,9928;4
2016;2147;FACULDADE METROPOLITANA DE MANAUS;FAMETRO;Faculdade ;Pessoa Jurídica de Direito Privado - Com fins lucrativos - Sociedade Civil;98746;36;FISIOTERAPIA;Educação Presencial;1302603;MANAUS;AM;40;40;34;0,8500;-0,4445;2,2877;3
2016;1773;FACULDADE DE ITAPIRANGA;SEI/FAI;Faculdade ;Privada com fins lucrativos;98748;5;MEDICINA VETERINÁRIA;Educação Presencial;4208401;ITAPIRANGA;SC;91;82;71;0,8659;-0,7394;2,0402;3
2016;3588;FACULDADE DOM PEDRO II;FDPII;Faculdade ;Privada com fins lucrativos;98750;23;ENFERMAGEM;Educação Presencial;2927408;SALVADOR;BA;161;140;65;0,4643;-0,8292;2,1133;3
2016;1785;FACULDADE DE COLIDER;FACIDER;Faculdade ;Privada sem fins lucrativos;98760;23;ENFERMAGEM;Educação Presencial;5103205;COLÍDER;MT;14;14;8;0,5714;-2,8938;1,1415;2
2016;2150;FACULDADE DO PIAUÍ;FAPI;Faculdade ;Privada sem fins lucrativos;98766;36;FISIOTERAPIA;Educação Presencial;2211001;TERESINA;PI;45;45;36;0,8000;-0,1868;2,4027;3
2016;398;UNIVERSIDADE TIRADENTES;UNIT;Universidade;Privada com fins lucrativos;98847;38;SERVIÇO SOCIAL;Educação a Distância;2800308;ARACAJU;SE;400;314;147;0,4682;-0,1416;2,5780;3
2016;3972;CENTRO SUPERIOR DE ENSINO E PESQUISA DE MACHADO;CESEP;Faculdade ;Privada sem fins lucrativos;98853;23;ENFERMAGEM;Educação Presencial;3139003;MACHADO;MG;10;10;7;0,7000;-1,0076;2,0293;3
2016;1303;INSTITUTO FEDERAL DE EDUCAÇÃO, CIÊNCIA E TECNOLOGIA GOIANO;IF Goiano;Instituto Federal de Educação, Ciência e Tecnologia;Pessoa Jurídica de Direito Público - Federal;98964;51;ZOOTECNIA;Educação Presencial;5218805;RIO VERDE;GO;25;19;13;0,6842;1,4445;3,4042;4
2016;1303;INSTITUTO FEDERAL DE EDUCAÇÃO, CIÊNCIA E TECNOLOGIA GOIANO;IF Goiano;Instituto Federal de Educação, Ciência e Tecnologia;Pessoa Jurídica de Direito Público - Federal;98986;17;AGRONOMIA;Educação Presencial;5218805;RIO VERDE;GO;44;26;20;0,7692;0,5510;3,1891;4
2016;17;UNIVERSIDADE FEDERAL DE UBERLÂNDIA;UFU;Universidade;Pessoa Jurídica de Direito Público - Federal;98992;55;BIOMEDICINA;Educação Presencial;3170206;UBERLÂNDIA;MG;28;24;24;1,0000;-0,8714;1,9711;3
2016;578;UNIVERSIDADE FEDERAL DA BAHIA;UFBA;Universidade;Pessoa Jurídica de Direito Público - Federal;99032;23;ENFERMAGEM;Educação Presencial;2933307;VITÓRIA DA CONQUISTA;BA;30;0;0;0,0000;;;SC
2016;578;UNIVERSIDADE FEDERAL DA BAHIA;UFBA;Universidade;Pessoa Jurídica de Direito Público - Federal;99036;19;FARMÁCIA;Educação Presencial;2933307;VITÓRIA DA CONQUISTA;BA;27;27;24;0,8889;1,7257;3,1637;4
2016;578;UNIVERSIDADE FEDERAL DA BAHIA;UFBA;Universidade;Pessoa Jurídica de Direito Público - Federal;99038;28;NUTRIÇÃO;Educação Presencial;2933307;VITÓRIA DA CONQUISTA;BA;32;31;29;0,9355;0,0843;2,4819;3
2016;385;UNIVERSIDADE SALVADOR;UNIFACS;Universidade;Pessoa Jurídica de Direito Privado - Com fins lucrativos - Sociedade Civil;99043;95;TECNOLOGIA EM ESTÉTICA E COSMÉTICA;Educação Presencial;2927408;SALVADOR;BA;53;47;25;0,5319;-0,3662;2,2909;3
2016;573;UNIVERSIDADE FEDERAL DO ESPÍRITO SANTO;UFES;Universidade;Pessoa Jurídica de Direito Público - Federal;99076;28;NUTRIÇÃO;Educação Presencial;3200201;ALEGRE;ES;15;15;15;1,0000;0,3189;2,5877;3
2016;573;UNIVERSIDADE FEDERAL DO ESPÍRITO SANTO;UFES;Universidade;Pessoa Jurídica de Direito Público - Federal;99084;17;AGRONOMIA;Educação Presencial;3204906;SÃO MATEUS;ES;25;24;24;1,0000;-0,5540;2,5216;3
2016;573;UNIVERSIDADE FEDERAL DO ESPÍRITO SANTO;UFES;Universidade;Pessoa Jurídica de Direito Público - Federal;99088;23;ENFERMAGEM;Educação Presencial;3204906;SÃO MATEUS;ES;8;8;7;0,8750;-3,3905;0,9076;1
2016;573;UNIVERSIDADE FEDERAL DO ESPÍRITO SANTO;UFES;Universidade;Pessoa Jurídica de Direito Público - Federal;99098;19;FARMÁCIA;Educação Presencial;3204906;SÃO MATEUS;ES;16;16;16;1,0000;0,3035;2,5454;3
2016;322;UNIVERSIDADE PAULISTA;UNIP;Universidade;Privada sem fins lucrativos;99102;55;BIOMEDICINA;Educação Presencial;3525904;JUNDIAÍ;SP;13;12;9;0,7500;1,2396;3,0250;4
2016;322;UNIVERSIDADE PAULISTA;UNIP;Universidade;Privada sem fins lucrativos;99105;55;BIOMEDICINA;Educação Presencial;3549805;SÃO JOSÉ DO RIO PRETO;SP;25;21;21;1,0000;1,6386;3,2242;4
2016;322;UNIVERSIDADE PAULISTA;UNIP;Universidade;Privada sem fins lucrativos;99112;55;BIOMEDICINA;Educação Presencial;3509502;CAMPINAS;SP;18;16;9;0,5625;0,2611;2,5364;3
2016;322;UNIVERSIDADE PAULISTA;UNIP;Universidade;Privada sem fins lucrativos;99114;55;BIOMEDICINA;Educação Presencial;3552205;SOROCABA;SP;17;17;14;0,8235;2,5494;3,6789;4
2016;322;UNIVERSIDADE PAULISTA;UNIP;Universidade;Privada sem fins lucrativos;99118;55;BIOMEDICINA;Educação Presencial;5300108;BRASÍLIA;DF;29;29;24;0,8276;0,8434;2,8272;3
2016;322;UNIVERSIDADE PAULISTA;UNIP;Universidade;Privada sem fins lucrativos;99120;55;BIOMEDICINA;Educação Presencial;1302603;MANAUS;AM;21;16;13;0,8125;-1,1161;1,8489;2
2016;322;UNIVERSIDADE PAULISTA;UNIP;Universidade;Privada sem fins lucrativos;99122;36;FISIOTERAPIA;Educação Presencial;3526902;LIMEIRA;SP;8;8;5;0,6250;-1,7481;1,7057;2
2016;322;UNIVERSIDADE PAULISTA;UNIP;Universidade;Privada sem fins lucrativos;99136;69;TECNOLOGIA EM RADIOLOGIA;Educação Presencial;3506003;BAURU;SP;3;3;2;0,6667;14,9933;5,0000;5
2016;322;UNIVERSIDADE PAULISTA;UNIP;Universidade;Privada sem fins lucrativos;99142;69;TECNOLOGIA EM RADIOLOGIA;Educação Presencial;3509502;CAMPINAS;SP;6;6;4;0,6667;10,6097;5,0000;5
2016;322;UNIVERSIDADE PAULISTA;UNIP;Universidade;Privada sem fins lucrativos;99148;55;BIOMEDICINA;Educação Presencial;3548500;SANTOS;SP;23;21;17;0,8095;2,2692;3,5390;4
2016;322;UNIVERSIDADE PAULISTA;UNIP;Universidade;Privada sem fins lucrativos;99156;69;TECNOLOGIA EM RADIOLOGIA;Educação Presencial;3549805;SÃO JOSÉ DO RIO PRETO;SP;9;9;4;0,4444;9,2530;5,0000;5
2016;322;UNIVERSIDADE PAULISTA;UNIP;Universidade;Privada sem fins lucrativos;99168;69;TECNOLOGIA EM RADIOLOGIA;Educação Presencial;1302603;MANAUS;AM;3;3;2;0,6667;-3,2820;1,4782;2
2016;322;UNIVERSIDADE PAULISTA;UNIP;Universidade;Privada sem fins lucrativos;99170;69;TECNOLOGIA EM RADIOLOGIA;Educação Presencial;5300108;BRASÍLIA;DF;24;23;15;0,6522;1,4950;2,8203;3
2016;343;CENTRO UNIVERSITÁRIO NEWTON PAIVA;NEWTON PAIVA;Centro Universitário;Privada com fins lucrativos;99200;23;ENFERMAGEM;Educação Presencial;3106200;BELO HORIZONTE;MG;57;55;41;0,7455;0,3323;2,6600;3
2016;2242;FACULDADE DO RECIFE;FAREC;Faculdade ;Privada sem fins lucrativos;99210;36;FISIOTERAPIA;Educação Presencial;2611606;RECIFE;PE;22;21;15;0,7143;0,1285;2,5435;3
2016;4037;FACULDADE DE TECNOLOGIA INTENSIVA;FATECI;Faculdade ;Privada com fins lucrativos;99220;27;FONOAUDIOLOGIA;Educação Presencial;2304400;FORTALEZA;CE;3;3;3;1,0000;0,5775;2,5857;3
2016;1046;UNIÃO DAS FACULDADES DOS GRANDES LAGOS;UNILAGO;Faculdade ;Privada sem fins lucrativos;99224;23;ENFERMAGEM;Educação Presencial;3549805;SÃO JOSÉ DO RIO PRETO;SP;12;12;6;0,5000;1,5114;3,2150;4
2016;2745;ESCOLA SUPERIOR DA AMAZÔNIA;ESAMAZ;Faculdade ;Privada com fins lucrativos;99228;6;ODONTOLOGIA;Educação Presencial;1501402;BELÉM;PA;105;103;80;0,7767;-0,5133;1,9302;2
2016;1507;FACULDADE PROJEÇÃO DE CEILÂNDIA;FACEB;Faculdade ;Pessoa Jurídica de Direito Privado - Sem fins lucrativos - Fundação;99242;38;SERVIÇO SOCIAL;Educação Presencial;5300108;BRASÍLIA;DF;71;67;31;0,4627;-0,5276;2,3979;3
2016;583;UNIVERSIDADE FEDERAL DO CEARÁ;UFC;Universidade;Pessoa Jurídica de Direito Público - Federal;99308;6;ODONTOLOGIA;Educação Presencial;2312908;SOBRAL;CE;26;26;25;0,9615;0,8960;3,4160;4
2016;3;UNIVERSIDADE FEDERAL DE SERGIPE;UFS;Universidade;Pessoa Jurídica de Direito Público - Federal;99404;28;NUTRIÇÃO;Educação Presencial;2806701;SÃO CRISTÓVÃO;SE;53;43;39;0,9070;0,0856;2,4825;3
2016;3;UNIVERSIDADE FEDERAL DE SERGIPE;UFS;Universidade;Pessoa Jurídica de Direito Público - Federal;99411;36;FISIOTERAPIA;Educação Presencial;2800308;ARACAJU;SE;52;47;40;0,8511;0,3820;2,6567;3
2016;3;UNIVERSIDADE FEDERAL DE SERGIPE;UFS;Universidade;Pessoa Jurídica de Direito Público - Federal;99413;27;FONOAUDIOLOGIA;Educação Presencial;2800308;ARACAJU;SE;37;35;29;0,8286;-2,2995;1,2498;2
2016;3;UNIVERSIDADE FEDERAL DE SERGIPE;UFS;Universidade;Pessoa Jurídica de Direito Público - Federal;99423;3501;EDUCAÇÃO FÍSICA (BACHARELADO);Educação Presencial;2806701;SÃO CRISTÓVÃO;SE;25;18;8;0,4444;-2,2195;1,4515;2
2016;4849;FACULDADE DE CIÊNCIAS HUMANAS, ECONÔMICAS E DA SAÚDE DE ARAGUAÍNA;FAHESA / ITPAC;Faculdade ;Privada com fins lucrativos;99476;12;MEDICINA;Educação Presencial;1702109;ARAGUAÍNA;TO;74;72;62;0,8611;-0,1268;2,7874;3
2016;3881;FACULDADE DE INTEGRAÇÃO DO SERTÃO;FIS;Faculdade ;Privada com fins lucrativos;99509;23;ENFERMAGEM;Educação Presencial;2613909;SERRA TALHADA;PE;65;55;43;0,7818;-0,7232;2,1632;3
2016;1084;FACULDADE CENECISTA DE BENTO GONÇALVES;FACEBG;Faculdade ;Privada sem fins lucrativos;99517;28;NUTRIÇÃO;Educação Presencial;4302105;BENTO GONÇALVES;RS;31;31;20;0,6452;2,0425;3,3649;4
2016;1325;FACULDADE DE APUCARANA;FAP;Faculdade ;Privada sem fins lucrativos;99613;28;NUTRIÇÃO;Educação Presencial;4101408;APUCARANA;PR;30;24;18;0,7500;-0,3839;2,2708;3
2016;2470;INSTITUTO SALVADOR DE ENSINO E CULTURA;ISEC;Faculdade ;Privada sem fins lucrativos;99615;36;FISIOTERAPIA;Educação Presencial;2927408;SALVADOR;BA;15;8;8;1,0000;-0,2391;2,3794;3
2016;2244;FACULDADE DA CIDADE DE MACEIÓ ;FACIMA;Faculdade ;Privada sem fins lucrativos;99619;36;FISIOTERAPIA;Educação Presencial;2704302;MACEIÓ;AL;15;15;10;0,6667;0,3102;2,6246;3
2016;3864;FACULDADE REGIONAL DE ALAGOINHAS;FARAL;Faculdade ;Privada com fins lucrativos;99644;23;ENFERMAGEM;Educação Presencial;2900702;ALAGOINHAS;BA;24;22;12;0,5455;-2,0145;1,5554;2
2016;3864;FACULDADE REGIONAL DE ALAGOINHAS;FARAL;Faculdade ;Privada com fins lucrativos;99646;36;FISIOTERAPIA;Educação Presencial;2900702;ALAGOINHAS;BA;37;35;29;0,8286;-0,7214;2,1641;3
2016;1281;FACULDADE DE CIÊNCIAS SOCIAIS E AGRÁRIAS DE ITAPEVA;FAIT;Faculdade ;Pessoa Jurídica de Direito Privado - Com fins lucrativos - Sociedade Civil;99648;5;MEDICINA VETERINÁRIA;Educação Presencial;3522406;ITAPEVA;SP;22;22;21;0,9545;-0,5182;2,2066;3
2016;4289;FACULDADE DO VALE ELVIRA DAYRELL - FAVED;FAVED;Faculdade ;Privada com fins lucrativos;99672;23;ENFERMAGEM;Educação Presencial;3171808;VIRGINÓPOLIS;MG;9;9;6;0,6667;-2,6841;1,2402;2
2016;5;UNIVERSIDADE FEDERAL DO PIAUÍ;UFPI;Universidade;Pessoa Jurídica de Direito Público - Federal;99722;51;ZOOTECNIA;Educação Presencial;2201903;BOM JESUS;PI;17;17;16;0,9412;-1,3031;2,2652;3
2016;1984;FACULDADE DE CIÊNCIAS GERENCIAIS DE MANHUAÇU;FACIG;Faculdade ;Privada com fins lucrativos;99736;92;TECNOLOGIA EM GESTÃO AMBIENTAL;Educação Presencial;3139409;MANHUAÇU;MG;5;5;5;1,0000;6,8721;5,0000;5
2016;2787;FACULDADES PEQUENO PRÍNCIPE;FPP;Faculdade ;Privada sem fins lucrativos;99767;19;FARMÁCIA;Educação Presencial;4106902;CURITIBA;PR;16;15;8;0,5333;0,6796;2,7089;3
2016;3117;FACULDADE DE SAÚDE E DESENVOLVIMENTO HUMANO SANTO AGOSTINHO;FS;Faculdade ;Privada com fins lucrativos;99776;23;ENFERMAGEM;Educação Presencial;3143302;MONTES CLAROS;MG;17;11;9;0,8182;0,4808;2,7299;3
2016;2642;FACULDADE SÃO VICENTE;FASVIPA;Faculdade ;Privada sem fins lucrativos;99780;23;ENFERMAGEM;Educação Presencial;2706406;PÃO DE AÇÚCAR;AL;26;24;13;0,5417;-2,9474;1,1162;2
2016;4037;FACULDADE DE TECNOLOGIA INTENSIVA;FATECI;Faculdade ;Privada com fins lucrativos;99784;55;BIOMEDICINA;Educação Presencial;2304400;FORTALEZA;CE;11;11;8;0,7273;-0,0761;2,3681;3
2016;4037;FACULDADE DE TECNOLOGIA INTENSIVA;FATECI;Faculdade ;Privada com fins lucrativos;99786;36;FISIOTERAPIA;Educação Presencial;2304400;FORTALEZA;CE;5;5;4;0,8000;0,0736;2,5190;3
2016;3533;FACULDADE CERES;FACERES;Faculdade ;Pessoa Jurídica de Direito Privado - Com fins lucrativos - Sociedade Civil;99798;23;ENFERMAGEM;Educação Presencial;3549805;SÃO JOSÉ DO RIO PRETO;SP;22;21;7;0,3333;-1,5364;1,7804;2
2016;2564;UNIVERSIDADE FEDERAL DE CAMPINA GRANDE;UFCG;Universidade;Pessoa Jurídica de Direito Público - Federal;99800;17;AGRONOMIA;Educação Presencial;2512101;POMBAL;PB;37;37;35;0,9459;-0,5324;2,5347;3
2016;47;UNIVERSIDADE ESTADUAL DE GOIÁS;UEG;Universidade;Pessoa Jurídica de Direito Público - Estadual;99822;23;ENFERMAGEM;Educação Presencial;5205406;CERES;GO;26;26;24;0,9231;-0,6003;2,2210;3
2016;2132;FACULDADE BARÃO DO RIO BRANCO;FAB;Faculdade ;Privada com fins lucrativos;99824;6;ODONTOLOGIA;Educação Presencial;1200401;RIO BRANCO;AC;65;62;50;0,8065;0,1345;2,6131;3
2016;549;UNIVERSIDADE FEDERAL DO ACRE;UFAC;Universidade;Pessoa Jurídica de Direito Público - Federal;99843;23;ENFERMAGEM;Educação Presencial;1200203;CRUZEIRO DO SUL;AC;33;33;27;0,8182;0,6998;2,8330;3
2016;1775;CENTRO UNIVERSITÁRIO DO VALE DO IPOJUCA;UNIVIP;Centro Universitário;Privada com fins lucrativos;99849;23;ENFERMAGEM;Educação Presencial;2604106;CARUARU;PE;197;186;147;0,7903;-0,0800;2,4659;3
2016;2365;FACULDADE CATÓLICA DO TOCANTINS;FACTO;Faculdade ;Privada sem fins lucrativos;99851;17;AGRONOMIA;Educação Presencial;1721000;PALMAS;TO;19;18;10;0,5556;-0,3468;2,6468;3
2016;2365;FACULDADE CATÓLICA DO TOCANTINS;FACTO;Faculdade ;Privada sem fins lucrativos;99853;51;ZOOTECNIA;Educação Presencial;1721000;PALMAS;TO;17;15;10;0,6667;1,4678;3,4138;4
2016;1129;CENTRO UNIVERSITÁRIO DO NORTE PAULISTA;UNORP;Centro Universitário;Privada sem fins lucrativos;99857;6;ODONTOLOGIA;Educação Presencial;3549805;SÃO JOSÉ DO RIO PRETO;SP;70;63;33;0,5238;-0,5066;1,9373;2
2016;5;UNIVERSIDADE FEDERAL DO PIAUÍ;UFPI;Universidade;Pessoa Jurídica de Direito Público - Federal;99864;23;ENFERMAGEM;Educação Presencial;2208007;PICOS;PI;34;31;29;0,9355;0,7222;2,8435;3
2016;143;UNIVERSIDADE DE UBERABA;UNIUBE;Universidade;Privada sem fins lucrativos;99872;90;TECNOLOGIA EM AGRONEGÓCIOS;Educação a Distância;3170107;UBERABA;MG;55;46;11;0,2391;-0,2333;2,5654;3
2016;143;UNIVERSIDADE DE UBERABA;UNIUBE;Universidade;Privada sem fins lucrativos;99880;38;SERVIÇO SOCIAL;Educação a Distância;3170107;UBERABA;MG;6;4;0;0,0000;;;SC
2016;5;UNIVERSIDADE FEDERAL DO PIAUÍ;UFPI;Universidade;Pessoa Jurídica de Direito Público - Federal;99916;17;AGRONOMIA;Educação Presencial;2201903;BOM JESUS;PI;74;53;47;0,8868;0,3470;3,0658;4
2016;1337;FACULDADE MATER DEI;FMD;Faculdade ;Privada com fins lucrativos;99926;90;TECNOLOGIA EM AGRONEGÓCIOS;Educação Presencial;4118501;PATO BRANCO;PR;26;20;14;0,7000;-4,5504;1,1944;2
2016;449;UNIVERSIDADE LUTERANA DO BRASIL;ULBRA;Universidade;Pessoa Jurídica de Direito Privado - Sem fins lucrativos - Fundação;100049;95;TECNOLOGIA EM ESTÉTICA E COSMÉTICA;Educação Presencial;4304705;CARAZINHO;RS;24;24;19;0,7917;0,5118;2,8290;3
2016;3603;FACULDADE ANHANGUERA DE GUARULHOS;0;Faculdade ;Privada com fins lucrativos;100053;23;ENFERMAGEM;Educação Presencial;3518800;GUARULHOS;SP;18;13;9;0,6923;3,0435;3,9362;4
2016;3603;FACULDADE ANHANGUERA DE GUARULHOS;0;Faculdade ;Privada com fins lucrativos;100055;3501;EDUCAÇÃO FÍSICA (BACHARELADO);Educação Presencial;3518800;GUARULHOS;SP;26;25;14;0,5600;0,1545;2,5402;3
2016;3603;FACULDADE ANHANGUERA DE GUARULHOS;0;Faculdade ;Privada com fins lucrativos;100057;55;BIOMEDICINA;Educação Presencial;3518800;GUARULHOS;SP;33;29;25;0,8621;1,0313;2,9210;3
2016;4293;FACULDADE INTEGRAÇÃO TIETE;FIT;Faculdade ;Privada com fins lucrativos;100061;55;BIOMEDICINA;Educação Presencial;3554508;TIETÊ;SP;10;9;8;0,8889;-2,8157;1,0004;2
2016;71;UNIVERSIDADE DO ESTADO DO RIO GRANDE DO NORTE;UERN;Universidade;Pessoa Jurídica de Direito Público - Estadual;100063;6;ODONTOLOGIA;Educação Presencial;2402006;CAICÓ;RN;11;11;9;0,8182;1,3073;3,8497;4
2016;71;UNIVERSIDADE DO ESTADO DO RIO GRANDE DO NORTE;UERN;Universidade;Pessoa Jurídica de Direito Público - Estadual;100071;23;ENFERMAGEM;Educação Presencial;2402006;CAICÓ;RN;18;18;17;0,9444;1,9645;3,4283;4
2016;2023;FACULDADE DE GUANAMBI;0;Faculdade ;Privada com fins lucrativos;100093;36;FISIOTERAPIA;Educação Presencial;2911709;GUANAMBI;BA;20;20;19;0,9500;-0,0858;2,4478;3
2016;2023;FACULDADE DE GUANAMBI;0;Faculdade ;Privada com fins lucrativos;100115;55;BIOMEDICINA;Educação Presencial;2911709;GUANAMBI;BA;33;28;28;1,0000;-0,0695;2,3714;3
2016;2773;FACULDADE DE MACAPÁ;FAMA;Faculdade ;Privada sem fins lucrativos;100120;23;ENFERMAGEM;Educação Presencial;1600303;MACAPÁ;AP;65;61;30;0,4918;-0,2231;2,3986;3
2016;2076;FACULDADE REGIONAL DA BAHIA;FARB;Faculdade ;Privada com fins lucrativos;100136;55;BIOMEDICINA;Educação Presencial;2927408;SALVADOR;BA;18;15;10;0,6667;0,0239;2,4180;3
2016;47;UNIVERSIDADE ESTADUAL DE GOIÁS;UEG;Universidade;Pessoa Jurídica de Direito Público - Estadual;100150;17;AGRONOMIA;Educação Presencial;5215702;PALMEIRAS DE GOIÁS;GO;19;19;13;0,6842;-0,6511;2,4629;3
2016;3285;FACULDADE SANTO ANTONIO;FSA;Faculdade ;Privada com fins lucrativos;100152;55;BIOMEDICINA;Educação Presencial;2900702;ALAGOINHAS;BA;14;13;11;0,8462;-0,3671;2,2228;3
2016;1509;Centro Universitário Estácio de Belo Horizonte - Estácio BH;ESTÁCIO BH;Centro Universitário;Privada com fins lucrativos;100199;91;TECNOLOGIA EM GESTÃO HOSPITALAR;Educação Presencial;3106200;BELO HORIZONTE;MG;11;8;4;0,5000;-4,7894;1,3571;2
2016;398;UNIVERSIDADE TIRADENTES;UNIT;Universidade;Privada com fins lucrativos;100249;38;SERVIÇO SOCIAL;Educação Presencial;2802106;ESTÂNCIA;SE;25;21;17;0,8095;-0,7458;2,2961;3
2016;398;UNIVERSIDADE TIRADENTES;UNIT;Universidade;Privada com fins lucrativos;100251;38;SERVIÇO SOCIAL;Educação Presencial;2802908;ITABAIANA;SE;13;11;6;0,5455;-2,7813;1,3463;2
2016;398;UNIVERSIDADE TIRADENTES;UNIT;Universidade;Privada com fins lucrativos;100253;38;SERVIÇO SOCIAL;Educação Presencial;2805703;PROPRIÁ;SE;32;31;26;0,8387;-0,2245;2,5393;3
2016;583;UNIVERSIDADE FEDERAL DO CEARÁ;UFC;Universidade;Pessoa Jurídica de Direito Público - Federal;100256;3501;EDUCAÇÃO FÍSICA (BACHARELADO);Educação Presencial;2304400;FORTALEZA;CE;65;48;37;0,7708;0,1212;2,5249;3
2016;472;UNIVERSIDADE DO GRANDE RIO PROFESSOR JOSÉ DE SOUZA HERDY;UNIGRANRIO;Universidade;Privada sem fins lucrativos;100330;95;TECNOLOGIA EM ESTÉTICA E COSMÉTICA;Educação Presencial;3301702;DUQUE DE CAXIAS;RJ;58;39;21;0,5385;0,5592;2,8580;3
2016;322;UNIVERSIDADE PAULISTA;UNIP;Universidade;Privada sem fins lucrativos;100380;5;MEDICINA VETERINÁRIA;Educação Presencial;3509502;CAMPINAS;SP;28;28;23;0,8214;2,6222;4,5706;5
2016;4503;UNIVERSIDADE FEDERAL DO RECÔNCAVO DA BAHIA;UFRB;Universidade;Pessoa Jurídica de Direito Público - Federal;100450;28;NUTRIÇÃO;Educação Presencial;2928703;SANTO ANTÔNIO DE JESUS;BA;21;19;13;0,6842;-0,2604;2,3265;3
2016;4503;UNIVERSIDADE FEDERAL DO RECÔNCAVO DA BAHIA;UFRB;Universidade;Pessoa Jurídica de Direito Público - Federal;100452;23;ENFERMAGEM;Educação Presencial;2928703;SANTO ANTÔNIO DE JESUS;BA;20;16;14;0,8750;0,8305;2,8945;3
2016;426;CENTRO UNIVERSITÁRIO FRANCISCANO;UNIFRA;Centro Universitário;Privada sem fins lucrativos;100454;55;BIOMEDICINA;Educação Presencial;4316907;SANTA MARIA;RS;18;18;13;0,7222;1,2403;3,0253;4
2016;3983;CENTRO UNIVERSITÁRIO DE FORMIGA;UNIFORMG;Centro Universitário;Pessoa Jurídica de Direito Privado - Sem fins lucrativos - Fundação;100640;38;SERVIÇO SOCIAL;Educação Presencial;3126109;FORMIGA;MG;21;17;12;0,7059;2,0691;3,6096;4
2016;2111;INSTITUTO SUPERIOR DE TEOLOGIA APLICADA;INTA;Faculdade ;Privada sem fins lucrativos;100658;38;SERVIÇO SOCIAL;Educação Presencial;2312908;SOBRAL;CE;55;44;34;0,7727;-1,7611;1,8223;2
2016;4362;FACULDADE PITÁGORAS DE BETIM;PITÁGORAS-BETIM;Faculdade ;Privada com fins lucrativos;100662;23;ENFERMAGEM;Educação Presencial;3106705;BETIM;MG;6;6;5;0,8333;5,6529;5,0000;5
2016;2076;FACULDADE REGIONAL DA BAHIA;FARB;Faculdade ;Privada com fins lucrativos;100664;38;SERVIÇO SOCIAL;Educação Presencial;2927408;SALVADOR;BA;41;41;22;0,5366;0,8484;3,0400;4
2016;349;CENTRO UNIVERSITÁRIO DE BELO HORIZONTE;UNI-BH;Centro Universitário;Privada com fins lucrativos;100688;12;MEDICINA;Educação Presencial;3106200;BELO HORIZONTE;MG;63;61;58;0,9508;-0,1907;2,7178;3
2016;1809;INSTITUTO FEDERAL DE EDUCAÇÃO, CIÊNCIA E TECNOLOGIA DE PERNAMBUCO;IFPE;Instituto Federal de Educação, Ciência e Tecnologia;Pessoa Jurídica de Direito Público - Federal;100746;92;TECNOLOGIA EM GESTÃO AMBIENTAL;Educação a Distância;2611606;RECIFE;PE;161;90;54;0,6000;-0,4850;2,3328;3
2016;1;UNIVERSIDADE FEDERAL DE MATO GROSSO;UFMT;Universidade;Pessoa Jurídica de Direito Público - Federal;100763;5;MEDICINA VETERINÁRIA;Educação Presencial;5107909;SINOP;MT;31;30;25;0,8333;-0,3635;2,3231;3
2016;1;UNIVERSIDADE FEDERAL DE MATO GROSSO;UFMT;Universidade;Pessoa Jurídica de Direito Público - Federal;100770;23;ENFERMAGEM;Educação Presencial;5107909;SINOP;MT;12;12;11;0,9167;1,3797;3,1530;4
2016;1;UNIVERSIDADE FEDERAL DE MATO GROSSO;UFMT;Universidade;Pessoa Jurídica de Direito Público - Federal;100772;51;ZOOTECNIA;Educação Presencial;5107909;SINOP;MT;31;27;25;0,9259;-0,2277;2,7110;3
2016;1;UNIVERSIDADE FEDERAL DE MATO GROSSO;UFMT;Universidade;Pessoa Jurídica de Direito Público - Federal;100778;17;AGRONOMIA;Educação Presencial;5107909;SINOP;MT;81;76;62;0,8158;-1,4332;1,9905;3
2016;1;UNIVERSIDADE FEDERAL DE MATO GROSSO;UFMT;Universidade;Pessoa Jurídica de Direito Público - Federal;100804;23;ENFERMAGEM;Educação Presencial;5107602;RONDONÓPOLIS;MT;25;22;21;0,9545;-1,0525;2,0082;3
2016;15452;FACULDADE ÁLIS DE BOM DESPACHO;0;Faculdade ;Pessoa Jurídica de Direito Privado - Sem fins lucrativos - Fundação;100814;28;NUTRIÇÃO;Educação Presencial;3107406;BOM DESPACHO;MG;21;19;16;0,8421;-1,4787;1,7771;2
2016;596;UNIVERSIDADE FEDERAL DOS VALES DO JEQUITINHONHA E MUCURI;UFVJM;Universidade;Pessoa Jurídica de Direito Público - Federal;100866;38;SERVIÇO SOCIAL;Educação Presencial;3168606;TEÓFILO OTONI;MG;39;39;39;1,0000;0,2735;2,7717;3
2016;1917;FACULDADE DE CIÊNCIAS BIOMÉDICAS DE CACOAL;FACIMED;Faculdade ;Privada com fins lucrativos;100878;6;ODONTOLOGIA;Educação Presencial;1100049;CACOAL;RO;71;71;54;0,7606;0,1318;2,6103;3
2016;1632;FACULDADE PITÁGORAS DE LONDRINA;0;Faculdade ;Privada com fins lucrativos;100882;23;ENFERMAGEM;Educação Presencial;4113700;LONDRINA;PR;28;27;12;0,4444;2,9608;3,8973;4
2016;534;ESCOLA BAHIANA DE MEDICINA E SAÚDE PÚBLICA;EBMSP;Faculdade ;Privada sem fins lucrativos;100893;23;ENFERMAGEM;Educação Presencial;2927408;SALVADOR;BA;42;41;39;0,9512;-0,0294;2,4897;3
2016;1;UNIVERSIDADE FEDERAL DE MATO GROSSO;UFMT;Universidade;Pessoa Jurídica de Direito Público - Federal;100928;23;ENFERMAGEM;Educação Presencial;5106653;PONTAL DO ARAGUAIA;MT;15;11;11;1,0000;0,9389;2,9456;4
2016;466;UNIVERSIDADE ANHEMBI MORUMBI;UAM;Universidade;Privada com fins lucrativos;100956;12;MEDICINA;Educação Presencial;3550308;SÃO PAULO;SP;110;107;91;0,8505;-0,2476;2,6558;3
2016;737;CENTRO UNIVERSITÁRIO SÃO CAMILO;SAO CAMILO;Centro Universitário;Privada sem fins lucrativos;100958;12;MEDICINA;Educação Presencial;3550308;SÃO PAULO;SP;74;72;54;0,7500;-0,5946;2,2775;3
2016;355;UNIVERSIDADE TUIUTI DO PARANÁ;UTP;Universidade;Privada com fins lucrativos;101058;55;BIOMEDICINA;Educação Presencial;4106902;CURITIBA;PR;48;48;36;0,7500;0,5400;2,6757;3
2016;794;CENTRO UNIVERSITÁRIO DE VÁRZEA GRANDE;UNIVAG;Centro Universitário;Privada sem fins lucrativos;101098;38;SERVIÇO SOCIAL;Educação Presencial;5108402;VÁRZEA GRANDE;MT;67;33;23;0,6970;0,5167;2,8852;3
2016;4362;FACULDADE PITÁGORAS DE BETIM;PITÁGORAS-BETIM;Faculdade ;Privada com fins lucrativos;101114;36;FISIOTERAPIA;Educação Presencial;3106705;BETIM;MG;14;14;14;1,0000;2,2726;3,5007;4
2016;4530;CENTRO UNIVERSITÁRIO TIRADENTES;FITS;Centro Universitário;Privada com fins lucrativos;101135;23;ENFERMAGEM;Educação Presencial;2704302;MACEIÓ;AL;138;128;78;0,6094;-0,0987;2,4572;3
2016;580;UNIVERSIDADE FEDERAL DE PERNAMBUCO;UFPE;Universidade;Pessoa Jurídica de Direito Público - Federal;101149;28;NUTRIÇÃO;Educação Presencial;2616407;VITÓRIA DE SANTO ANTÃO;PE;57;51;49;0,9608;0,0047;2,4461;3
2016;580;UNIVERSIDADE FEDERAL DE PERNAMBUCO;UFPE;Universidade;Pessoa Jurídica de Direito Público - Federal;101153;23;ENFERMAGEM;Educação Presencial;2616407;VITÓRIA DE SANTO ANTÃO;PE;45;44;43;0,9773;0,2976;2,6437;3
2016;3875;CENTRO UNIVERSITÁRIO DA FUNDAÇÃO EDUCACIONAL GUAXUPÉ;UNIFEG;Centro Universitário;Privada sem fins lucrativos;101170;23;ENFERMAGEM;Educação Presencial;3128709;GUAXUPÉ;MG;11;11;8;0,7273;-3,0844;1,0517;2
2016;2915;FACULDADE CIDADE DE PATOS DE MINAS;FPM;Faculdade ;Privada sem fins lucrativos;101174;19;FARMÁCIA;Educação Presencial;3148004;PATOS DE MINAS;MG;17;17;9;0,5294;-2,4940;1,3293;2
2016;1423;FACULDADE IDEAL;FACI;Faculdade ;Privada com fins lucrativos;101180;92;TECNOLOGIA EM GESTÃO AMBIENTAL;Educação Presencial;1501402;BELÉM;PA;3;1;0;0,0000;;;SC
2016;27;UNIVERSIDADE VALE DO RIO VERDE;UNINCOR;Universidade;Privada sem fins lucrativos;101235;38;SERVIÇO SOCIAL;Educação Presencial;3169307;TRÊS CORAÇÕES;MG;6;6;6;1,0000;0,0546;2,6696;3
2016;2111;INSTITUTO SUPERIOR DE TEOLOGIA APLICADA;INTA;Faculdade ;Privada sem fins lucrativos;101248;5;MEDICINA VETERINÁRIA;Educação Presencial;2312908;SOBRAL;CE;28;26;21;0,8077;-1,2264;1,6735;2
2016;694;UNIVERSIDADE FEDERAL DE MATO GROSSO DO SUL;UFMS;Universidade;Pessoa Jurídica de Direito Público - Federal;101290;17;AGRONOMIA;Educação Presencial;5002951;CHAPADÃO DO SUL;MS;37;35;32;0,9143;-0,4781;2,5674;3
2016;3205;FACULDADE DE CIÊNCIAS BIOLÓGICAS E DA SAÚDE;FACISA;Faculdade ;Privada com fins lucrativos;101438;92;TECNOLOGIA EM GESTÃO AMBIENTAL;Educação Presencial;3171303;VIÇOSA;MG;19;15;13;0,8667;2,5345;3,4274;4
2016;587;UNIVERSIDADE FEDERAL RURAL DE PERNAMBUCO;UFRPE;Universidade;Pessoa Jurídica de Direito Público - Federal;101452;17;AGRONOMIA;Educação Presencial;2613909;SERRA TALHADA;PE;36;35;30;0,8571;0,1880;2,9698;4
2016;4197;FACULDADE ALIANÇA;FACE;Faculdade ;Privada com fins lucrativos;101502;55;BIOMEDICINA;Educação Presencial;2211001;TERESINA;PI;85;80;72;0,9000;-0,2996;2,2565;3
2016;4197;FACULDADE ALIANÇA;FACE;Faculdade ;Privada com fins lucrativos;101504;23;ENFERMAGEM;Educação Presencial;2211001;TERESINA;PI;74;70;53;0,7571;-0,2880;2,3680;3
2016;4197;FACULDADE ALIANÇA;FACE;Faculdade ;Privada com fins lucrativos;101506;3501;EDUCAÇÃO FÍSICA (BACHARELADO);Educação Presencial;2211001;TERESINA;PI;70;60;54;0,9000;-0,5691;2,2083;3
2016;163;UNIVERSIDADE ESTÁCIO DE SÁ;UNESA;Universidade;Privada com fins lucrativos;101582;3501;EDUCAÇÃO FÍSICA (BACHARELADO);Educação Presencial;3304557;RIO DE JANEIRO;RJ;95;81;28;0,3457;0,8401;2,8546;3
2016;163;UNIVERSIDADE ESTÁCIO DE SÁ;UNESA;Universidade;Privada com fins lucrativos;101586;3501;EDUCAÇÃO FÍSICA (BACHARELADO);Educação Presencial;3304557;RIO DE JANEIRO;RJ;56;52;12;0,2308;-1,9499;1,5751;2
2016;163;UNIVERSIDADE ESTÁCIO DE SÁ;UNESA;Universidade;Privada com fins lucrativos;101602;3501;EDUCAÇÃO FÍSICA (BACHARELADO);Educação Presencial;3304557;RIO DE JANEIRO;RJ;15;13;2;0,1538;;;SC
2016;4;UNIVERSIDADE FEDERAL DO AMAZONAS;UFAM;Universidade;Pessoa Jurídica de Direito Público - Federal;101620;17;AGRONOMIA;Educação Presencial;1301704;HUMAITÁ;AM;16;15;2;0,1333;;;SC
2016;4;UNIVERSIDADE FEDERAL DO AMAZONAS;UFAM;Universidade;Pessoa Jurídica de Direito Público - Federal;101645;28;NUTRIÇÃO;Educação Presencial;1301209;COARI;AM;8;6;4;0,6667;-3,7105;0,7707;1
2016;4;UNIVERSIDADE FEDERAL DO AMAZONAS;UFAM;Universidade;Pessoa Jurídica de Direito Público - Federal;101651;36;FISIOTERAPIA;Educação Presencial;1301209;COARI;AM;15;15;11;0,7333;-1,0324;2,0252;3
2016;4;UNIVERSIDADE FEDERAL DO AMAZONAS;UFAM;Universidade;Pessoa Jurídica de Direito Público - Federal;101653;23;ENFERMAGEM;Educação Presencial;1301209;COARI;AM;21;21;16;0,7619;0,2109;2,6029;3
2016;163;UNIVERSIDADE ESTÁCIO DE SÁ;UNESA;Universidade;Privada com fins lucrativos;101673;3501;EDUCAÇÃO FÍSICA (BACHARELADO);Educação Presencial;3304557;RIO DE JANEIRO;RJ;52;45;16;0,3556;-0,7466;2,1269;3
2016;1542;CENTRO UNIVERSITÁRIO GERALDO DI BIASE;UGB;Centro Universitário;Privada sem fins lucrativos;101698;38;SERVIÇO SOCIAL;Educação Presencial;3306305;VOLTA REDONDA;RJ;14;12;8;0,6667;0,5232;2,8882;3
2016;1542;CENTRO UNIVERSITÁRIO GERALDO DI BIASE;UGB;Centro Universitário;Privada sem fins lucrativos;101704;38;SERVIÇO SOCIAL;Educação Presencial;3300308;BARRA DO PIRAÍ;RJ;15;15;11;0,7333;1,3291;3,2643;4
2016;1767;FACULDADE DE CIÊNCIAS SOCIAIS APLICADAS;0;Faculdade ;Pessoa Jurídica de Direito Privado - Com fins lucrativos - Sociedade Mercantil ou Comercial;101749;6;ODONTOLOGIA;Educação Presencial;5107958;TANGARÁ DA SERRA;MT;13;13;12;0,9231;2,8271;5,0000;5
2016;316;UNIVERSIDADE NOVE DE JULHO;UNINOVE;Universidade;Privada sem fins lucrativos;101804;55;BIOMEDICINA;Educação Presencial;3550308;SÃO PAULO;SP;51;49;32;0,6531;0,2750;2,5434;3
2016;316;UNIVERSIDADE NOVE DE JULHO;UNINOVE;Universidade;Privada sem fins lucrativos;101806;55;BIOMEDICINA;Educação Presencial;3550308;SÃO PAULO;SP;7;7;5;0,7143;-2,0991;1,3581;2
2016;352;CENTRO UNIVERSITÁRIO DE JOÃO PESSOA;UNIPÊ;Centro Universitário;Privada sem fins lucrativos;101820;6;ODONTOLOGIA;Educação Presencial;2507507;JOÃO PESSOA;PB;127;126;101;0,8016;-0,1385;2,3253;3
2016;2076;FACULDADE REGIONAL DA BAHIA;FARB;Faculdade ;Privada com fins lucrativos;101822;69;TECNOLOGIA EM RADIOLOGIA;Educação Presencial;2927408;SALVADOR;BA;7;6;3;0,5000;-1,6944;1,9242;2
2016;1053;FACULDADE DE TECNOLOGIA E CIÊNCIAS DE FEIRA DE SANTANA;FTC;Faculdade ;Privada com fins lucrativos;101840;28;NUTRIÇÃO;Educação Presencial;2910800;FEIRA DE SANTANA;BA;22;22;18;0,8182;0,5801;2,7055;3
2016;1053;FACULDADE DE TECNOLOGIA E CIÊNCIAS DE FEIRA DE SANTANA;FTC;Faculdade ;Privada com fins lucrativos;101842;36;FISIOTERAPIA;Educação Presencial;2910800;FEIRA DE SANTANA;BA;37;35;25;0,7143;-0,2915;2,3559;3
2016;584;UNIVERSIDADE FEDERAL DE GOIÁS;UFG;Universidade;Pessoa Jurídica de Direito Público - Federal;101920;51;ZOOTECNIA;Educação Presencial;5211909;JATAÍ;GO;6;5;3;0,6000;-5,5442;0,5071;1
2016;4566;ESTÁCIO FATERN - FACULDADE ESTÁCIO DO RIO GRANDE DO NORTE;ESTÁCIO FATERN;Faculdade ;Privada com fins lucrativos;101922;23;ENFERMAGEM;Educação Presencial;2408102;NATAL;RN;14;11;7;0,6364;1,4057;3,1653;4
2016;4566;ESTÁCIO FATERN - FACULDADE ESTÁCIO DO RIO GRANDE DO NORTE;ESTÁCIO FATERN;Faculdade ;Privada com fins lucrativos;101924;38;SERVIÇO SOCIAL;Educação Presencial;2408102;NATAL;RN;104;101;63;0,6238;-0,1274;2,5846;3
2016;577;UNIVERSIDADE FEDERAL DE ALAGOAS;UFAL;Universidade;Pessoa Jurídica de Direito Público - Federal;101938;23;ENFERMAGEM;Educação Presencial;2700300;ARAPIRACA;AL;36;35;32;0,9143;-0,5400;2,2494;3
2016;452;CENTRO UNIVERSITÁRIO LUTERANO DE MANAUS;CEULM/ULBRA;Centro Universitário;Pessoa Jurídica de Direito Privado - Sem fins lucrativos - Fundação;101949;23;ENFERMAGEM;Educação Presencial;1302603;MANAUS;AM;7;6;0;0,0000;;;SC
2016;14162;Faculdade Presidente Antônio Carlos de Governador Valadares;FAU G. Valadares;Faculdade ;Pessoa Jurídica de Direito Privado - Sem fins lucrativos - Fundação;101992;23;ENFERMAGEM;Educação Presencial;3127701;GOVERNADOR VALADARES;MG;39;32;19;0,5938;1,7087;3,3079;4
2016;794;CENTRO UNIVERSITÁRIO DE VÁRZEA GRANDE;UNIVAG;Centro Universitário;Privada sem fins lucrativos;102021;95;TECNOLOGIA EM ESTÉTICA E COSMÉTICA;Educação Presencial;5108402;VÁRZEA GRANDE;MT;16;10;7;0,7000;2,6172;4,1193;5
2016;588;UNIVERSIDADE TECNOLÓGICA FEDERAL DO PARANÁ;UTFPR;Universidade;Pessoa Jurídica de Direito Público - Federal;102040;51;ZOOTECNIA;Educação Presencial;4107207;DOIS VIZINHOS;PR;68;61;55;0,9016;0,8417;3,1543;4
2016;1303;INSTITUTO FEDERAL DE EDUCAÇÃO, CIÊNCIA E TECNOLOGIA GOIANO;IF Goiano;Instituto Federal de Educação, Ciência e Tecnologia;Pessoa Jurídica de Direito Público - Federal;102047;92;TECNOLOGIA EM GESTÃO AMBIENTAL;Educação Presencial;5221809;URUTAÍ;GO;3;1;1;1,0000;;;SC
2016;423;UNIVERSIDADE REGIONAL INTEGRADA DO ALTO URUGUAI E DAS MISSÕES;URI;Universidade;Privada sem fins lucrativos;102075;3501;EDUCAÇÃO FÍSICA (BACHARELADO);Educação Presencial;4307005;ERECHIM;RS;30;29;23;0,7931;-0,9877;2,0164;3
2016;423;UNIVERSIDADE REGIONAL INTEGRADA DO ALTO URUGUAI E DAS MISSÕES;URI;Universidade;Privada sem fins lucrativos;102077;3501;EDUCAÇÃO FÍSICA (BACHARELADO);Educação Presencial;4317509;SANTO ÂNGELO;RS;21;19;15;0,7895;-1,3109;1,8681;2
2016;577;UNIVERSIDADE FEDERAL DE ALAGOAS;UFAL;Universidade;Pessoa Jurídica de Direito Público - Federal;102146;5;MEDICINA VETERINÁRIA;Educação Presencial;2709400;VIÇOSA;AL;22;22;13;0,5909;3,1927;5,0000;5
2016;577;UNIVERSIDADE FEDERAL DE ALAGOAS;UFAL;Universidade;Pessoa Jurídica de Direito Público - Federal;102148;17;AGRONOMIA;Educação Presencial;2700300;ARAPIRACA;AL;56;52;26;0,5000;-1,5296;1,9322;2
2016;577;UNIVERSIDADE FEDERAL DE ALAGOAS;UFAL;Universidade;Pessoa Jurídica de Direito Público - Federal;102158;38;SERVIÇO SOCIAL;Educação Presencial;2706307;PALMEIRA DOS ÍNDIOS;AL;84;81;68;0,8395;-0,5742;2,3761;3
2016;577;UNIVERSIDADE FEDERAL DE ALAGOAS;UFAL;Universidade;Pessoa Jurídica de Direito Público - Federal;102160;51;ZOOTECNIA;Educação Presencial;2700300;ARAPIRACA;AL;45;44;20;0,4545;-4,0383;1,1314;2
2016;481;UNIVERSIDADE GUARULHOS;UNG;Universidade;Pessoa Jurídica de Direito Privado - Com fins lucrativos - Sociedade Civil;102182;69;TECNOLOGIA EM RADIOLOGIA;Educação Presencial;3518800;GUARULHOS;SP;70;51;16;0,3137;0,2858;2,4806;3
2016;481;UNIVERSIDADE GUARULHOS;UNG;Universidade;Pessoa Jurídica de Direito Privado - Com fins lucrativos - Sociedade Civil;102194;3501;EDUCAÇÃO FÍSICA (BACHARELADO);Educação Presencial;3518800;GUARULHOS;SP;104;68;32;0,4706;0,6296;2,7580;3
2016;316;UNIVERSIDADE NOVE DE JULHO;UNINOVE;Universidade;Privada sem fins lucrativos;102208;69;TECNOLOGIA EM RADIOLOGIA;Educação Presencial;3550308;SÃO PAULO;SP;83;70;30;0,4286;-0,4045;2,2867;3
2016;571;UNIVERSIDADE FEDERAL DO PARANÁ;UFPR;Universidade;Pessoa Jurídica de Direito Público - Federal;102296;38;SERVIÇO SOCIAL;Educação Presencial;4115705;MATINHOS;PR;47;44;15;0,3409;-3,8321;0,8559;1
2016;32;UNIVERSIDADE ESTADUAL DE CIÊNCIAS DA SAÚDE DE ALAGOAS - UNCISAL;UNCISAL;Universidade;Pessoa Jurídica de Direito Público - Estadual;102302;69;TECNOLOGIA EM RADIOLOGIA;Educação Presencial;2704302;MACEIÓ;AL;60;57;48;0,8421;-0,9053;2,1460;3
2016;634;UNIVERSIDADE FEDERAL DE PELOTAS;UFPEL;Universidade;Pessoa Jurídica de Direito Público - Federal;102304;3501;EDUCAÇÃO FÍSICA (BACHARELADO);Educação Presencial;4314407;PELOTAS;RS;52;44;43;0,9773;-0,8907;2,0608;3
2016;1292;Centro Universitário de Adamantina;FAI;Centro Universitário;Pessoa Jurídica de Direito Público - Municipal;102327;38;SERVIÇO SOCIAL;Educação Presencial;3500105;ADAMANTINA;SP;18;17;4;0,2353;1,1655;3,1879;4
2016;163;UNIVERSIDADE ESTÁCIO DE SÁ;UNESA;Universidade;Privada com fins lucrativos;102375;23;ENFERMAGEM;Educação Presencial;3302403;MACAÉ;RJ;24;24;12;0,5000;-0,5880;2,2268;3
2016;163;UNIVERSIDADE ESTÁCIO DE SÁ;UNESA;Universidade;Privada com fins lucrativos;102403;23;ENFERMAGEM;Educação Presencial;3304557;RIO DE JANEIRO;RJ;56;55;20;0,3636;0,4527;2,7167;3
2016;30;UNIVERSIDADE JOSÉ DO ROSÁRIO VELLANO;UNIFENAS;Universidade;Privada sem fins lucrativos;102550;3501;EDUCAÇÃO FÍSICA (BACHARELADO);Educação Presencial;3101607;ALFENAS;MG;36;33;27;0,8182;-0,6184;2,1857;3
2016;163;UNIVERSIDADE ESTÁCIO DE SÁ;UNESA;Universidade;Privada com fins lucrativos;102556;36;FISIOTERAPIA;Educação Presencial;3304557;RIO DE JANEIRO;RJ;23;22;8;0,3636;-1,8087;1,6786;2
2016;5;UNIVERSIDADE FEDERAL DO PIAUÍ;UFPI;Universidade;Pessoa Jurídica de Direito Público - Federal;102564;36;FISIOTERAPIA;Educação Presencial;2207702;PARNAÍBA;PI;70;68;63;0,9265;0,0582;2,5121;3
2016;5;UNIVERSIDADE FEDERAL DO PIAUÍ;UFPI;Universidade;Pessoa Jurídica de Direito Público - Federal;102566;55;BIOMEDICINA;Educação Presencial;2207702;PARNAÍBA;PI;24;18;17;0,9444;-0,3306;2,2411;3
2016;1113;CENTRO UNIVERSITÁRIO EURO-AMERICANO;UNIEURO;Centro Universitário;Privada sem fins lucrativos;102574;3501;EDUCAÇÃO FÍSICA (BACHARELADO);Educação Presencial;5300108;BRASÍLIA;DF;11;8;6;0,7500;0,1477;2,5370;3
2016;5;UNIVERSIDADE FEDERAL DO PIAUÍ;UFPI;Universidade;Pessoa Jurídica de Direito Público - Federal;102580;28;NUTRIÇÃO;Educação Presencial;2208007;PICOS;PI;34;33;30;0,9091;0,2899;2,5747;3
2016;1189;UNIVERSIDADE DO PLANALTO CATARINENSE;UNIPLAC;Universidade;Privada sem fins lucrativos;102619;6;ODONTOLOGIA;Educação Presencial;4209300;LAGES;SC;38;37;26;0,7027;-0,1543;2,3087;3
2016;451;CENTRO UNIVERSITÁRIO LUTERANO DE SANTARÉM;CEULS;Centro Universitário;Pessoa Jurídica de Direito Privado - Sem fins lucrativos - Fundação;102632;38;SERVIÇO SOCIAL;Educação Presencial;1506807;SANTARÉM;PA;16;11;4;0,3636;-1,5750;1,9092;2
2016;2794;FACULDADE DE CIÊNCIAS SOCIAIS E HUMANAS SOBRAL PINTO;FAIESP;Faculdade ;Pessoa Jurídica de Direito Privado - Com fins lucrativos - Sociedade Mercantil ou Comercial;102638;90;TECNOLOGIA EM AGRONEGÓCIOS;Educação Presencial;5107602;RONDONÓPOLIS;MT;39;28;27;0,9643;0,9446;2,9395;3
2016;588;UNIVERSIDADE TECNOLÓGICA FEDERAL DO PARANÁ;UTFPR;Universidade;Pessoa Jurídica de Direito Público - Federal;102665;3501;EDUCAÇÃO FÍSICA (BACHARELADO);Educação Presencial;4106902;CURITIBA;PR;168;142;119;0,8380;-0,4033;2,2843;3
2016;5;UNIVERSIDADE FEDERAL DO PIAUÍ;UFPI;Universidade;Pessoa Jurídica de Direito Público - Federal;102675;5;MEDICINA VETERINÁRIA;Educação Presencial;2201903;BOM JESUS;PI;34;29;21;0,7241;-0,3774;2,3126;3
2016;823;UNIVERSIDADE DO CEUMA - UNICEUMA;UNICEUMA;Universidade;Privada sem fins lucrativos;102686;38;SERVIÇO SOCIAL;Educação Presencial;2111300;SÃO LUÍS;MA;145;139;99;0,7122;0,0548;2,6697;3
2016;1869;CENTRO UNIVERSITÁRIO DE ITAJUBÁ;FEPI;Centro Universitário;Privada sem fins lucrativos;102754;3501;EDUCAÇÃO FÍSICA (BACHARELADO);Educação Presencial;3132404;ITAJUBÁ;MG;32;26;19;0,7308;-0,0003;2,4691;3
2016;437;UNIVERSIDADE PARANAENSE;UNIPAR;Universidade;Privada sem fins lucrativos;102772;95;TECNOLOGIA EM ESTÉTICA E COSMÉTICA;Educação Presencial;4127700;TOLEDO;PR;39;36;30;0,8333;-0,2330;2,3725;3
2016;730;UNIVERSIDADE ESTADUAL DE PONTA GROSSA;UEPG;Universidade;Pessoa Jurídica de Direito Público - Estadual;102820;3501;EDUCAÇÃO FÍSICA (BACHARELADO);Educação Presencial;4119905;PONTA GROSSA;PR;31;29;23;0,7931;-0,4658;2,2557;3
2016;437;UNIVERSIDADE PARANAENSE;UNIPAR;Universidade;Privada sem fins lucrativos;102822;95;TECNOLOGIA EM ESTÉTICA E COSMÉTICA;Educação Presencial;4108809;GUAÍRA;PR;20;19;17;0,8947;-0,2070;2,3885;3
2016;23;UNIVERSIDADE FEEVALE;FEEVALE;Universidade;Privada sem fins lucrativos;102834;3501;EDUCAÇÃO FÍSICA (BACHARELADO);Educação Presencial;4313409;NOVO HAMBURGO;RS;32;32;14;0,4375;1,2173;3,0275;4
2016;1196;CENTRO UNIVERSITÁRIO DE MARINGÁ - UNICESUMAR;UNICESUMAR;Centro Universitário;Pessoa Jurídica de Direito Privado - Com fins lucrativos - Sociedade Mercantil ou Comercial;102896;95;TECNOLOGIA EM ESTÉTICA E COSMÉTICA;Educação Presencial;4115200;MARINGÁ;PR;137;133;99;0,7444;0,2176;2,6487;3
2016;3933;FACULDADE MÉTODO DE SÃO PAULO;FAMESP;Faculdade ;Pessoa Jurídica de Direito Privado - Com fins lucrativos - Sociedade Civil;102968;69;TECNOLOGIA EM RADIOLOGIA;Educação Presencial;3550308;SÃO PAULO;SP;41;35;7;0,2000;-1,5056;1,9773;3
2016;140;UNIVERSIDADE SEVERINO SOMBRA;USS;Universidade;Privada sem fins lucrativos;102998;19;FARMÁCIA;Educação Presencial;3306206;VASSOURAS;RJ;22;22;6;0,2727;-3,8089;0,7576;1
2016;376;CENTRO UNIVERSITÁRIO ANHANGUERA DE SÃO PAULO;0;Centro Universitário;Privada com fins lucrativos;103132;38;SERVIÇO SOCIAL;Educação Presencial;3550308;SÃO PAULO;SP;27;20;6;0,3000;-1,9555;1,7316;2
2016;163;UNIVERSIDADE ESTÁCIO DE SÁ;UNESA;Universidade;Privada com fins lucrativos;103160;69;TECNOLOGIA EM RADIOLOGIA;Educação Presencial;3303906;PETRÓPOLIS;RJ;21;17;10;0,5882;-1,8943;1,8681;2
2016;4163;CENTRO UNIVERSITÁRIO BARRIGA VERDE;UNIBAVE;Centro Universitário;Pessoa Jurídica de Direito Privado - Sem fins lucrativos - Fundação;103178;19;FARMÁCIA;Educação Presencial;4211702;ORLEANS;SC;27;26;14;0,5385;-0,1966;2,3280;3
2016;163;UNIVERSIDADE ESTÁCIO DE SÁ;UNESA;Universidade;Privada com fins lucrativos;103196;69;TECNOLOGIA EM RADIOLOGIA;Educação Presencial;3304557;RIO DE JANEIRO;RJ;16;16;4;0,2500;-0,4766;2,2664;3
2016;176;UNIVERSIDADE CASTELO BRANCO;UCB;Universidade;Privada sem fins lucrativos;103265;28;NUTRIÇÃO;Educação Presencial;3304557;RIO DE JANEIRO;RJ;111;98;67;0,6837;-0,6726;2,1406;3
2016;316;UNIVERSIDADE NOVE DE JULHO;UNINOVE;Universidade;Privada sem fins lucrativos;103280;69;TECNOLOGIA EM RADIOLOGIA;Educação Presencial;3550308;SÃO PAULO;SP;7;7;3;0,4286;1,8613;2,9232;3
2016;548;UNIVERSIDADE FEDERAL DO MARANHÃO;UFMA;Universidade;Pessoa Jurídica de Direito Público - Federal;103301;17;AGRONOMIA;Educação Presencial;2103208;CHAPADINHA;MA;69;64;58;0,9063;-0,9110;2,3059;3
2016;548;UNIVERSIDADE FEDERAL DO MARANHÃO;UFMA;Universidade;Pessoa Jurídica de Direito Público - Federal;103305;51;ZOOTECNIA;Educação Presencial;2103208;CHAPADINHA;MA;12;11;11;1,0000;3,2918;4,1699;5
2016;548;UNIVERSIDADE FEDERAL DO MARANHÃO;UFMA;Universidade;Pessoa Jurídica de Direito Público - Federal;103309;23;ENFERMAGEM;Educação Presencial;2105302;IMPERATRIZ;MA;30;29;25;0,8621;-0,0357;2,4868;3
2016;582;UNIVERSIDADE FEDERAL DE SANTA MARIA;UFSM;Universidade;Pessoa Jurídica de Direito Público - Federal;103346;3501;EDUCAÇÃO FÍSICA (BACHARELADO);Educação Presencial;4316907;SANTA MARIA;RS;67;58;43;0,7414;-0,5641;2,2106;3
2016;1082;INSTITUTO FEDERAL DE EDUCAÇÃO, CIÊNCIA E TECNOLOGIA DO RIO GRANDE DO NORTE;IFRN;Instituto Federal de Educação, Ciência e Tecnologia;Pessoa Jurídica de Direito Público - Federal;103365;92;TECNOLOGIA EM GESTÃO AMBIENTAL;Educação Presencial;2408102;NATAL;RN;13;12;12;1,0000;1,1149;2,9128;3
2016;582;UNIVERSIDADE FEDERAL DE SANTA MARIA;UFSM;Universidade;Pessoa Jurídica de Direito Público - Federal;103376;17;AGRONOMIA;Educação Presencial;4308508;FREDERICO WESTPHALEN;RS;65;64;61;0,9531;0,4638;3,1364;4
2016;582;UNIVERSIDADE FEDERAL DE SANTA MARIA;UFSM;Universidade;Pessoa Jurídica de Direito Público - Federal;103404;51;ZOOTECNIA;Educação Presencial;4313706;PALMEIRA DAS MISSÕES;RS;29;29;26;0,8966;-0,1870;2,7279;3
2016;582;UNIVERSIDADE FEDERAL DE SANTA MARIA;UFSM;Universidade;Pessoa Jurídica de Direito Público - Federal;103406;23;ENFERMAGEM;Educação Presencial;4313706;PALMEIRA DAS MISSÕES;RS;29;28;27;0,9643;0,3017;2,6456;3
2016;5322;FUNDAÇÃO UNIVERSIDADE FEDERAL DO PAMPA - UNIPAMPA;UNIPAMPA;Universidade;Pessoa Jurídica de Direito Público - Federal;103439;38;SERVIÇO SOCIAL;Educação Presencial;4318002;SÃO BORJA;RS;33;28;26;0,9286;0,7219;2,9809;4
2016;5322;FUNDAÇÃO UNIVERSIDADE FEDERAL DO PAMPA - UNIPAMPA;UNIPAMPA;Universidade;Pessoa Jurídica de Direito Público - Federal;103449;17;AGRONOMIA;Educação Presencial;4310603;ITAQUI;RS;41;41;29;0,7073;-0,0807;2,8075;3
2016;5322;FUNDAÇÃO UNIVERSIDADE FEDERAL DO PAMPA - UNIPAMPA;UNIPAMPA;Universidade;Pessoa Jurídica de Direito Público - Federal;103457;23;ENFERMAGEM;Educação Presencial;4322400;URUGUAIANA;RS;29;21;20;0,9524;0,0666;2,5350;3
2016;5322;FUNDAÇÃO UNIVERSIDADE FEDERAL DO PAMPA - UNIPAMPA;UNIPAMPA;Universidade;Pessoa Jurídica de Direito Público - Federal;103459;19;FARMÁCIA;Educação Presencial;4322400;URUGUAIANA;RS;34;32;24;0,7500;-0,3099;2,2787;3
2016;5322;FUNDAÇÃO UNIVERSIDADE FEDERAL DO PAMPA - UNIPAMPA;UNIPAMPA;Universidade;Pessoa Jurídica de Direito Público - Federal;103461;36;FISIOTERAPIA;Educação Presencial;4322400;URUGUAIANA;RS;28;25;19;0,7600;0,2611;2,6027;3
2016;409;UNIVERSIDADE DE PERNAMBUCO;UPE;Universidade;Pessoa Jurídica de Direito Público - Estadual;103496;36;FISIOTERAPIA;Educação Presencial;2611101;PETROLINA;PE;22;21;19;0,9048;0,3005;2,6202;3
2016;409;UNIVERSIDADE DE PERNAMBUCO;UPE;Universidade;Pessoa Jurídica de Direito Público - Estadual;103498;23;ENFERMAGEM;Educação Presencial;2611101;PETROLINA;PE;37;35;34;0,9714;1,0547;3,0000;4
2016;4198;FACULDADE MINEIRENSE;FAMA;Faculdade ;Privada com fins lucrativos;103504;23;ENFERMAGEM;Educação Presencial;5213103;MINEIROS;GO;3;3;3;1,0000;4,7582;4,7433;5
2016;4198;FACULDADE MINEIRENSE;FAMA;Faculdade ;Privada com fins lucrativos;103506;19;FARMÁCIA;Educação Presencial;5213103;MINEIROS;GO;16;15;12;0,8000;-0,9226;2,0124;3
2016;4198;FACULDADE MINEIRENSE;FAMA;Faculdade ;Privada com fins lucrativos;103508;36;FISIOTERAPIA;Educação Presencial;5213103;MINEIROS;GO;9;8;7;0,8750;-0,9108;2,0795;3
2016;4198;FACULDADE MINEIRENSE;FAMA;Faculdade ;Privada com fins lucrativos;103510;28;NUTRIÇÃO;Educação Presencial;5213103;MINEIROS;GO;23;21;15;0,7143;1,4935;3,1174;4
2016;4198;FACULDADE MINEIRENSE;FAMA;Faculdade ;Privada com fins lucrativos;103512;6;ODONTOLOGIA;Educação Presencial;5213103;MINEIROS;GO;87;87;72;0,8276;-0,6906;1,7432;2
2016;3189;INSTITUTO FEDERAL DE EDUCAÇÃO, CIÊNCIA E TECNOLOGIA DE MINAS GERAIS;IFMG;Instituto Federal de Educação, Ciência e Tecnologia;Pessoa Jurídica de Direito Público - Federal;103592;51;ZOOTECNIA;Educação Presencial;3105103;BAMBUÍ;MG;24;23;20;0,8696;-0,8777;2,4416;3
2016;967;FACULDADE DE TECNOLOGIA DE TAQUARITINGA;FATEC/TQ;Faculdade ;Pessoa Jurídica de Direito Público - Estadual;103594;90;TECNOLOGIA EM AGRONEGÓCIOS;Educação Presencial;3553708;TAQUARITINGA;SP;124;103;61;0,5922;-0,2895;2,5476;3
2016;6;UNIVERSIDADE FEDERAL DE OURO PRETO;UFOP;Universidade;Pessoa Jurídica de Direito Público - Federal;103596;12;MEDICINA;Educação Presencial;3146107;OURO PRETO;MG;75;73;59;0,8082;-0,2258;2,6795;3
2016;277;CENTRO UNIVERSITÁRIO AUGUSTO MOTTA;UNISUAM;Centro Universitário;Privada sem fins lucrativos;103950;3501;EDUCAÇÃO FÍSICA (BACHARELADO);Educação Presencial;3304557;RIO DE JANEIRO;RJ;152;123;18;0,1463;;;SC
2016;2336;FACULDADE MONTES BELOS;FMB;Faculdade ;Privada com fins lucrativos;103956;90;TECNOLOGIA EM AGRONEGÓCIOS;Educação Presencial;5220108;SÃO LUÍS DE MONTES BELOS;GO;6;6;3;0,5000;-5,4897;0,8961;1
2016;2794;FACULDADE DE CIÊNCIAS SOCIAIS E HUMANAS SOBRAL PINTO;FAIESP;Faculdade ;Pessoa Jurídica de Direito Privado - Com fins lucrativos - Sociedade Mercantil ou Comercial;104051;23;ENFERMAGEM;Educação Presencial;5107602;RONDONÓPOLIS;MT;51;46;37;0,8043;0,2899;2,6401;3
2016;2365;FACULDADE CATÓLICA DO TOCANTINS;FACTO;Faculdade ;Privada sem fins lucrativos;104096;92;TECNOLOGIA EM GESTÃO AMBIENTAL;Educação Presencial;1721000;PALMAS;TO;21;20;18;0,9000;1,2889;2,9759;4
2016;449;UNIVERSIDADE LUTERANA DO BRASIL;ULBRA;Universidade;Pessoa Jurídica de Direito Privado - Sem fins lucrativos - Fundação;104154;36;FISIOTERAPIA;Educação Presencial;4316907;SANTA MARIA;RS;15;15;10;0,6667;-1,5310;1,8026;2
2016;577;UNIVERSIDADE FEDERAL DE ALAGOAS;UFAL;Universidade;Pessoa Jurídica de Direito Público - Federal;104158;3501;EDUCAÇÃO FÍSICA (BACHARELADO);Educação Presencial;2704302;MACEIÓ;AL;94;64;36;0,5625;-0,5816;2,2026;3
2016;3741;FACULDADE DE EDUCAÇÃO DE BACABAL - FEBAC;FEBAC;Faculdade ;Privada com fins lucrativos;104180;23;ENFERMAGEM;Educação Presencial;2101202;BACABAL;MA;20;19;13;0,6842;-0,4636;2,2854;3
2016;4277;FACULDADE ESTÁCIO DO AMAZONAS - ESTÁCIO AMAZONAS;ESTÁCIO AMAZONAS;Faculdade ;Pessoa Jurídica de Direito Privado - Com fins lucrativos - Sociedade Civil;104250;28;NUTRIÇÃO;Educação Presencial;1302603;MANAUS;AM;43;39;23;0,5897;-0,9068;2,0350;3
2016;4277;FACULDADE ESTÁCIO DO AMAZONAS - ESTÁCIO AMAZONAS;ESTÁCIO AMAZONAS;Faculdade ;Pessoa Jurídica de Direito Privado - Com fins lucrativos - Sociedade Civil;104252;23;ENFERMAGEM;Educação Presencial;1302603;MANAUS;AM;226;204;133;0,6520;-0,4851;2,2752;3
2016;1420;FACULDADES DE DRACENA;0;Faculdade ;Pessoa Jurídica de Direito Privado - Sem fins lucrativos - Fundação;104259;38;SERVIÇO SOCIAL;Educação Presencial;3514403;DRACENA;SP;18;16;10;0,6250;1,7836;3,4764;4
2016;4277;FACULDADE ESTÁCIO DO AMAZONAS - ESTÁCIO AMAZONAS;ESTÁCIO AMAZONAS;Faculdade ;Pessoa Jurídica de Direito Privado - Com fins lucrativos - Sociedade Civil;104272;55;BIOMEDICINA;Educação Presencial;1302603;MANAUS;AM;67;50;34;0,6800;-0,7900;2,0117;3
2016;4277;FACULDADE ESTÁCIO DO AMAZONAS - ESTÁCIO AMAZONAS;ESTÁCIO AMAZONAS;Faculdade ;Pessoa Jurídica de Direito Privado - Com fins lucrativos - Sociedade Civil;104276;69;TECNOLOGIA EM RADIOLOGIA;Educação Presencial;1302603;MANAUS;AM;67;48;26;0,5417;-0,2554;2,3286;3
2016;4613;FACULDADE DE EDUCAÇÃO E MEIO AMBIENTE;FAEMA;Faculdade ;Privada com fins lucrativos;104306;23;ENFERMAGEM;Educação Presencial;1100023;ARIQUEMES;RO;24;24;19;0,7917;0,5291;2,7526;3
2016;4613;FACULDADE DE EDUCAÇÃO E MEIO AMBIENTE;FAEMA;Faculdade ;Privada com fins lucrativos;104308;19;FARMÁCIA;Educação Presencial;1100023;ARIQUEMES;RO;26;25;23;0,9200;-1,0559;1,9544;3
2016;4613;FACULDADE DE EDUCAÇÃO E MEIO AMBIENTE;FAEMA;Faculdade ;Privada com fins lucrativos;104312;36;FISIOTERAPIA;Educação Presencial;1100023;ARIQUEMES;RO;13;13;10;0,7692;-1,4738;1,8281;2
2016;5322;FUNDAÇÃO UNIVERSIDADE FEDERAL DO PAMPA - UNIPAMPA;UNIPAMPA;Universidade;Pessoa Jurídica de Direito Público - Federal;104356;51;ZOOTECNIA;Educação Presencial;4306601;DOM PEDRITO;RS;4;3;2;0,6667;-8,3816;0,0000;1
2016;4;UNIVERSIDADE FEDERAL DO AMAZONAS;UFAM;Universidade;Pessoa Jurídica de Direito Público - Federal;104364;3501;EDUCAÇÃO FÍSICA (BACHARELADO);Educação Presencial;1302603;MANAUS;AM;13;12;11;0,9167;2,0516;3,4101;4
2016;4;UNIVERSIDADE FEDERAL DO AMAZONAS;UFAM;Universidade;Pessoa Jurídica de Direito Público - Federal;104366;3501;EDUCAÇÃO FÍSICA (BACHARELADO);Educação Presencial;1302603;MANAUS;AM;19;15;11;0,7333;1,0174;2,9358;3
2016;2194;FACULDADE ANHANGUERA DO RIO GRANDE;0;Faculdade ;Privada com fins lucrativos;104382;36;FISIOTERAPIA;Educação Presencial;4315602;RIO GRANDE;RS;60;52;48;0,9231;-0,5134;2,2569;3
2016;1578;INSTITUTO FEDERAL DE EDUCAÇÃO, CIÊNCIA E TECNOLOGIA SUL-RIO-GRANDENSE;IFSul;Instituto Federal de Educação, Ciência e Tecnologia;Pessoa Jurídica de Direito Público - Federal;104444;92;TECNOLOGIA EM GESTÃO AMBIENTAL;Educação Presencial;4314407;PELOTAS;RS;13;0;0;0,0000;;;SC
2016;2147;FACULDADE METROPOLITANA DE MANAUS;FAMETRO;Faculdade ;Pessoa Jurídica de Direito Privado - Com fins lucrativos - Sociedade Civil;104478;23;ENFERMAGEM;Educação Presencial;1302603;MANAUS;AM;168;151;98;0,6490;-0,1807;2,4185;3
2016;2147;FACULDADE METROPOLITANA DE MANAUS;FAMETRO;Faculdade ;Pessoa Jurídica de Direito Privado - Com fins lucrativos - Sociedade Civil;104480;28;NUTRIÇÃO;Educação Presencial;1302603;MANAUS;AM;121;113;86;0,7611;-0,6234;2,1628;3
2016;2581;FACULDADE SÃO SALVADOR;FSS;Faculdade ;Privada com fins lucrativos;104494;36;FISIOTERAPIA;Educação Presencial;2927408;SALVADOR;BA;18;18;11;0,6111;-1,6627;1,7438;2
2016;588;UNIVERSIDADE TECNOLÓGICA FEDERAL DO PARANÁ;UTFPR;Universidade;Pessoa Jurídica de Direito Público - Federal;104532;69;TECNOLOGIA EM RADIOLOGIA;Educação Presencial;4106902;CURITIBA;PR;73;55;52;0,9455;0,5809;2,5635;3
2016;1672;INSTITUTO ESPERANÇA DE ENSINO SUPERIOR;IESPES;Faculdade ;Privada sem fins lucrativos;104534;23;ENFERMAGEM;Educação Presencial;1506807;SANTARÉM;PA;63;60;45;0,7500;-0,0147;2,4967;3
2016;1672;INSTITUTO ESPERANÇA DE ENSINO SUPERIOR;IESPES;Faculdade ;Privada sem fins lucrativos;104536;19;FARMÁCIA;Educação Presencial;1506807;SANTARÉM;PA;52;52;46;0,8846;0,1913;2,4966;3
2016;2773;FACULDADE DE MACAPÁ;FAMA;Faculdade ;Privada sem fins lucrativos;104538;6;ODONTOLOGIA;Educação Presencial;1600303;MACAPÁ;AP;45;40;31;0,7750;0,0348;2,5081;3
2016;688;UNIVERSIDADE ESTADUAL DO SUDOESTE DA BAHIA;UESB;Universidade;Pessoa Jurídica de Direito Público - Estadual;104584;19;FARMÁCIA;Educação Presencial;2918001;JEQUIÉ;BA;24;23;19;0,8261;0,7337;2,7324;3
2016;3987;FACULDADE UNIÃO DE GOYAZES;FUG;Faculdade ;Privada com fins lucrativos;104600;23;ENFERMAGEM;Educação Presencial;5221403;TRINDADE;GO;44;44;21;0,4773;-2,4530;1,3490;2
2016;3987;FACULDADE UNIÃO DE GOYAZES;FUG;Faculdade ;Privada com fins lucrativos;104604;28;NUTRIÇÃO;Educação Presencial;5221403;TRINDADE;GO;11;11;9;0,8182;0,0311;2,4579;3
2016;3987;FACULDADE UNIÃO DE GOYAZES;FUG;Faculdade ;Privada com fins lucrativos;104606;19;FARMÁCIA;Educação Presencial;5221403;TRINDADE;GO;28;27;22;0,8148;-0,3406;2,2654;3
2016;2288;FACULDADE ALMEIDA RODRIGUES;FAR;Faculdade ;Privada com fins lucrativos;104608;90;TECNOLOGIA EM AGRONEGÓCIOS;Educação Presencial;5218805;RIO VERDE;GO;29;29;12;0,4138;3,6441;3,7968;4
2016;3252;FACULDADE QUIRINÓPOLIS;FAQUI;Faculdade ;Pessoa Jurídica de Direito Privado - Com fins lucrativos - Sociedade Mercantil ou Comercial;104648;23;ENFERMAGEM;Educação Presencial;5218508;QUIRINÓPOLIS;GO;26;24;16;0,6667;-2,0366;1,5450;2
2016;1350;FACULDADE DO VALE DO JAGUARIBE;FVJ;Faculdade ;Privada com fins lucrativos;104722;23;ENFERMAGEM;Educação Presencial;2301109;ARACATI;CE;125;120;86;0,7167;-0,3612;2,3336;3
2016;712;CENTRO UNIVERSITÁRIO HERMÍNIO DA SILVEIRA;UNI IBMR;Centro Universitário;Privada com fins lucrativos;104746;55;BIOMEDICINA;Educação Presencial;3304557;RIO DE JANEIRO;RJ;63;56;42;0,7500;-0,4043;2,2043;3
2016;568;UNIVERSIDADE ESTADUAL DO MARANHÃO;UEMA;Universidade;Pessoa Jurídica de Direito Público - Estadual;104808;23;ENFERMAGEM;Educação Presencial;2109908;SANTA INÊS;MA;26;26;24;0,9231;0,6370;2,8034;3
2016;4656;FACULDADE ANHANGÜERA DE PIRACICABA;0;Faculdade ;Privada com fins lucrativos;104838;23;ENFERMAGEM;Educação Presencial;3538709;PIRACICABA;SP;66;63;16;0,2540;-1,1462;1,9641;3
2016;4655;FACULDADE ANHANGÜERA DE SOROCABA;FSO;Faculdade ;Privada com fins lucrativos;104846;36;FISIOTERAPIA;Educação Presencial;3552205;SOROCABA;SP;33;32;16;0,5000;0,0990;2,5303;3
2016;4656;FACULDADE ANHANGÜERA DE PIRACICABA;0;Faculdade ;Privada com fins lucrativos;104851;36;FISIOTERAPIA;Educação Presencial;3538709;PIRACICABA;SP;30;29;13;0,4483;0,6139;2,7602;3
2016;2917;FACULDADE BRASIL NORTE;FABRAN;Faculdade ;Privada sem fins lucrativos;104884;91;TECNOLOGIA EM GESTÃO HOSPITALAR;Educação Presencial;1600303;MACAPÁ;AP;25;25;19;0,7600;-1,9828;2,0697;3
2016;19512;INSTITUTO MASTER DE ENSINO PRESIDENTE ANTÔNIO CARLOS;IMEPAC;Faculdade ;Pessoa Jurídica de Direito Privado - Com fins lucrativos - Sociedade Civil;105068;3501;EDUCAÇÃO FÍSICA (BACHARELADO);Educação Presencial;3103504;ARAGUARI;MG;44;35;22;0,6286;0,4681;2,6839;3
2016;14263;Faculdade Presidente Antônio Carlos de Itajubá;0;Faculdade ;Pessoa Jurídica de Direito Privado - Sem fins lucrativos - Fundação;105082;23;ENFERMAGEM;Educação Presencial;3132404;ITAJUBÁ;MG;12;11;7;0,6364;-2,7710;1,1993;2
2016;3987;FACULDADE UNIÃO DE GOYAZES;FUG;Faculdade ;Privada com fins lucrativos;105172;36;FISIOTERAPIA;Educação Presencial;5221403;TRINDADE;GO;19;19;14;0,7368;-1,3560;1,8807;2
2016;3987;FACULDADE UNIÃO DE GOYAZES;FUG;Faculdade ;Privada com fins lucrativos;105174;3501;EDUCAÇÃO FÍSICA (BACHARELADO);Educação Presencial;5221403;TRINDADE;GO;90;81;31;0,3827;-1,6066;1,7325;2
2016;3610;FACULDADES INTEGRADAS PROMOVE DE BRASILIA;0;Faculdade ;Pessoa Jurídica de Direito Privado - Sem fins lucrativos - Sociedade;105310;55;BIOMEDICINA;Educação Presencial;5300108;BRASÍLIA;DF;31;25;18;0,7200;0,6422;2,7267;3
2016;3610;FACULDADES INTEGRADAS PROMOVE DE BRASILIA;0;Faculdade ;Pessoa Jurídica de Direito Privado - Sem fins lucrativos - Sociedade;105312;23;ENFERMAGEM;Educação Presencial;5300108;BRASÍLIA;DF;110;104;48;0,4615;-0,2734;2,3749;3
2016;15468;Faculdade Presidente Antônio Carlos de Leopoldina;0;Faculdade ;Pessoa Jurídica de Direito Privado - Sem fins lucrativos - Fundação;105416;55;BIOMEDICINA;Educação Presencial;3138401;LEOPOLDINA;MG;9;9;6;0,6667;0,3068;2,5593;3
2016;124;CENTRO UNIVERSITÁRIO DE ARARAQUARA;UNIARA;Centro Universitário;Privada sem fins lucrativos;105434;95;TECNOLOGIA EM ESTÉTICA E COSMÉTICA;Educação Presencial;3503208;ARARAQUARA;SP;69;68;45;0,6618;0,2663;2,6785;3
2016;322;UNIVERSIDADE PAULISTA;UNIP;Universidade;Privada sem fins lucrativos;105454;55;BIOMEDICINA;Educação Presencial;3506003;BAURU;SP;4;4;3;0,7500;9,2603;5,0000;5
2016;322;UNIVERSIDADE PAULISTA;UNIP;Universidade;Privada sem fins lucrativos;105456;55;BIOMEDICINA;Educação Presencial;5208707;GOIÂNIA;GO;67;63;56;0,8889;0,1670;2,4895;3
2016;322;UNIVERSIDADE PAULISTA;UNIP;Universidade;Privada sem fins lucrativos;105458;55;BIOMEDICINA;Educação Presencial;3550308;SÃO PAULO;SP;16;14;12;0,8571;2,1069;3,4580;4
2016;3396;FACULDADE LS;FACELS;Faculdade ;Privada com fins lucrativos;105514;69;TECNOLOGIA EM RADIOLOGIA;Educação Presencial;5300108;BRASÍLIA;DF;29;28;16;0,5714;-1,1675;2,0723;3
2016;216;CENTRO UNIVERSITÁRIO METODISTA IZABELA HENDRIX;CEUNIH;Centro Universitário;Privada sem fins lucrativos;105516;55;BIOMEDICINA;Educação Presencial;3106200;BELO HORIZONTE;MG;24;19;13;0,6842;-0,4700;2,1715;3
2016;3371;CENTRO UNIVERSITÁRIO DE PATOS DE MINAS;UNIPAM;Centro Universitário;Privada sem fins lucrativos;105522;3501;EDUCAÇÃO FÍSICA (BACHARELADO);Educação Presencial;3148004;PATOS DE MINAS;MG;23;23;14;0,6087;2,2052;3,4806;4
2016;584;UNIVERSIDADE FEDERAL DE GOIÁS;UFG;Universidade;Pessoa Jurídica de Direito Público - Federal;105526;55;BIOMEDICINA;Educação Presencial;5211909;JATAÍ;GO;41;40;36;0,9000;-0,6013;2,1059;3
2016;719;UNIVERSIDADE DO ESTADO DE MATO GROSSO;UNEMAT;Universidade;Pessoa Jurídica de Direito Público - Estadual;105575;23;ENFERMAGEM;Educação Presencial;5107958;TANGARÁ DA SERRA;MT;28;26;21;0,8077;-0,4778;2,2787;3
2016;208;UNIVERSIDADE DE RIBEIRÃO PRETO;UNAERP;Universidade;Privada sem fins lucrativos;105606;19;FARMÁCIA;Educação Presencial;3543402;RIBEIRÃO PRETO;SP;39;39;31;0,7949;-1,3403;1,8308;2
2016;601;INSTITUTO FEDERAL DE EDUCAÇÃO, CIÊNCIA E TECNOLOGIA DO RIO GRANDE DO SUL;IFRS;Instituto Federal de Educação, Ciência e Tecnologia;Pessoa Jurídica de Direito Público - Federal;105648;90;TECNOLOGIA EM AGRONEGÓCIOS;Educação Presencial;4320503;SERTÃO;RS;32;25;22;0,8800;-0,4813;2,4867;3
2016;3189;INSTITUTO FEDERAL DE EDUCAÇÃO, CIÊNCIA E TECNOLOGIA DE MINAS GERAIS;IFMG;Instituto Federal de Educação, Ciência e Tecnologia;Pessoa Jurídica de Direito Público - Federal;105662;17;AGRONOMIA;Educação Presencial;3105103;BAMBUÍ;MG;14;13;11;0,8462;1,4399;3,7261;4
2016;3987;FACULDADE UNIÃO DE GOYAZES;FUG;Faculdade ;Privada com fins lucrativos;105686;55;BIOMEDICINA;Educação Presencial;5221403;TRINDADE;GO;26;26;17;0,6538;0,3983;2,6050;3
2016;4450;FACULDADE METROPOLITANA DA AMAZÔNIA;FAMAZ;Faculdade ;Privada sem fins lucrativos;105736;91;TECNOLOGIA EM GESTÃO HOSPITALAR;Educação Presencial;1501402;BELÉM;PA;12;12;9;0,7500;-1,9461;2,0790;3
2016;1702;CENTRO UNIVERSITÁRIO ESTÁCIO DA AMAZÔNIA;ESTÁCIO AMAZÔNIA;Centro Universitário;Pessoa Jurídica de Direito Privado - Com fins lucrativos - Sociedade Civil;105764;92;TECNOLOGIA EM GESTÃO AMBIENTAL;Educação Presencial;1400100;BOA VISTA;RR;19;17;11;0,6471;-0,1766;2,4446;3
2016;5550;FACULDADE ANHANGUERA DE ANÁPOLIS;FAAA;Faculdade ;Privada com fins lucrativos;105866;19;FARMÁCIA;Educação Presencial;5201108;ANÁPOLIS;GO;116;107;79;0,7383;-0,3953;2,2416;3
2016;1510;CENTRO UNIVERSITÁRIO ESTÁCIO DE SANTA CATARINA - ESTÁCIO SANTA CATARINA;0;Centro Universitário;Privada com fins lucrativos;105868;23;ENFERMAGEM;Educação Presencial;4216602;SÃO JOSÉ;SC;80;78;31;0,3974;-0,0135;2,4972;3
2016;3393;FACULDADE DE ENSINO SUPERIOR DOM BOSCO;FACDOMBOSCO;Faculdade ;Privada com fins lucrativos;105870;19;FARMÁCIA;Educação Presencial;4106407;CORNÉLIO PROCÓPIO;PR;27;23;18;0,7826;-0,8635;2,0381;3
2016;449;UNIVERSIDADE LUTERANA DO BRASIL;ULBRA;Universidade;Pessoa Jurídica de Direito Privado - Sem fins lucrativos - Fundação;105874;95;TECNOLOGIA EM ESTÉTICA E COSMÉTICA;Educação Presencial;4316907;SANTA MARIA;RS;27;27;13;0,4815;1,8133;3,6266;4
2016;1436;ESCOLA SUPERIOR BATISTA DO AMAZONAS;ESBAM;Faculdade ;Privada com fins lucrativos;105890;38;SERVIÇO SOCIAL;Educação Presencial;1302603;MANAUS;AM;14;10;5;0,5000;0,4996;2,8772;3
2016;2158;FACULDADE SANTA MARIA;FSM;Faculdade ;Privada com fins lucrativos;105916;19;FARMÁCIA;Educação Presencial;2503704;CAJAZEIRAS;PB;30;28;24;0,8571;0,2251;2,5113;3
2016;1336;CENTRO UNIVERSITÁRIO ASSIS GURGACZ;FAG;Centro Universitário;Privada sem fins lucrativos;105920;5;MEDICINA VETERINÁRIA;Educação Presencial;4104808;CASCAVEL;PR;96;84;54;0,6429;0,1044;2,6753;3
2016;4450;FACULDADE METROPOLITANA DA AMAZÔNIA;FAMAZ;Faculdade ;Privada sem fins lucrativos;105922;23;ENFERMAGEM;Educação Presencial;1501402;BELÉM;PA;123;117;70;0,5983;-0,1908;2,4138;3
2016;757;FACULDADES INTEGRADAS DO TAPAJÓS;ISES;Faculdade ;Privada com fins lucrativos;105968;5;MEDICINA VETERINÁRIA;Educação Presencial;1506807;SANTARÉM;PA;63;61;48;0,7869;-0,6358;2,1181;3
2016;3268;FACULDADE MADRE THAIS;FMT;Faculdade ;Privada com fins lucrativos;105982;23;ENFERMAGEM;Educação Presencial;2913606;ILHÉUS;BA;19;18;9;0,5000;-1,7230;1,6925;2
2016;3618;FACULDADE MARIO SCHENBERG;FMS;Faculdade ;Privada com fins lucrativos;105986;55;BIOMEDICINA;Educação Presencial;3513009;COTIA;SP;11;10;6;0,6000;-0,4262;2,1933;3
2016;2620;FACULDADE DE AMPÉRE;FAMPER;Faculdade ;Privada com fins lucrativos;106018;38;SERVIÇO SOCIAL;Educação Presencial;4101002;AMPÉRE;PR;5;5;5;1,0000;-3,6914;0,9216;1
2016;265;FACULDADES INTEGRADAS DE OURINHOS;FIO;Faculdade ;Privada sem fins lucrativos;106020;19;FARMÁCIA;Educação Presencial;3534708;OURINHOS;SP;18;17;10;0,5882;3,5822;3,9707;5
2016;3615;FACULDADE PERNAMBUCANA DE SAÚDE ;FPS;Faculdade ;Privada sem fins lucrativos;106024;19;FARMÁCIA;Educação Presencial;2611606;RECIFE;PE;16;15;14;0,9333;-0,0295;2,4006;3
2016;449;UNIVERSIDADE LUTERANA DO BRASIL;ULBRA;Universidade;Pessoa Jurídica de Direito Privado - Sem fins lucrativos - Fundação;106074;92;TECNOLOGIA EM GESTÃO AMBIENTAL;Educação Presencial;4318408;SÃO JERÔNIMO;RS;34;29;25;0,8621;-0,0767;2,4808;3
2016;423;UNIVERSIDADE REGIONAL INTEGRADA DO ALTO URUGUAI E DAS MISSÕES;URI;Universidade;Privada sem fins lucrativos;106130;17;AGRONOMIA;Educação Presencial;4307005;ERECHIM;RS;21;21;19;0,9048;0,7132;3,2871;4
2016;423;UNIVERSIDADE REGIONAL INTEGRADA DO ALTO URUGUAI E DAS MISSÕES;URI;Universidade;Privada sem fins lucrativos;106132;17;AGRONOMIA;Educação Presencial;4317400;SANTIAGO;RS;53;48;36;0,7500;-0,1101;2,7898;3
2016;1581;FACULDADE DA CIDADE DE SANTA LUZIA;FACSAL;Faculdade ;Privada sem fins lucrativos;106137;19;FARMÁCIA;Educação Presencial;3157807;SANTA LUZIA;MG;6;6;2;0,3333;-4,2856;0,5504;1
2016;496;UNIVERSIDADE DE FRANCA;UNIFRAN;Universidade;Privada com fins lucrativos;106157;95;TECNOLOGIA EM ESTÉTICA E COSMÉTICA;Educação Presencial;3516200;FRANCA;SP;57;55;38;0,6909;-0,3413;2,3062;3
2016;496;UNIVERSIDADE DE FRANCA;UNIFRAN;Universidade;Privada com fins lucrativos;106169;92;TECNOLOGIA EM GESTÃO AMBIENTAL;Educação Presencial;3516200;FRANCA;SP;8;7;5;0,7143;3,0607;3,6182;4
2016;496;UNIVERSIDADE DE FRANCA;UNIFRAN;Universidade;Privada com fins lucrativos;106177;90;TECNOLOGIA EM AGRONEGÓCIOS;Educação Presencial;3516200;FRANCA;SP;15;14;11;0,7857;2,2481;3,3534;4
2016;521;UNIVERSIDADE DE MOGI DAS CRUZES;UMC;Universidade;Privada com fins lucrativos;106368;36;FISIOTERAPIA;Educação Presencial;3550308;SÃO PAULO;SP;25;20;9;0,4500;4,4412;4,4689;5
2016;521;UNIVERSIDADE DE MOGI DAS CRUZES;UMC;Universidade;Privada com fins lucrativos;106372;23;ENFERMAGEM;Educação Presencial;3550308;SÃO PAULO;SP;17;16;1;0,0625;;;SC
2016;521;UNIVERSIDADE DE MOGI DAS CRUZES;UMC;Universidade;Privada com fins lucrativos;106382;55;BIOMEDICINA;Educação Presencial;3550308;SÃO PAULO;SP;41;39;31;0,7949;0,3680;2,5898;3
2016;1187;CENTRO UNIVERSITÁRIO MÓDULO;MÓDULO;Centro Universitário;Privada com fins lucrativos;106436;23;ENFERMAGEM;Educação Presencial;3510500;CARAGUATATUBA;SP;57;54;30;0,5556;0,0384;2,5216;3
2016;457;UNIVERSIDADE ANHANGUERA DE SÃO PAULO - UNIAN-SP;UNIAN - SP;Universidade;Privada com fins lucrativos;106536;3501;EDUCAÇÃO FÍSICA (BACHARELADO);Educação Presencial;3547809;SANTO ANDRÉ;SP;21;17;4;0,2353;5,5186;5,0000;5
2016;535;CENTRO UNIVERSITÁRIO DE MANDAGUARI - UNIMAN;FAFIMAN;Faculdade ;Pessoa Jurídica de Direito Público - Municipal;106550;90;TECNOLOGIA EM AGRONEGÓCIOS;Educação Presencial;4114203;MANDAGUARI;PR;7;6;3;0,5000;-8,3112;0,0000;1
2016;82;UNIVERSIDADE DO OESTE DE SANTA CATARINA;UNOESC;Universidade;Pessoa Jurídica de Direito Público - Municipal;106648;23;ENFERMAGEM;Educação Presencial;4217204;SÃO MIGUEL DO OESTE;SC;30;30;22;0,7333;-0,2918;2,3662;3
2016;349;CENTRO UNIVERSITÁRIO DE BELO HORIZONTE;UNI-BH;Centro Universitário;Privada com fins lucrativos;106760;23;ENFERMAGEM;Educação Presencial;3106200;BELO HORIZONTE;MG;37;37;29;0,7838;1,5333;3,2253;4
2016;319;UNIVERSIDADE CAMILO CASTELO BRANCO;UNICASTELO;Universidade;Pessoa Jurídica de Direito Privado - Sem fins lucrativos - Fundação;106796;17;AGRONOMIA;Educação Presencial;3515509;FERNANDÓPOLIS;SP;98;89;57;0,6404;-0,0145;2,8475;3
2016;319;UNIVERSIDADE CAMILO CASTELO BRANCO;UNICASTELO;Universidade;Pessoa Jurídica de Direito Privado - Sem fins lucrativos - Fundação;106809;17;AGRONOMIA;Educação Presencial;3513702;DESCALVADO;SP;43;37;20;0,5405;-1,3320;2,0516;3
2016;1772;FACULDADE NORDESTE;FANOR;Faculdade ;Pessoa Jurídica de Direito Privado - Com fins lucrativos - Sociedade Civil;106820;23;ENFERMAGEM;Educação Presencial;2304400;FORTALEZA;CE;86;84;72;0,8571;0,0158;2,5110;3
2016;4566;ESTÁCIO FATERN - FACULDADE ESTÁCIO DO RIO GRANDE DO NORTE;ESTÁCIO FATERN;Faculdade ;Privada com fins lucrativos;106826;36;FISIOTERAPIA;Educação Presencial;2408102;NATAL;RN;80;78;53;0,6795;0,0717;2,5181;3
2016;1087;FACULDADES INTEGRADAS APARÍCIO CARVALHO;FIMCA;Faculdade ;Pessoa Jurídica de Direito Privado - Com fins lucrativos - Sociedade Civil;106830;17;AGRONOMIA;Educação Presencial;1100205;PORTO VELHO;RO;70;69;47;0,6812;-0,4441;2,5880;3
2016;456;CENTRO UNIVERSITÁRIO SANT´ANNA;UNISANT'ANNA;Centro Universitário;Privada sem fins lucrativos;106958;69;TECNOLOGIA EM RADIOLOGIA;Educação Presencial;3550308;SÃO PAULO;SP;15;7;1;0,1429;;;SC
2016;1917;FACULDADE DE CIÊNCIAS BIOMÉDICAS DE CACOAL;FACIMED;Faculdade ;Privada com fins lucrativos;106986;92;TECNOLOGIA EM GESTÃO AMBIENTAL;Educação Presencial;1100049;CACOAL;RO;1;0;0;0,0000;;;SC
2016;3396;FACULDADE LS;FACELS;Faculdade ;Privada com fins lucrativos;106992;91;TECNOLOGIA EM GESTÃO HOSPITALAR;Educação Presencial;5300108;BRASÍLIA;DF;9;8;4;0,5000;2,8941;3,3080;4
2016;4259;FACULDADE DE INHUMAS - FAC-MAIS;FACMAIS;Faculdade ;Privada com fins lucrativos;107038;23;ENFERMAGEM;Educação Presencial;5210000;INHUMAS;GO;22;22;15;0,6818;-1,6080;1,7467;2
2016;1643;FACULDADE ANÍSIO TEIXEIRA DE FEIRA DE SANTANA;FAT;Faculdade ;Privada sem fins lucrativos;107044;23;ENFERMAGEM;Educação Presencial;2910800;FEIRA DE SANTANA;BA;10;10;9;0,9000;2,2912;3,5821;4
2016;2023;FACULDADE DE GUANAMBI;0;Faculdade ;Privada com fins lucrativos;107068;28;NUTRIÇÃO;Educação Presencial;2911709;GUANAMBI;BA;10;9;9;1,0000;-2,2291;1,4387;2
2016;3434;FACULDADE DE SAÚDE IBITURUNA;FASI;Faculdade ;Pessoa Jurídica de Direito Privado - Sem fins lucrativos - Sociedade;107073;23;ENFERMAGEM;Educação Presencial;3143302;MONTES CLAROS;MG;76;69;51;0,7391;0,6593;2,8139;3
2016;826;CENTRO UNIVERSITÁRIO DE DESENVOLVIMENTO DO CENTRO-OESTE;UNIDESC;Centro Universitário;Privada sem fins lucrativos;107102;19;FARMÁCIA;Educação Presencial;5212501;LUZIÂNIA;GO;17;13;4;0,3077;2,6614;3,5704;4
2016;826;CENTRO UNIVERSITÁRIO DE DESENVOLVIMENTO DO CENTRO-OESTE;UNIDESC;Centro Universitário;Privada sem fins lucrativos;107109;69;TECNOLOGIA EM RADIOLOGIA;Educação Presencial;5212501;LUZIÂNIA;GO;13;13;8;0,6154;0,2966;2,4836;3
2016;1196;CENTRO UNIVERSITÁRIO DE MARINGÁ - UNICESUMAR;UNICESUMAR;Centro Universitário;Pessoa Jurídica de Direito Privado - Com fins lucrativos - Sociedade Mercantil ou Comercial;107120;36;FISIOTERAPIA;Educação Presencial;4115200;MARINGÁ;PR;29;29;24;0,8276;0,6982;2,7978;3
2016;926;CENTRO UNIVERSITÁRIO ANHANGUERA DE CAMPO GRANDE;0;Centro Universitário;Privada com fins lucrativos;107126;23;ENFERMAGEM;Educação Presencial;5002704;CAMPO GRANDE;MS;92;78;54;0,6923;-0,1084;2,4526;3
2016;926;CENTRO UNIVERSITÁRIO ANHANGUERA DE CAMPO GRANDE;0;Centro Universitário;Privada com fins lucrativos;107128;36;FISIOTERAPIA;Educação Presencial;5002704;CAMPO GRANDE;MS;17;17;16;0,9412;-0,4265;2,2957;3
2016;1189;UNIVERSIDADE DO PLANALTO CATARINENSE;UNIPLAC;Universidade;Privada sem fins lucrativos;107138;95;TECNOLOGIA EM ESTÉTICA E COSMÉTICA;Educação Presencial;4209300;LAGES;SC;28;27;13;0,4815;1,7885;3,6114;4
2016;383;UNIVERSIDADE DA AMAZÔNIA;UNAMA;Universidade;Privada com fins lucrativos;107224;23;ENFERMAGEM;Educação Presencial;1501402;BELÉM;PA;177;156;125;0,8013;0,1525;2,5754;3
2016;383;UNIVERSIDADE DA AMAZÔNIA;UNAMA;Universidade;Privada com fins lucrativos;107227;28;NUTRIÇÃO;Educação Presencial;1501402;BELÉM;PA;76;63;50;0,7937;-0,6976;2,1293;3
2016;398;UNIVERSIDADE TIRADENTES;UNIT;Universidade;Privada com fins lucrativos;107246;3501;EDUCAÇÃO FÍSICA (BACHARELADO);Educação Presencial;2800308;ARACAJU;SE;179;163;79;0,4847;0,5114;2,7038;3
2016;3641;CENTRO UNIVERSITÁRIO DA FUNDAÇÃO EDUCACIONAL DE BARRETOS;UNIFEB;Centro Universitário;Privada sem fins lucrativos;107283;17;AGRONOMIA;Educação Presencial;3505500;BARRETOS;SP;39;29;23;0,7931;-1,1332;2,1717;3
2016;3797;FACULDADE GUAIRACÁ;FAG;Faculdade ;Privada com fins lucrativos;107286;36;FISIOTERAPIA;Educação Presencial;4109401;GUARAPUAVA;PR;45;43;39;0,9070;-0,0464;2,4654;3
2016;167;UNIVERSIDADE METODISTA DE SÃO PAULO;UMESP;Universidade;Privada sem fins lucrativos;107338;3501;EDUCAÇÃO FÍSICA (BACHARELADO);Educação Presencial;3548708;SÃO BERNARDO DO CAMPO;SP;40;39;24;0,6154;0,8328;2,8512;3
2016;3188;INSTITUTO FEDERAL DE EDUCAÇÃO, CIÊNCIA E TECNOLOGIA DO NORTE DE MINAS GERAIS;IFNMG;Instituto Federal de Educação, Ciência e Tecnologia;Pessoa Jurídica de Direito Público - Federal;107476;17;AGRONOMIA;Educação Presencial;3135209;JANUÁRIA;MG;21;20;18;0,9000;-0,8466;2,3449;3
2016;2564;UNIVERSIDADE FEDERAL DE CAMPINA GRANDE;UFCG;Universidade;Pessoa Jurídica de Direito Público - Federal;107492;23;ENFERMAGEM;Educação Presencial;2505105;CUITÉ;PB;52;52;50;0,9615;0,5419;2,7587;3
2016;2564;UNIVERSIDADE FEDERAL DE CAMPINA GRANDE;UFCG;Universidade;Pessoa Jurídica de Direito Público - Federal;107495;19;FARMÁCIA;Educação Presencial;2505105;CUITÉ;PB;81;81;78;0,9630;-0,2196;2,3180;3
2016;480;CENTRO UNIVERSITÁRIO SERRA DOS ÓRGÃOS;UNIFESO;Centro Universitário;Privada sem fins lucrativos;107550;19;FARMÁCIA;Educação Presencial;3305802;TERESÓPOLIS;RJ;1;0;0;0,0000;;;SC
2016;4567;FACULDADE CENTRO MATO-GROSSENSE;0;Faculdade ;Privada sem fins lucrativos;107564;17;AGRONOMIA;Educação Presencial;5107925;SORRISO;MT;73;65;42;0,6462;-1,8614;1,7318;2
2016;176;UNIVERSIDADE CASTELO BRANCO;UCB;Universidade;Privada sem fins lucrativos;107584;92;TECNOLOGIA EM GESTÃO AMBIENTAL;Educação Presencial;3304557;RIO DE JANEIRO;RJ;33;20;9;0,4500;-4,7472;0,7875;1
2016;4655;FACULDADE ANHANGÜERA DE SOROCABA;FSO;Faculdade ;Privada com fins lucrativos;107614;23;ENFERMAGEM;Educação Presencial;3552205;SOROCABA;SP;83;81;35;0,4321;-0,9262;2,0676;3
2016;1805;FACULDADE DOS GUARARAPES;FG;Faculdade ;Pessoa Jurídica de Direito Privado - Com fins lucrativos - Sociedade Civil;107619;3501;EDUCAÇÃO FÍSICA (BACHARELADO);Educação Presencial;2607901;JABOATÃO DOS GUARARAPES;PE;74;71;37;0,5211;-0,0849;2,4304;3
2016;1815;FACULDADE DO INSTITUTO BRASIL;FIBRA;Faculdade ;Privada com fins lucrativos;107627;23;ENFERMAGEM;Educação Presencial;5201108;ANÁPOLIS;GO;22;19;13;0,6842;0,3500;2,6683;3
2016;4362;FACULDADE PITÁGORAS DE BETIM;PITÁGORAS-BETIM;Faculdade ;Privada com fins lucrativos;107631;3501;EDUCAÇÃO FÍSICA (BACHARELADO);Educação Presencial;3106705;BETIM;MG;45;38;25;0,6579;0,4391;2,6707;3
2016;1396;Centro Universitário Dinâmica das Cataratas;UDC;Centro Universitário;Privada com fins lucrativos;107635;17;AGRONOMIA;Educação Presencial;4108304;FOZ DO IGUAÇU;PR;52;46;34;0,7391;-0,0446;2,8293;3
2016;4530;CENTRO UNIVERSITÁRIO TIRADENTES;FITS;Centro Universitário;Privada com fins lucrativos;107656;55;BIOMEDICINA;Educação Presencial;2704302;MACEIÓ;AL;46;45;31;0,6889;0,2565;2,5342;3
2016;2122;Estácio FASE - Faculdade Estácio de Sergipe;Estácio FASE;Faculdade ;Privada com fins lucrativos;107658;36;FISIOTERAPIA;Educação Presencial;2800308;ARACAJU;SE;96;93;62;0,6667;0,2379;2,5923;3
2016;4256;FACULDADES INTEGRADAS PITÁGORAS;FIP-MOC;Faculdade ;Privada com fins lucrativos;107666;12;MEDICINA;Educação Presencial;3143302;MONTES CLAROS;MG;104;104;90;0,8654;-1,1474;1,6748;2
2016;1082;INSTITUTO FEDERAL DE EDUCAÇÃO, CIÊNCIA E TECNOLOGIA DO RIO GRANDE DO NORTE;IFRN;Instituto Federal de Educação, Ciência e Tecnologia;Pessoa Jurídica de Direito Público - Federal;107752;92;TECNOLOGIA EM GESTÃO AMBIENTAL;Educação a Distância;2408102;NATAL;RN;38;30;29;0,9667;-0,1521;2,4534;3
2016;1128;UNIVERSIDADE DE ITAÚNA;UI;Universidade;Privada sem fins lucrativos;107766;12;MEDICINA;Educação Presencial;3133808;ITAÚNA;MG;105;105;102;0,9714;-0,6482;2,2190;3
2016;2158;FACULDADE SANTA MARIA;FSM;Faculdade ;Privada com fins lucrativos;107823;38;SERVIÇO SOCIAL;Educação Presencial;2503704;CAJAZEIRAS;PB;47;44;36;0,8182;-0,3073;2,5007;3
2016;4846;FACULDADE VÉRTICE;VÉRTICE;Faculdade ;Privada com fins lucrativos;107832;23;ENFERMAGEM;Educação Presencial;3140902;MATIPÓ;MG;12;12;9;0,7500;-2,2261;1,4557;2
2016;3615;FACULDADE PERNAMBUCANA DE SAÚDE ;FPS;Faculdade ;Privada sem fins lucrativos;107854;36;FISIOTERAPIA;Educação Presencial;2611606;RECIFE;PE;33;30;25;0,8333;-0,0470;2,4651;3
2016;18759;UNIVERSIDADE FEDERAL DO CARIRI;UFCA;Universidade;Pessoa Jurídica de Direito Público - Federal;107892;17;AGRONOMIA;Educação Presencial;2304202;CRATO;CE;25;22;20;0,9091;-3,3794;0,8148;1
2016;584;UNIVERSIDADE FEDERAL DE GOIÁS;UFG;Universidade;Pessoa Jurídica de Direito Público - Federal;107896;23;ENFERMAGEM;Educação Presencial;5211909;JATAÍ;GO;21;20;15;0,7500;0,6456;2,8075;3
2016;3371;CENTRO UNIVERSITÁRIO DE PATOS DE MINAS;UNIPAM;Centro Universitário;Privada sem fins lucrativos;108014;12;MEDICINA;Educação Presencial;3148004;PATOS DE MINAS;MG;51;51;47;0,9216;-1,4998;1,2907;2
2016;3977;FACULDADE DE TECNOLOGIA DO AMAPÁ;META;Faculdade ;Privada com fins lucrativos;108104;69;TECNOLOGIA EM RADIOLOGIA;Educação Presencial;1600303;MACAPÁ;AP;25;25;12;0,4800;1,3049;2,7669;3
2016;4429;FACULDADE UNIGRAN CAPITAL;UNIGRAN CAPITAL;Faculdade ;Pessoa Jurídica de Direito Privado - Sem fins lucrativos - Fundação;108124;23;ENFERMAGEM;Educação Presencial;5002704;CAMPO GRANDE;MS;22;22;20;0,9091;1,4755;3,1981;4
2016;4531;FACULDADE ADVENTISTA DA BAHIA;FADBA;Faculdade ;Privada sem fins lucrativos;108128;23;ENFERMAGEM;Educação Presencial;2904902;CACHOEIRA;BA;55;54;38;0,7037;0,1606;2,5792;3
2016;5511;FACULDADE CAMPO REAL;CAMPO REAL;Faculdade ;Privada com fins lucrativos;108138;23;ENFERMAGEM;Educação Presencial;4109401;GUARAPUAVA;PR;39;39;32;0,8205;0,5484;2,7617;3
2016;4429;FACULDADE UNIGRAN CAPITAL;UNIGRAN CAPITAL;Faculdade ;Pessoa Jurídica de Direito Privado - Sem fins lucrativos - Fundação;108288;95;TECNOLOGIA EM ESTÉTICA E COSMÉTICA;Educação Presencial;5002704;CAMPO GRANDE;MS;46;45;29;0,6444;-0,1811;2,4044;3
2016;5403;FACULDADES OPET;0;Faculdade ;Privada com fins lucrativos;108312;95;TECNOLOGIA EM ESTÉTICA E COSMÉTICA;Educação Presencial;4106902;CURITIBA;PR;159;149;112;0,7517;-0,1765;2,4072;3
2016;1917;FACULDADE DE CIÊNCIAS BIOMÉDICAS DE CACOAL;FACIMED;Faculdade ;Privada com fins lucrativos;108376;90;TECNOLOGIA EM AGRONEGÓCIOS;Educação Presencial;1100049;CACOAL;RO;18;16;15;0,9375;0,7441;2,8758;3
2016;4751;FACULDADE DE TECNOLOGIA E CIENCIAS DO NORTE DO PARANÁ;FATECIE;Faculdade ;Privada com fins lucrativos;108411;92;TECNOLOGIA EM GESTÃO AMBIENTAL;Educação Presencial;4118402;PARANAVAÍ;PR;9;9;5;0,5556;-2,1613;1,7250;2
2016;5511;FACULDADE CAMPO REAL;CAMPO REAL;Faculdade ;Privada com fins lucrativos;108419;28;NUTRIÇÃO;Educação Presencial;4109401;GUARAPUAVA;PR;19;19;15;0,7895;-0,6508;2,1505;3
2016;3879;FACULDADE MAURÍCIO DE NASSAU DE CAMPINA GRANDE;FMN CG;Faculdade ;Privada com fins lucrativos;108424;55;BIOMEDICINA;Educação Presencial;2504009;CAMPINA GRANDE;PB;190;147;123;0,8367;-0,4461;2,1834;3
2016;5670;FACULDADES UNIDAS DO VALE DO ARAGUAIA;UNIVAR;Faculdade ;Privada sem fins lucrativos;108430;38;SERVIÇO SOCIAL;Educação Presencial;5101803;BARRA DO GARÇAS;MT;23;19;17;0,8947;0,4584;2,8580;3
2016;4901;FACULDADE FASIPE;FASIPE;Faculdade ;Privada com fins lucrativos;108441;23;ENFERMAGEM;Educação Presencial;5107909;SINOP;MT;23;22;15;0,6818;-0,3025;2,3612;3
2016;4901;FACULDADE FASIPE;FASIPE;Faculdade ;Privada com fins lucrativos;108443;55;BIOMEDICINA;Educação Presencial;5107909;SINOP;MT;56;47;35;0,7447;-0,0959;2,3582;3
2016;4113;FACULDADE DE CERES;FACER;Faculdade ;Privada com fins lucrativos;108454;19;FARMÁCIA;Educação Presencial;5205406;CERES;GO;50;45;34;0,7556;-0,6624;2,1255;3
2016;4113;FACULDADE DE CERES;FACER;Faculdade ;Privada com fins lucrativos;108458;23;ENFERMAGEM;Educação Presencial;5205406;CERES;GO;42;40;33;0,8250;-0,7430;2,1538;3
2016;2565;ABEU - CENTRO UNIVERSITÁRIO;UNIABEU;Centro Universitário;Privada sem fins lucrativos;108474;19;FARMÁCIA;Educação Presencial;3300456;BELFORD ROXO;RJ;88;84;46;0,5476;-0,1222;2,3603;3
2016;570;UNIVERSIDADE FEDERAL DO RIO GRANDE DO NORTE;UFRN;Universidade;Pessoa Jurídica de Direito Público - Federal;108486;23;ENFERMAGEM;Educação Presencial;2411205;SANTA CRUZ;RN;38;37;35;0,9459;-2,2307;1,4536;2
2016;663;UNIVERSIDADE SALGADO DE OLIVEIRA;UNIVERSO;Universidade;Pessoa Jurídica de Direito Privado - Sem fins lucrativos - Fundação;108496;95;TECNOLOGIA EM ESTÉTICA E COSMÉTICA;Educação Presencial;3303302;NITERÓI;RJ;27;25;6;0,2400;-1,4307;1,6386;2
2016;663;UNIVERSIDADE SALGADO DE OLIVEIRA;UNIVERSO;Universidade;Pessoa Jurídica de Direito Privado - Sem fins lucrativos - Fundação;108525;28;NUTRIÇÃO;Educação Presencial;3301009;CAMPOS DOS GOYTACAZES;RJ;29;26;10;0,3846;3,3629;3,9604;5
2016;1160;FACULDADE CAMBURY;CAMBURY;Faculdade ;Privada com fins lucrativos;108628;95;TECNOLOGIA EM ESTÉTICA E COSMÉTICA;Educação Presencial;5208707;GOIÂNIA;GO;196;169;69;0,4083;-0,4698;2,2274;3
2016;1575;CENTRO UNIVERSITÁRIO DO PLANALTO DE ARAXÁ;UNIARAXÁ;Centro Universitário;Privada sem fins lucrativos;108654;17;AGRONOMIA;Educação Presencial;3104007;ARAXÁ;MG;57;55;32;0,5818;1,0072;3,4647;4
2016;1519;FACULDADE DE PATO BRANCO;FADEP;Faculdade ;Privada com fins lucrativos;108676;3501;EDUCAÇÃO FÍSICA (BACHARELADO);Educação Presencial;4118501;PATO BRANCO;PR;65;50;30;0,6000;-0,5284;2,2270;3
2016;2111;INSTITUTO SUPERIOR DE TEOLOGIA APLICADA;INTA;Faculdade ;Privada sem fins lucrativos;108688;36;FISIOTERAPIA;Educação Presencial;2312908;SOBRAL;CE;93;87;65;0,7471;-0,3131;2,3463;3
2016;2111;INSTITUTO SUPERIOR DE TEOLOGIA APLICADA;INTA;Faculdade ;Privada sem fins lucrativos;108690;23;ENFERMAGEM;Educação Presencial;2312908;SOBRAL;CE;198;181;141;0,7790;-0,2492;2,3863;3
2016;1038;FACULDADES INTEGRADAS DE TRÊS LAGOAS;AEMS;Faculdade ;Privada sem fins lucrativos;108692;55;BIOMEDICINA;Educação Presencial;5008305;TRÊS LAGOAS;MS;19;18;14;0,7778;-0,2977;2,2575;3
2016;3588;FACULDADE DOM PEDRO II;FDPII;Faculdade ;Privada com fins lucrativos;108696;36;FISIOTERAPIA;Educação Presencial;2927408;SALVADOR;BA;84;82;54;0,6585;-0,1953;2,3989;3
2016;1319;FACULDADE TECSOMA;FATEC;Faculdade ;Privada com fins lucrativos;108698;55;BIOMEDICINA;Educação Presencial;3147006;PARACATU;MG;17;15;12;0,8000;0,3449;2,5783;3
2016;1131;FACULDADE SANTO AGOSTINHO;FSA;Faculdade ;Privada com fins lucrativos;108702;19;FARMÁCIA;Educação Presencial;2211001;TERESINA;PI;83;80;73;0,9125;-0,0671;2,3843;3
2016;2158;FACULDADE SANTA MARIA;FSM;Faculdade ;Privada com fins lucrativos;108706;55;BIOMEDICINA;Educação Presencial;2503704;CAJAZEIRAS;PB;65;61;60;0,9836;-0,3126;2,2501;3
2016;1640;FACULDADE DE CIÊNCIAS HUMANAS E SOCIAIS;FACULDADE AGES;Centro Universitário;Privada com fins lucrativos;108708;23;ENFERMAGEM;Educação Presencial;2923803;PARIPIRANGA;BA;65;65;56;0,8615;0,4497;2,7153;3
2016;5670;FACULDADES UNIDAS DO VALE DO ARAGUAIA;UNIVAR;Faculdade ;Privada sem fins lucrativos;108710;23;ENFERMAGEM;Educação Presencial;5101803;BARRA DO GARÇAS;MT;35;31;28;0,9032;-0,3094;2,3580;3
2016;1381;FACULDADE MARTHA FALCÃO;FMF;Faculdade ;Privada com fins lucrativos;108719;38;SERVIÇO SOCIAL;Educação Presencial;1302603;MANAUS;AM;28;25;12;0,4800;-0,8040;2,2689;3
2016;2501;FACULDADE ESTÁCIO DE SÁ DE GOIÁS;FESGO;Faculdade ;Privada com fins lucrativos;108723;3501;EDUCAÇÃO FÍSICA (BACHARELADO);Educação Presencial;5208707;GOIÂNIA;GO;75;63;31;0,4921;-0,7307;2,1342;3
2016;1087;FACULDADES INTEGRADAS APARÍCIO CARVALHO;FIMCA;Faculdade ;Pessoa Jurídica de Direito Privado - Com fins lucrativos - Sociedade Civil;108725;28;NUTRIÇÃO;Educação Presencial;1100205;PORTO VELHO;RO;22;21;12;0,5714;-1,8748;1,5985;2
2016;4362;FACULDADE PITÁGORAS DE BETIM;PITÁGORAS-BETIM;Faculdade ;Privada com fins lucrativos;108752;19;FARMÁCIA;Educação Presencial;3106705;BETIM;MG;20;20;16;0,8000;2,6433;3,5626;4
2016;3805;FACULDADE DE TECNOLOGIA DA PARAÍBA;FATECPB;Faculdade ;Privada com fins lucrativos;108808;95;TECNOLOGIA EM ESTÉTICA E COSMÉTICA;Educação Presencial;2503209;CABEDELO;PB;36;22;11;0,5000;0,2684;2,6798;3
2016;135;CENTRO UNIVERSITÁRIO CLARETIANO;CEUCLAR;Centro Universitário;Privada sem fins lucrativos;108872;92;TECNOLOGIA EM GESTÃO AMBIENTAL;Educação a Distância;3505906;BATATAIS;SP;62;42;24;0,5714;-0,2334;2,4240;3
2016;1336;CENTRO UNIVERSITÁRIO ASSIS GURGACZ;FAG;Centro Universitário;Privada sem fins lucrativos;108882;12;MEDICINA;Educação Presencial;4104808;CASCAVEL;PR;49;49;43;0,8776;-0,7621;2,0948;3
2016;384;CENTRO UNIVERSITÁRIO DE ANÁPOLIS;UNIEVANGÉLICA;Centro Universitário;Privada sem fins lucrativos;108884;12;MEDICINA;Educação Presencial;5201108;ANÁPOLIS;GO;124;124;109;0,8790;-0,4719;2,4112;3
2016;663;UNIVERSIDADE SALGADO DE OLIVEIRA;UNIVERSO;Universidade;Pessoa Jurídica de Direito Privado - Sem fins lucrativos - Fundação;108938;28;NUTRIÇÃO;Educação Presencial;2611606;RECIFE;PE;50;48;33;0,6875;-0,2059;2,3511;3
2016;663;UNIVERSIDADE SALGADO DE OLIVEIRA;UNIVERSO;Universidade;Pessoa Jurídica de Direito Privado - Sem fins lucrativos - Fundação;108970;19;FARMÁCIA;Educação Presencial;5208707;GOIÂNIA;GO;37;36;27;0,7500;-0,1536;2,3467;3
2016;5599;LIBERTAS - FACULDADES INTEGRADAS;LIBERTAS;Faculdade ;Privada sem fins lucrativos;109000;23;ENFERMAGEM;Educação Presencial;3164704;SÃO SEBASTIÃO DO PARAÍSO;MG;7;6;4;0,6667;3,9163;4,3470;5
2016;663;UNIVERSIDADE SALGADO DE OLIVEIRA;UNIVERSO;Universidade;Pessoa Jurídica de Direito Privado - Sem fins lucrativos - Fundação;109028;23;ENFERMAGEM;Educação Presencial;2927408;SALVADOR;BA;82;80;46;0,5750;-0,5752;2,2329;3
2016;1087;FACULDADES INTEGRADAS APARÍCIO CARVALHO;FIMCA;Faculdade ;Pessoa Jurídica de Direito Privado - Com fins lucrativos - Sociedade Civil;109258;51;ZOOTECNIA;Educação Presencial;1100205;PORTO VELHO;RO;44;40;24;0,6000;-1,2646;2,2812;3
2016;3337;FACULDADE DE TECNOLOGIA DE TERESINA;FACULDADE CET;Faculdade ;Privada com fins lucrativos;109260;55;BIOMEDICINA;Educação Presencial;2211001;TERESINA;PI;13;11;11;1,0000;-2,8559;0,9803;2
2016;1785;FACULDADE DE COLIDER;FACIDER;Faculdade ;Privada sem fins lucrativos;109282;19;FARMÁCIA;Educação Presencial;5103205;COLÍDER;MT;23;22;13;0,5909;-1,3868;1,8106;2
2016;1107;Centro Universitário Estácio do Ceará;Estácio FIC;Centro Universitário;Privada com fins lucrativos;109284;28;NUTRIÇÃO;Educação Presencial;2304400;FORTALEZA;CE;345;332;234;0,7048;-0,1468;2,3777;3
2016;2771;CENTRO DE ENSINO SUPERIOR DE ILHÉUS;CESUPI;Faculdade ;Privada com fins lucrativos;109286;28;NUTRIÇÃO;Educação Presencial;2913606;ILHÉUS;BA;44;35;31;0,8857;0,0110;2,4489;3
2016;2771;CENTRO DE ENSINO SUPERIOR DE ILHÉUS;CESUPI;Faculdade ;Privada com fins lucrativos;109288;23;ENFERMAGEM;Educação Presencial;2913606;ILHÉUS;BA;32;26;18;0,6923;-0,8186;2,1183;3
2016;3603;FACULDADE ANHANGUERA DE GUARULHOS;0;Faculdade ;Privada com fins lucrativos;109298;19;FARMÁCIA;Educação Presencial;3518800;GUARULHOS;SP;2;0;0;0,0000;;;SC
2016;5369;FACULDADES INTEGRADAS ASMEC;ASMEC;Faculdade ;Privada com fins lucrativos;109300;23;ENFERMAGEM;Educação Presencial;3146008;OURO FINO;MG;11;11;8;0,7273;1,8134;3,3572;4
2016;2501;FACULDADE ESTÁCIO DE SÁ DE GOIÁS;FESGO;Faculdade ;Privada com fins lucrativos;109303;19;FARMÁCIA;Educação Presencial;5208707;GOIÂNIA;GO;104;96;61;0,6354;0,3219;2,5534;3
2016;1552;FACULDADE PIAUIENSE;FAP;Faculdade ;Privada com fins lucrativos;109305;28;NUTRIÇÃO;Educação Presencial;2207702;PARNAÍBA;PI;44;34;31;0,9118;-0,9926;1,9963;3
2016;1883;FACULDADE DE CIÊNCIAS AGRÁRIAS E DA SAÚDE;FAS;Faculdade ;Privada com fins lucrativos;109309;23;ENFERMAGEM;Educação Presencial;2919207;LAURO DE FREITAS;BA;24;20;17;0,8500;1,8132;3,3571;4
2016;2568;FACULDADE ZACARIAS DE GÓES;FAZAG;Faculdade ;Pessoa Jurídica de Direito Privado - Com fins lucrativos - Sociedade Civil;109320;36;FISIOTERAPIA;Educação Presencial;2932903;VALENÇA;BA;72;55;39;0,7091;-0,7685;2,1430;3
2016;2568;FACULDADE ZACARIAS DE GÓES;FAZAG;Faculdade ;Pessoa Jurídica de Direito Privado - Com fins lucrativos - Sociedade Civil;109322;23;ENFERMAGEM;Educação Presencial;2932903;VALENÇA;BA;60;49;36;0,7347;-1,0446;2,0119;3
2016;3304;FACULDADES INTEGRADAS DE PATOS;FIP;Faculdade ;Privada com fins lucrativos;109337;6;ODONTOLOGIA;Educação Presencial;2510808;PATOS;PB;76;75;59;0,7867;-0,3907;2,0594;3
2016;1472;CENTRO UNIVERSITÁRIO LEONARDO DA VINCI;UNIASSELVI;Centro Universitário;Privada com fins lucrativos;109418;92;TECNOLOGIA EM GESTÃO AMBIENTAL;Educação a Distância;4207502;INDAIAL;SC;500;334;108;0,3234;-0,2427;2,4206;3
2016;489;CENTRO UNIVERSITÁRIO DE VOLTA REDONDA;UNIFOA;Centro Universitário;Privada sem fins lucrativos;109456;3501;EDUCAÇÃO FÍSICA (BACHARELADO);Educação Presencial;3306305;VOLTA REDONDA;RJ;49;46;26;0,5652;0,7534;2,8148;3
2016;3588;FACULDADE DOM PEDRO II;FDPII;Faculdade ;Privada com fins lucrativos;109458;38;SERVIÇO SOCIAL;Educação Presencial;2927408;SALVADOR;BA;265;226;138;0,6106;-1,0853;2,1376;3
2016;1299;FACULDADES INTEGRADAS DE FERNANDÓPOLIS;FIFE;Faculdade ;Privada sem fins lucrativos;109482;95;TECNOLOGIA EM ESTÉTICA E COSMÉTICA;Educação Presencial;3515509;FERNANDÓPOLIS;SP;34;31;17;0,5484;1,5949;3,4928;4
2016;451;CENTRO UNIVERSITÁRIO LUTERANO DE SANTARÉM;CEULS;Centro Universitário;Pessoa Jurídica de Direito Privado - Sem fins lucrativos - Fundação;109484;17;AGRONOMIA;Educação Presencial;1506807;SANTARÉM;PA;30;26;23;0,8846;-1,9947;1,6513;2
2016;3826;FACULDADE VASCO DA GAMA;FVG;Faculdade ;Privada sem fins lucrativos;109504;38;SERVIÇO SOCIAL;Educação Presencial;2927408;SALVADOR;BA;48;42;14;0,3333;-1,7527;1,8262;2
2016;1087;FACULDADES INTEGRADAS APARÍCIO CARVALHO;FIMCA;Faculdade ;Pessoa Jurídica de Direito Privado - Com fins lucrativos - Sociedade Civil;109533;38;SERVIÇO SOCIAL;Educação Presencial;1100205;PORTO VELHO;RO;43;43;26;0,6047;-1,3876;1,9966;3
2016;1879;FACULDADE EDUCACIONAL DE ARAUCÁRIA;FACEAR;Faculdade ;Privada com fins lucrativos;109537;36;FISIOTERAPIA;Educação Presencial;4101804;ARAUCÁRIA;PR;26;25;14;0,5600;-1,0965;1,9966;3
2016;1879;FACULDADE EDUCACIONAL DE ARAUCÁRIA;FACEAR;Faculdade ;Privada com fins lucrativos;109541;23;ENFERMAGEM;Educação Presencial;4101804;ARAUCÁRIA;PR;9;7;3;0,4286;7,4251;5,0000;5
2016;2005;FACULDADE DE CIÊNCIAS SOCIAIS APLICADAS DE SINOP;FACISAS;Faculdade ;Pessoa Jurídica de Direito Privado - Com fins lucrativos - Sociedade Mercantil ou Comercial;109543;55;BIOMEDICINA;Educação Presencial;5107909;SINOP;MT;20;20;17;0,8500;0,2028;2,5073;3
2016;3020;FACULDADE SANTA RITA DE CÁSSIA;IFASC;Faculdade ;Privada com fins lucrativos;109545;69;TECNOLOGIA EM RADIOLOGIA;Educação Presencial;5211503;ITUMBIARA;GO;34;25;21;0,8400;-0,9000;2,1475;3
2016;1078;FACULDADE INTEGRADO DE CAMPO MOURÃO;CEI;Faculdade ;Privada com fins lucrativos;109560;55;BIOMEDICINA;Educação Presencial;4104303;CAMPO MOURÃO;PR;23;23;22;0,9565;1,2896;3,0499;4
2016;1805;FACULDADE DOS GUARARAPES;FG;Faculdade ;Pessoa Jurídica de Direito Privado - Com fins lucrativos - Sociedade Civil;109562;28;NUTRIÇÃO;Educação Presencial;2607901;JABOATÃO DOS GUARARAPES;PE;118;112;66;0,5893;0,0626;2,4721;3
2016;1805;FACULDADE DOS GUARARAPES;FG;Faculdade ;Pessoa Jurídica de Direito Privado - Com fins lucrativos - Sociedade Civil;109564;36;FISIOTERAPIA;Educação Presencial;2607901;JABOATÃO DOS GUARARAPES;PE;114;111;73;0,6577;0,0858;2,5244;3
2016;2632;FACULDADES INTEGRADAS DO EXTREMO SUL DA BAHIA;UNESULBAHIA;Faculdade ;Privada sem fins lucrativos;109566;23;ENFERMAGEM;Educação Presencial;2910727;EUNÁPOLIS;BA;26;26;17;0,6538;1,5909;3,2524;4
2016;2632;FACULDADES INTEGRADAS DO EXTREMO SUL DA BAHIA;UNESULBAHIA;Faculdade ;Privada sem fins lucrativos;109568;36;FISIOTERAPIA;Educação Presencial;2910727;EUNÁPOLIS;BA;33;32;29;0,9063;-0,3144;2,3457;3
2016;1656;INSTITUTO DE ENSINO SUPERIOR DE TERESINA;IEST;Faculdade ;Privada sem fins lucrativos;109574;23;ENFERMAGEM;Educação Presencial;2211001;TERESINA;PI;71;64;49;0,7656;-0,4353;2,2987;3
2016;1647;FACULDADE DE ENSINO E CULTURA DO CEARÁ ;FAECE;Faculdade ;Privada sem fins lucrativos;109576;23;ENFERMAGEM;Educação Presencial;2304400;FORTALEZA;CE;41;41;28;0,6829;0,8330;2,8957;3
2016;4846;FACULDADE VÉRTICE;VÉRTICE;Faculdade ;Privada com fins lucrativos;109582;17;AGRONOMIA;Educação Presencial;3140902;MATIPÓ;MG;19;19;15;0,7895;-0,5408;2,5296;3
2016;3879;FACULDADE MAURÍCIO DE NASSAU DE CAMPINA GRANDE;FMN CG;Faculdade ;Privada com fins lucrativos;109586;28;NUTRIÇÃO;Educação Presencial;2504009;CAMPINA GRANDE;PB;207;185;157;0,8486;-0,0755;2,4099;3
2016;1362;FACULDADE UBAENSE OZANAM COELHO;FAGOC;Faculdade ;Privada com fins lucrativos;109692;3501;EDUCAÇÃO FÍSICA (BACHARELADO);Educação Presencial;3169901;UBÁ;MG;27;22;16;0,7273;0,9854;2,9212;3
2016;522;CENTRO UNIVERSITÁRIO CELSO LISBOA;UCL;Centro Universitário;Privada sem fins lucrativos;109710;95;TECNOLOGIA EM ESTÉTICA E COSMÉTICA;Educação Presencial;3304557;RIO DE JANEIRO;RJ;47;40;15;0,3750;-2,2383;1,1436;2
2016;2911;FACULDADE PAN AMAZÔNICA;FAPAN;Faculdade ;Privada sem fins lucrativos;109819;91;TECNOLOGIA EM GESTÃO HOSPITALAR;Educação Presencial;1501402;BELÉM;PA;12;11;8;0,7273;3,7134;3,5160;4
2016;3879;FACULDADE MAURÍCIO DE NASSAU DE CAMPINA GRANDE;FMN CG;Faculdade ;Privada com fins lucrativos;109881;23;ENFERMAGEM;Educação Presencial;2504009;CAMPINA GRANDE;PB;196;182;149;0,8187;-0,2046;2,4073;3
2016;87;CENTRO UNIVERSITÁRIO DE BRUSQUE;UNIFEBE;Centro Universitário;Pessoa Jurídica de Direito Privado - Sem fins lucrativos - Fundação;109923;3501;EDUCAÇÃO FÍSICA (BACHARELADO);Educação Presencial;4202909;BRUSQUE;SC;12;11;2;0,1818;;;SC
2016;375;UNIVERSIDADE DE SANTO AMARO;UNISA;Universidade;Privada sem fins lucrativos;109934;92;TECNOLOGIA EM GESTÃO AMBIENTAL;Educação Presencial;3550308;SÃO PAULO;SP;1;0;0;0,0000;;;SC
2016;4522;CENTRO UNIVERSITÁRIO CATÓLICO SALESIANO AUXILIUM;UNISALESIANO;Centro Universitário;Privada sem fins lucrativos;109978;36;FISIOTERAPIA;Educação Presencial;3527108;LINS;SP;29;28;22;0,7857;-0,2346;2,3814;3
2016;1041;CENTRO UNIVERSITÁRIO UNIVATES;UNIVATES;Centro Universitário;Privada sem fins lucrativos;109988;95;TECNOLOGIA EM ESTÉTICA E COSMÉTICA;Educação Presencial;4311403;LAJEADO;RS;39;37;28;0,7568;1,4449;3,4008;4
2016;1041;CENTRO UNIVERSITÁRIO UNIVATES;UNIVATES;Centro Universitário;Privada sem fins lucrativos;110004;3501;EDUCAÇÃO FÍSICA (BACHARELADO);Educação Presencial;4311403;LAJEADO;RS;27;27;4;0,1481;;;SC
2016;705;FACULDADE SÃO JOSÉ;FSJ;Faculdade ;Privada sem fins lucrativos;110262;36;FISIOTERAPIA;Educação Presencial;3304557;RIO DE JANEIRO;RJ;33;29;16;0,5517;0,2614;2,6028;3
2016;3339;FACULDADE DE GETÚLIO VARGAS;FACULDADE IDEAU;Faculdade ;Privada com fins lucrativos;110278;17;AGRONOMIA;Educação Presencial;4308904;GETÚLIO VARGAS;RS;45;45;33;0,7333;1,5080;3,7672;4
2016;581;UNIVERSIDADE FEDERAL DO RIO GRANDE DO SUL;UFRGS;Universidade;Pessoa Jurídica de Direito Público - Federal;110280;27;FONOAUDIOLOGIA;Educação Presencial;4314902;PORTO ALEGRE;RS;15;15;14;0,9333;1,2560;2,9008;3
2016;3588;FACULDADE DOM PEDRO II;FDPII;Faculdade ;Privada com fins lucrativos;110282;19;FARMÁCIA;Educação Presencial;2927408;SALVADOR;BA;59;57;39;0,6842;-0,1854;2,3329;3
2016;1518;FACULDADE ANHANGUERA DE TAGUATINGA;0;Faculdade ;Privada com fins lucrativos;110315;3501;EDUCAÇÃO FÍSICA (BACHARELADO);Educação Presencial;5300108;BRASÍLIA;DF;43;36;16;0,4444;-0,9979;2,0117;3
2016;19512;INSTITUTO MASTER DE ENSINO PRESIDENTE ANTÔNIO CARLOS;IMEPAC;Faculdade ;Pessoa Jurídica de Direito Privado - Com fins lucrativos - Sociedade Civil;110436;19;FARMÁCIA;Educação Presencial;3103504;ARAGUARI;MG;25;22;17;0,7727;0,1786;2,4911;3
2016;481;UNIVERSIDADE GUARULHOS;UNG;Universidade;Pessoa Jurídica de Direito Privado - Com fins lucrativos - Sociedade Civil;110440;55;BIOMEDICINA;Educação Presencial;3518800;GUARULHOS;SP;50;42;19;0,4524;-0,7902;2,0116;3
2016;481;UNIVERSIDADE GUARULHOS;UNG;Universidade;Pessoa Jurídica de Direito Privado - Com fins lucrativos - Sociedade Civil;110452;38;SERVIÇO SOCIAL;Educação Presencial;3523107;ITAQUAQUECETUBA;SP;16;16;5;0,3125;-1,4412;1,9716;3
2016;4992;FACULDADE DE TECNOLOGIA CENTEC - SERTÃO CENTRAL;FTC SERTÃO CENTRAL;Faculdade ;Privada sem fins lucrativos;110518;90;TECNOLOGIA EM AGRONEGÓCIOS;Educação Presencial;2311405;QUIXERAMOBIM;CE;50;40;23;0,5750;-0,0316;2,6295;3
2016;1970;FACULDADE DO ESPÍRITO SANTO;UNES;Faculdade ;Pessoa Jurídica de Direito Privado - Com fins lucrativos - Sociedade Mercantil ou Comercial;110541;55;BIOMEDICINA;Educação Presencial;3201209;CACHOEIRO DE ITAPEMIRIM;ES;8;7;7;1,0000;3,2038;4,0056;5
2016;3940;FACULDADE DE ENSINO SUPERIOR SANTA BARBARA;FAESB;Faculdade ;Privada sem fins lucrativos;110560;17;AGRONOMIA;Educação Presencial;3554003;TATUÍ;SP;19;15;6;0,4000;-3,8542;0,5280;1
2016;351;FACULDADE DE CIÊNCIAS MÉDICAS DE MINAS GERAIS;FCMMG;Faculdade ;Privada sem fins lucrativos;110578;23;ENFERMAGEM;Educação Presencial;3106200;BELO HORIZONTE;MG;18;18;15;0,8333;0,0059;2,5064;3
2016;1360;FACULDADE SÃO GABRIEL;FSG;Faculdade ;Pessoa Jurídica de Direito Privado - Com fins lucrativos - Sociedade Civil;110580;23;ENFERMAGEM;Educação Presencial;2211001;TERESINA;PI;71;65;41;0,6308;0,5138;2,7454;3
2016;2536;FACULDADE RORAIMENSE DE ENSINO SUPERIOR;FARES;Faculdade ;Privada com fins lucrativos;110582;23;ENFERMAGEM;Educação Presencial;1400100;BOA VISTA;RR;108;97;51;0,5258;-1,9405;1,5902;2
2016;2082;FACULDADE DE CIÊNCIAS MÉDICAS DA PARAÍBA;FCM-PB;Faculdade ;Privada com fins lucrativos;110584;23;ENFERMAGEM;Educação Presencial;2507507;JOÃO PESSOA;PB;28;27;15;0,5556;-1,5229;1,7867;2
2016;163;UNIVERSIDADE ESTÁCIO DE SÁ;UNESA;Universidade;Privada com fins lucrativos;110602;38;SERVIÇO SOCIAL;Educação Presencial;3304557;RIO DE JANEIRO;RJ;51;49;20;0,4082;-0,2660;2,5200;3
2016;1087;FACULDADES INTEGRADAS APARÍCIO CARVALHO;FIMCA;Faculdade ;Pessoa Jurídica de Direito Privado - Com fins lucrativos - Sociedade Civil;110636;91;TECNOLOGIA EM GESTÃO HOSPITALAR;Educação Presencial;1100205;PORTO VELHO;RO;43;40;26;0,6500;-0,6246;2,4146;3
2016;3849;FUNDAÇÃO UNIVERSIDADE FEDERAL DO TOCANTINS;UFT;Universidade;Pessoa Jurídica de Direito Público - Federal;110744;38;SERVIÇO SOCIAL;Educação Presencial;1713205;MIRACEMA DO TOCANTINS;TO;86;70;44;0,6286;-2,1344;1,6481;2
2016;3164;INSTITUTO FEDERAL DE EDUCAÇÃO, CIÊNCIA E TECNOLOGIA DE MATO GROSSO;IFMT;Instituto Federal de Educação, Ciência e Tecnologia;Pessoa Jurídica de Direito Público - Federal;110842;92;TECNOLOGIA EM GESTÃO AMBIENTAL;Educação Presencial;5103403;CUIABÁ;MT;63;48;34;0,7083;-0,6966;2,2560;3
2016;532;UNIVERSIDADE REGIONAL DO NOROESTE DO ESTADO DO RIO GRANDE DO SUL;UNIJUI;Universidade;Privada sem fins lucrativos;111008;5;MEDICINA VETERINÁRIA;Educação Presencial;4310207;IJUÍ;RS;51;51;43;0,8431;-0,6077;2,1393;3
2016;1542;CENTRO UNIVERSITÁRIO GERALDO DI BIASE;UGB;Centro Universitário;Privada sem fins lucrativos;111012;55;BIOMEDICINA;Educação Presencial;3300308;BARRA DO PIRAÍ;RJ;21;20;17;0,8500;0,4692;2,6403;3
2016;1256;FACULDADE DOM BOSCO;DOM BOSCO;Faculdade ;Privada sem fins lucrativos;111034;95;TECNOLOGIA EM ESTÉTICA E COSMÉTICA;Educação Presencial;4104808;CASCAVEL;PR;41;37;27;0,7297;1,4925;3,4300;4
2016;298;UNIVERSIDADE NORTE DO PARANÁ;UNOPAR;Universidade;Privada com fins lucrativos;111094;92;TECNOLOGIA EM GESTÃO AMBIENTAL;Educação a Distância;4113700;LONDRINA;PR;219;181;73;0,4033;0,0169;2,5147;3
2016;588;UNIVERSIDADE TECNOLÓGICA FEDERAL DO PARANÁ;UTFPR;Universidade;Pessoa Jurídica de Direito Público - Federal;111100;92;TECNOLOGIA EM GESTÃO AMBIENTAL;Educação Presencial;4115804;MEDIANEIRA;PR;54;30;29;0,9667;-0,0467;2,4916;3
2016;8;UNIVERSIDADE FEDERAL DE VIÇOSA;UFV;Universidade;Pessoa Jurídica de Direito Público - Federal;111128;17;AGRONOMIA;Educação Presencial;3155504;RIO PARANAÍBA;MG;31;30;27;0,9000;0,2342;2,9977;4
2016;163;UNIVERSIDADE ESTÁCIO DE SÁ;UNESA;Universidade;Privada com fins lucrativos;111136;19;FARMÁCIA;Educação Presencial;3303401;NOVA FRIBURGO;RJ;17;17;14;0,8235;-1,0755;1,9459;3
2016;163;UNIVERSIDADE ESTÁCIO DE SÁ;UNESA;Universidade;Privada com fins lucrativos;111162;23;ENFERMAGEM;Educação Presencial;3304201;RESENDE;RJ;15;15;11;0,7333;0,0342;2,5197;3
2016;4899;FACULDADE DE CIÊNCIAS MÉDICAS DA BAHIA;CIENCIAS MEDICAS;Faculdade ;Privada com fins lucrativos;111188;23;ENFERMAGEM;Educação Presencial;2927705;SANTA CRUZ CABRÁLIA;BA;34;29;16;0,5517;-1,2303;1,9245;2
2016;1986;CENTRO UNIVERSITÁRIO ESTÁCIO DA SÁ;0;Centro Universitário;Privada com fins lucrativos;111202;6;ODONTOLOGIA;Educação Presencial;3136702;JUIZ DE FORA;MG;103;103;86;0,8350;-0,1967;2,2640;3
2016;1196;CENTRO UNIVERSITÁRIO DE MARINGÁ - UNICESUMAR;UNICESUMAR;Centro Universitário;Pessoa Jurídica de Direito Privado - Com fins lucrativos - Sociedade Mercantil ou Comercial;111266;90;TECNOLOGIA EM AGRONEGÓCIOS;Educação a Distância;4115200;MARINGÁ;PR;143;126;32;0,2540;1,7955;3,2097;4
2016;826;CENTRO UNIVERSITÁRIO DE DESENVOLVIMENTO DO CENTRO-OESTE;UNIDESC;Centro Universitário;Privada sem fins lucrativos;111280;23;ENFERMAGEM;Educação Presencial;5212501;LUZIÂNIA;GO;19;19;10;0,5263;-1,4989;1,7980;2
2016;295;UNIVERSIDADE DE SANTA CRUZ DO SUL;UNISC;Universidade;Privada sem fins lucrativos;111306;95;TECNOLOGIA EM ESTÉTICA E COSMÉTICA;Educação Presencial;4316808;SANTA CRUZ DO SUL;RS;8;8;5;0,6250;1,7123;3,5647;4
2016;375;UNIVERSIDADE DE SANTO AMARO;UNISA;Universidade;Privada sem fins lucrativos;111376;3501;EDUCAÇÃO FÍSICA (BACHARELADO);Educação Presencial;3550308;SÃO PAULO;SP;58;56;17;0,3036;1,4104;3,1160;4
2016;375;UNIVERSIDADE DE SANTO AMARO;UNISA;Universidade;Privada sem fins lucrativos;111388;38;SERVIÇO SOCIAL;Educação a Distância;3550308;SÃO PAULO;SP;204;172;53;0,3081;-0,4684;2,4255;3
2016;1586;UNIVERSIDADE DO VALE DO SAPUCAÍ;UNIVÁS;Universidade;Privada sem fins lucrativos;111398;23;ENFERMAGEM;Educação Presencial;3152501;POUSO ALEGRE;MG;47;47;34;0,7234;0,3892;2,6868;3
2016;344;CENTRO UNIVERSITÁRIO UNA;UNA;Centro Universitário;Privada com fins lucrativos;111432;95;TECNOLOGIA EM ESTÉTICA E COSMÉTICA;Educação Presencial;3106200;BELO HORIZONTE;MG;116;99;64;0,6465;-0,2516;2,3612;3
2016;4962;CENTRO UNIVERSITÁRIO DE SETE LAGOAS;UNIFEMM;Centro Universitário;Privada sem fins lucrativos;111524;38;SERVIÇO SOCIAL;Educação Presencial;3167202;SETE LAGOAS;MG;5;0;0;0,0000;;;SC
2016;3966;CENTRO UNIVERSITÁRIO DE CARATINGA;UNEC;Centro Universitário;Privada sem fins lucrativos;111666;36;FISIOTERAPIA;Educação Presencial;3144300;NANUQUE;MG;26;26;19;0,7308;-0,8791;2,0936;3
2016;671;UNIVERSIDADE ANHANGUERA - UNIDERP;UNIDERP;Universidade;Privada com fins lucrativos;111718;23;ENFERMAGEM;Educação a Distância;5002704;CAMPO GRANDE;MS;78;76;47;0,6184;-1,3256;1,8796;2
2016;1472;CENTRO UNIVERSITÁRIO LEONARDO DA VINCI;UNIASSELVI;Centro Universitário;Privada com fins lucrativos;111730;38;SERVIÇO SOCIAL;Educação a Distância;4207502;INDAIAL;SC;1315;1150;435;0,3783;0,0494;2,6671;3
2016;176;UNIVERSIDADE CASTELO BRANCO;UCB;Universidade;Privada sem fins lucrativos;111732;55;BIOMEDICINA;Educação Presencial;3304557;RIO DE JANEIRO;RJ;53;46;30;0,6522;-0,8184;1,9975;3
2016;20;UNIVERSIDADE DE PASSO FUNDO;UPF;Universidade;Privada sem fins lucrativos;111738;90;TECNOLOGIA EM AGRONEGÓCIOS;Educação Presencial;4314100;PASSO FUNDO;RS;16;14;12;0,8571;-1,0696;2,2998;3
2016;793;Centro Universitário Estácio Radial de São Paulo - Estácio UNIRADIAL;ESTÁCIO UNIRADIAL;Centro Universitário;Privada com fins lucrativos;111786;3501;EDUCAÇÃO FÍSICA (BACHARELADO);Educação Presencial;3550308;SÃO PAULO;SP;22;16;5;0,3125;-1,6092;1,7313;2
2016;1232;CENTRO UNIVERSITÁRIO CAMPOS DE ANDRADE;UNIANDRADE;Centro Universitário;Privada sem fins lucrativos;111884;3501;EDUCAÇÃO FÍSICA (BACHARELADO);Educação Presencial;4106902;CURITIBA;PR;61;56;42;0,7500;0,4263;2,6648;3
2016;5670;FACULDADES UNIDAS DO VALE DO ARAGUAIA;UNIVAR;Faculdade ;Privada sem fins lucrativos;111910;36;FISIOTERAPIA;Educação Presencial;5101803;BARRA DO GARÇAS;MT;29;25;21;0,8400;-0,9336;2,0693;3
2016;585;UNIVERSIDADE FEDERAL DE SANTA CATARINA;UFSC;Universidade;Pessoa Jurídica de Direito Público - Federal;111954;51;ZOOTECNIA;Educação Presencial;4205407;FLORIANÓPOLIS;SC;27;26;14;0,5385;2,4148;3,8064;4
2016;316;UNIVERSIDADE NOVE DE JULHO;UNINOVE;Universidade;Privada sem fins lucrativos;111978;55;BIOMEDICINA;Educação Presencial;3550308;SÃO PAULO;SP;7;6;4;0,6667;2,9787;3,8932;4
2016;316;UNIVERSIDADE NOVE DE JULHO;UNINOVE;Universidade;Privada sem fins lucrativos;112002;23;ENFERMAGEM;Educação Presencial;3550308;SÃO PAULO;SP;113;89;30;0,3371;0,0242;2,5150;3
2016;316;UNIVERSIDADE NOVE DE JULHO;UNINOVE;Universidade;Privada sem fins lucrativos;112022;36;FISIOTERAPIA;Educação Presencial;3550308;SÃO PAULO;SP;27;26;15;0,5769;1,0866;2,9712;4
2016;316;UNIVERSIDADE NOVE DE JULHO;UNINOVE;Universidade;Privada sem fins lucrativos;112031;69;TECNOLOGIA EM RADIOLOGIA;Educação Presencial;3550308;SÃO PAULO;SP;7;7;4;0,5714;-1,4173;2,0021;3
2016;316;UNIVERSIDADE NOVE DE JULHO;UNINOVE;Universidade;Privada sem fins lucrativos;112058;38;SERVIÇO SOCIAL;Educação Presencial;3550308;SÃO PAULO;SP;37;25;6;0,2400;-1,2950;2,0398;3
2016;446;UNIVERSIDADE DE CRUZ ALTA;UNICRUZ;Universidade;Privada sem fins lucrativos;112062;95;TECNOLOGIA EM ESTÉTICA E COSMÉTICA;Educação Presencial;4306106;CRUZ ALTA;RS;17;15;12;0,8000;1,3294;3,3300;4
2016;8;UNIVERSIDADE FEDERAL DE VIÇOSA;UFV;Universidade;Pessoa Jurídica de Direito Público - Federal;112074;92;TECNOLOGIA EM GESTÃO AMBIENTAL;Educação Presencial;3126000;FLORESTAL;MG;10;8;8;1,0000;1,4568;3,0367;4
2016;4;UNIVERSIDADE FEDERAL DO AMAZONAS;UFAM;Universidade;Pessoa Jurídica de Direito Público - Federal;112090;19;FARMÁCIA;Educação Presencial;1301902;ITACOATIARA;AM;22;22;7;0,3182;-2,0916;1,5042;2
2016;4;UNIVERSIDADE FEDERAL DO AMAZONAS;UFAM;Universidade;Pessoa Jurídica de Direito Público - Federal;112098;38;SERVIÇO SOCIAL;Educação Presencial;1303403;PARINTINS;AM;16;8;6;0,7500;-1,5915;1,9014;2
2016;4;UNIVERSIDADE FEDERAL DO AMAZONAS;UFAM;Universidade;Pessoa Jurídica de Direito Público - Federal;112108;51;ZOOTECNIA;Educação Presencial;1303403;PARINTINS;AM;15;14;8;0,5714;-1,8681;2,0310;3
2016;3368;CENTRO UNIVERSITÁRIO DO SUL DE MINAS;UNIS-MG;Centro Universitário;Pessoa Jurídica de Direito Privado - Sem fins lucrativos - Fundação;112220;3501;EDUCAÇÃO FÍSICA (BACHARELADO);Educação Presencial;3170701;VARGINHA;MG;53;53;39;0,7358;0,8124;2,8418;3
2016;4;UNIVERSIDADE FEDERAL DO AMAZONAS;UFAM;Universidade;Pessoa Jurídica de Direito Público - Federal;112290;36;FISIOTERAPIA;Educação Presencial;1302603;MANAUS;AM;22;21;19;0,9048;0,5035;2,7109;3
2016;664;UNIVERSIDADE VILA VELHA;UVV;Universidade;Privada sem fins lucrativos;112296;95;TECNOLOGIA EM ESTÉTICA E COSMÉTICA;Educação Presencial;3205200;VILA VELHA;ES;17;16;12;0,7500;3,9924;4,9620;5
2016;316;UNIVERSIDADE NOVE DE JULHO;UNINOVE;Universidade;Privada sem fins lucrativos;112340;19;FARMÁCIA;Educação Presencial;3550308;SÃO PAULO;SP;83;81;32;0,3951;0,7459;2,7377;3
2016;56;UNIVERSIDADE ESTADUAL PAULISTA JÚLIO DE MESQUITA FILHO;UNESP;Universidade;Pessoa Jurídica de Direito Público - Estadual;112432;55;BIOMEDICINA;Educação Presencial;3507506;BOTUCATU;SP;49;49;48;0,9796;-1,8936;1,4607;2
2016;40;UNIVERSIDADE DO ESTADO DA BAHIA;UNEB;Universidade;Pessoa Jurídica de Direito Público - Estadual;112478;23;ENFERMAGEM;Educação Presencial;2930105;SENHOR DO BONFIM;BA;23;23;23;1,0000;0,6227;2,7967;3
2016;437;UNIVERSIDADE PARANAENSE;UNIPAR;Universidade;Privada sem fins lucrativos;112496;3501;EDUCAÇÃO FÍSICA (BACHARELADO);Educação Presencial;4128104;UMUARAMA;PR;59;56;30;0,5357;1,2842;3,0582;4
2016;1053;FACULDADE DE TECNOLOGIA E CIÊNCIAS DE FEIRA DE SANTANA;FTC;Faculdade ;Privada com fins lucrativos;112532;5;MEDICINA VETERINÁRIA;Educação Presencial;2910800;FEIRA DE SANTANA;BA;37;36;18;0,5000;-1,3367;1,5905;2
2016;4865;FACULDADE PITÁGORAS DE SÃO LUIZ;0;Faculdade ;Privada com fins lucrativos;112534;19;FARMÁCIA;Educação Presencial;2111300;SÃO LUÍS;MA;72;71;56;0,7887;-0,3124;2,2777;3
2016;1371;FACULDADE DE MIRANDÓPOLIS;FAM;Faculdade ;Pessoa Jurídica de Direito Privado - Sem fins lucrativos - Fundação;112536;38;SERVIÇO SOCIAL;Educação Presencial;3530102;MIRANDÓPOLIS;SP;20;20;7;0,3500;1,9019;3,5316;4
2016;1510;CENTRO UNIVERSITÁRIO ESTÁCIO DE SANTA CATARINA - ESTÁCIO SANTA CATARINA;0;Centro Universitário;Privada com fins lucrativos;112538;28;NUTRIÇÃO;Educação Presencial;4216602;SÃO JOSÉ;SC;60;52;25;0,4808;-0,6567;2,1478;3
2016;1759;FACULDADE PADRE JOÃO BAGOZZI;FACULDADE BAGOZZI;Faculdade ;Privada sem fins lucrativos;112544;38;SERVIÇO SOCIAL;Educação Presencial;4106902;CURITIBA;PR;37;35;17;0,4857;0,1258;2,7028;3
2016;1711;FACULDADE DE PRESIDENTE PRUDENTE;FAPEPE;Faculdade ;Pessoa Jurídica de Direito Privado - Sem fins lucrativos - Fundação;112548;38;SERVIÇO SOCIAL;Educação Presencial;3541406;PRESIDENTE PRUDENTE;SP;32;29;9;0,3103;-0,5246;2,3993;3
2016;737;CENTRO UNIVERSITÁRIO SÃO CAMILO;SAO CAMILO;Centro Universitário;Privada sem fins lucrativos;112564;55;BIOMEDICINA;Educação Presencial;3550308;SÃO PAULO;SP;114;97;89;0,9175;0,0646;2,4383;3
2016;586;UNIVERSIDADE FEDERAL DO RIO DE JANEIRO;UFRJ;Universidade;Pessoa Jurídica de Direito Público - Federal;112582;55;BIOMEDICINA;Educação Presencial;3304557;RIO DE JANEIRO;RJ;99;85;84;0,9882;-0,5173;2,1478;3
2016;3875;CENTRO UNIVERSITÁRIO DA FUNDAÇÃO EDUCACIONAL GUAXUPÉ;UNIFEG;Centro Universitário;Privada sem fins lucrativos;112772;3501;EDUCAÇÃO FÍSICA (BACHARELADO);Educação Presencial;3128709;GUAXUPÉ;MG;17;14;11;0,7857;-3,5816;0,8268;1
2016;2;UNIVERSIDADE DE BRASÍLIA;UNB;Universidade;Pessoa Jurídica de Direito Público - Federal;112794;19;FARMÁCIA;Educação Presencial;5300108;BRASÍLIA;DF;77;77;59;0,7662;0,5241;2,6413;3
2016;2;UNIVERSIDADE DE BRASÍLIA;UNB;Universidade;Pessoa Jurídica de Direito Público - Federal;112796;36;FISIOTERAPIA;Educação Presencial;5300108;BRASÍLIA;DF;57;55;40;0,7273;0,3802;2,6559;3
2016;2;UNIVERSIDADE DE BRASÍLIA;UNB;Universidade;Pessoa Jurídica de Direito Público - Federal;112818;23;ENFERMAGEM;Educação Presencial;5300108;BRASÍLIA;DF;65;62;50;0,8065;0,4364;2,7090;3
2016;707;CENTRO UNIVERSITÁRIO CENTRAL PAULISTA;UNICEP;Centro Universitário;Privada com fins lucrativos;112850;3501;EDUCAÇÃO FÍSICA (BACHARELADO);Educação Presencial;3548906;SÃO CARLOS;SP;54;37;15;0,4054;-1,5950;1,7379;2
2016;1510;CENTRO UNIVERSITÁRIO ESTÁCIO DE SANTA CATARINA - ESTÁCIO SANTA CATARINA;0;Centro Universitário;Privada com fins lucrativos;112938;19;FARMÁCIA;Educação Presencial;4216602;SÃO JOSÉ;SC;37;36;20;0,5556;0,9367;2,8206;3
2016;1879;FACULDADE EDUCACIONAL DE ARAUCÁRIA;FACEAR;Faculdade ;Privada com fins lucrativos;112951;55;BIOMEDICINA;Educação Presencial;4101804;ARAUCÁRIA;PR;19;18;17;0,9444;1,3175;3,0639;4
2016;1046;UNIÃO DAS FACULDADES DOS GRANDES LAGOS;UNILAGO;Faculdade ;Privada sem fins lucrativos;112953;55;BIOMEDICINA;Educação Presencial;3549805;SÃO JOSÉ DO RIO PRETO;SP;26;18;15;0,8333;-1,2072;1,8034;2
2016;1703;INSTITUTO DE ENSINO SUPERIOR DE RIO VERDE;IESRIVER;Faculdade ;Privada sem fins lucrativos;112961;36;FISIOTERAPIA;Educação Presencial;5218805;RIO VERDE;GO;10;9;5;0,5556;-1,6593;1,7453;2
2016;4652;FACULDADE ANHANGÜERA DE SÃO JOSÉ;0;Faculdade ;Privada com fins lucrativos;112968;36;FISIOTERAPIA;Educação Presencial;3549904;SÃO JOSÉ DOS CAMPOS;SP;15;15;8;0,5333;2,7786;3,7266;4
2016;3840;CENTRO UNIVERSITÁRIO FACVEST ;FACVEST;Centro Universitário;Privada com fins lucrativos;112972;5;MEDICINA VETERINÁRIA;Educação Presencial;4209300;LAGES;SC;22;22;17;0,7727;0,7461;3,1583;4
2016;1835;FACULDADE INTEGRADA DE ENSINO SUPERIOR DE COLINAS;FIESC;Faculdade ;Pessoa Jurídica de Direito Público - Municipal;113060;23;ENFERMAGEM;Educação Presencial;1705508;COLINAS DO TOCANTINS;TO;183;170;78;0,4588;-0,5647;2,2378;3
2016;1078;FACULDADE INTEGRADO DE CAMPO MOURÃO;CEI;Faculdade ;Privada com fins lucrativos;113204;3501;EDUCAÇÃO FÍSICA (BACHARELADO);Educação Presencial;4104303;CAMPO MOURÃO;PR;53;42;18;0,4286;1,9127;3,3464;4
2016;682;FACULDADE DO NOROESTE DE MINAS;FINOM;Faculdade ;Privada com fins lucrativos;113210;17;AGRONOMIA;Educação Presencial;3147006;PARACATU;MG;25;25;22;0,8800;0,5400;3,1825;4
2016;1573;FACULDADE ALFREDO NASSER;FAN;Faculdade ;Privada sem fins lucrativos;113228;19;FARMÁCIA;Educação Presencial;5201405;APARECIDA DE GOIÂNIA;GO;43;36;22;0,6111;1,9575;3,2644;4
2016;449;UNIVERSIDADE LUTERANA DO BRASIL;ULBRA;Universidade;Pessoa Jurídica de Direito Privado - Sem fins lucrativos - Fundação;113268;3501;EDUCAÇÃO FÍSICA (BACHARELADO);Educação Presencial;4309209;GRAVATAÍ;RS;33;30;12;0,4000;-1,3434;1,8532;2
2016;449;UNIVERSIDADE LUTERANA DO BRASIL;ULBRA;Universidade;Pessoa Jurídica de Direito Privado - Sem fins lucrativos - Fundação;113270;3501;EDUCAÇÃO FÍSICA (BACHARELADO);Educação Presencial;4304705;CARAZINHO;RS;17;16;9;0,5625;-3,5401;0,8458;1
2016;82;UNIVERSIDADE DO OESTE DE SANTA CATARINA;UNOESC;Universidade;Pessoa Jurídica de Direito Público - Municipal;113274;3501;EDUCAÇÃO FÍSICA (BACHARELADO);Educação Presencial;4219507;XANXERÊ;SC;11;11;7;0,6364;-4,1252;0,5775;1
2016;137;UNIVERSIDADE DO SAGRADO CORAÇÃO;USC;Universidade;Privada sem fins lucrativos;113351;95;TECNOLOGIA EM ESTÉTICA E COSMÉTICA;Educação Presencial;3506003;BAURU;SP;30;28;23;0,8214;-0,3166;2,3213;3
2016;3516;FACULDADE DE CIÊNCIAS DA SAÚDE ARCHIMEDES THEODORO;FAC - SAUDE ARTHE;Faculdade ;Pessoa Jurídica de Direito Público - Municipal;113421;28;NUTRIÇÃO;Educação Presencial;3101508;ALÉM PARAÍBA;MG;35;27;15;0,5556;-2,5754;1,2826;2
2016;1356;FACULDADES INTEGRADAS DE SANTA FÉ DO SUL;FUNEC;Faculdade ;Pessoa Jurídica de Direito Público - Municipal;113477;28;NUTRIÇÃO;Educação Presencial;3546603;SANTA FÉ DO SUL;SP;22;22;13;0,5909;-1,5003;1,7674;2
2016;3163;INSTITUTO FEDERAL DE EDUCAÇÃO, CIÊNCIA E TECNOLOGIA DO RIO DE JANEIRO;IFRJ;Instituto Federal de Educação, Ciência e Tecnologia;Pessoa Jurídica de Direito Público - Federal;113500;19;FARMÁCIA;Educação Presencial;3304557;RIO DE JANEIRO;RJ;30;17;14;0,8235;-1,2517;1,8693;2
2016;3849;FUNDAÇÃO UNIVERSIDADE FEDERAL DO TOCANTINS;UFT;Universidade;Pessoa Jurídica de Direito Público - Federal;113504;12;MEDICINA;Educação Presencial;1721000;PALMAS;TO;76;75;67;0,8933;0,4147;3,3778;4
2016;719;UNIVERSIDADE DO ESTADO DE MATO GROSSO;UNEMAT;Universidade;Pessoa Jurídica de Direito Público - Estadual;113559;17;AGRONOMIA;Educação Presencial;5106224;NOVA MUTUM;MT;27;25;12;0,4800;-1,4822;1,9609;3
2016;590;UNIVERSIDADE FEDERAL RURAL DA AMAZÔNIA;UFRA;Universidade;Pessoa Jurídica de Direito Público - Federal;113563;17;AGRONOMIA;Educação Presencial;1502301;CAPITÃO POÇO;PA;33;31;30;0,9677;-1,0942;2,1953;3
2016;590;UNIVERSIDADE FEDERAL RURAL DA AMAZÔNIA;UFRA;Universidade;Pessoa Jurídica de Direito Público - Federal;113565;17;AGRONOMIA;Educação Presencial;1505502;PARAGOMINAS;PA;53;52;51;0,9808;-0,4885;2,5612;3
2016;1303;INSTITUTO FEDERAL DE EDUCAÇÃO, CIÊNCIA E TECNOLOGIA GOIANO;IF Goiano;Instituto Federal de Educação, Ciência e Tecnologia;Pessoa Jurídica de Direito Público - Federal;113631;17;AGRONOMIA;Educação Presencial;5221809;URUTAÍ;GO;28;23;20;0,8696;0,3844;3,0885;4
2016;634;UNIVERSIDADE FEDERAL DE PELOTAS;UFPEL;Universidade;Pessoa Jurídica de Direito Público - Federal;113645;51;ZOOTECNIA;Educação Presencial;4304663;CAPÃO DO LEÃO;RS;35;33;28;0,8485;-0,2939;2,6835;3
2016;579;UNIVERSIDADE FEDERAL DA PARAÍBA;UFPB;Universidade;Pessoa Jurídica de Direito Público - Federal;113709;5;MEDICINA VETERINÁRIA;Educação Presencial;2501104;AREIA;PB;60;57;40;0,7018;0,5217;2,9894;4
2016;549;UNIVERSIDADE FEDERAL DO ACRE;UFAC;Universidade;Pessoa Jurídica de Direito Público - Federal;113809;17;AGRONOMIA;Educação Presencial;1200203;CRUZEIRO DO SUL;AC;37;34;28;0,8235;-0,6370;2,4715;3
2016;1058;Estácio FIB - Centro Universitário Estácio da Bahia;Estácio FIB;Centro Universitário;Privada com fins lucrativos;113941;38;SERVIÇO SOCIAL;Educação Presencial;2927408;SALVADOR;BA;96;92;42;0,4565;0,0324;2,6592;3
2016;1345;FACULDADE ANHANGUERA DE OSASCO;FIZO;Faculdade ;Privada com fins lucrativos;114045;92;TECNOLOGIA EM GESTÃO AMBIENTAL;Educação Presencial;3534401;OSASCO;SP;7;0;0;0,0000;;;SC
2016;107;UNIVERSIDADE FEDERAL DE SÃO JOÃO DEL REI;UFSJ;Universidade;Pessoa Jurídica de Direito Público - Federal;114095;19;FARMÁCIA;Educação Presencial;3122306;DIVINÓPOLIS;MG;85;81;77;0,9506;0,1244;2,4676;3
2016;107;UNIVERSIDADE FEDERAL DE SÃO JOÃO DEL REI;UFSJ;Universidade;Pessoa Jurídica de Direito Público - Federal;114101;23;ENFERMAGEM;Educação Presencial;3122306;DIVINÓPOLIS;MG;62;61;59;0,9672;-0,1755;2,4210;3
2016;3697;FACULDADE DE TECNOLOGIA SAINT PASTOUS;FSP;Faculdade ;Privada sem fins lucrativos;114216;69;TECNOLOGIA EM RADIOLOGIA;Educação Presencial;4314902;PORTO ALEGRE;RS;60;56;18;0,3214;-1,3388;2,0242;3
2016;5290;FACULDADE ANHANGUERA DE CIÊNCIAS E TECNOLOGIA DE BRASÍLIA;0;Faculdade ;Privada com fins lucrativos;114224;23;ENFERMAGEM;Educação Presencial;5300108;BRASÍLIA;DF;83;80;38;0,4750;-0,3816;2,3240;3
2016;490;CENTRO DE ENSINO SUPERIOR DE VALENÇA;CESVA;Faculdade ;Privada sem fins lucrativos;114232;23;ENFERMAGEM;Educação Presencial;3306107;VALENÇA;RJ;27;27;20;0,7407;0,4434;2,7123;3
2016;3337;FACULDADE DE TECNOLOGIA DE TERESINA;FACULDADE CET;Faculdade ;Privada com fins lucrativos;114356;23;ENFERMAGEM;Educação Presencial;2211001;TERESINA;PI;4;4;1;0,2500;;;SC
2016;608;ESCOLA SUPERIOR DE CRUZEIRO  PREFEITO HAMILTON VIEIRA MENDES ;ESEFIC;Faculdade ;Pessoa Jurídica de Direito Público - Municipal;114360;23;ENFERMAGEM;Educação Presencial;3513405;CRUZEIRO;SP;34;31;9;0,2903;-0,7296;2,1602;3
2016;374;CENTRO UNIVERSITÁRIO DAS FACULDADES METROPOLITANAS UNIDAS;FMU;Centro Universitário;Pessoa Jurídica de Direito Privado - Com fins lucrativos - Sociedade Civil;114411;69;TECNOLOGIA EM RADIOLOGIA;Educação Presencial;3550308;SÃO PAULO;SP;74;73;35;0,4795;0,6246;2,5758;3
2016;592;UNIVERSIDADE FEDERAL DE LAVRAS;UFLA;Universidade;Pessoa Jurídica de Direito Público - Federal;114417;3501;EDUCAÇÃO FÍSICA (BACHARELADO);Educação Presencial;3138203;LAVRAS;MG;56;43;37;0,8605;-0,4420;2,2666;3
2016;597;UNIVERSIDADE FEDERAL DO TRIÂNGULO MINEIRO;UFTM;Universidade;Pessoa Jurídica de Direito Público - Federal;114444;3501;EDUCAÇÃO FÍSICA (BACHARELADO);Educação Presencial;3170107;UBERABA;MG;25;19;14;0,7368;-0,1614;2,3953;3
2016;374;CENTRO UNIVERSITÁRIO DAS FACULDADES METROPOLITANAS UNIDAS;FMU;Centro Universitário;Pessoa Jurídica de Direito Privado - Com fins lucrativos - Sociedade Civil;114548;28;NUTRIÇÃO;Educação Presencial;3550308;SÃO PAULO;SP;193;187;106;0,5668;0,6028;2,7157;3
2016;597;UNIVERSIDADE FEDERAL DO TRIÂNGULO MINEIRO;UFTM;Universidade;Pessoa Jurídica de Direito Público - Federal;114564;38;SERVIÇO SOCIAL;Educação Presencial;3170107;UBERABA;MG;50;30;19;0,6333;0,1982;2,7366;3
2016;4530;CENTRO UNIVERSITÁRIO TIRADENTES;FITS;Centro Universitário;Privada com fins lucrativos;114604;36;FISIOTERAPIA;Educação Presencial;2704302;MACEIÓ;AL;48;47;41;0,8723;0,1706;2,5623;3
2016;1702;CENTRO UNIVERSITÁRIO ESTÁCIO DA AMAZÔNIA;ESTÁCIO AMAZÔNIA;Centro Universitário;Pessoa Jurídica de Direito Privado - Com fins lucrativos - Sociedade Civil;114606;38;SERVIÇO SOCIAL;Educação Presencial;1400100;BOA VISTA;RR;99;92;65;0,7065;-0,2320;2,5358;3
2016;4865;FACULDADE PITÁGORAS DE SÃO LUIZ;0;Faculdade ;Privada com fins lucrativos;114612;23;ENFERMAGEM;Educação Presencial;2111300;SÃO LUÍS;MA;110;102;67;0,6569;-0,1970;2,4108;3
2016;1939;INSTITUTO DE ENSINO SUPERIOR DE LONDRINA - INESUL;INESUL;Faculdade ;Privada com fins lucrativos;114628;69;TECNOLOGIA EM RADIOLOGIA;Educação Presencial;4113700;LONDRINA;PR;19;16;8;0,5000;-3,5520;1,4023;2
2016;4503;UNIVERSIDADE FEDERAL DO RECÔNCAVO DA BAHIA;UFRB;Universidade;Pessoa Jurídica de Direito Público - Federal;114987;38;SERVIÇO SOCIAL;Educação Presencial;2904902;CACHOEIRA;BA;40;34;34;1,0000;-1,8016;1,8034;2
2016;4503;UNIVERSIDADE FEDERAL DO RECÔNCAVO DA BAHIA;UFRB;Universidade;Pessoa Jurídica de Direito Público - Federal;114992;5;MEDICINA VETERINÁRIA;Educação Presencial;2909802;CRUZ DAS ALMAS;BA;35;33;29;0,8788;0,1356;2,6988;3
2016;569;UNIVERSIDADE FEDERAL DO PARÁ;UFPA;Universidade;Pessoa Jurídica de Direito Público - Federal;115011;38;SERVIÇO SOCIAL;Educação Presencial;1501808;BREVES;PA;48;41;41;1,0000;0,2190;2,7463;3
2016;3164;INSTITUTO FEDERAL DE EDUCAÇÃO, CIÊNCIA E TECNOLOGIA DE MATO GROSSO;IFMT;Instituto Federal de Educação, Ciência e Tecnologia;Pessoa Jurídica de Direito Público - Federal;115023;51;ZOOTECNIA;Educação Presencial;5107800;SANTO ANTÔNIO DO LEVERGER;MT;10;5;4;0,8000;5,2943;5,0000;5
2016;7;UNIVERSIDADE FEDERAL DE SÃO CARLOS;UFSCAR;Universidade;Pessoa Jurídica de Direito Público - Federal;115102;17;AGRONOMIA;Educação Presencial;3503307;ARARAS;SP;25;25;22;0,8800;-0,8291;2,3554;3
2016;2581;FACULDADE SÃO SALVADOR;FSS;Faculdade ;Privada com fins lucrativos;115172;28;NUTRIÇÃO;Educação Presencial;2927408;SALVADOR;BA;20;20;12;0,6000;-2,1289;1,4839;2
2016;4162;FACULDADE DE TECNOLOGIA SENAC GOIÁS;0;Faculdade ;Privada sem fins lucrativos;115199;92;TECNOLOGIA EM GESTÃO AMBIENTAL;Educação Presencial;5208707;GOIÂNIA;GO;30;28;10;0,3571;-2,7093;1,5263;2
2016;330;UNIVERSIDADE IGUAÇU;UNIG;Universidade;Privada sem fins lucrativos;115256;95;TECNOLOGIA EM ESTÉTICA E COSMÉTICA;Educação Presencial;3303500;NOVA IGUAÇU;RJ;15;13;2;0,1538;;;SC
2016;385;UNIVERSIDADE SALVADOR;UNIFACS;Universidade;Pessoa Jurídica de Direito Privado - Com fins lucrativos - Sociedade Civil;115300;36;FISIOTERAPIA;Educação Presencial;2927408;SALVADOR;BA;73;56;46;0,8214;-0,1336;2,4265;3
2016;385;UNIVERSIDADE SALVADOR;UNIFACS;Universidade;Pessoa Jurídica de Direito Privado - Com fins lucrativos - Sociedade Civil;115302;23;ENFERMAGEM;Educação Presencial;2927408;SALVADOR;BA;215;188;149;0,7926;-0,0499;2,4801;3
2016;83;UNIVERSIDADE DO VALE DO ITAJAÍ;UNIVALI;Universidade;Pessoa Jurídica de Direito Privado - Sem fins lucrativos - Fundação;115340;3501;EDUCAÇÃO FÍSICA (BACHARELADO);Educação Presencial;4208203;ITAJAÍ;SC;56;55;20;0,3636;1,9847;3,3794;4
2016;423;UNIVERSIDADE REGIONAL INTEGRADA DO ALTO URUGUAI E DAS MISSÕES;URI;Universidade;Privada sem fins lucrativos;115370;19;FARMÁCIA;Educação Presencial;4317400;SANTIAGO;RS;26;24;22;0,9167;-0,7212;2,0999;3
2016;1060;CENTRO UNIVERSITÁRIO DO INSTITUTO DE EDUCAÇÃO SUPERIOR DE BRASÍLIA - IESB;IESB;Centro Universitário;Privada com fins lucrativos;115390;95;TECNOLOGIA EM ESTÉTICA E COSMÉTICA;Educação Presencial;5300108;BRASÍLIA;DF;22;21;10;0,4762;-2,5244;0,9683;2
2016;2198;FACULDADE MONTEIRO LOBATO;FATO;Faculdade ;Privada sem fins lucrativos;115394;92;TECNOLOGIA EM GESTÃO AMBIENTAL;Educação Presencial;4314902;PORTO ALEGRE;RS;11;9;4;0,4444;5,6972;4,5741;5
2016;271;UNIVERSIDADE DO OESTE PAULISTA;UNOESTE;Universidade;Privada sem fins lucrativos;115438;3501;EDUCAÇÃO FÍSICA (BACHARELADO);Educação Presencial;3541406;PRESIDENTE PRUDENTE;SP;110;92;48;0,5217;0,4264;2,6648;3
2016;322;UNIVERSIDADE PAULISTA;UNIP;Universidade;Privada sem fins lucrativos;115456;28;NUTRIÇÃO;Educação Presencial;3550308;SÃO PAULO;SP;13;12;10;0,8333;3,5552;4,0471;5
2016;322;UNIVERSIDADE PAULISTA;UNIP;Universidade;Privada sem fins lucrativos;115468;19;FARMÁCIA;Educação Presencial;3526902;LIMEIRA;SP;9;9;8;0,8889;2,9157;3,6810;4
2016;20;UNIVERSIDADE DE PASSO FUNDO;UPF;Universidade;Privada sem fins lucrativos;115482;95;TECNOLOGIA EM ESTÉTICA E COSMÉTICA;Educação Presencial;4314100;PASSO FUNDO;RS;69;61;45;0,7377;-0,7817;2,0363;3
2016;322;UNIVERSIDADE PAULISTA;UNIP;Universidade;Privada sem fins lucrativos;115536;28;NUTRIÇÃO;Educação Presencial;3526902;LIMEIRA;SP;7;7;4;0,5714;9,0656;5,0000;5
2016;694;UNIVERSIDADE FEDERAL DE MATO GROSSO DO SUL;UFMS;Universidade;Pessoa Jurídica de Direito Público - Federal;115542;36;FISIOTERAPIA;Educação Presencial;5002704;CAMPO GRANDE;MS;42;42;38;0,9048;-0,3201;2,3432;3
2016;322;UNIVERSIDADE PAULISTA;UNIP;Universidade;Privada sem fins lucrativos;115590;19;FARMÁCIA;Educação Presencial;3548500;SANTOS;SP;21;17;10;0,5882;0,1641;2,4848;3
2016;322;UNIVERSIDADE PAULISTA;UNIP;Universidade;Privada sem fins lucrativos;115599;55;BIOMEDICINA;Educação Presencial;3549904;SÃO JOSÉ DOS CAMPOS;SP;18;16;11;0,6875;2,3936;3,6011;4
2016;878;CENTRO UNIVERSITÁRIO DO LESTE DE MINAS GERAIS;UNILESTEMG;Centro Universitário;Privada sem fins lucrativos;115702;3501;EDUCAÇÃO FÍSICA (BACHARELADO);Educação Presencial;3131307;IPATINGA;MG;77;58;33;0,5690;0,3670;2,6376;3
2016;17;UNIVERSIDADE FEDERAL DE UBERLÂNDIA;UFU;Universidade;Pessoa Jurídica de Direito Público - Federal;115726;28;NUTRIÇÃO;Educação Presencial;3170206;UBERLÂNDIA;MG;50;48;45;0,9375;-0,7885;2,0884;3
2016;322;UNIVERSIDADE PAULISTA;UNIP;Universidade;Privada sem fins lucrativos;115754;69;TECNOLOGIA EM RADIOLOGIA;Educação Presencial;3552205;SOROCABA;SP;23;16;9;0,5625;4,0084;3,5265;4
2016;322;UNIVERSIDADE PAULISTA;UNIP;Universidade;Privada sem fins lucrativos;115756;38;SERVIÇO SOCIAL;Educação Presencial;3552205;SOROCABA;SP;52;48;30;0,6250;-1,6861;1,8573;2
2016;344;CENTRO UNIVERSITÁRIO UNA;UNA;Centro Universitário;Privada com fins lucrativos;115760;92;TECNOLOGIA EM GESTÃO AMBIENTAL;Educação Presencial;3106200;BELO HORIZONTE;MG;10;9;7;0,7778;2,9880;3,5918;4
2016;344;CENTRO UNIVERSITÁRIO UNA;UNA;Centro Universitário;Privada com fins lucrativos;115764;92;TECNOLOGIA EM GESTÃO AMBIENTAL;Educação Presencial;3106200;BELO HORIZONTE;MG;48;41;23;0,5610;1,8120;3,1655;4
2016;449;UNIVERSIDADE LUTERANA DO BRASIL;ULBRA;Universidade;Pessoa Jurídica de Direito Privado - Sem fins lucrativos - Fundação;115770;90;TECNOLOGIA EM AGRONEGÓCIOS;Educação Presencial;4304705;CARAZINHO;RS;17;17;12;0,7059;-0,9614;2,3342;3
2016;343;CENTRO UNIVERSITÁRIO NEWTON PAIVA;NEWTON PAIVA;Centro Universitário;Privada com fins lucrativos;115776;95;TECNOLOGIA EM ESTÉTICA E COSMÉTICA;Educação Presencial;3106200;BELO HORIZONTE;MG;26;22;16;0,7273;0,6763;2,9298;3
2016;322;UNIVERSIDADE PAULISTA;UNIP;Universidade;Privada sem fins lucrativos;115786;38;SERVIÇO SOCIAL;Educação Presencial;3549805;SÃO JOSÉ DO RIO PRETO;SP;10;9;6;0,6667;3,5075;4,2808;5
2016;17;UNIVERSIDADE FEDERAL DE UBERLÂNDIA;UFU;Universidade;Pessoa Jurídica de Direito Público - Federal;115800;36;FISIOTERAPIA;Educação Presencial;3170206;UBERLÂNDIA;MG;61;60;55;0,9167;-0,6116;2,2131;3
2016;167;UNIVERSIDADE METODISTA DE SÃO PAULO;UMESP;Universidade;Privada sem fins lucrativos;115806;92;TECNOLOGIA EM GESTÃO AMBIENTAL;Educação a Distância;3548708;SÃO BERNARDO DO CAMPO;SP;46;41;13;0,3171;-0,8986;2,1828;3
2016;3641;CENTRO UNIVERSITÁRIO DA FUNDAÇÃO EDUCACIONAL DE BARRETOS;UNIFEB;Centro Universitário;Privada sem fins lucrativos;115890;19;FARMÁCIA;Educação Presencial;3505500;BARRETOS;SP;44;32;25;0,7813;-0,4877;2,2014;3
2016;718;UNIVERSIDADE POTIGUAR;UNP;Universidade;Pessoa Jurídica de Direito Privado - Com fins lucrativos - Sociedade Civil;115942;28;NUTRIÇÃO;Educação Presencial;2408003;MOSSORÓ;RN;96;91;80;0,8791;-0,2554;2,3287;3
2016;387;UNIVERSIDADE CATÓLICA DOM BOSCO;UCDB;Universidade;Privada sem fins lucrativos;115950;92;TECNOLOGIA EM GESTÃO AMBIENTAL;Educação a Distância;5002704;CAMPO GRANDE;MS;12;9;5;0,5556;2,4620;3,4012;4
2016;502;CENTRO UNIVERSITÁRIO MONTE SERRAT;UNIMONTE;Centro Universitário;Privada com fins lucrativos;115972;95;TECNOLOGIA EM ESTÉTICA E COSMÉTICA;Educação Presencial;3548500;SANTOS;SP;27;25;11;0,4400;2,7100;4,1761;5
2016;1113;CENTRO UNIVERSITÁRIO EURO-AMERICANO;UNIEURO;Centro Universitário;Privada sem fins lucrativos;115984;23;ENFERMAGEM;Educação Presencial;5300108;BRASÍLIA;DF;16;14;7;0,5000;1,8589;3,3786;4
2016;266;UNIVERSIDADE METODISTA DE PIRACICABA;UNIMEP;Universidade;Privada sem fins lucrativos;116014;6;ODONTOLOGIA;Educação Presencial;3527108;LINS;SP;83;80;55;0,6875;-0,2847;2,1712;3
2016;718;UNIVERSIDADE POTIGUAR;UNP;Universidade;Pessoa Jurídica de Direito Privado - Com fins lucrativos - Sociedade Civil;116136;95;TECNOLOGIA EM ESTÉTICA E COSMÉTICA;Educação Presencial;2408102;NATAL;RN;56;47;33;0,7021;0,1378;2,5998;3
2016;457;UNIVERSIDADE ANHANGUERA DE SÃO PAULO - UNIAN-SP;UNIAN - SP;Universidade;Privada com fins lucrativos;116159;23;ENFERMAGEM;Educação Presencial;3550308;SÃO PAULO;SP;17;12;3;0,2500;5,2600;4,9795;5
2016;385;UNIVERSIDADE SALVADOR;UNIFACS;Universidade;Pessoa Jurídica de Direito Privado - Com fins lucrativos - Sociedade Civil;116171;28;NUTRIÇÃO;Educação Presencial;2927408;SALVADOR;BA;112;71;51;0,7183;-0,0907;2,4030;3
2016;14;UNIVERSIDADE DO VALE DO RIO DOS SINOS;UNISINOS;Universidade;Privada sem fins lucrativos;116200;19;FARMÁCIA;Educação Presencial;4318705;SÃO LEOPOLDO;RS;28;28;16;0,5714;2,1576;3,3514;4
2016;456;CENTRO UNIVERSITÁRIO SANT´ANNA;UNISANT'ANNA;Centro Universitário;Privada sem fins lucrativos;116224;92;TECNOLOGIA EM GESTÃO AMBIENTAL;Educação Presencial;3550308;SÃO PAULO;SP;8;0;0;0,0000;;;SC
2016;4126;FACULDADE DE CIÊNCIAS SOCIAIS APLICADAS E DE TECNOLOGIAS DE AGUA BOA;FACESA;Faculdade ;Privada com fins lucrativos;116328;90;TECNOLOGIA EM AGRONEGÓCIOS;Educação Presencial;5100201;ÁGUA BOA;MT;4;4;3;0,7500;-0,8087;2,3827;3
2016;581;UNIVERSIDADE FEDERAL DO RIO GRANDE DO SUL;UFRGS;Universidade;Pessoa Jurídica de Direito Público - Federal;116400;36;FISIOTERAPIA;Educação Presencial;4314902;PORTO ALEGRE;RS;24;23;22;0,9565;1,4858;3,1494;4
2016;1945;FACULDADE DE SORRISO;FAIS;Faculdade ;Privada com fins lucrativos;116428;23;ENFERMAGEM;Educação Presencial;5107925;SORRISO;MT;51;49;38;0,7755;-0,4356;2,2985;3
2016;316;UNIVERSIDADE NOVE DE JULHO;UNINOVE;Universidade;Privada sem fins lucrativos;116456;69;TECNOLOGIA EM RADIOLOGIA;Educação a Distância;3550308;SÃO PAULO;SP;133;123;18;0,1463;;;SC
2016;316;UNIVERSIDADE NOVE DE JULHO;UNINOVE;Universidade;Privada sem fins lucrativos;116478;69;TECNOLOGIA EM RADIOLOGIA;Educação Presencial;3550308;SÃO PAULO;SP;37;33;14;0,4242;-0,5974;2,2325;3
2016;576;UNIVERSIDADE FEDERAL DE JUIZ DE FORA;UFJF;Universidade;Pessoa Jurídica de Direito Público - Federal;116498;28;NUTRIÇÃO;Educação Presencial;3136702;JUIZ DE FORA;MG;94;88;82;0,9318;0,0724;2,4766;3
2016;1077;Faculdade Estácio do Recife - Estácio FIR;Estácio FIR;Faculdade ;Privada com fins lucrativos;116508;23;ENFERMAGEM;Educação Presencial;2611606;RECIFE;PE;189;182;126;0,6923;-0,1896;2,4143;3
2016;573;UNIVERSIDADE FEDERAL DO ESPÍRITO SANTO;UFES;Universidade;Pessoa Jurídica de Direito Público - Federal;116572;36;FISIOTERAPIA;Educação Presencial;3205309;VITÓRIA;ES;55;51;50;0,9804;-0,0905;2,4457;3
2016;717;FUNDAÇÃO UNIVERSIDADE FEDERAL DE CIÊNCIAS DA SAÚDE DE PORTO ALEGRE;UFCSPA;Universidade;Pessoa Jurídica de Direito Público - Federal;116586;36;FISIOTERAPIA;Educação Presencial;4314902;PORTO ALEGRE;RS;20;20;19;0,9500;0,5053;2,7117;3
2016;717;FUNDAÇÃO UNIVERSIDADE FEDERAL DE CIÊNCIAS DA SAÚDE DE PORTO ALEGRE;UFCSPA;Universidade;Pessoa Jurídica de Direito Público - Federal;116588;23;ENFERMAGEM;Educação Presencial;4314902;PORTO ALEGRE;RS;23;23;23;1,0000;0,5876;2,7802;3
2016;599;INSTITUTO FEDERAL DE EDUCAÇÃO, CIÊNCIA E TECNOLOGIA DA BAHIA;IFBA;Instituto Federal de Educação, Ciência e Tecnologia;Pessoa Jurídica de Direito Público - Federal;116592;69;TECNOLOGIA EM RADIOLOGIA;Educação Presencial;2927408;SALVADOR;BA;15;14;12;0,8571;0,8894;2,6502;3
2016;79;INSTITUTO MUNICIPAL DE ENSINO SUPERIOR DE CATANDUVA;IMES CATANDUVA;Faculdade ;Pessoa Jurídica de Direito Público - Municipal;116596;28;NUTRIÇÃO;Educação Presencial;3511102;CATANDUVA;SP;21;20;8;0,4000;-2,9722;1,1037;2
2016;316;UNIVERSIDADE NOVE DE JULHO;UNINOVE;Universidade;Privada sem fins lucrativos;116616;38;SERVIÇO SOCIAL;Educação Presencial;3550308;SÃO PAULO;SP;30;25;5;0,2000;-2,3136;1,5645;2
2016;316;UNIVERSIDADE NOVE DE JULHO;UNINOVE;Universidade;Privada sem fins lucrativos;116620;38;SERVIÇO SOCIAL;Educação Presencial;3550308;SÃO PAULO;SP;106;77;23;0,2987;0,4787;2,8675;3
2016;5;UNIVERSIDADE FEDERAL DO PIAUÍ;UFPI;Universidade;Pessoa Jurídica de Direito Público - Federal;116632;23;ENFERMAGEM;Educação Presencial;2203909;FLORIANO;PI;32;31;30;0,9677;0,9774;2,9637;4
2016;1;UNIVERSIDADE FEDERAL DE MATO GROSSO;UFMT;Universidade;Pessoa Jurídica de Direito Público - Federal;116648;55;BIOMEDICINA;Educação Presencial;5101803;BARRA DO GARÇAS;MT;20;18;18;1,0000;-0,9695;1,9221;2
2016;1;UNIVERSIDADE FEDERAL DE MATO GROSSO;UFMT;Universidade;Pessoa Jurídica de Direito Público - Federal;116662;17;AGRONOMIA;Educação Presencial;5101803;BARRA DO GARÇAS;MT;20;17;15;0,8824;-1,8128;1,7612;2
2016;1;UNIVERSIDADE FEDERAL DE MATO GROSSO;UFMT;Universidade;Pessoa Jurídica de Direito Público - Federal;116720;19;FARMÁCIA;Educação Presencial;5107909;SINOP;MT;19;19;19;1,0000;0,8062;2,7639;3
2016;1131;FACULDADE SANTO AGOSTINHO;FSA;Faculdade ;Privada com fins lucrativos;116722;38;SERVIÇO SOCIAL;Educação Presencial;2211001;TERESINA;PI;188;181;150;0,8287;-0,2630;2,5213;3
2016;570;UNIVERSIDADE FEDERAL DO RIO GRANDE DO NORTE;UFRN;Universidade;Pessoa Jurídica de Direito Público - Federal;116752;36;FISIOTERAPIA;Educação Presencial;2411205;SANTA CRUZ;RN;37;32;31;0,9688;0,5085;2,7131;3
2016;570;UNIVERSIDADE FEDERAL DO RIO GRANDE DO NORTE;UFRN;Universidade;Pessoa Jurídica de Direito Público - Federal;116754;28;NUTRIÇÃO;Educação Presencial;2411205;SANTA CRUZ;RN;28;26;24;0,9231;0,5525;2,6931;3
2016;570;UNIVERSIDADE FEDERAL DO RIO GRANDE DO NORTE;UFRN;Universidade;Pessoa Jurídica de Direito Público - Federal;116764;27;FONOAUDIOLOGIA;Educação Presencial;2408102;NATAL;RN;25;24;21;0,8750;-0,3284;2,1651;3
2016;3042;CHRISTUS FACULDADE DO PIAUÍ;CHRISFAPI;Faculdade ;Privada com fins lucrativos;116816;23;ENFERMAGEM;Educação Presencial;2208403;PIRIPIRI;PI;13;11;11;1,0000;3,1098;3,9674;5
2016;573;UNIVERSIDADE FEDERAL DO ESPÍRITO SANTO;UFES;Universidade;Pessoa Jurídica de Direito Público - Federal;116866;19;FARMÁCIA;Educação Presencial;3200201;ALEGRE;ES;17;17;16;0,9412;-0,9735;1,9903;3
2016;641;CENTRO UNIVERSITÁRIO LA SALLE;UNILASALLE;Centro Universitário;Privada sem fins lucrativos;116904;3501;EDUCAÇÃO FÍSICA (BACHARELADO);Educação Presencial;4304606;CANOAS;RS;48;46;17;0,3696;1,1679;3,0049;4
2016;3984;FUNDAÇÃO UNIVERSIDADE FEDERAL DO VALE DO SÃO FRANCISCO;UNIVASF;Universidade;Pessoa Jurídica de Direito Público - Federal;116914;19;FARMÁCIA;Educação Presencial;2611101;PETROLINA;PE;46;46;44;0,9565;-0,8050;2,0635;3
2016;3984;FUNDAÇÃO UNIVERSIDADE FEDERAL DO VALE DO SÃO FRANCISCO;UNIVASF;Universidade;Pessoa Jurídica de Direito Público - Federal;116926;17;AGRONOMIA;Educação Presencial;2611101;PETROLINA;PE;32;30;25;0,8333;0,2211;2,9898;4
2016;453;CENTRO UNIVERSITÁRIO LUTERANO DE PALMAS;CEULP;Centro Universitário;Pessoa Jurídica de Direito Privado - Sem fins lucrativos - Fundação;116946;3501;EDUCAÇÃO FÍSICA (BACHARELADO);Educação Presencial;1721000;PALMAS;TO;18;15;7;0,4667;2,7786;3,7435;4
2016;4029;FACULDADE POLITEC;FAP;Faculdade ;Privada com fins lucrativos;116976;95;TECNOLOGIA EM ESTÉTICA E COSMÉTICA;Educação Presencial;3545803;SANTA BÁRBARA D'OESTE;SP;28;27;11;0,4074;-0,3670;2,2904;3
2016;5107;FACULDADE SOGIPA DE EDUCAÇÃO FÍSICA;0;Faculdade ;Privada sem fins lucrativos;116986;3501;EDUCAÇÃO FÍSICA (BACHARELADO);Educação Presencial;4314902;PORTO ALEGRE;RS;52;45;16;0,3556;0,1847;2,5540;3
2016;81;UNIVERSIDADE DA REGIÃO DE JOINVILLE;UNIVILLE;Universidade;Pessoa Jurídica de Direito Privado - Sem fins lucrativos - Sociedade;117010;3501;EDUCAÇÃO FÍSICA (BACHARELADO);Educação Presencial;4215802;SÃO BENTO DO SUL;SC;16;16;12;0,7500;0,5623;2,7271;3
2016;1758;FACULDADE INDEPENDENTE DO NORDESTE;FAINOR;Faculdade ;Privada com fins lucrativos;117018;19;FARMÁCIA;Educação Presencial;2933307;VITÓRIA DA CONQUISTA;BA;55;54;40;0,7407;0,2238;2,5107;3
2016;664;UNIVERSIDADE VILA VELHA;UVV;Universidade;Privada sem fins lucrativos;117050;3501;EDUCAÇÃO FÍSICA (BACHARELADO);Educação Presencial;3205200;VILA VELHA;ES;78;78;53;0,6795;0,6919;2,7866;3
2016;449;UNIVERSIDADE LUTERANA DO BRASIL;ULBRA;Universidade;Pessoa Jurídica de Direito Privado - Sem fins lucrativos - Fundação;117054;38;SERVIÇO SOCIAL;Educação a Distância;4304606;CANOAS;RS;384;309;97;0,3139;-0,2097;2,5462;3
2016;578;UNIVERSIDADE FEDERAL DA BAHIA;UFBA;Universidade;Pessoa Jurídica de Direito Público - Federal;117070;51;ZOOTECNIA;Educação Presencial;2927408;SALVADOR;BA;13;12;5;0,4167;0,6486;3,0742;4
2016;1552;FACULDADE PIAUIENSE;FAP;Faculdade ;Privada com fins lucrativos;117106;23;ENFERMAGEM;Educação Presencial;2207702;PARNAÍBA;PI;111;106;70;0,6604;-0,3744;2,3274;3
2016;3375;INSTITUTO DE ENSINO SUPERIOR MÚLTIPLO;IESM;Faculdade ;Privada com fins lucrativos;117162;23;ENFERMAGEM;Educação Presencial;2112209;TIMON;MA;28;27;19;0,7037;0,1754;2,5862;3
2016;3618;FACULDADE MARIO SCHENBERG;FMS;Faculdade ;Privada com fins lucrativos;117176;23;ENFERMAGEM;Educação Presencial;3513009;COTIA;SP;26;26;14;0,5385;-2,5772;1,2905;2
2016;1927;FACULDADES INTEGRADAS DO VALE DO IGUAÇU;0;Faculdade ;Privada com fins lucrativos;117205;55;BIOMEDICINA;Educação Presencial;4128203;UNIÃO DA VITÓRIA;PR;35;35;33;0,9429;0,2884;2,5501;3
2016;1913;FACULDADE DE MINAS;FAMINAS;Centro Universitário;Privada com fins lucrativos;117218;55;BIOMEDICINA;Educação Presencial;3143906;MURIAÉ;MG;17;14;13;0,9286;0,5610;2,6862;3
2016;4950;FACULDADE AUM;0;Faculdade ;Privada com fins lucrativos;117242;55;BIOMEDICINA;Educação Presencial;5103403;CUIABÁ;MT;58;57;40;0,7018;-0,6580;2,0776;3
2016;4863;FACULDADE PITÁGORAS DE POÇOS DE CALDAS;0;Faculdade ;Privada com fins lucrativos;117259;23;ENFERMAGEM;Educação Presencial;3151800;POÇOS DE CALDAS;MG;24;24;12;0,5000;1,9842;3,4376;4
2016;5592;FACULDADES INTEGRADAS DO NORTE DE MINAS - FUNORTE;FUNORTE;Faculdade ;Privada sem fins lucrativos;117278;5;MEDICINA VETERINÁRIA;Educação Presencial;3143302;MONTES CLAROS;MG;100;89;69;0,7753;0,0516;2,6356;3
2016;4367;FACULDADE TERRA NORDESTE;FATENE;Faculdade ;Privada com fins lucrativos;117282;23;ENFERMAGEM;Educação Presencial;2303709;CAUCAIA;CE;63;61;28;0,4590;0,3016;2,6456;3
2016;4367;FACULDADE TERRA NORDESTE;FATENE;Faculdade ;Privada com fins lucrativos;117284;38;SERVIÇO SOCIAL;Educação Presencial;2303709;CAUCAIA;CE;65;62;30;0,4839;0,0244;2,6555;3
2016;4780;FACULDADE DE CIÊNCIAS DA SAÚDE DE UNAÍ;FACISA;Faculdade ;Pessoa Jurídica de Direito Privado - Com fins lucrativos - Sociedade Civil;117292;5;MEDICINA VETERINÁRIA;Educação Presencial;3170404;UNAÍ;MG;13;13;12;0,9231;-1,3701;1,5654;2
2016;1927;FACULDADES INTEGRADAS DO VALE DO IGUAÇU;0;Faculdade ;Privada com fins lucrativos;117308;3501;EDUCAÇÃO FÍSICA (BACHARELADO);Educação Presencial;4128203;UNIÃO DA VITÓRIA;PR;32;27;17;0,6296;-0,9742;2,0225;3
2016;2410;FACULDADE CEARENSE;FAC;Faculdade ;Privada sem fins lucrativos;117310;38;SERVIÇO SOCIAL;Educação Presencial;2304400;FORTALEZA;CE;184;156;98;0,6282;-0,8562;2,2446;3
2016;4605;FACULDADE DE ENSINO SUPERIOR KM 125;0;Faculdade ;Privada com fins lucrativos;117312;23;ENFERMAGEM;Educação Presencial;4106407;CORNÉLIO PROCÓPIO;PR;12;10;6;0,6000;1,2759;3,1042;4
2016;403;UNIVERSIDADE CATÓLICA DE BRASÍLIA;UCB;Universidade;Privada sem fins lucrativos;117334;3501;EDUCAÇÃO FÍSICA (BACHARELADO);Educação Presencial;5300108;BRASÍLIA;DF;135;95;30;0,3158;-1,1722;1,9317;2
2016;138;CENTRO UNIVERSITÁRIO BARÃO DE MAUÁ;CBM;Centro Universitário;Pessoa Jurídica de Direito Privado - Sem fins lucrativos - Fundação;117337;23;ENFERMAGEM;Educação Presencial;3543402;RIBEIRÃO PRETO;SP;55;53;27;0,5094;0,0120;2,5093;3
2016;138;CENTRO UNIVERSITÁRIO BARÃO DE MAUÁ;CBM;Centro Universitário;Pessoa Jurídica de Direito Privado - Sem fins lucrativos - Fundação;117344;55;BIOMEDICINA;Educação Presencial;3543402;RIBEIRÃO PRETO;SP;61;58;48;0,8276;-0,5402;2,1364;3
2016;434;FACULDADE SANTA MARCELINA;FASM;Faculdade ;Privada sem fins lucrativos;117420;28;NUTRIÇÃO;Educação Presencial;3550308;SÃO PAULO;SP;22;21;14;0,6667;-1,4903;1,7719;2
2016;1961;INSTITUTO TECNOLÓGICO E DAS CIÊNCIAS SOCIAIS APLICADAS E DA SAÚDE DO CENTRO EDUC. N. SRª AUXILIADORA;ITCSAS/CENSA;Faculdade ;Privada sem fins lucrativos;117465;23;ENFERMAGEM;Educação Presencial;3301009;CAMPOS DOS GOYTACAZES;RJ;34;11;7;0,6364;0,9429;2,9474;4
2016;1728;FACULDADE INTERAMERICANA DE PORTO VELHO;UNIRON;Faculdade ;Privada com fins lucrativos;117474;36;FISIOTERAPIA;Educação Presencial;1100205;PORTO VELHO;RO;28;27;22;0,8148;-0,4692;2,2766;3
2016;1590;FACULDADE ESTÁCIO DE SÃO LUÍS;ESTÁCIO SÃO LUÍS;Faculdade ;Privada com fins lucrativos;117476;28;NUTRIÇÃO;Educação Presencial;2111300;SÃO LUÍS;MA;98;89;72;0,8090;-0,4709;2,2316;3
2016;494;UNIVERSIDADE DO SUL DE SANTA CATARINA;UNISUL;Universidade;Privada sem fins lucrativos;117496;92;TECNOLOGIA EM GESTÃO AMBIENTAL;Educação a Distância;4218707;TUBARÃO;SC;34;9;0;0,0000;;;SC
2016;2348;INSTITUIÇÃO DE ENSINO SÃO FRANCISCO;IESF;Faculdade ;Privada com fins lucrativos;117510;28;NUTRIÇÃO;Educação Presencial;3530706;MOGI GUAÇU;SP;13;11;7;0,6364;0,1355;2,5050;3
2016;4616;FACULDADE ANHANGUERA DE CAXIAS DO SUL;FACS;Faculdade ;Privada com fins lucrativos;117524;38;SERVIÇO SOCIAL;Educação Presencial;4305108;CAXIAS DO SUL;RS;12;10;3;0,3000;1,1551;3,1831;4
2016;4945;FACULDADE INTERNACIONAL DO DELTA;INTA;Faculdade ;Privada sem fins lucrativos;117535;38;SERVIÇO SOCIAL;Educação Presencial;2207702;PARNAÍBA;PI;59;57;40;0,7018;-0,3703;2,4713;3
2016;4867;FACULDADE PITÁGORAS DE GUARAPARI;0;Faculdade ;Privada com fins lucrativos;117610;23;ENFERMAGEM;Educação Presencial;3202405;GUARAPARI;ES;11;11;9;0,8182;1,2956;3,1135;4
2016;1078;FACULDADE INTEGRADO DE CAMPO MOURÃO;CEI;Faculdade ;Privada com fins lucrativos;117633;28;NUTRIÇÃO;Educação Presencial;4104303;CAMPO MOURÃO;PR;38;28;24;0,8571;0,2270;2,5463;3
2016;1508;FACULDADE METROPOLITANA DE MARINGÁ;0;Faculdade ;Privada com fins lucrativos;117642;38;SERVIÇO SOCIAL;Educação Presencial;4115200;MARINGÁ;PR;41;38;22;0,5789;0,7644;3,0008;4
2016;728;FACULDADE DE CIÊNCIAS HUMANAS DE CURVELO;FACIC;Faculdade ;Privada sem fins lucrativos;117648;23;ENFERMAGEM;Educação Presencial;3120904;CURVELO;MG;3;3;2;0,6667;0,3790;2,6820;3
2016;2469;INSTITUTO MACAPAENSE DE ENSINO SUPERIOR;IMMES;Faculdade ;Privada com fins lucrativos;117671;6;ODONTOLOGIA;Educação Presencial;1600303;MACAPÁ;AP;22;21;13;0,6190;-0,2257;2,2334;3
2016;2076;FACULDADE REGIONAL DA BAHIA;FARB;Faculdade ;Privada com fins lucrativos;117747;6;ODONTOLOGIA;Educação Presencial;2927408;SALVADOR;BA;40;37;22;0,5946;-1,1628;1,2454;2
2016;1032;CENTRO UNIVERSITÁRIO SALESIANO DE SÃO PAULO;UNISAL;Centro Universitário;Privada sem fins lucrativos;117750;3501;EDUCAÇÃO FÍSICA (BACHARELADO);Educação Presencial;3509502;CAMPINAS;SP;17;16;10;0,6250;2,3712;3,5567;4
2016;2175;FACULDADE METROPOLITANA DE BLUMENAU;FAMEBLU;Faculdade ;Privada com fins lucrativos;117775;23;ENFERMAGEM;Educação Presencial;4202404;BLUMENAU;SC;17;16;6;0,3750;0,3988;2,6913;3
2016;3004;INSTITUTO DE ENSINO SUPERIOR SANTA CECÍLIA;IESC;Faculdade ;Privada com fins lucrativos;117792;38;SERVIÇO SOCIAL;Educação Presencial;2700300;ARAPIRACA;AL;62;49;31;0,6327;-0,5546;2,3853;3
2016;1961;INSTITUTO TECNOLÓGICO E DAS CIÊNCIAS SOCIAIS APLICADAS E DA SAÚDE DO CENTRO EDUC. N. SRª AUXILIADORA;ITCSAS/CENSA;Faculdade ;Privada sem fins lucrativos;117808;3501;EDUCAÇÃO FÍSICA (BACHARELADO);Educação Presencial;3301009;CAMPOS DOS GOYTACAZES;RJ;18;6;2;0,3333;-5,1172;0,1226;1
2016;1552;FACULDADE PIAUIENSE;FAP;Faculdade ;Privada com fins lucrativos;117813;36;FISIOTERAPIA;Educação Presencial;2207702;PARNAÍBA;PI;27;27;19;0,7037;-0,0767;2,4519;3
2016;2576;FACULDADES PITÁGORAS UNIDADE GUARAPARI;FIPAG;Faculdade ;Privada com fins lucrativos;117881;3501;EDUCAÇÃO FÍSICA (BACHARELADO);Educação Presencial;3202405;GUARAPARI;ES;69;63;47;0,7460;-0,9137;2,0503;3
2016;2111;INSTITUTO SUPERIOR DE TEOLOGIA APLICADA;INTA;Faculdade ;Privada sem fins lucrativos;117916;28;NUTRIÇÃO;Educação Presencial;2312908;SOBRAL;CE;100;89;63;0,7079;-0,1605;2,3715;3
2016;1051;FACULDADE DA SEUNE;SEUNE;Faculdade ;Pessoa Jurídica de Direito Privado - Com fins lucrativos - Sociedade Civil;117947;23;ENFERMAGEM;Educação Presencial;2704302;MACEIÓ;AL;36;34;11;0,3235;-1,0239;2,0216;3
2016;4197;FACULDADE ALIANÇA;FACE;Faculdade ;Privada com fins lucrativos;117956;36;FISIOTERAPIA;Educação Presencial;2211001;TERESINA;PI;34;33;26;0,7879;-0,0606;2,4590;3
2016;2745;ESCOLA SUPERIOR DA AMAZÔNIA;ESAMAZ;Faculdade ;Privada com fins lucrativos;117960;19;FARMÁCIA;Educação Presencial;1501402;BELÉM;PA;137;133;65;0,4887;-1,3905;1,8090;2
2016;2160;FACULDADE SANT'ANA;IESSA;Faculdade ;Privada sem fins lucrativos;117968;3501;EDUCAÇÃO FÍSICA (BACHARELADO);Educação Presencial;4119905;PONTA GROSSA;PR;45;37;18;0,4865;-1,7144;1,6831;2
2016;578;UNIVERSIDADE FEDERAL DA BAHIA;UFBA;Universidade;Pessoa Jurídica de Direito Público - Federal;118180;38;SERVIÇO SOCIAL;Educação Presencial;2927408;SALVADOR;BA;45;40;35;0,8750;-2,0063;1,7079;2
2016;4964;FACULDADE DE CIÊNCIAS E TECNOLOGIA DO MARANHÃO;FACEMA;Faculdade ;Privada com fins lucrativos;118264;36;FISIOTERAPIA;Educação Presencial;2103000;CAXIAS;MA;68;62;55;0,8871;-0,1648;2,4125;3
2016;4964;FACULDADE DE CIÊNCIAS E TECNOLOGIA DO MARANHÃO;FACEMA;Faculdade ;Privada com fins lucrativos;118312;23;ENFERMAGEM;Educação Presencial;2103000;CAXIAS;MA;109;105;87;0,8286;-0,0486;2,4807;3
2016;4959;FACULDADE PITÁGORAS DE FEIRA DE SANTANA;0;Faculdade ;Pessoa Jurídica de Direito Privado - Com fins lucrativos - Sociedade Civil;118354;23;ENFERMAGEM;Educação Presencial;2910800;FEIRA DE SANTANA;BA;60;60;43;0,7167;-0,2835;2,3702;3
2016;4586;FACULDADE DO NORTE GOIANO;FNG;Faculdade ;Privada com fins lucrativos;118364;23;ENFERMAGEM;Educação Presencial;5218003;PORANGATU;GO;21;20;17;0,8500;-1,8901;1,6139;2
2016;780;UNIVERSIDADE DE CUIABÁ;UNIC / PITÁGORAS;Universidade;Pessoa Jurídica de Direito Privado - Com fins lucrativos - Sociedade Civil;118380;3501;EDUCAÇÃO FÍSICA (BACHARELADO);Educação Presencial;5103403;CUIABÁ;MT;28;18;13;0,7222;1,7306;3,2629;4
2016;450;CENTRO UNIVERSITÁRIO LUTERANO DE JI-PARANÁ;CEULJI/ULBRA;Centro Universitário;Pessoa Jurídica de Direito Privado - Sem fins lucrativos - Fundação;118390;19;FARMÁCIA;Educação Presencial;1100122;JI-PARANÁ;RO;25;25;17;0,6800;-0,4821;2,2039;3
2016;450;CENTRO UNIVERSITÁRIO LUTERANO DE JI-PARANÁ;CEULJI/ULBRA;Centro Universitário;Pessoa Jurídica de Direito Privado - Sem fins lucrativos - Fundação;118392;55;BIOMEDICINA;Educação Presencial;1100122;JI-PARANÁ;RO;7;7;7;1,0000;1,8123;3,3109;4
2016;3983;CENTRO UNIVERSITÁRIO DE FORMIGA;UNIFORMG;Centro Universitário;Pessoa Jurídica de Direito Privado - Sem fins lucrativos - Fundação;118432;3501;EDUCAÇÃO FÍSICA (BACHARELADO);Educação Presencial;3126109;FORMIGA;MG;39;38;16;0,4211;-1,7669;1,6590;2
2016;587;UNIVERSIDADE FEDERAL RURAL DE PERNAMBUCO;UFRPE;Universidade;Pessoa Jurídica de Direito Público - Federal;118474;51;ZOOTECNIA;Educação Presencial;2613909;SERRA TALHADA;PE;34;32;26;0,8125;-0,6090;2,5529;3
2016;4846;FACULDADE VÉRTICE;VÉRTICE;Faculdade ;Privada com fins lucrativos;118536;19;FARMÁCIA;Educação Presencial;3140902;MATIPÓ;MG;13;13;10;0,7692;-0,9971;1,9800;3
2016;2745;ESCOLA SUPERIOR DA AMAZÔNIA;ESAMAZ;Faculdade ;Privada com fins lucrativos;118540;28;NUTRIÇÃO;Educação Presencial;1501402;BELÉM;PA;76;73;40;0,5479;-2,2660;1,4221;2
2016;339;FACULDADE SANTA EMÍLIA DE RODAT;FASER;Faculdade ;Privada sem fins lucrativos;118544;95;TECNOLOGIA EM ESTÉTICA E COSMÉTICA;Educação Presencial;2507507;JOÃO PESSOA;PB;21;21;11;0,5238;-1,2174;1,7693;2
2016;1189;UNIVERSIDADE DO PLANALTO CATARINENSE;UNIPLAC;Universidade;Privada sem fins lucrativos;118594;55;BIOMEDICINA;Educação Presencial;4209300;LAGES;SC;12;11;9;0,8182;4,8854;4,8451;5
2016;1709;FACULDADE INTEGRADA DE PERNAMBUCO;FACIPE;Faculdade ;Pessoa Jurídica de Direito Privado - Com fins lucrativos - Sociedade Civil;118608;69;TECNOLOGIA EM RADIOLOGIA;Educação Presencial;2611606;RECIFE;PE;43;31;19;0,6129;0,9825;2,6764;3
2016;535;CENTRO UNIVERSITÁRIO DE MANDAGUARI - UNIMAN;FAFIMAN;Faculdade ;Pessoa Jurídica de Direito Público - Municipal;118648;23;ENFERMAGEM;Educação Presencial;4114203;MANDAGUARI;PR;19;17;6;0,3529;4,3724;4,5617;5
2016;5670;FACULDADES UNIDAS DO VALE DO ARAGUAIA;UNIVAR;Faculdade ;Privada sem fins lucrativos;118659;19;FARMÁCIA;Educação Presencial;5101803;BARRA DO GARÇAS;MT;32;28;25;0,8929;1,3213;2,9879;4
2016;3149;FACULDADE PITÁGORAS DE DIVINÓPOLIS - FPD;FPD;Faculdade ;Privada com fins lucrativos;118676;23;ENFERMAGEM;Educação Presencial;3122306;DIVINÓPOLIS;MG;14;14;13;0,9286;-0,4375;2,2977;3
2016;434;FACULDADE SANTA MARCELINA;FASM;Faculdade ;Privada sem fins lucrativos;118684;36;FISIOTERAPIA;Educação Presencial;3550308;SÃO PAULO;SP;32;32;14;0,4375;-0,8742;2,0958;3
2016;549;UNIVERSIDADE FEDERAL DO ACRE;UFAC;Universidade;Pessoa Jurídica de Direito Público - Federal;118697;5;MEDICINA VETERINÁRIA;Educação Presencial;1200401;RIO BRANCO;AC;42;41;24;0,5854;-0,8320;1,9705;3
2016;1038;FACULDADES INTEGRADAS DE TRÊS LAGOAS;AEMS;Faculdade ;Privada sem fins lucrativos;118702;28;NUTRIÇÃO;Educação Presencial;5008305;TRÊS LAGOAS;MS;21;18;12;0,6667;0,3839;2,6170;3
2016;3930;INSTITUTO DE EDUCAÇÃO SUPERIOR RAIMUNDO SÁ;IESRSA;Faculdade ;Privada com fins lucrativos;118704;36;FISIOTERAPIA;Educação Presencial;2208007;PICOS;PI;44;42;37;0,8810;0,2663;2,6050;3
2016;667;FACULDADES INTEGRADAS DE JACAREPAGUÁ;FIJ;Faculdade ;Privada sem fins lucrativos;118706;23;ENFERMAGEM;Educação Presencial;3304557;RIO DE JANEIRO;RJ;8;6;2;0,3333;-0,0087;2,4995;3
2016;2175;FACULDADE METROPOLITANA DE BLUMENAU;FAMEBLU;Faculdade ;Privada com fins lucrativos;118708;28;NUTRIÇÃO;Educação Presencial;4202404;BLUMENAU;SC;34;32;12;0,3750;2,2133;3,4419;4
2016;1709;FACULDADE INTEGRADA DE PERNAMBUCO;FACIPE;Faculdade ;Pessoa Jurídica de Direito Privado - Com fins lucrativos - Sociedade Civil;118710;23;ENFERMAGEM;Educação Presencial;2611606;RECIFE;PE;104;97;49;0,5052;-0,2423;2,3895;3
2016;1883;FACULDADE DE CIÊNCIAS AGRÁRIAS E DA SAÚDE;FAS;Faculdade ;Privada com fins lucrativos;118712;3501;EDUCAÇÃO FÍSICA (BACHARELADO);Educação Presencial;2919207;LAURO DE FREITAS;BA;10;0;0;0,0000;;;SC
2016;2336;FACULDADE MONTES BELOS;FMB;Faculdade ;Privada com fins lucrativos;118714;17;AGRONOMIA;Educação Presencial;5220108;SÃO LUÍS DE MONTES BELOS;GO;47;45;34;0,7556;-1,3280;2,0540;3
2016;5511;FACULDADE CAMPO REAL;CAMPO REAL;Faculdade ;Privada com fins lucrativos;118718;17;AGRONOMIA;Educação Presencial;4109401;GUARAPUAVA;PR;89;87;69;0,7931;0,5038;3,1606;4
2016;1077;Faculdade Estácio do Recife - Estácio FIR;Estácio FIR;Faculdade ;Privada com fins lucrativos;118722;38;SERVIÇO SOCIAL;Educação Presencial;2611606;RECIFE;PE;128;113;82;0,7257;-0,6143;2,3574;3
2016;1590;FACULDADE ESTÁCIO DE SÃO LUÍS;ESTÁCIO SÃO LUÍS;Faculdade ;Privada com fins lucrativos;118744;23;ENFERMAGEM;Educação Presencial;2111300;SÃO LUÍS;MA;69;64;52;0,8125;0,4620;2,7211;3
2016;2428;FACULDADE DE CIÊNCIAS E TECNOLOGIAS DE CAMPOS GERAIS;FACICA;Faculdade ;Privada com fins lucrativos;118748;19;FARMÁCIA;Educação Presencial;3111606;CAMPOS GERAIS;MG;38;35;28;0,8000;-0,4614;2,2129;3
2016;1718;FACULDADE NOBRE DE FEIRA DE SANTANA;FAN;Faculdade ;Privada com fins lucrativos;118752;55;BIOMEDICINA;Educação Presencial;2910800;FEIRA DE SANTANA;BA;11;11;10;0,9091;1,2744;3,0423;4
2016;1758;FACULDADE INDEPENDENTE DO NORDESTE;FAINOR;Faculdade ;Privada com fins lucrativos;118754;23;ENFERMAGEM;Educação Presencial;2933307;VITÓRIA DA CONQUISTA;BA;57;55;46;0,8364;-0,4259;2,3031;3
2016;4950;FACULDADE AUM;0;Faculdade ;Privada com fins lucrativos;118764;23;ENFERMAGEM;Educação Presencial;5103403;CUIABÁ;MT;5;5;2;0,4000;-8,0657;0,0000;1
2016;1728;FACULDADE INTERAMERICANA DE PORTO VELHO;UNIRON;Faculdade ;Privada com fins lucrativos;118774;23;ENFERMAGEM;Educação Presencial;1100205;PORTO VELHO;RO;61;61;44;0,7213;-1,1972;1,9401;2
2016;3149;FACULDADE PITÁGORAS DE DIVINÓPOLIS - FPD;FPD;Faculdade ;Privada com fins lucrativos;118778;19;FARMÁCIA;Educação Presencial;3122306;DIVINÓPOLIS;MG;3;3;3;1,0000;1,3458;2,9985;4
2016;1844;FACULDADES INTEGRADAS STELLA MARIS DE ANDRADINA;FISMA;Faculdade ;Privada sem fins lucrativos;118822;3501;EDUCAÇÃO FÍSICA (BACHARELADO);Educação Presencial;3502101;ANDRADINA;SP;26;23;1;0,0435;;;SC
2016;3985;CENTRO UNIVERSITÁRIO SENAC;SENACSP;Centro Universitário;Privada sem fins lucrativos;118830;95;TECNOLOGIA EM ESTÉTICA E COSMÉTICA;Educação Presencial;3550308;SÃO PAULO;SP;36;33;22;0,6667;-0,2250;2,3774;3
2016;3985;CENTRO UNIVERSITÁRIO SENAC;SENACSP;Centro Universitário;Privada sem fins lucrativos;118838;28;NUTRIÇÃO;Educação Presencial;3550308;SÃO PAULO;SP;17;17;11;0,6471;1,2980;3,0292;4
2016;2973;FACULDADE DE CIÊNCIAS HUMANAS E BIOLÓGICAS E DA SAÚDE;0;Faculdade ;Pessoa Jurídica de Direito Privado - Com fins lucrativos - Sociedade Mercantil ou Comercial;118852;23;ENFERMAGEM;Educação Presencial;5107040;PRIMAVERA DO LESTE;MT;47;46;34;0,7391;-0,0281;2,4904;3
2016;1046;UNIÃO DAS FACULDADES DOS GRANDES LAGOS;UNILAGO;Faculdade ;Privada sem fins lucrativos;118858;19;FARMÁCIA;Educação Presencial;3549805;SÃO JOSÉ DO RIO PRETO;SP;29;27;11;0,4074;-1,6213;1,7086;2
2016;1087;FACULDADES INTEGRADAS APARÍCIO CARVALHO;FIMCA;Faculdade ;Pessoa Jurídica de Direito Privado - Com fins lucrativos - Sociedade Civil;118868;27;FONOAUDIOLOGIA;Educação Presencial;1100205;PORTO VELHO;RO;32;31;19;0,6129;-1,2801;1,7232;2
2016;2122;Estácio FASE - Faculdade Estácio de Sergipe;Estácio FASE;Faculdade ;Privada com fins lucrativos;118882;23;ENFERMAGEM;Educação Presencial;2800308;ARACAJU;SE;200;191;109;0,5707;-0,0823;2,4648;3
2016;2005;FACULDADE DE CIÊNCIAS SOCIAIS APLICADAS DE SINOP;FACISAS;Faculdade ;Pessoa Jurídica de Direito Privado - Com fins lucrativos - Sociedade Mercantil ou Comercial;118888;23;ENFERMAGEM;Educação Presencial;5107909;SINOP;MT;15;15;12;0,8000;2,1632;3,5218;4
2016;2564;UNIVERSIDADE FEDERAL DE CAMPINA GRANDE;UFCG;Universidade;Pessoa Jurídica de Direito Público - Federal;118910;28;NUTRIÇÃO;Educação Presencial;2505105;CUITÉ;PB;42;28;27;0,9643;-0,1392;2,3812;3
2016;10;PONTIFÍCIA UNIVERSIDADE CATÓLICA DO PARANÁ;PUCPR;Universidade;Privada sem fins lucrativos;118912;19;FARMÁCIA;Educação Presencial;4127700;TOLEDO;PR;11;10;9;0,9000;0,4493;2,6088;3
2016;2530;FACULDADE DE CIÊNCIAS DE GUARULHOS;FACIG;Faculdade ;Privada com fins lucrativos;118918;23;ENFERMAGEM;Educação Presencial;3518800;GUARULHOS;SP;79;76;21;0,2763;-1,2423;1,9188;2
2016;1573;FACULDADE ALFREDO NASSER;FAN;Faculdade ;Privada sem fins lucrativos;118922;55;BIOMEDICINA;Educação Presencial;5201405;APARECIDA DE GOIÂNIA;GO;26;26;14;0,5385;-0,5588;2,1271;3
2016;1573;FACULDADE ALFREDO NASSER;FAN;Faculdade ;Privada sem fins lucrativos;118924;23;ENFERMAGEM;Educação Presencial;5201405;APARECIDA DE GOIÂNIA;GO;25;25;11;0,4400;0,3178;2,6532;3
2016;2111;INSTITUTO SUPERIOR DE TEOLOGIA APLICADA;INTA;Faculdade ;Privada sem fins lucrativos;118958;19;FARMÁCIA;Educação Presencial;2312908;SOBRAL;CE;81;77;58;0,7532;-0,7903;2,0699;3
2016;1437;ESCOLA SUPERIOR DE TECNOLOGIA E EDUCAÇÃO DE RIO CLARO;ESRC;Faculdade ;Privada com fins lucrativos;118986;28;NUTRIÇÃO;Educação Presencial;3543907;RIO CLARO;SP;21;21;13;0,6190;-0,2075;2,3504;3
2016;2636;FACULDADE DINÂMICA DO VALE DO PIRANGA;FADIP;Faculdade ;Privada com fins lucrativos;118990;19;FARMÁCIA;Educação Presencial;3152105;PONTE NOVA;MG;15;13;13;1,0000;-1,1602;1,9091;2
2016;5369;FACULDADES INTEGRADAS ASMEC;ASMEC;Faculdade ;Privada com fins lucrativos;118998;3501;EDUCAÇÃO FÍSICA (BACHARELADO);Educação Presencial;3146008;OURO FINO;MG;36;30;20;0,6667;0,3686;2,6383;3
2016;1913;FACULDADE DE MINAS;FAMINAS;Centro Universitário;Privada com fins lucrativos;119000;3501;EDUCAÇÃO FÍSICA (BACHARELADO);Educação Presencial;3143906;MURIAÉ;MG;59;43;19;0,4419;-2,3362;1,3979;2
2016;3304;FACULDADES INTEGRADAS DE PATOS;FIP;Faculdade ;Privada com fins lucrativos;119004;3501;EDUCAÇÃO FÍSICA (BACHARELADO);Educação Presencial;2510808;PATOS;PB;77;73;65;0,8904;0,0657;2,4994;3
2016;1554;FACULDADES INTEGRADAS DO VALE DO RIBEIRA;FIVR;Faculdade ;Privada com fins lucrativos;119016;3501;EDUCAÇÃO FÍSICA (BACHARELADO);Educação Presencial;3542602;REGISTRO;SP;23;16;8;0,5000;0,3497;2,6296;3
2016;1554;FACULDADES INTEGRADAS DO VALE DO RIBEIRA;FIVR;Faculdade ;Privada com fins lucrativos;119018;38;SERVIÇO SOCIAL;Educação Presencial;3542602;REGISTRO;SP;21;21;17;0,8095;-0,0540;2,6189;3
2016;1573;FACULDADE ALFREDO NASSER;FAN;Faculdade ;Privada sem fins lucrativos;119020;36;FISIOTERAPIA;Educação Presencial;5201405;APARECIDA DE GOIÂNIA;GO;23;22;11;0,5000;0,0533;2,5099;3
2016;403;UNIVERSIDADE CATÓLICA DE BRASÍLIA;UCB;Universidade;Privada sem fins lucrativos;119028;92;TECNOLOGIA EM GESTÃO AMBIENTAL;Educação Presencial;5300108;BRASÍLIA;DF;13;9;6;0,6667;-1,9942;1,7856;2
2016;1599;INSTITUTO DE ENSINO SUPERIOR PRESIDENTE TANCREDO DE ALMEIDA NEVES;IPTAN;Faculdade ;Privada com fins lucrativos;119030;23;ENFERMAGEM;Educação Presencial;3162500;SÃO JOÃO DEL REI;MG;19;19;16;0,8421;1,2454;3,0898;4
2016;1978;FACULDADE METROPOLITANA DA GRANDE FORTALEZA;FAMETRO;Faculdade ;Privada com fins lucrativos;119044;91;TECNOLOGIA EM GESTÃO HOSPITALAR;Educação Presencial;2304400;FORTALEZA;CE;23;18;15;0,8333;4,0202;3,5939;4
2016;2571;FACULDADE REDENTOR;FACREDENTOR;Faculdade ;Privada sem fins lucrativos;119052;23;ENFERMAGEM;Educação Presencial;3302205;ITAPERUNA;RJ;14;14;10;0,7143;0,8456;2,9016;3
2016;5670;FACULDADES UNIDAS DO VALE DO ARAGUAIA;UNIVAR;Faculdade ;Privada sem fins lucrativos;119062;28;NUTRIÇÃO;Educação Presencial;5101803;BARRA DO GARÇAS;MT;27;26;23;0,8846;0,5284;2,6822;3
2016;430;CENTRO UNIVERSITÁRIO FILADÉLFIA;UNIFIL;Centro Universitário;Privada sem fins lucrativos;119108;95;TECNOLOGIA EM ESTÉTICA E COSMÉTICA;Educação Presencial;4113700;LONDRINA;PR;79;75;52;0,6933;0,7322;2,9641;4
2016;430;CENTRO UNIVERSITÁRIO FILADÉLFIA;UNIFIL;Centro Universitário;Privada sem fins lucrativos;119110;17;AGRONOMIA;Educação Presencial;4113700;LONDRINA;PR;57;56;36;0,6429;1,9168;4,0142;5
2016;430;CENTRO UNIVERSITÁRIO FILADÉLFIA;UNIFIL;Centro Universitário;Privada sem fins lucrativos;119112;5;MEDICINA VETERINÁRIA;Educação Presencial;4113700;LONDRINA;PR;16;14;10;0,7143;0,1809;2,7329;3
2016;1559;CENTRO UNIVERSITÁRIO DO ESPÍRITO SANTO;UNESC;Centro Universitário;Privada sem fins lucrativos;119120;23;ENFERMAGEM;Educação Presencial;3201506;COLATINA;ES;26;26;24;0,9231;0,6016;2,7867;3
2016;939;FACULDADE CATÓLICA DE ANÁPOLIS;CATÓLICA DE ANÁPOLIS;Faculdade ;Privada sem fins lucrativos;119148;92;TECNOLOGIA EM GESTÃO AMBIENTAL;Educação Presencial;5201108;ANÁPOLIS;GO;18;18;13;0,7222;1,0188;2,8779;3
2016;757;FACULDADES INTEGRADAS DO TAPAJÓS;ISES;Faculdade ;Privada com fins lucrativos;119182;38;SERVIÇO SOCIAL;Educação Presencial;1506807;SANTARÉM;PA;6;5;5;1,0000;3,6032;4,3254;5
2016;294;FACULDADE TRÊS DE MAIO;SETREM;Faculdade ;Privada sem fins lucrativos;119212;17;AGRONOMIA;Educação Presencial;4321808;TRÊS DE MAIO;RS;26;26;15;0,5769;2,4376;4,3288;5
2016;206;CENTRO UNIVERSITÁRIO ÍTALO-BRASILEIRO;UNIÍTALO;Centro Universitário;Privada sem fins lucrativos;119234;38;SERVIÇO SOCIAL;Educação Presencial;3550308;SÃO PAULO;SP;118;106;19;0,1792;;;SC
2016;668;CENTRO UNIVERSITÁRIO DE ENSINO SUPERIOR DO AMAZONAS;CIESA;Centro Universitário;Privada com fins lucrativos;119261;95;TECNOLOGIA EM ESTÉTICA E COSMÉTICA;Educação Presencial;1302603;MANAUS;AM;57;54;31;0,5741;-0,9955;1,9052;2
2016;1225;CENTRO UNIVERSITÁRIO AMPARENSE;UNIFIA;Centro Universitário;Privada com fins lucrativos;119298;3501;EDUCAÇÃO FÍSICA (BACHARELADO);Educação Presencial;3501905;AMPARO;SP;28;28;14;0,5000;0,1722;2,5483;3
2016;1038;FACULDADES INTEGRADAS DE TRÊS LAGOAS;AEMS;Faculdade ;Privada sem fins lucrativos;119341;23;ENFERMAGEM;Educação Presencial;5008305;TRÊS LAGOAS;MS;11;9;4;0,4444;5,3035;5,0000;5
2016;3194;FACULDADE DE MINAS BH;FAMINAS-BH;Faculdade ;Privada com fins lucrativos;119345;23;ENFERMAGEM;Educação Presencial;3106200;BELO HORIZONTE;MG;80;72;48;0,6667;0,7446;2,8541;3
2016;437;UNIVERSIDADE PARANAENSE;UNIPAR;Universidade;Privada sem fins lucrativos;119385;95;TECNOLOGIA EM ESTÉTICA E COSMÉTICA;Educação Presencial;4128104;UMUARAMA;PR;37;34;26;0,7647;0,0748;2,5612;3
2016;1559;CENTRO UNIVERSITÁRIO DO ESPÍRITO SANTO;UNESC;Centro Universitário;Privada sem fins lucrativos;119684;19;FARMÁCIA;Educação Presencial;3201506;COLATINA;ES;21;21;19;0,9048;1,3530;3,0016;4
2016;1559;CENTRO UNIVERSITÁRIO DO ESPÍRITO SANTO;UNESC;Centro Universitário;Privada sem fins lucrativos;119686;36;FISIOTERAPIA;Educação Presencial;3201506;COLATINA;ES;29;29;29;1,0000;0,4318;2,6789;3
2016;1559;CENTRO UNIVERSITÁRIO DO ESPÍRITO SANTO;UNESC;Centro Universitário;Privada sem fins lucrativos;119690;28;NUTRIÇÃO;Educação Presencial;3201506;COLATINA;ES;29;29;27;0,9310;0,8023;2,8057;3
2016;437;UNIVERSIDADE PARANAENSE;UNIPAR;Universidade;Privada sem fins lucrativos;119707;95;TECNOLOGIA EM ESTÉTICA E COSMÉTICA;Educação Presencial;4118402;PARANAVAÍ;PR;19;19;15;0,7895;-1,6119;1,5275;2
2016;437;UNIVERSIDADE PARANAENSE;UNIPAR;Universidade;Privada sem fins lucrativos;119711;95;TECNOLOGIA EM ESTÉTICA E COSMÉTICA;Educação Presencial;4104808;CASCAVEL;PR;33;33;24;0,7273;1,4403;3,3980;4
2016;3151;UNIVERSIDADE COMUNITÁRIA DA REGIÃO DE CHAPECÓ;UNOCHAPECÓ;Universidade;Pessoa Jurídica de Direito Privado - Sem fins lucrativos - Fundação;119730;6;ODONTOLOGIA;Educação Presencial;4204202;CHAPECÓ;SC;116;82;69;0,8415;0,1827;2,6640;3
2016;4533;FACULDADE SÃO FRANCISCO DA PARAÍBA;FASP;Faculdade ;Privada com fins lucrativos;119783;19;FARMÁCIA;Educação Presencial;2503704;CAJAZEIRAS;PB;69;65;51;0,7846;-0,5220;2,1865;3
2016;1734;FACULDADE INTEGRAL DIFERENCIAL;FACID;Faculdade ;Pessoa Jurídica de Direito Privado - Com fins lucrativos - Sociedade Civil;119806;19;FARMÁCIA;Educação Presencial;2211001;TERESINA;PI;43;42;39;0,9286;-0,0726;2,3819;3
2016;4522;CENTRO UNIVERSITÁRIO CATÓLICO SALESIANO AUXILIUM;UNISALESIANO;Centro Universitário;Privada sem fins lucrativos;119810;3501;EDUCAÇÃO FÍSICA (BACHARELADO);Educação Presencial;3502804;ARAÇATUBA;SP;16;11;7;0,6364;2,4109;3,5749;4
2016;1758;FACULDADE INDEPENDENTE DO NORDESTE;FAINOR;Faculdade ;Privada com fins lucrativos;119812;36;FISIOTERAPIA;Educação Presencial;2933307;VITÓRIA DA CONQUISTA;BA;72;70;50;0,7143;0,1722;2,5630;3
2016;1956;INSTITUTO BATISTA DE ENSINO SUPERIOR DE ALAGOAS;IBESA;Faculdade ;Privada sem fins lucrativos;119814;36;FISIOTERAPIA;Educação Presencial;2704302;MACEIÓ;AL;11;10;6;0,6000;-1,5288;1,8036;2
2016;3151;UNIVERSIDADE COMUNITÁRIA DA REGIÃO DE CHAPECÓ;UNOCHAPECÓ;Universidade;Pessoa Jurídica de Direito Privado - Sem fins lucrativos - Fundação;119844;3501;EDUCAÇÃO FÍSICA (BACHARELADO);Educação Presencial;4204202;CHAPECÓ;SC;57;49;37;0,7551;0,1114;2,5204;3
2016;163;UNIVERSIDADE ESTÁCIO DE SÁ;UNESA;Universidade;Privada com fins lucrativos;119862;19;FARMÁCIA;Educação Presencial;3303906;PETRÓPOLIS;RJ;10;10;4;0,4000;-0,7090;2,1053;3
2016;437;UNIVERSIDADE PARANAENSE;UNIPAR;Universidade;Privada sem fins lucrativos;119882;95;TECNOLOGIA EM ESTÉTICA E COSMÉTICA;Educação Presencial;4108403;FRANCISCO BELTRÃO;PR;69;68;58;0,8529;0,3637;2,7382;3
2016;5627;FACULDADE DE TECNOLOGIA DE PRESIDENTE PRUDENTE;FATEC;Faculdade ;Pessoa Jurídica de Direito Público - Estadual;119890;90;TECNOLOGIA EM AGRONEGÓCIOS;Educação Presencial;3541406;PRESIDENTE PRUDENTE;SP;48;36;12;0,3333;0,4132;2,7707;3
2016;549;UNIVERSIDADE FEDERAL DO ACRE;UFAC;Universidade;Pessoa Jurídica de Direito Público - Federal;119894;28;NUTRIÇÃO;Educação Presencial;1200401;RIO BRANCO;AC;36;35;27;0,7714;-0,9024;2,0370;3
2016;595;UNIVERSIDADE FEDERAL DE ALFENAS;UNIFAL-MG;Universidade;Pessoa Jurídica de Direito Público - Federal;119916;36;FISIOTERAPIA;Educação Presencial;3101607;ALFENAS;MG;45;44;42;0,9545;0,1419;2,5495;3
2016;1042;UNIVERSIDADE POSITIVO;UP;Universidade;Privada com fins lucrativos;119918;23;ENFERMAGEM;Educação Presencial;4106902;CURITIBA;PR;44;42;32;0,7619;1,6785;3,2937;4
2016;7;UNIVERSIDADE FEDERAL DE SÃO CARLOS;UFSCAR;Universidade;Pessoa Jurídica de Direito Público - Federal;119940;17;AGRONOMIA;Educação Presencial;3552205;SOROCABA;SP;8;3;0;0,0000;;;SC
2016;1559;CENTRO UNIVERSITÁRIO DO ESPÍRITO SANTO;UNESC;Centro Universitário;Privada sem fins lucrativos;119994;5;MEDICINA VETERINÁRIA;Educação Presencial;3201506;COLATINA;ES;41;41;38;0,9268;-1,8735;1,1865;2
2016;1917;FACULDADE DE CIÊNCIAS BIOMÉDICAS DE CACOAL;FACIMED;Faculdade ;Privada com fins lucrativos;119996;19;FARMÁCIA;Educação Presencial;1100049;CACOAL;RO;42;42;32;0,7619;0,0856;2,4507;3
2016;2572;FACULDADE REGIONAL DE FILOSOFIA, CIÊNCIAS E LETRAS DE CANDEIAS;FAC;Faculdade ;Privada com fins lucrativos;120016;23;ENFERMAGEM;Educação Presencial;2906501;CANDEIAS;BA;17;16;3;0,1875;;;SC
2016;2565;ABEU - CENTRO UNIVERSITÁRIO;UNIABEU;Centro Universitário;Privada sem fins lucrativos;120026;3501;EDUCAÇÃO FÍSICA (BACHARELADO);Educação Presencial;3300456;BELFORD ROXO;RJ;60;52;7;0,1346;;;SC
2016;1502;FACULDADE PITÁGORAS DE JUNDIAÍ;PIT JUNDIAÍ;Faculdade ;Privada com fins lucrativos;120034;19;FARMÁCIA;Educação Presencial;3525904;JUNDIAÍ;SP;4;4;4;1,0000;5,9499;5,0000;5
2016;4522;CENTRO UNIVERSITÁRIO CATÓLICO SALESIANO AUXILIUM;UNISALESIANO;Centro Universitário;Privada sem fins lucrativos;120044;19;FARMÁCIA;Educação Presencial;3502804;ARAÇATUBA;SP;15;10;7;0,7000;3,9251;4,1198;5
2016;14724;INSTITUTO FEDERAL DE EDUCAÇÃO, CIÊNCIA E TECNOLOGIA DO PARANÁ;IFPR;Instituto Federal de Educação, Ciência e Tecnologia;Pessoa Jurídica de Direito Público - Federal;120110;17;AGRONOMIA;Educação Presencial;4117602;PALMAS;PR;33;30;20;0,6667;-0,0263;2,8403;3
2016;590;UNIVERSIDADE FEDERAL RURAL DA AMAZÔNIA;UFRA;Universidade;Pessoa Jurídica de Direito Público - Federal;120116;51;ZOOTECNIA;Educação Presencial;1505536;PARAUAPEBAS;PA;21;17;17;1,0000;-0,1898;2,7267;3
2016;5627;FACULDADE DE TECNOLOGIA DE PRESIDENTE PRUDENTE;FATEC;Faculdade ;Pessoa Jurídica de Direito Público - Estadual;120123;90;TECNOLOGIA EM AGRONEGÓCIOS;Educação Presencial;3541406;PRESIDENTE PRUDENTE;SP;19;10;4;0,4000;2,9605;3,5797;4
2016;5511;FACULDADE CAMPO REAL;CAMPO REAL;Faculdade ;Privada com fins lucrativos;120132;55;BIOMEDICINA;Educação Presencial;4109401;GUARAPUAVA;PR;56;56;50;0,8929;-0,6178;2,0977;3
2016;5322;FUNDAÇÃO UNIVERSIDADE FEDERAL DO PAMPA - UNIPAMPA;UNIPAMPA;Universidade;Pessoa Jurídica de Direito Público - Federal;120215;5;MEDICINA VETERINÁRIA;Educação Presencial;4322400;URUGUAIANA;RS;37;34;33;0,9706;-0,1984;2,4474;3
2016;1092;FACULDADES INTEGRADAS DE BAURU;FIB;Faculdade ;Privada com fins lucrativos;120410;17;AGRONOMIA;Educação Presencial;3506003;BAURU;SP;46;33;15;0,4545;-0,1911;2,7408;3
2016;2043;FACULDADE VALE DO SALGADO;FVS;Faculdade ;Privada com fins lucrativos;120418;23;ENFERMAGEM;Educação Presencial;2305407;ICÓ;CE;68;66;55;0,8333;0,3483;2,6676;3
2016;3194;FACULDADE DE MINAS BH;FAMINAS-BH;Faculdade ;Privada com fins lucrativos;120424;38;SERVIÇO SOCIAL;Educação Presencial;3106200;BELO HORIZONTE;MG;50;43;38;0,8837;-0,0822;2,6057;3
2016;4846;FACULDADE VÉRTICE;VÉRTICE;Faculdade ;Privada com fins lucrativos;120426;5;MEDICINA VETERINÁRIA;Educação Presencial;3140902;MATIPÓ;MG;25;25;22;0,8800;-0,3842;2,3075;3
2016;1590;FACULDADE ESTÁCIO DE SÃO LUÍS;ESTÁCIO SÃO LUÍS;Faculdade ;Privada com fins lucrativos;120437;55;BIOMEDICINA;Educação Presencial;2111300;SÃO LUÍS;MA;110;109;101;0,9266;-0,4665;2,1732;3
2016;1743;FACULDADE DE TECNOLOGIA OSWALDO CRUZ;FATEC OSWALDO CRUZ;Faculdade ;Privada com fins lucrativos;120444;92;TECNOLOGIA EM GESTÃO AMBIENTAL;Educação Presencial;3550308;SÃO PAULO;SP;1;0;0;0,0000;;;SC
2016;316;UNIVERSIDADE NOVE DE JULHO;UNINOVE;Universidade;Privada sem fins lucrativos;120511;28;NUTRIÇÃO;Educação Presencial;3550308;SÃO PAULO;SP;45;35;19;0,5429;0,4378;2,6413;3
2016;2616;FACULDADE SANTO ANTÔNIO DE PÁDUA;FASAP;Faculdade ;Pessoa Jurídica de Direito Privado - Com fins lucrativos - Sociedade Civil;120591;23;ENFERMAGEM;Educação Presencial;3304706;SANTO ANTÔNIO DE PÁDUA;RJ;25;25;23;0,9200;-1,0071;2,0295;3
2016;4534;FACULDADE HERRERO;FATEC;Faculdade ;Privada com fins lucrativos;120635;23;ENFERMAGEM;Educação Presencial;4106902;CURITIBA;PR;13;13;9;0,6923;0,8789;2,9173;3
2016;3879;FACULDADE MAURÍCIO DE NASSAU DE CAMPINA GRANDE;FMN CG;Faculdade ;Privada com fins lucrativos;120641;36;FISIOTERAPIA;Educação Presencial;2504009;CAMPINA GRANDE;PB;123;115;97;0,8435;-0,0940;2,4441;3
2016;2745;ESCOLA SUPERIOR DA AMAZÔNIA;ESAMAZ;Faculdade ;Privada com fins lucrativos;120651;55;BIOMEDICINA;Educação Presencial;1501402;BELÉM;PA;69;68;55;0,8088;-0,7296;2,0418;3
2016;494;UNIVERSIDADE DO SUL DE SANTA CATARINA;UNISUL;Universidade;Privada sem fins lucrativos;120704;95;TECNOLOGIA EM ESTÉTICA E COSMÉTICA;Educação Presencial;4218707;TUBARÃO;SC;13;13;8;0,6154;4,0543;5,0000;5
2016;1964;FACULDADE DE TECNOLOGIA EM HOTELARIA, GASTRONOMIA E TURISMO DE SÃO PAULO;HOTEC;Faculdade ;Privada com fins lucrativos;120739;28;NUTRIÇÃO;Educação Presencial;3550308;SÃO PAULO;SP;1;1;0;0,0000;;;SC
2016;4024;FACULDADE DE TECNOLOGIA DE MOCOCA;FATEC;Faculdade ;Pessoa Jurídica de Direito Público - Estadual;120764;90;TECNOLOGIA EM AGRONEGÓCIOS;Educação Presencial;3530508;MOCOCA;SP;32;22;9;0,4091;-5,4201;0,9182;1
2016;1785;FACULDADE DE COLIDER;FACIDER;Faculdade ;Privada sem fins lucrativos;120771;3501;EDUCAÇÃO FÍSICA (BACHARELADO);Educação Presencial;5103205;COLÍDER;MT;12;10;6;0,6000;-7,8651;0,0000;1
2016;271;UNIVERSIDADE DO OESTE PAULISTA;UNOESTE;Universidade;Privada sem fins lucrativos;120810;90;TECNOLOGIA EM AGRONEGÓCIOS;Educação Presencial;3541406;PRESIDENTE PRUDENTE;SP;27;26;19;0,7308;2,4377;3,4137;4
2016;8;UNIVERSIDADE FEDERAL DE VIÇOSA;UFV;Universidade;Pessoa Jurídica de Direito Público - Federal;120830;23;ENFERMAGEM;Educação Presencial;3171303;VIÇOSA;MG;34;34;33;0,9706;-0,1205;2,4469;3
2016;586;UNIVERSIDADE FEDERAL DO RIO DE JANEIRO;UFRJ;Universidade;Pessoa Jurídica de Direito Público - Federal;120922;19;FARMÁCIA;Educação Presencial;3302403;MACAÉ;RJ;53;51;46;0,9020;-0,7045;2,1072;3
2016;423;UNIVERSIDADE REGIONAL INTEGRADA DO ALTO URUGUAI E DAS MISSÕES;URI;Universidade;Privada sem fins lucrativos;120934;36;FISIOTERAPIA;Educação Presencial;4318903;SÃO LUIZ GONZAGA;RS;15;15;14;0,9333;-1,0476;2,0184;3
2016;568;UNIVERSIDADE ESTADUAL DO MARANHÃO;UEMA;Universidade;Pessoa Jurídica de Direito Público - Estadual;120944;51;ZOOTECNIA;Educação Presencial;2111300;SÃO LUÍS;MA;48;43;40;0,9302;-0,3670;2,6533;3
2016;107;UNIVERSIDADE FEDERAL DE SÃO JOÃO DEL REI;UFSJ;Universidade;Pessoa Jurídica de Direito Público - Federal;120983;12;MEDICINA;Educação Presencial;3122306;DIVINÓPOLIS;MG;44;43;42;0,9767;-0,6902;2,1732;3
2016;3163;INSTITUTO FEDERAL DE EDUCAÇÃO, CIÊNCIA E TECNOLOGIA DO RIO DE JANEIRO;IFRJ;Instituto Federal de Educação, Ciência e Tecnologia;Pessoa Jurídica de Direito Público - Federal;121007;36;FISIOTERAPIA;Educação Presencial;3304557;RIO DE JANEIRO;RJ;24;20;19;0,9500;-0,4035;2,3060;3
2016;3163;INSTITUTO FEDERAL DE EDUCAÇÃO, CIÊNCIA E TECNOLOGIA DO RIO DE JANEIRO;IFRJ;Instituto Federal de Educação, Ciência e Tecnologia;Pessoa Jurídica de Direito Público - Federal;121018;92;TECNOLOGIA EM GESTÃO AMBIENTAL;Educação Presencial;3304557;RIO DE JANEIRO;RJ;50;38;33;0,8684;1,4985;3,0519;4
2016;1191;INSTITUTO DE ENSINO SUPERIOR DE FORTALEZA;IESF;Faculdade ;Privada sem fins lucrativos;121034;19;FARMÁCIA;Educação Presencial;2304400;FORTALEZA;CE;10;10;8;0,8000;-1,2303;1,8786;2
2016;521;UNIVERSIDADE DE MOGI DAS CRUZES;UMC;Universidade;Privada com fins lucrativos;121054;19;FARMÁCIA;Educação Presencial;3550308;SÃO PAULO;SP;12;6;1;0,1667;;;SC
2016;521;UNIVERSIDADE DE MOGI DAS CRUZES;UMC;Universidade;Privada com fins lucrativos;121061;69;TECNOLOGIA EM RADIOLOGIA;Educação Presencial;3550308;SÃO PAULO;SP;2;0;0;0,0000;;;SC
2016;322;UNIVERSIDADE PAULISTA;UNIP;Universidade;Privada sem fins lucrativos;121093;38;SERVIÇO SOCIAL;Educação a Distância;3550308;SÃO PAULO;SP;1854;1582;579;0,3660;-0,2115;2,5454;3
2016;1129;CENTRO UNIVERSITÁRIO DO NORTE PAULISTA;UNORP;Centro Universitário;Privada sem fins lucrativos;121137;95;TECNOLOGIA EM ESTÉTICA E COSMÉTICA;Educação Presencial;3549805;SÃO JOSÉ DO RIO PRETO;SP;16;13;10;0,7692;-1,6385;1,5112;2
2016;466;UNIVERSIDADE ANHEMBI MORUMBI;UAM;Universidade;Privada com fins lucrativos;121145;95;TECNOLOGIA EM ESTÉTICA E COSMÉTICA;Educação Presencial;3550308;SÃO PAULO;SP;27;23;12;0,5217;-2,7333;0,8402;1
2016;2770;FACULDADE UNIDA DE CAMPINAS;FACUNICAMPS;Faculdade ;Pessoa Jurídica de Direito Privado - Com fins lucrativos - Sociedade Mercantil ou Comercial;121158;23;ENFERMAGEM;Educação Presencial;5208707;GOIÂNIA;GO;13;11;11;1,0000;2,6136;3,7338;4
2016;83;UNIVERSIDADE DO VALE DO ITAJAÍ;UNIVALI;Universidade;Pessoa Jurídica de Direito Privado - Sem fins lucrativos - Fundação;121279;95;TECNOLOGIA EM ESTÉTICA E COSMÉTICA;Educação Presencial;4205407;FLORIANÓPOLIS;SC;13;11;6;0,5455;1,9881;3,7337;4
2016;4962;CENTRO UNIVERSITÁRIO DE SETE LAGOAS;UNIFEMM;Centro Universitário;Privada sem fins lucrativos;121344;23;ENFERMAGEM;Educação Presencial;3167202;SETE LAGOAS;MG;15;12;11;0,9167;1,7428;3,3240;4
2016;4962;CENTRO UNIVERSITÁRIO DE SETE LAGOAS;UNIFEMM;Centro Universitário;Privada sem fins lucrativos;121348;28;NUTRIÇÃO;Educação Presencial;3167202;SETE LAGOAS;MG;22;19;17;0,8947;0,6649;2,7437;3
2016;4504;FUNDAÇÃO UNIVERSIDADE FEDERAL DA GRANDE DOURADOS;UFGD;Universidade;Pessoa Jurídica de Direito Público - Federal;121401;28;NUTRIÇÃO;Educação Presencial;5003702;DOURADOS;MS;47;47;41;0,8723;-1,2085;1,8990;2
2016;1446;CENTRO UNIVERSITÁRIO PLANALTO DO DISTRITO FEDERAL - UNIPLAN;UNIPLAN;Centro Universitário;Privada sem fins lucrativos;121421;23;ENFERMAGEM;Educação Presencial;5300108;BRASÍLIA;DF;34;31;20;0,6452;-0,9513;2,0558;3
2016;1446;CENTRO UNIVERSITÁRIO PLANALTO DO DISTRITO FEDERAL - UNIPLAN;UNIPLAN;Centro Universitário;Privada sem fins lucrativos;121425;36;FISIOTERAPIA;Educação Presencial;5300108;BRASÍLIA;DF;57;53;40;0,7547;-0,0322;2,4717;3
2016;1446;CENTRO UNIVERSITÁRIO PLANALTO DO DISTRITO FEDERAL - UNIPLAN;UNIPLAN;Centro Universitário;Privada sem fins lucrativos;121445;27;FONOAUDIOLOGIA;Educação Presencial;5300108;BRASÍLIA;DF;63;61;35;0,5738;-0,9071;1,8964;2
2016;4098;INSTITUTO FEDERAL DE EDUCAÇÃO, CIÊNCIA E TECNOLOGIA FARROUPILHA;IFFarroupilha;Instituto Federal de Educação, Ciência e Tecnologia;Pessoa Jurídica de Direito Público - Federal;121466;90;TECNOLOGIA EM AGRONEGÓCIOS;Educação Presencial;4317806;SANTO AUGUSTO;RS;28;27;13;0,4815;2,0947;3,3047;4
2016;3974;UNIVERSIDADE DE RIO VERDE;FESURV;Universidade;Pessoa Jurídica de Direito Público - Municipal;121471;19;FARMÁCIA;Educação Presencial;5218805;RIO VERDE;GO;19;18;11;0,6111;-2,0872;1,5061;2
2016;1036;UNIVERSIDADE DO ESTADO DE MINAS GERAIS;UEMG;Universidade;Pessoa Jurídica de Direito Público - Estadual;121476;38;SERVIÇO SOCIAL;Educação Presencial;3113305;CARANGOLA;MG;14;12;10;0,8333;0,8120;3,0230;4
2016;6;UNIVERSIDADE FEDERAL DE OURO PRETO;UFOP;Universidade;Pessoa Jurídica de Direito Público - Federal;121669;38;SERVIÇO SOCIAL;Educação Presencial;3140001;MARIANA;MG;46;33;30;0,9091;-1,3654;2,0069;3
2016;584;UNIVERSIDADE FEDERAL DE GOIÁS;UFG;Universidade;Pessoa Jurídica de Direito Público - Federal;121704;23;ENFERMAGEM;Educação Presencial;5205109;CATALÃO;GO;24;21;20;0,9524;1,3483;3,1382;4
2016;568;UNIVERSIDADE ESTADUAL DO MARANHÃO;UEMA;Universidade;Pessoa Jurídica de Direito Público - Estadual;121740;23;ENFERMAGEM;Educação Presencial;2103505;COLINAS;MA;24;23;20;0,8696;-0,8925;2,0835;3
2016;586;UNIVERSIDADE FEDERAL DO RIO DE JANEIRO;UFRJ;Universidade;Pessoa Jurídica de Direito Público - Federal;121848;23;ENFERMAGEM;Educação Presencial;3302403;MACAÉ;RJ;33;32;31;0,9688;1,1398;3,0401;4
2016;586;UNIVERSIDADE FEDERAL DO RIO DE JANEIRO;UFRJ;Universidade;Pessoa Jurídica de Direito Público - Federal;121850;12;MEDICINA;Educação Presencial;3302403;MACAÉ;RJ;30;30;30;1,0000;-0,5463;2,3301;3
2016;586;UNIVERSIDADE FEDERAL DO RIO DE JANEIRO;UFRJ;Universidade;Pessoa Jurídica de Direito Público - Federal;121852;28;NUTRIÇÃO;Educação Presencial;3302403;MACAÉ;RJ;31;31;30;0,9677;0,9834;2,8874;3
2016;466;UNIVERSIDADE ANHEMBI MORUMBI;UAM;Universidade;Privada com fins lucrativos;121886;3501;EDUCAÇÃO FÍSICA (BACHARELADO);Educação Presencial;3550308;SÃO PAULO;SP;49;46;22;0,4783;1,5532;3,1816;4
2016;322;UNIVERSIDADE PAULISTA;UNIP;Universidade;Privada sem fins lucrativos;121906;95;TECNOLOGIA EM ESTÉTICA E COSMÉTICA;Educação Presencial;3550308;SÃO PAULO;SP;46;35;18;0,5143;-0,1416;2,4286;3
2016;584;UNIVERSIDADE FEDERAL DE GOIÁS;UFG;Universidade;Pessoa Jurídica de Direito Público - Federal;121932;38;SERVIÇO SOCIAL;Educação Presencial;5208905;GOIÁS;GO;68;46;38;0,8261;-0,7779;2,2811;3
2016;5322;FUNDAÇÃO UNIVERSIDADE FEDERAL DO PAMPA - UNIPAMPA;UNIPAMPA;Universidade;Pessoa Jurídica de Direito Público - Federal;122052;90;TECNOLOGIA EM AGRONEGÓCIOS;Educação Presencial;4306601;DOM PEDRITO;RS;7;1;1;1,0000;;;SC
2016;4631;FACULDADE ANGLO-AMERICANO DE JOÃO PESSOA;FAAJP;Faculdade ;Privada com fins lucrativos;122278;19;FARMÁCIA;Educação Presencial;2507507;JOÃO PESSOA;PB;23;22;13;0,5909;1,2673;2,9644;4
2016;579;UNIVERSIDADE FEDERAL DA PARAÍBA;UFPB;Universidade;Pessoa Jurídica de Direito Público - Federal;122288;3501;EDUCAÇÃO FÍSICA (BACHARELADO);Educação Presencial;2507507;JOÃO PESSOA;PB;40;39;29;0,7436;0,5197;2,7076;3
2016;107;UNIVERSIDADE FEDERAL DE SÃO JOÃO DEL REI;UFSJ;Universidade;Pessoa Jurídica de Direito Público - Federal;122312;17;AGRONOMIA;Educação Presencial;3167202;SETE LAGOAS;MG;59;56;45;0,8036;0,1467;2,9449;3
2016;107;UNIVERSIDADE FEDERAL DE SÃO JOÃO DEL REI;UFSJ;Universidade;Pessoa Jurídica de Direito Público - Federal;122326;51;ZOOTECNIA;Educação Presencial;3162500;SÃO JOÃO DEL REI;MG;45;41;38;0,9268;-0,1809;2,7304;3
2016;585;UNIVERSIDADE FEDERAL DE SANTA CATARINA;UFSC;Universidade;Pessoa Jurídica de Direito Público - Federal;122343;27;FONOAUDIOLOGIA;Educação Presencial;4205407;FLORIANÓPOLIS;SC;58;54;46;0,8519;0,1032;2,3655;3
2016;1892;FACULDADE ENIAC;ENIAC;Faculdade ;Privada com fins lucrativos;122374;92;TECNOLOGIA EM GESTÃO AMBIENTAL;Educação Presencial;3518800;GUARULHOS;SP;34;20;6;0,3000;0,1113;2,5489;3
2016;1709;FACULDADE INTEGRADA DE PERNAMBUCO;FACIPE;Faculdade ;Pessoa Jurídica de Direito Privado - Com fins lucrativos - Sociedade Civil;122386;95;TECNOLOGIA EM ESTÉTICA E COSMÉTICA;Educação Presencial;2611606;RECIFE;PE;51;43;24;0,5581;-0,4709;2,2267;3
2016;794;CENTRO UNIVERSITÁRIO DE VÁRZEA GRANDE;UNIVAG;Centro Universitário;Privada sem fins lucrativos;122408;69;TECNOLOGIA EM RADIOLOGIA;Educação Presencial;5108402;VÁRZEA GRANDE;MT;9;8;6;0,7500;3,1739;3,2920;4
2016;1433;FACULDADE ORÍGENES LESSA;FACOL;Faculdade ;Privada sem fins lucrativos;122412;92;TECNOLOGIA EM GESTÃO AMBIENTAL;Educação Presencial;3526803;LENÇÓIS PAULISTA;SP;14;9;4;0,4444;-4,8054;0,7664;1
2016;717;FUNDAÇÃO UNIVERSIDADE FEDERAL DE CIÊNCIAS DA SAÚDE DE PORTO ALEGRE;UFCSPA;Universidade;Pessoa Jurídica de Direito Público - Federal;122450;19;FARMÁCIA;Educação Presencial;4314902;PORTO ALEGRE;RS;10;10;10;1,0000;0,4854;2,6244;3
2016;1874;FACULDADE DE TECNOLOGIA DE OURINHOS;FATEC;Faculdade ;Pessoa Jurídica de Direito Público - Estadual;122578;90;TECNOLOGIA EM AGRONEGÓCIOS;Educação Presencial;3534708;OURINHOS;SP;20;16;8;0,5000;-1,5009;2,1628;3
2016;2175;FACULDADE METROPOLITANA DE BLUMENAU;FAMEBLU;Faculdade ;Privada com fins lucrativos;122592;3501;EDUCAÇÃO FÍSICA (BACHARELADO);Educação Presencial;4202404;BLUMENAU;SC;80;66;25;0,3788;-1,5210;1,7718;2
2016;368;FACULDADE DE EDUCAÇÃO FÍSICA DA ASSOCIAÇÃO CRISTÃ DE MOÇOS DE SOROCABA;FEFISO;Faculdade ;Privada sem fins lucrativos;122596;3501;EDUCAÇÃO FÍSICA (BACHARELADO);Educação Presencial;3552205;SOROCABA;SP;113;110;24;0,2182;-0,1913;2,3816;3
2016;592;UNIVERSIDADE FEDERAL DE LAVRAS;UFLA;Universidade;Pessoa Jurídica de Direito Público - Federal;122660;28;NUTRIÇÃO;Educação Presencial;3138203;LAVRAS;MG;60;60;57;0,9500;0,2238;2,5449;3
2016;2564;UNIVERSIDADE FEDERAL DE CAMPINA GRANDE;UFCG;Universidade;Pessoa Jurídica de Direito Público - Federal;122676;6;ODONTOLOGIA;Educação Presencial;2510808;PATOS;PB;53;53;53;1,0000;-0,0568;2,4114;3
2016;375;UNIVERSIDADE DE SANTO AMARO;UNISA;Universidade;Privada sem fins lucrativos;122720;95;TECNOLOGIA EM ESTÉTICA E COSMÉTICA;Educação Presencial;3550308;SÃO PAULO;SP;18;16;9;0,5625;1,1992;3,2503;4
2016;3164;INSTITUTO FEDERAL DE EDUCAÇÃO, CIÊNCIA E TECNOLOGIA DE MATO GROSSO;IFMT;Instituto Federal de Educação, Ciência e Tecnologia;Pessoa Jurídica de Direito Público - Federal;122749;17;AGRONOMIA;Educação Presencial;5102637;CAMPO NOVO DO PARECIS;MT;32;32;30;0,9375;0,7352;3,3003;4
2016;423;UNIVERSIDADE REGIONAL INTEGRADA DO ALTO URUGUAI E DAS MISSÕES;URI;Universidade;Privada sem fins lucrativos;122800;6;ODONTOLOGIA;Educação Presencial;4307005;ERECHIM;RS;39;37;33;0,8919;0,4171;2,9111;3
2016;2383;FACULDADE MERIDIONAL;IMED;Faculdade ;Privada com fins lucrativos;122802;6;ODONTOLOGIA;Educação Presencial;4314100;PASSO FUNDO;RS;40;40;34;0,8500;0,1511;2,6306;3
2016;664;UNIVERSIDADE VILA VELHA;UVV;Universidade;Privada sem fins lucrativos;122809;6;ODONTOLOGIA;Educação Presencial;3205200;VILA VELHA;ES;38;38;35;0,9211;-0,1348;2,3292;3
2016;2581;FACULDADE SÃO SALVADOR;FSS;Faculdade ;Privada com fins lucrativos;122819;38;SERVIÇO SOCIAL;Educação Presencial;2927408;SALVADOR;BA;9;6;4;0,6667;-3,1990;1,1513;2
2016;579;UNIVERSIDADE FEDERAL DA PARAÍBA;UFPB;Universidade;Pessoa Jurídica de Direito Público - Federal;122918;27;FONOAUDIOLOGIA;Educação Presencial;2507507;JOÃO PESSOA;PB;67;63;54;0,8571;-1,2132;1,7542;2
2016;54;UNIVERSIDADE ESTADUAL DE CAMPINAS;UNICAMP;Universidade;Pessoa Jurídica de Direito Público - Estadual;122951;3501;EDUCAÇÃO FÍSICA (BACHARELADO);Educação Presencial;3526902;LIMEIRA;SP;48;37;34;0,9189;-0,0724;2,4361;3
2016;54;UNIVERSIDADE ESTADUAL DE CAMPINAS;UNICAMP;Universidade;Pessoa Jurídica de Direito Público - Estadual;122957;28;NUTRIÇÃO;Educação Presencial;3526902;LIMEIRA;SP;9;8;8;1,0000;-1,6256;1,7109;2
2016;1166;INSTITUTO FEDERAL DE EDUCAÇÃO, CIÊNCIA E TECNOLOGIA  DA PARAÍBA;IFPB;Instituto Federal de Educação, Ciência e Tecnologia;Pessoa Jurídica de Direito Público - Federal;123002;92;TECNOLOGIA EM GESTÃO AMBIENTAL;Educação Presencial;2507507;JOÃO PESSOA;PB;42;39;38;0,9744;1,4367;3,0294;4
2016;3223;ESCOLA SUPERIOR DE CIÊNCIAS DA SAÚDE;ESCS;Faculdade ;Pessoa Jurídica de Direito Público - Estadual;123083;23;ENFERMAGEM;Educação Presencial;5300108;BRASÍLIA;DF;60;58;52;0,8966;0,7737;2,8678;3
2016;1166;INSTITUTO FEDERAL DE EDUCAÇÃO, CIÊNCIA E TECNOLOGIA  DA PARAÍBA;IFPB;Instituto Federal de Educação, Ciência e Tecnologia;Pessoa Jurídica de Direito Público - Federal;123120;92;TECNOLOGIA EM GESTÃO AMBIENTAL;Educação Presencial;2512309;PRINCESA ISABEL;PB;33;29;29;1,0000;0,2688;2,6060;3
2016;43;FUNDAÇÃO UNIVERSIDADE DO ESTADO DE SANTA CATARINA;UDESC;Universidade;Pessoa Jurídica de Direito Público - Estadual;123128;3501;EDUCAÇÃO FÍSICA (BACHARELADO);Educação Presencial;4205407;FLORIANÓPOLIS;SC;23;22;13;0,5909;-0,2896;2,3365;3
2016;2043;FACULDADE VALE DO SALGADO;FVS;Faculdade ;Privada com fins lucrativos;123165;38;SERVIÇO SOCIAL;Educação Presencial;2305407;ICÓ;CE;84;76;66;0,8684;-0,1310;2,5830;3
2016;472;UNIVERSIDADE DO GRANDE RIO PROFESSOR JOSÉ DE SOUZA HERDY;UNIGRANRIO;Universidade;Privada sem fins lucrativos;123184;23;ENFERMAGEM;Educação Presencial;3304557;RIO DE JANEIRO;RJ;31;28;13;0,4643;0,3857;2,6851;3
2016;1166;INSTITUTO FEDERAL DE EDUCAÇÃO, CIÊNCIA E TECNOLOGIA  DA PARAÍBA;IFPB;Instituto Federal de Educação, Ciência e Tecnologia;Pessoa Jurídica de Direito Público - Federal;123237;5;MEDICINA VETERINÁRIA;Educação Presencial;2516201;SOUSA;PB;33;31;30;0,9677;0,5242;2,9913;4
2016;207;CENTRO UNIVERSITÁRIO MOURA LACERDA;CUML;Centro Universitário;Privada sem fins lucrativos;123268;3501;EDUCAÇÃO FÍSICA (BACHARELADO);Educação Presencial;3524303;JABOTICABAL;SP;49;47;20;0,4255;-1,1457;1,9439;2
2016;207;CENTRO UNIVERSITÁRIO MOURA LACERDA;CUML;Centro Universitário;Privada sem fins lucrativos;123273;3501;EDUCAÇÃO FÍSICA (BACHARELADO);Educação Presencial;3543402;RIBEIRÃO PRETO;SP;23;22;11;0,5000;1,8903;3,3361;4
2016;3279;INSTITUTO FEDERAL DE EDUCAÇÃO, CIÊNCIA E TECNOLOGIA DO SUDESTE DE MINAS GERAIS;IFSEMG;Instituto Federal de Educação, Ciência e Tecnologia;Pessoa Jurídica de Direito Público - Federal;123275;51;ZOOTECNIA;Educação Presencial;3155801;RIO POMBA;MG;25;23;18;0,7826;0,2029;2,8895;3
2016;4025;FACULDADE DE TECNOLOGIA DE SÃO JOSÉ DO RIO PRETO;FATECRP;Faculdade ;Pessoa Jurídica de Direito Público - Estadual;123277;90;TECNOLOGIA EM AGRONEGÓCIOS;Educação Presencial;3549805;SÃO JOSÉ DO RIO PRETO;SP;18;12;7;0,5833;-5,3850;0,9293;1
2016;1546;FACULDADE DE EDUCAÇÃO SÃO FRANCISCO;FAESF;Faculdade ;Privada sem fins lucrativos;123360;28;NUTRIÇÃO;Educação Presencial;2108207;PEDREIRAS;MA;24;22;13;0,5909;-3,4464;0,8899;1
2016;1437;ESCOLA SUPERIOR DE TECNOLOGIA E EDUCAÇÃO DE RIO CLARO;ESRC;Faculdade ;Privada com fins lucrativos;123385;36;FISIOTERAPIA;Educação Presencial;3543907;RIO CLARO;SP;27;26;17;0,6538;0,8717;2,8753;3
2016;4780;FACULDADE DE CIÊNCIAS DA SAÚDE DE UNAÍ;FACISA;Faculdade ;Pessoa Jurídica de Direito Privado - Com fins lucrativos - Sociedade Civil;123387;38;SERVIÇO SOCIAL;Educação Presencial;3170404;UNAÍ;MG;8;8;7;0,8750;1,0188;3,1195;4
2016;217;CENTRO UNIVERSITÁRIO DAS FACULDADES ASSOCIADAS DE ENSINO - FAE;UNIFAE;Centro Universitário;Pessoa Jurídica de Direito Público - Municipal;123452;36;FISIOTERAPIA;Educação Presencial;3549102;SÃO JOÃO DA BOA VISTA;SP;18;18;13;0,7222;0,9297;2,9012;3
2016;135;CENTRO UNIVERSITÁRIO CLARETIANO;CEUCLAR;Centro Universitário;Privada sem fins lucrativos;123460;90;TECNOLOGIA EM AGRONEGÓCIOS;Educação Presencial;3505906;BATATAIS;SP;16;13;6;0,4615;-5,6674;0,8396;1
2016;135;CENTRO UNIVERSITÁRIO CLARETIANO;CEUCLAR;Centro Universitário;Privada sem fins lucrativos;123474;90;TECNOLOGIA EM AGRONEGÓCIOS;Educação a Distância;3505906;BATATAIS;SP;14;12;2;0,1667;;;SC
2016;135;CENTRO UNIVERSITÁRIO CLARETIANO;CEUCLAR;Centro Universitário;Privada sem fins lucrativos;123500;95;TECNOLOGIA EM ESTÉTICA E COSMÉTICA;Educação Presencial;3505906;BATATAIS;SP;60;49;32;0,6531;0,0679;2,5570;3
2016;739;CENTRO UNIVERSITÁRIO SÃO CAMILO - ESPÍRITO SANTO;SÃO CAMILO-ES;Centro Universitário;Privada sem fins lucrativos;123555;19;FARMÁCIA;Educação Presencial;3201209;CACHOEIRO DE ITAPEMIRIM;ES;2;2;1;0,5000;;;SC
2016;4786;INSTITUTO FEDERAL DE EDUCAÇÃO, CIÊNCIA E TECNOLOGIA DO TOCANTINS;IFTO;Instituto Federal de Educação, Ciência e Tecnologia;Pessoa Jurídica de Direito Público - Federal;123557;90;TECNOLOGIA EM AGRONEGÓCIOS;Educação Presencial;1721000;PALMAS;TO;42;28;27;0,9643;-0,5130;2,4766;3
2016;322;UNIVERSIDADE PAULISTA;UNIP;Universidade;Privada sem fins lucrativos;123602;38;SERVIÇO SOCIAL;Educação Presencial;3504008;ASSIS;SP;20;20;13;0,6500;0,3834;2,8230;3
2016;322;UNIVERSIDADE PAULISTA;UNIP;Universidade;Privada sem fins lucrativos;123604;95;TECNOLOGIA EM ESTÉTICA E COSMÉTICA;Educação Presencial;3548500;SANTOS;SP;56;46;20;0,4348;-0,9221;1,9502;3
2016;1;UNIVERSIDADE FEDERAL DE MATO GROSSO;UFMT;Universidade;Pessoa Jurídica de Direito Público - Federal;123620;51;ZOOTECNIA;Educação Presencial;5103403;CUIABÁ;MT;16;14;14;1,0000;0,3656;2,9569;4
2016;824;FACULDADE DE FILOSOFIA E CIÊNCIAS HUMANAS DE GOIATUBA;FAFICH;Faculdade ;Pessoa Jurídica de Direito Público - Municipal;123863;23;ENFERMAGEM;Educação Presencial;5209101;GOIATUBA;GO;39;33;20;0,6061;-2,7637;1,2027;2
2016;824;FACULDADE DE FILOSOFIA E CIÊNCIAS HUMANAS DE GOIATUBA;FAFICH;Faculdade ;Pessoa Jurídica de Direito Público - Municipal;123864;92;TECNOLOGIA EM GESTÃO AMBIENTAL;Educação Presencial;5209101;GOIATUBA;GO;33;22;12;0,5455;-3,7538;1,1476;2
2016;1036;UNIVERSIDADE DO ESTADO DE MINAS GERAIS;UEMG;Universidade;Pessoa Jurídica de Direito Público - Estadual;150034;55;BIOMEDICINA;Educação Presencial;3147907;PASSOS;MG;39;37;23;0,6216;-0,8594;1,9771;3
2016;3966;CENTRO UNIVERSITÁRIO DE CARATINGA;UNEC;Centro Universitário;Privada sem fins lucrativos;150036;3501;EDUCAÇÃO FÍSICA (BACHARELADO);Educação Presencial;3144300;NANUQUE;MG;23;22;8;0,3636;1,0445;2,9483;4
2016;730;UNIVERSIDADE ESTADUAL DE PONTA GROSSA;UEPG;Universidade;Pessoa Jurídica de Direito Público - Estadual;150039;12;MEDICINA;Educação Presencial;4119905;PONTA GROSSA;PR;38;37;32;0,8649;0,1018;3,0367;4
2016;712;CENTRO UNIVERSITÁRIO HERMÍNIO DA SILVEIRA;UNI IBMR;Centro Universitário;Privada com fins lucrativos;150055;28;NUTRIÇÃO;Educação Presencial;3304557;RIO DE JANEIRO;RJ;28;27;15;0,5556;-0,9212;2,0285;3
2016;472;UNIVERSIDADE DO GRANDE RIO PROFESSOR JOSÉ DE SOUZA HERDY;UNIGRANRIO;Universidade;Privada sem fins lucrativos;150056;3501;EDUCAÇÃO FÍSICA (BACHARELADO);Educação Presencial;3301702;DUQUE DE CAXIAS;RJ;36;33;3;0,0909;;;SC
2016;15032;UNIVERSIDADE ALTO VALE DO RIO DO PEIXE;UNIARP;Universidade;Privada sem fins lucrativos;150058;3501;EDUCAÇÃO FÍSICA (BACHARELADO);Educação Presencial;4203006;CAÇADOR;SC;57;55;17;0,3091;-1,0022;2,0097;3
2016;441;UNIVERSIDADE DO CONTESTADO;UNC;Universidade;Privada sem fins lucrativos;150063;3501;EDUCAÇÃO FÍSICA (BACHARELADO);Educação Presencial;4210100;MAFRA;SC;31;18;5;0,2778;-3,5130;0,8583;1
2016;82;UNIVERSIDADE DO OESTE DE SANTA CATARINA;UNOESC;Universidade;Pessoa Jurídica de Direito Público - Municipal;150067;3501;EDUCAÇÃO FÍSICA (BACHARELADO);Educação Presencial;4204202;CHAPECÓ;SC;35;30;15;0,5000;2,6289;3,6748;4
2016;5013;CENTRO UNIVERSITÁRIO ESTADUAL DA ZONA OESTE;UEZO;Centro Universitário;Pessoa Jurídica de Direito Público - Estadual;150085;19;FARMÁCIA;Educação Presencial;3304557;RIO DE JANEIRO;RJ;15;15;14;0,9333;-1,4388;1,7880;2
2016;482;UNIVERSIDADE DO EXTREMO SUL CATARINENSE;UNESC;Universidade;Pessoa Jurídica de Direito Privado - Sem fins lucrativos - Associação de Utilidade Pública;150160;55;BIOMEDICINA;Educação Presencial;4204608;CRICIÚMA;SC;57;57;40;0,7018;0,0940;2,4530;3
2016;495;FACULDADE DE CIÊNCIAS E LETRAS DE BRAGANÇA PAULISTA;FESB;Faculdade ;Pessoa Jurídica de Direito Público - Municipal;150186;3501;EDUCAÇÃO FÍSICA (BACHARELADO);Educação Presencial;3507605;BRAGANÇA PAULISTA;SP;56;36;24;0,6667;-0,0355;2,4530;3
2016;824;FACULDADE DE FILOSOFIA E CIÊNCIAS HUMANAS DE GOIATUBA;FAFICH;Faculdade ;Pessoa Jurídica de Direito Público - Municipal;150190;36;FISIOTERAPIA;Educação Presencial;5209101;GOIATUBA;GO;34;32;15;0,4688;-1,3059;1,9031;2
2016;15;UNIVERSIDADE CATÓLICA DE PETRÓPOLIS;UCP;Universidade;Privada sem fins lucrativos;150246;55;BIOMEDICINA;Educação Presencial;3303906;PETRÓPOLIS;RJ;33;33;29;0,8788;0,1098;2,4609;3
2016;82;UNIVERSIDADE DO OESTE DE SANTA CATARINA;UNOESC;Universidade;Pessoa Jurídica de Direito Público - Municipal;150247;19;FARMÁCIA;Educação Presencial;4217204;SÃO MIGUEL DO OESTE;SC;28;28;19;0,6786;0,2750;2,5330;3
2016;699;FUNDAÇÃO UNIVERSIDADE FEDERAL DE RONDÔNIA;UNIR;Universidade;Pessoa Jurídica de Direito Público - Federal;150273;5;MEDICINA VETERINÁRIA;Educação Presencial;1100288;ROLIM DE MOURA;RO;18;17;15;0,8824;0,7450;3,1575;4
2016;663;UNIVERSIDADE SALGADO DE OLIVEIRA;UNIVERSO;Universidade;Pessoa Jurídica de Direito Privado - Sem fins lucrativos - Fundação;150300;3501;EDUCAÇÃO FÍSICA (BACHARELADO);Educação Presencial;3106200;BELO HORIZONTE;MG;218;208;44;0,2115;-0,7640;2,1189;3
2016;663;UNIVERSIDADE SALGADO DE OLIVEIRA;UNIVERSO;Universidade;Pessoa Jurídica de Direito Privado - Sem fins lucrativos - Fundação;150301;3501;EDUCAÇÃO FÍSICA (BACHARELADO);Educação Presencial;5208707;GOIÂNIA;GO;103;102;35;0,3431;-1,5736;1,7476;2
2016;663;UNIVERSIDADE SALGADO DE OLIVEIRA;UNIVERSO;Universidade;Pessoa Jurídica de Direito Privado - Sem fins lucrativos - Fundação;150302;3501;EDUCAÇÃO FÍSICA (BACHARELADO);Educação Presencial;3136702;JUIZ DE FORA;MG;59;52;27;0,5192;-0,8805;2,0655;3
2016;663;UNIVERSIDADE SALGADO DE OLIVEIRA;UNIVERSO;Universidade;Pessoa Jurídica de Direito Privado - Sem fins lucrativos - Fundação;150304;23;ENFERMAGEM;Educação Presencial;3304904;SÃO GONÇALO;RJ;120;114;27;0,2368;-0,9036;2,0783;3
2016;15507;Instituto Federal de Educação, Ciência e Tecnologia do Acre;IFAC;Instituto Federal de Educação, Ciência e Tecnologia;Pessoa Jurídica de Direito Público - Federal;150339;92;TECNOLOGIA EM GESTÃO AMBIENTAL;Educação Presencial;1200708;XAPURI;AC;55;51;50;0,9804;-0,5235;2,3188;3
2016;7;UNIVERSIDADE FEDERAL DE SÃO CARLOS;UFSCAR;Universidade;Pessoa Jurídica de Direito Público - Federal;300635;3501;EDUCAÇÃO FÍSICA (BACHARELADO);Educação Presencial;3548906;SÃO CARLOS;SP;8;6;6;1,0000;0,1955;2,5589;3
2016;8;UNIVERSIDADE FEDERAL DE VIÇOSA;UFV;Universidade;Pessoa Jurídica de Direito Público - Federal;300687;3501;EDUCAÇÃO FÍSICA (BACHARELADO);Educação Presencial;3171303;VIÇOSA;MG;139;54;41;0,7593;-0,3530;2,3074;3
2016;17;UNIVERSIDADE FEDERAL DE UBERLÂNDIA;UFU;Universidade;Pessoa Jurídica de Direito Público - Federal;301438;3501;EDUCAÇÃO FÍSICA (BACHARELADO);Educação Presencial;3170206;UBERLÂNDIA;MG;99;87;65;0,7471;-0,8030;2,1010;3
2016;19;PONTIFÍCIA UNIVERSIDADE CATÓLICA DE CAMPINAS;PUC-CAMPINAS;Universidade;Privada sem fins lucrativos;301641;3501;EDUCAÇÃO FÍSICA (BACHARELADO);Educação Presencial;3509502;CAMPINAS;SP;49;43;17;0,3953;-1,8234;1,6331;2
2016;15015;Universidade Estadual do Norte do Paraná;UENP;Universidade;Pessoa Jurídica de Direito Público - Estadual;302525;3501;EDUCAÇÃO FÍSICA (BACHARELADO);Educação Presencial;4111803;JACAREZINHO;PR;52;38;26;0,6842;-3,1450;1,0270;2
2016;57;UNIVERSIDADE ESTADUAL DE MARINGÁ;UEM;Universidade;Pessoa Jurídica de Direito Público - Estadual;303410;3501;EDUCAÇÃO FÍSICA (BACHARELADO);Educação Presencial;4115200;MARINGÁ;PR;68;49;25;0,5102;-0,1757;2,3887;3
2016;76;UNIVERSIDADE REGIONAL DE BLUMENAU;FURB;Universidade;Pessoa Jurídica de Direito Público - Municipal;303662;3501;EDUCAÇÃO FÍSICA (BACHARELADO);Educação Presencial;4202404;BLUMENAU;SC;30;30;10;0,3333;0,2776;2,5966;3
2016;83;UNIVERSIDADE DO VALE DO ITAJAÍ;UNIVALI;Universidade;Pessoa Jurídica de Direito Privado - Sem fins lucrativos - Fundação;303930;23;ENFERMAGEM;Educação Presencial;4208203;ITAJAÍ;SC;53;50;27;0,5400;0,5189;2,7478;3
2016;176;UNIVERSIDADE CASTELO BRANCO;UCB;Universidade;Privada sem fins lucrativos;305223;3501;EDUCAÇÃO FÍSICA (BACHARELADO);Educação Presencial;3304557;RIO DE JANEIRO;RJ;135;115;41;0,3565;-1,0404;1,9922;3
2016;203;UNIVERSIDADE SÃO JUDAS TADEU;USJT;Universidade;Privada com fins lucrativos;305497;3501;EDUCAÇÃO FÍSICA (BACHARELADO);Educação Presencial;3550308;SÃO PAULO;SP;38;35;23;0,6571;1,4729;3,1447;4
2016;221;UNIVERSIDADE CRUZEIRO DO SUL;UNICSUL;Universidade;Pessoa Jurídica de Direito Privado - Com fins lucrativos - Sociedade Civil;305838;3501;EDUCAÇÃO FÍSICA (BACHARELADO);Educação Presencial;3550308;SÃO PAULO;SP;52;46;13;0,2826;1,0222;2,9380;3
2016;275;UNIVERSIDADE DO VALE DO PARAÍBA;UNIVAP;Universidade;Privada sem fins lucrativos;306584;3501;EDUCAÇÃO FÍSICA (BACHARELADO);Educação Presencial;3549904;SÃO JOSÉ DOS CAMPOS;SP;57;49;31;0,6327;-0,4433;2,2660;3
2016;319;UNIVERSIDADE CAMILO CASTELO BRANCO;UNICASTELO;Universidade;Pessoa Jurídica de Direito Privado - Sem fins lucrativos - Fundação;307202;3501;EDUCAÇÃO FÍSICA (BACHARELADO);Educação Presencial;3550308;SÃO PAULO;SP;44;32;7;0,2188;-4,8070;0,2649;1
2016;374;CENTRO UNIVERSITÁRIO DAS FACULDADES METROPOLITANAS UNIDAS;FMU;Centro Universitário;Pessoa Jurídica de Direito Privado - Com fins lucrativos - Sociedade Civil;307946;3501;EDUCAÇÃO FÍSICA (BACHARELADO);Educação Presencial;3550308;SÃO PAULO;SP;481;411;181;0,4404;0,3203;2,6162;3
2016;420;UNIVERSIDADE DE MARÍLIA;UNIMAR;Universidade;Privada com fins lucrativos;308665;3501;EDUCAÇÃO FÍSICA (BACHARELADO);Educação Presencial;3529005;MARÍLIA;SP;46;43;23;0,5349;0,0250;2,4807;3
2016;1189;UNIVERSIDADE DO PLANALTO CATARINENSE;UNIPLAC;Universidade;Privada sem fins lucrativos;309956;3501;EDUCAÇÃO FÍSICA (BACHARELADO);Educação Presencial;4209300;LAGES;SC;5;5;2;0,4000;0,0549;2,4945;3
2016;494;UNIVERSIDADE DO SUL DE SANTA CATARINA;UNISUL;Universidade;Privada sem fins lucrativos;310080;23;ENFERMAGEM;Educação Presencial;4211900;PALHOÇA;SC;15;15;11;0,7333;1,1883;3,0629;4
2016;496;UNIVERSIDADE DE FRANCA;UNIFRAN;Universidade;Privada com fins lucrativos;310162;3501;EDUCAÇÃO FÍSICA (BACHARELADO);Educação Presencial;3516200;FRANCA;SP;106;101;29;0,2871;-0,9879;2,0162;3
2016;532;UNIVERSIDADE REGIONAL DO NOROESTE DO ESTADO DO RIO GRANDE DO SUL;UNIJUI;Universidade;Privada sem fins lucrativos;310981;3501;EDUCAÇÃO FÍSICA (BACHARELADO);Educação Presencial;4310207;IJUÍ;RS;27;25;13;0,5200;0,6902;2,7858;3
2016;532;UNIVERSIDADE REGIONAL DO NOROESTE DO ESTADO DO RIO GRANDE DO SUL;UNIJUI;Universidade;Privada sem fins lucrativos;310988;3501;EDUCAÇÃO FÍSICA (BACHARELADO);Educação Presencial;4317202;SANTA ROSA;RS;33;29;14;0,4828;-0,8144;2,0958;3
2016;547;UNIVERSIDADE DO ESTADO DO RIO DE JANEIRO;UERJ;Universidade;Pessoa Jurídica de Direito Público - Estadual;311300;3501;EDUCAÇÃO FÍSICA (BACHARELADO);Educação Presencial;3304557;RIO DE JANEIRO;RJ;129;112;63;0,5625;-0,9855;2,0174;3
2016;550;UNIVERSIDADE ESTADUAL DA PARAÍBA;UEPB;Universidade;Pessoa Jurídica de Direito Público - Estadual;311610;23;ENFERMAGEM;Educação Presencial;2504009;CAMPINA GRANDE;PB;74;72;72;1,0000;0,0254;2,5155;3
2016;555;UNIVERSIDADE DE FORTALEZA;UNIFOR;Universidade;Privada sem fins lucrativos;311717;3501;EDUCAÇÃO FÍSICA (BACHARELADO);Educação Presencial;2304400;FORTALEZA;CE;45;39;23;0,5897;-0,2551;2,3523;3
2016;571;UNIVERSIDADE FEDERAL DO PARANÁ;UFPR;Universidade;Pessoa Jurídica de Direito Público - Federal;312562;3501;EDUCAÇÃO FÍSICA (BACHARELADO);Educação Presencial;4106902;CURITIBA;PR;48;39;28;0,7179;0,2359;2,5775;3
2016;571;UNIVERSIDADE FEDERAL DO PARANÁ;UFPR;Universidade;Pessoa Jurídica de Direito Público - Federal;312585;23;ENFERMAGEM;Educação Presencial;4106902;CURITIBA;PR;37;34;32;0,9412;-0,3896;2,3202;3
2016;575;UNIVERSIDADE FEDERAL DE MINAS GERAIS;UFMG;Universidade;Pessoa Jurídica de Direito Público - Federal;312952;3501;EDUCAÇÃO FÍSICA (BACHARELADO);Educação Presencial;3106200;BELO HORIZONTE;MG;142;110;96;0,8727;-0,3957;2,2878;3
2016;576;UNIVERSIDADE FEDERAL DE JUIZ DE FORA;UFJF;Universidade;Pessoa Jurídica de Direito Público - Federal;313092;3501;EDUCAÇÃO FÍSICA (BACHARELADO);Educação Presencial;3136702;JUIZ DE FORA;MG;92;73;69;0,9452;-0,0772;2,4339;3
2016;673;CENTRO UNIVERSITÁRIO DA GRANDE DOURADOS;UNIGRAN;Centro Universitário;Pessoa Jurídica de Direito Privado - Sem fins lucrativos - Fundação;315605;3501;EDUCAÇÃO FÍSICA (BACHARELADO);Educação Presencial;5003702;DOURADOS;MS;30;27;6;0,2222;0,9151;2,8889;3
2016;3974;UNIVERSIDADE DE RIO VERDE;FESURV;Universidade;Pessoa Jurídica de Direito Público - Municipal;318336;3501;EDUCAÇÃO FÍSICA (BACHARELADO);Educação Presencial;5218805;RIO VERDE;GO;13;4;2;0,5000;-2,4609;1,3408;2
2016;417;UNIVERSIDADE CIDADE DE SÃO PAULO;UNICID;Universidade;Privada com fins lucrativos;318429;3501;EDUCAÇÃO FÍSICA (BACHARELADO);Educação Presencial;3550308;SÃO PAULO;SP;45;40;6;0,1500;;;SC
2016;387;UNIVERSIDADE CATÓLICA DOM BOSCO;UCDB;Universidade;Privada sem fins lucrativos;318468;3501;EDUCAÇÃO FÍSICA (BACHARELADO);Educação Presencial;5002704;CAMPO GRANDE;MS;68;65;49;0,7538;-0,4886;2,2452;3
2016;296;UNIVERSIDADE DA REGIÃO DA CAMPANHA;URCAMP;Universidade;Privada sem fins lucrativos;318511;3501;EDUCAÇÃO FÍSICA (BACHARELADO);Educação Presencial;4300406;ALEGRETE;RS;20;18;13;0,7222;-0,1399;2,4051;3
2016;1128;UNIVERSIDADE DE ITAÚNA;UI;Universidade;Privada sem fins lucrativos;318956;3501;EDUCAÇÃO FÍSICA (BACHARELADO);Educação Presencial;3133808;ITAÚNA;MG;40;34;20;0,5882;-1,7475;1,6679;2
2016;952;UNIVERSIDADE SANTA CECÍLIA;UNISANTA;Universidade;Privada sem fins lucrativos;319204;3501;EDUCAÇÃO FÍSICA (BACHARELADO);Educação Presencial;3548500;SANTOS;SP;108;96;45;0,4688;0,9042;2,8839;3
2016;355;UNIVERSIDADE TUIUTI DO PARANÁ;UTP;Universidade;Privada com fins lucrativos;319219;3501;EDUCAÇÃO FÍSICA (BACHARELADO);Educação Presencial;4106902;CURITIBA;PR;26;22;8;0,3636;1,7700;3,2810;4
2016;1304;FACULDADES INTEGRADAS DE RIBEIRÃO PIRES;FIRP;Faculdade ;Privada sem fins lucrativos;319908;3501;EDUCAÇÃO FÍSICA (BACHARELADO);Educação Presencial;3543303;RIBEIRÃO PIRES;SP;28;25;5;0,2000;1,0603;2,9555;4
2016;1187;CENTRO UNIVERSITÁRIO MÓDULO;MÓDULO;Centro Universitário;Privada com fins lucrativos;319984;3501;EDUCAÇÃO FÍSICA (BACHARELADO);Educação Presencial;3510500;CARAGUATATUBA;SP;30;29;13;0,4483;-3,1714;1,0149;2
2016;124;CENTRO UNIVERSITÁRIO DE ARARAQUARA;UNIARA;Centro Universitário;Privada sem fins lucrativos;320087;3501;EDUCAÇÃO FÍSICA (BACHARELADO);Educação Presencial;3503208;ARARAQUARA;SP;32;31;14;0,4516;1,8445;3,3151;4
2016;5593;FACULDADE ADVENTISTA DE HORTOLÂNDIA;FAH;Faculdade ;Privada sem fins lucrativos;320165;3501;EDUCAÇÃO FÍSICA (BACHARELADO);Educação Presencial;3519071;HORTOLÂNDIA;SP;108;45;27;0,6000;0,6625;2,7731;3
2016;1042;UNIVERSIDADE POSITIVO;UP;Universidade;Privada com fins lucrativos;320325;3501;EDUCAÇÃO FÍSICA (BACHARELADO);Educação Presencial;4106902;CURITIBA;PR;86;67;49;0,7313;0,2220;2,5711;3
2016;1129;CENTRO UNIVERSITÁRIO DO NORTE PAULISTA;UNORP;Centro Universitário;Privada sem fins lucrativos;320348;3501;EDUCAÇÃO FÍSICA (BACHARELADO);Educação Presencial;3549805;SÃO JOSÉ DO RIO PRETO;SP;23;23;13;0,5652;-0,2146;2,3709;3
2016;222;CENTRO UNIVERSITÁRIO DE VOTUPORANGA;UNIFEV;Centro Universitário;Privada sem fins lucrativos;320424;3501;EDUCAÇÃO FÍSICA (BACHARELADO);Educação Presencial;3557105;VOTUPORANGA;SP;20;19;10;0,5263;1,4575;3,1377;4
2016;244;CENTRO UNIVERSITÁRIO FIEO;UNIFIEO;Centro Universitário;Privada sem fins lucrativos;320545;3501;EDUCAÇÃO FÍSICA (BACHARELADO);Educação Presencial;3534401;OSASCO;SP;40;36;18;0,5000;0,0283;2,4823;3
2016;1107;Centro Universitário Estácio do Ceará;Estácio FIC;Centro Universitário;Privada com fins lucrativos;320717;3501;EDUCAÇÃO FÍSICA (BACHARELADO);Educação Presencial;2304400;FORTALEZA;CE;188;179;100;0,5587;-0,0978;2,4244;3
2016;349;CENTRO UNIVERSITÁRIO DE BELO HORIZONTE;UNI-BH;Centro Universitário;Privada com fins lucrativos;320834;3501;EDUCAÇÃO FÍSICA (BACHARELADO);Educação Presencial;3106200;BELO HORIZONTE;MG;91;83;56;0,6747;1,1198;2,9828;4
2016;1043;CENTRO UNIVERSITÁRIO HERMINIO OMETTO;UNIARARAS;Centro Universitário;Privada sem fins lucrativos;321096;3501;EDUCAÇÃO FÍSICA (BACHARELADO);Educação Presencial;3503307;ARARAS;SP;77;68;47;0,6912;0,8917;2,8782;3
2016;1487;FACULDADE DOM BOSCO;FDB;Faculdade ;Privada com fins lucrativos;321646;3501;EDUCAÇÃO FÍSICA (BACHARELADO);Educação Presencial;4106902;CURITIBA;PR;111;90;53;0,5889;0,0853;2,5084;3
2016;456;CENTRO UNIVERSITÁRIO SANT´ANNA;UNISANT'ANNA;Centro Universitário;Privada sem fins lucrativos;321714;3501;EDUCAÇÃO FÍSICA (BACHARELADO);Educação Presencial;3550308;SÃO PAULO;SP;135;47;9;0,1915;;;SC
2016;3193;FACULDADES INTEGRADAS DOS CAMPOS GERAIS;CESCAGE;Faculdade ;Pessoa Jurídica de Direito Privado - Com fins lucrativos - Sociedade Civil;321759;23;ENFERMAGEM;Educação Presencial;4119905;PONTA GROSSA;PR;29;27;16;0,5926;0,6176;2,7943;3
2016;1310;FACULDADE DE AMERICANA;FAM;Faculdade ;Privada sem fins lucrativos;321976;3501;EDUCAÇÃO FÍSICA (BACHARELADO);Educação Presencial;3501608;AMERICANA;SP;57;49;16;0,3265;0,2227;2,5714;3
2016;22;UNIVERSIDADE PRESBITERIANA MACKENZIE;MACKENZIE;Universidade;Pessoa Jurídica de Direito Privado - Sem fins lucrativos - Fundação;341878;3501;EDUCAÇÃO FÍSICA (BACHARELADO);Educação Presencial;3505708;BARUERI;SP;35;31;26;0,8387;1,3217;3,0754;4
2016;1365;CENTRO UNIVERSITÁRIO ADVENTISTA DE SÃO PAULO;UNASP;Centro Universitário;Privada sem fins lucrativos;342502;3501;EDUCAÇÃO FÍSICA (BACHARELADO);Educação Presencial;3550308;SÃO PAULO;SP;43;29;11;0,3793;0,6339;2,7600;3
2016;457;UNIVERSIDADE ANHANGUERA DE SÃO PAULO - UNIAN-SP;UNIAN - SP;Universidade;Privada com fins lucrativos;344656;3501;EDUCAÇÃO FÍSICA (BACHARELADO);Educação Presencial;3548708;SÃO BERNARDO DO CAMPO;SP;104;60;31;0,5167;0,2531;2,5853;3
2016;457;UNIVERSIDADE ANHANGUERA DE SÃO PAULO - UNIAN-SP;UNIAN - SP;Universidade;Privada com fins lucrativos;344658;3501;EDUCAÇÃO FÍSICA (BACHARELADO);Educação Presencial;3534401;OSASCO;SP;113;88;39;0,4432;0,0529;2,4936;3
2016;457;UNIVERSIDADE ANHANGUERA DE SÃO PAULO - UNIAN-SP;UNIAN - SP;Universidade;Privada com fins lucrativos;344965;3501;EDUCAÇÃO FÍSICA (BACHARELADO);Educação Presencial;3550308;SÃO PAULO;SP;6;0;0;0,0000;;;SC
2016;1600;INSTITUTO DE CIÊNCIAS DA SAÚDE;ICS;Faculdade ;Privada sem fins lucrativos;346023;3501;EDUCAÇÃO FÍSICA (BACHARELADO);Educação Presencial;3143302;MONTES CLAROS;MG;43;30;19;0,6333;-0,0249;2,4579;3
2016;1014;INSTITUTO SUPERIOR E CENTRO EDUCACIONAL LUTERANO - BOM JESUS - IELUSC;BOM JESUS/IELUSC;Faculdade ;Privada sem fins lucrativos;347565;3501;EDUCAÇÃO FÍSICA (BACHARELADO);Educação Presencial;4209102;JOINVILLE;SC;6;4;1;0,2500;;;SC
2016;2774;Centro Universitário UNIFAFIBE;FAFIBE;Centro Universitário;Privada sem fins lucrativos;347613;23;ENFERMAGEM;Educação Presencial;3506102;BEBEDOURO;SP;43;40;20;0,5000;0,3002;2,6449;3
2016;1298;Faculdade Estácio de Alagoas - Estácio FAL;ESTÁCIO FAL;Faculdade ;Privada com fins lucrativos;348488;3501;EDUCAÇÃO FÍSICA (BACHARELADO);Educação Presencial;2704302;MACEIÓ;AL;84;71;31;0,4366;0,1610;2,5431;3
2016;716;FACULDADES INTEGRADAS DE BOTUCATU;UNIFAC;Faculdade ;Privada sem fins lucrativos;350145;3501;EDUCAÇÃO FÍSICA (BACHARELADO);Educação Presencial;3507506;BOTUCATU;SP;35;28;3;0,1071;;;SC
2016;1427;FACULDADE DA SERRA GAÚCHA;FSG;Faculdade ;Privada com fins lucrativos;350265;3501;EDUCAÇÃO FÍSICA (BACHARELADO);Educação Presencial;4305108;CAXIAS DO SUL;RS;55;51;17;0,3333;1,5259;3,1690;4
2016;1444;FACULDADES INTEGRADAS EINSTEIN DE LIMEIRA;FIEL;Faculdade ;Privada sem fins lucrativos;350447;3501;EDUCAÇÃO FÍSICA (BACHARELADO);Educação Presencial;3526902;LIMEIRA;SP;24;21;8;0,3810;-2,3991;1,3691;2
2016;1080;FACULDADE ARTHUR SÁ EARP NETO;FASE;Faculdade ;Privada sem fins lucrativos;350819;23;ENFERMAGEM;Educação Presencial;3303906;PETRÓPOLIS;RJ;51;49;36;0,7347;0,8190;2,8891;3
2016;1956;INSTITUTO BATISTA DE ENSINO SUPERIOR DE ALAGOAS;IBESA;Faculdade ;Privada sem fins lucrativos;351810;3501;EDUCAÇÃO FÍSICA (BACHARELADO);Educação Presencial;2704302;MACEIÓ;AL;33;19;2;0,1053;;;SC
2016;1414;FACULDADE SÃO LUCAS;FSL;Centro Universitário;Privada com fins lucrativos;352123;23;ENFERMAGEM;Educação Presencial;1100205;PORTO VELHO;RO;99;94;65;0,6915;0,1876;2,5919;3
2016;1045;CENTRO UNIVERSITÁRIO ANHANGÜERA;UNIFIAN;Centro Universitário;Privada com fins lucrativos;352543;3501;EDUCAÇÃO FÍSICA (BACHARELADO);Educação Presencial;3526704;LEME;SP;61;24;5;0,2083;-1,8909;1,6022;2
2016;457;UNIVERSIDADE ANHANGUERA DE SÃO PAULO - UNIAN-SP;UNIAN - SP;Universidade;Privada com fins lucrativos;355103;3501;EDUCAÇÃO FÍSICA (BACHARELADO);Educação Presencial;3550308;SÃO PAULO;SP;115;84;32;0,3810;-0,5542;2,2151;3
2016;1575;CENTRO UNIVERSITÁRIO DO PLANALTO DE ARAXÁ;UNIARAXÁ;Centro Universitário;Privada sem fins lucrativos;356706;3501;EDUCAÇÃO FÍSICA (BACHARELADO);Educação Presencial;3104007;ARAXÁ;MG;22;20;10;0,5000;-1,1114;1,9596;3
2016;522;CENTRO UNIVERSITÁRIO CELSO LISBOA;UCL;Centro Universitário;Privada sem fins lucrativos;358455;3501;EDUCAÇÃO FÍSICA (BACHARELADO);Educação Presencial;3304557;RIO DE JANEIRO;RJ;190;169;35;0,2071;-0,8391;2,0845;3
2016;2279;FACULDADE INTEGRADA METROPOLITANA DE CAMPINAS;METROCAMP;Faculdade ;Pessoa Jurídica de Direito Privado - Com fins lucrativos - Sociedade Civil;359003;3501;EDUCAÇÃO FÍSICA (BACHARELADO);Educação Presencial;3509502;CAMPINAS;SP;37;31;12;0,3871;0,5628;2,7274;3
2016;15453;Faculdade Presidente Antônio Carlos de Conselheiro Lafaiete;0;Faculdade ;Pessoa Jurídica de Direito Privado - Sem fins lucrativos - Fundação;359371;3501;EDUCAÇÃO FÍSICA (BACHARELADO);Educação Presencial;3118304;CONSELHEIRO LAFAIETE;MG;12;12;5;0,4167;2,5342;3,6314;4
2016;1202;FACULDADE SANTA RITA;FASAR;Faculdade ;Privada com fins lucrativos;359760;3501;EDUCAÇÃO FÍSICA (BACHARELADO);Educação Presencial;3118304;CONSELHEIRO LAFAIETE;MG;11;9;5;0,5556;-2,1910;1,4645;2
2016;671;UNIVERSIDADE ANHANGUERA - UNIDERP;UNIDERP;Universidade;Privada com fins lucrativos;360729;3501;EDUCAÇÃO FÍSICA (BACHARELADO);Educação Presencial;5002704;CAMPO GRANDE;MS;9;7;4;0,5714;-1,5465;1,7601;2
2016;1509;Centro Universitário Estácio de Belo Horizonte - Estácio BH;ESTÁCIO BH;Centro Universitário;Privada com fins lucrativos;366629;3501;EDUCAÇÃO FÍSICA (BACHARELADO);Educação Presencial;3106200;BELO HORIZONTE;MG;60;53;32;0,6038;-0,7667;2,1177;3
2016;135;CENTRO UNIVERSITÁRIO CLARETIANO;CEUCLAR;Centro Universitário;Privada sem fins lucrativos;370686;28;NUTRIÇÃO;Educação Presencial;3505906;BATATAIS;SP;34;33;27;0,8182;0,5379;2,6865;3
2016;2944;FACULDADE DO SUL;FACSUL;Faculdade ;Pessoa Jurídica de Direito Privado - Com fins lucrativos - Sociedade Mercantil ou Comercial;373442;3501;EDUCAÇÃO FÍSICA (BACHARELADO);Educação Presencial;2914802;ITABUNA;BA;6;4;2;0,5000;-3,6604;0,7907;1
2016;3518;FACULDADE JANGADA;FJ;Faculdade ;Privada com fins lucrativos;375150;3501;EDUCAÇÃO FÍSICA (BACHARELADO);Educação Presencial;4208906;JARAGUÁ DO SUL;SC;48;46;18;0,3913;1,5471;3,1788;4
2016;1046;UNIÃO DAS FACULDADES DOS GRANDES LAGOS;UNILAGO;Faculdade ;Privada sem fins lucrativos;383139;3501;EDUCAÇÃO FÍSICA (BACHARELADO);Educação Presencial;3549805;SÃO JOSÉ DO RIO PRETO;SP;67;57;27;0,4737;-1,2798;1,8824;2
2016;80;CENTRO UNIVERSITÁRIO PARA O DESENVOLVIMENTO DO ALTO VALE DO ITAJAÍ;UNIDAVI;Centro Universitário;Privada sem fins lucrativos;384852;3501;EDUCAÇÃO FÍSICA (BACHARELADO);Educação Presencial;4214805;RIO DO SUL;SC;45;37;23;0,6216;-1,3424;1,8537;2
2016;1038;FACULDADES INTEGRADAS DE TRÊS LAGOAS;AEMS;Faculdade ;Privada sem fins lucrativos;385424;3501;EDUCAÇÃO FÍSICA (BACHARELADO);Educação Presencial;5008305;TRÊS LAGOAS;MS;23;17;14;0,8235;-1,3515;1,8495;2
2016;1224;CENTRO UNIVERSITÁRIO DE JALES;UNIJALES;Centro Universitário;Privada sem fins lucrativos;390367;3501;EDUCAÇÃO FÍSICA (BACHARELADO);Educação Presencial;3524808;JALES;SP;17;17;0;0,0000;;;SC
2016;1258;FACULDADE ANHANGUERA DE CASCAVEL;0;Faculdade ;Privada com fins lucrativos;390517;3501;EDUCAÇÃO FÍSICA (BACHARELADO);Educação Presencial;4104808;CASCAVEL;PR;14;12;5;0,4167;0,3212;2,6166;3
2016;1420;FACULDADES DE DRACENA;0;Faculdade ;Pessoa Jurídica de Direito Privado - Sem fins lucrativos - Fundação;391943;3501;EDUCAÇÃO FÍSICA (BACHARELADO);Educação Presencial;3514403;DRACENA;SP;37;37;20;0,5405;0,3137;2,6132;3
2016;402;CENTRO UNIVERSITÁRIO DE BRASÍLIA;UNICEUB;Centro Universitário;Privada sem fins lucrativos;396659;3501;EDUCAÇÃO FÍSICA (BACHARELADO);Educação Presencial;5300108;BRASÍLIA;DF;100;89;33;0,3708;-0,0717;2,4364;3
2016;3966;CENTRO UNIVERSITÁRIO DE CARATINGA;UNEC;Centro Universitário;Privada sem fins lucrativos;398622;3501;EDUCAÇÃO FÍSICA (BACHARELADO);Educação Presencial;3113404;CARATINGA;MG;33;30;19;0,6333;-0,3517;2,3080;3
2016;4826;FACULDADE ANHANGÜERA DE CAMPINAS;0;Faculdade ;Privada com fins lucrativos;399212;3501;EDUCAÇÃO FÍSICA (BACHARELADO);Educação Presencial;3509502;CAMPINAS;SP;65;39;4;0,1026;;;SC
2016;57;UNIVERSIDADE ESTADUAL DE MARINGÁ;UEM;Universidade;Pessoa Jurídica de Direito Público - Estadual;399397;3501;EDUCAÇÃO FÍSICA (BACHARELADO);Educação Presencial;4115200;MARINGÁ;PR;1;0;0;0,0000;;;SC
2016;2579;FACULDADE ATENAS;0;Faculdade ;Privada com fins lucrativos;405178;3501;EDUCAÇÃO FÍSICA (BACHARELADO);Educação Presencial;3147006;PARACATU;MG;10;10;8;0,8000;4,5218;4,5429;5
2016;3495;FACULDADE PINHALZINHO;HORUS;Faculdade ;Privada com fins lucrativos;405872;3501;EDUCAÇÃO FÍSICA (BACHARELADO);Educação Presencial;4212908;PINHALZINHO;SC;19;19;15;0,7895;-2,0603;1,5245;2
2016;3393;FACULDADE DE ENSINO SUPERIOR DOM BOSCO;FACDOMBOSCO;Faculdade ;Privada com fins lucrativos;405974;3501;EDUCAÇÃO FÍSICA (BACHARELADO);Educação Presencial;4106407;CORNÉLIO PROCÓPIO;PR;22;20;11;0,5500;-2,4461;1,3476;2
2016;1854;CLARETIANO - FACULDADE - CLARETIANORC;CLARETIANORC;Faculdade ;Privada sem fins lucrativos;405984;3501;EDUCAÇÃO FÍSICA (BACHARELADO);Educação Presencial;3543907;RIO CLARO;SP;58;48;33;0,6875;0,2477;2,5829;3
2016;4567;FACULDADE CENTRO MATO-GROSSENSE;0;Faculdade ;Privada sem fins lucrativos;407852;3501;EDUCAÇÃO FÍSICA (BACHARELADO);Educação Presencial;5107925;SORRISO;MT;21;20;10;0,5000;-2,4517;1,3450;2
2016;1149;CENTRO UNIVERSITÁRIO NOSSA SENHORA DO PATROCÍNIO;CEUNSP;Centro Universitário;Privada com fins lucrativos;415436;3501;EDUCAÇÃO FÍSICA (BACHARELADO);Educação Presencial;3523909;ITU;SP;40;31;23;0,7419;-1,1512;1,9414;2
2016;322;UNIVERSIDADE PAULISTA;UNIP;Universidade;Privada sem fins lucrativos;415466;3501;EDUCAÇÃO FÍSICA (BACHARELADO);Educação Presencial;3526902;LIMEIRA;SP;9;9;6;0,6667;4,0233;4,3143;5
2016;457;UNIVERSIDADE ANHANGUERA DE SÃO PAULO - UNIAN-SP;UNIAN - SP;Universidade;Privada com fins lucrativos;416114;3501;EDUCAÇÃO FÍSICA (BACHARELADO);Educação Presencial;3550308;SÃO PAULO;SP;100;88;21;0,2386;-1,2322;1,9042;2
2016;3984;FUNDAÇÃO UNIVERSIDADE FEDERAL DO VALE DO SÃO FRANCISCO;UNIVASF;Universidade;Pessoa Jurídica de Direito Público - Federal;416944;3501;EDUCAÇÃO FÍSICA (BACHARELADO);Educação Presencial;2611101;PETROLINA;PE;10;9;7;0,7778;-0,4652;2,2560;3
2016;4029;FACULDADE POLITEC;FAP;Faculdade ;Privada com fins lucrativos;417432;3501;EDUCAÇÃO FÍSICA (BACHARELADO);Educação Presencial;3545803;SANTA BÁRBARA D'OESTE;SP;32;31;11;0,3548;0,4956;2,6966;3
2016;1542;CENTRO UNIVERSITÁRIO GERALDO DI BIASE;UGB;Centro Universitário;Privada sem fins lucrativos;420185;3501;EDUCAÇÃO FÍSICA (BACHARELADO);Educação Presencial;3300308;BARRA DO PIRAÍ;RJ;31;28;3;0,1071;;;SC
2016;56;UNIVERSIDADE ESTADUAL PAULISTA JÚLIO DE MESQUITA FILHO;UNESP;Universidade;Pessoa Jurídica de Direito Público - Estadual;420416;3501;EDUCAÇÃO FÍSICA (BACHARELADO);Educação Presencial;3543907;RIO CLARO;SP;77;68;57;0,8382;-0,5882;2,1996;3
2016;10685;FACULDADE NORTE CAPIXABA DE SAO MATEUS;MULTIVIX SÃO MATEUS;Faculdade ;Privada com fins lucrativos;1002387;38;SERVIÇO SOCIAL;Educação Presencial;3204906;SÃO MATEUS;ES;18;16;16;1,0000;0,9667;3,0952;4
2016;10349;FACULDADE DE TECNOLOGIA IPPEO;IPPEO;Faculdade ;Privada com fins lucrativos;1003009;91;TECNOLOGIA EM GESTÃO HOSPITALAR;Educação Presencial;4106902;CURITIBA;PR;2;2;0;0,0000;;;SC
2016;11593;FACULDADE DE TECNOLOGIA DE MACAPÁ;FTA;Faculdade ;Privada com fins lucrativos;1009608;91;TECNOLOGIA EM GESTÃO HOSPITALAR;Educação Presencial;1600303;MACAPÁ;AP;10;10;6;0,6000;-5,1149;1,2745;2
2016;11645;FACULDADE DE EDUCAÇÃO E CULTURA DE VILHENA;FAEV;Faculdade ;Privada sem fins lucrativos;1013900;55;BIOMEDICINA;Educação Presencial;1100304;VILHENA;RO;19;19;17;0,8947;0,0404;2,4263;3
2016;11429;FACULDADE ESPECIALIZADA NA ÁREA DE SAÚDE DO RIO GRANDE DO SUL;FASURGS;Faculdade ;Privada com fins lucrativos;1024230;6;ODONTOLOGIA;Educação Presencial;4314100;PASSO FUNDO;RS;87;87;68;0,7816;-0,1068;2,3588;3
2016;11007;FACULDADE CENTRO OESTE;FACEOPAR;Faculdade ;Privada com fins lucrativos;1026836;92;TECNOLOGIA EM GESTÃO AMBIENTAL;Educação Presencial;4113304;LARANJEIRAS DO SUL;PR;14;13;8;0,6154;-0,2232;2,4277;3
2016;11007;FACULDADE CENTRO OESTE;FACEOPAR;Faculdade ;Privada com fins lucrativos;1026837;38;SERVIÇO SOCIAL;Educação Presencial;4113304;LARANJEIRAS DO SUL;PR;5;5;2;0,4000;0,8593;3,0450;4
2016;11818;FACULDADE DE TECNOLOGIA INSPIRAR;Inspirar;Faculdade ;Privada com fins lucrativos;1028093;91;TECNOLOGIA EM GESTÃO HOSPITALAR;Educação Presencial;4106902;CURITIBA;PR;3;2;1;0,5000;;;SC
2016;12430;FACULDADE METROPOLITANA SÃO CARLOS BJI;FAMESC-BJI;Faculdade ;Pessoa Jurídica de Direito Privado - Com fins lucrativos - Sociedade Civil;1028897;23;ENFERMAGEM;Educação Presencial;3300605;BOM JESUS DO ITABAPOANA;RJ;25;25;7;0,2800;-1,6173;1,7423;2
2016;3194;FACULDADE DE MINAS BH;FAMINAS-BH;Faculdade ;Privada com fins lucrativos;1029207;55;BIOMEDICINA;Educação Presencial;3106200;BELO HORIZONTE;MG;80;72;58;0,8056;-0,0441;2,3841;3
2016;1202;FACULDADE SANTA RITA;FASAR;Faculdade ;Privada com fins lucrativos;1029474;19;FARMÁCIA;Educação Presencial;3118304;CONSELHEIRO LAFAIETE;MG;10;9;5;0,5556;1,3580;3,0038;4
2016;830;UNIVERSIDADE FEDERAL DO AMAPÁ;UNIFAP;Universidade;Pessoa Jurídica de Direito Público - Federal;1029763;12;MEDICINA;Educação Presencial;1600303;MACAPÁ;AP;29;29;26;0,8966;1,0790;4,1019;5
2016;1783;FACULDADE DE CIÊNCIAS SOCIAIS APLICADAS;FACISA - CELER;Faculdade ;Privada com fins lucrativos;1029922;3501;EDUCAÇÃO FÍSICA (BACHARELADO);Educação Presencial;4219705;XAXIM;SC;19;16;6;0,3750;-4,2053;0,5408;1
2016;3194;FACULDADE DE MINAS BH;FAMINAS-BH;Faculdade ;Privada com fins lucrativos;1030707;28;NUTRIÇÃO;Educação Presencial;3106200;BELO HORIZONTE;MG;56;41;29;0,7073;0,5165;2,6768;3
2016;12522;FACULDADE MOGIANA DO ESTADO DE SÃO PAULO;FAMOESP;Faculdade ;Privada sem fins lucrativos;1036842;3501;EDUCAÇÃO FÍSICA (BACHARELADO);Educação Presencial;3530706;MOGI GUAÇU;SP;19;19;5;0,2632;1,5285;3,1702;4
2016;1092;FACULDADES INTEGRADAS DE BAURU;FIB;Faculdade ;Privada com fins lucrativos;1039255;55;BIOMEDICINA;Educação Presencial;3506003;BAURU;SP;17;12;10;0,8333;-0,2701;2,2713;3
2016;1694;ESCOLA SUPERIOR DE CRICIÚMA - ESUCRI;ESUCRI;Faculdade ;Privada com fins lucrativos;1042084;3501;EDUCAÇÃO FÍSICA (BACHARELADO);Educação Presencial;4204608;CRICIÚMA;SC;56;44;10;0,2273;3,7040;4,1679;5
2016;2530;FACULDADE DE CIÊNCIAS DE GUARULHOS;FACIG;Faculdade ;Privada com fins lucrativos;1042668;6;ODONTOLOGIA;Educação Presencial;3518800;GUARULHOS;SP;46;43;12;0,2791;-0,4304;2,0176;3
2016;2147;FACULDADE METROPOLITANA DE MANAUS;FAMETRO;Faculdade ;Pessoa Jurídica de Direito Privado - Com fins lucrativos - Sociedade Civil;1043865;55;BIOMEDICINA;Educação Presencial;1302603;MANAUS;AM;91;88;75;0,8523;0,3992;2,6054;3
2016;4255;FACULDADES INTEGRADAS DE CACOAL;UNESC;Faculdade ;Privada sem fins lucrativos;1044438;55;BIOMEDICINA;Educação Presencial;1100049;CACOAL;RO;10;8;7;0,8750;0,8385;2,8247;3
2016;163;UNIVERSIDADE ESTÁCIO DE SÁ;UNESA;Universidade;Privada com fins lucrativos;1044865;23;ENFERMAGEM;Educação Presencial;3303500;NOVA IGUAÇU;RJ;78;77;41;0,5325;-0,3619;2,3332;3
2016;12338;FACULDADE DE TECNOLOGIA LA SALLE - ESTRELA;FACSALLE;Faculdade ;Privada sem fins lucrativos;1045356;90;TECNOLOGIA EM AGRONEGÓCIOS;Educação Presencial;4307807;ESTRELA;RS;3;3;2;0,6667;7,4327;5,0000;5
2016;2076;FACULDADE REGIONAL DA BAHIA;FARB;Faculdade ;Privada com fins lucrativos;1045497;3501;EDUCAÇÃO FÍSICA (BACHARELADO);Educação Presencial;2927408;SALVADOR;BA;28;25;7;0,2800;-12,2320;0,0000;1
2016;11860;INSTITUTO NACIONAL DE ENSINO SUPERIOR E PÓS-GRADUAÇÃO PADRE GERVÁSIO;INAPÓS;Faculdade ;Privada com fins lucrativos;1045684;6;ODONTOLOGIA;Educação Presencial;3152501;POUSO ALEGRE;MG;78;78;60;0,7692;0,7523;3,2645;4
2016;12723;FACULDADE DE TECNOLOGIA FINACI;FINACI;Faculdade ;Privada sem fins lucrativos;1046339;69;TECNOLOGIA EM RADIOLOGIA;Educação Presencial;3550308;SÃO PAULO;SP;6;5;0;0,0000;;;SC
2016;12749;FACULDADES UNIDAS DE PESQUISA, CIÊNCIAS E SAÚDE LTDA;FAPEC;Faculdade ;Privada com fins lucrativos;1046734;23;ENFERMAGEM;Educação Presencial;2918001;JEQUIÉ;BA;2;2;2;1,0000;1,0068;2,9775;4
2016;12749;FACULDADES UNIDAS DE PESQUISA, CIÊNCIAS E SAÚDE LTDA;FAPEC;Faculdade ;Privada com fins lucrativos;1046782;55;BIOMEDICINA;Educação Presencial;2918001;JEQUIÉ;BA;3;3;3;1,0000;-3,9919;0,4132;1
2016;1046;UNIÃO DAS FACULDADES DOS GRANDES LAGOS;UNILAGO;Faculdade ;Privada sem fins lucrativos;1046925;69;TECNOLOGIA EM RADIOLOGIA;Educação Presencial;3549805;SÃO JOSÉ DO RIO PRETO;SP;14;11;7;0,6364;-1,5187;1,9736;3
2016;12766;FACULDADE UNIÃO DE CAMPO MOURÃO;0;Faculdade ;Privada com fins lucrativos;1047074;38;SERVIÇO SOCIAL;Educação Presencial;4104303;CAMPO MOURÃO;PR;24;24;12;0,5000;-1,2905;2,0419;3
2016;12766;FACULDADE UNIÃO DE CAMPO MOURÃO;0;Faculdade ;Privada com fins lucrativos;1047078;23;ENFERMAGEM;Educação Presencial;4104303;CAMPO MOURÃO;PR;18;18;11;0,6111;1,2070;3,0718;4
2016;1699;FACULDADE DE EDUCAÇÃO DE JARU;UNICENTRO;Faculdade ;Privada sem fins lucrativos;1047194;38;SERVIÇO SOCIAL;Educação Presencial;1100114;JARU;RO;5;5;4;0,8000;-3,3370;1,0870;2
2016;3817;FACULDADE MAURÍCIO DE NASSAU DE JOÃO PESSOA;FMN JOÃO PESSOA;Faculdade ;Privada sem fins lucrativos;1047524;23;ENFERMAGEM;Educação Presencial;2507507;JOÃO PESSOA;PB;160;147;98;0,6667;-0,4563;2,2888;3
2016;3817;FACULDADE MAURÍCIO DE NASSAU DE JOÃO PESSOA;FMN JOÃO PESSOA;Faculdade ;Privada sem fins lucrativos;1047526;36;FISIOTERAPIA;Educação Presencial;2507507;JOÃO PESSOA;PB;107;104;88;0,8462;-0,1216;2,4318;3
2016;3817;FACULDADE MAURÍCIO DE NASSAU DE JOÃO PESSOA;FMN JOÃO PESSOA;Faculdade ;Privada sem fins lucrativos;1047529;3501;EDUCAÇÃO FÍSICA (BACHARELADO);Educação Presencial;2507507;JOÃO PESSOA;PB;313;266;164;0,6165;-0,4784;2,2499;3
2016;1790;FACULDADE DO SUL DA BAHIA;FASB;Faculdade ;Privada sem fins lucrativos;1048120;55;BIOMEDICINA;Educação Presencial;2931350;TEIXEIRA DE FREITAS;BA;31;29;23;0,7931;-0,5428;2,1351;3
2016;2745;ESCOLA SUPERIOR DA AMAZÔNIA;ESAMAZ;Faculdade ;Privada com fins lucrativos;1048168;38;SERVIÇO SOCIAL;Educação Presencial;1501402;BELÉM;PA;16;15;12;0,8000;-0,7500;2,2941;3
2016;4669;FACULDADE DELTA;FACULDADE DELTA;Faculdade ;Privada com fins lucrativos;1048208;92;TECNOLOGIA EM GESTÃO AMBIENTAL;Educação Presencial;5208707;GOIÂNIA;GO;17;8;1;0,1250;;;SC
2016;10836;FACULDADE UNIÃO ARARUAMA DE ENSINO S/S Ltda.;FAC-UNILAGOS;Faculdade ;Privada com fins lucrativos;1049656;23;ENFERMAGEM;Educação Presencial;3300209;ARARUAMA;RJ;9;9;5;0,5556;-1,2463;1,9169;2
2016;11544;FACULDADE METROPOLITANA DE ANÁPOLIS;FAMA;Faculdade ;Pessoa Jurídica de Direito Privado - Com fins lucrativos - Sociedade Civil;1049896;19;FARMÁCIA;Educação Presencial;5201108;ANÁPOLIS;GO;84;76;48;0,6316;-0,4776;2,2058;3
2016;11544;FACULDADE METROPOLITANA DE ANÁPOLIS;FAMA;Faculdade ;Pessoa Jurídica de Direito Privado - Com fins lucrativos - Sociedade Civil;1050043;95;TECNOLOGIA EM ESTÉTICA E COSMÉTICA;Educação Presencial;5201108;ANÁPOLIS;GO;53;50;30;0,6000;-0,0294;2,4973;3
2016;1273;FACULDADE CAMPO LIMPO PAULISTA;FACCAMP;Faculdade ;Privada com fins lucrativos;1050233;92;TECNOLOGIA EM GESTÃO AMBIENTAL;Educação Presencial;3509601;CAMPO LIMPO PAULISTA;SP;9;9;4;0,4444;-1,5494;1,9469;3
2016;810;CENTRO TÉCNICO-EDUCACIONAL SUPERIOR DO OESTE PARANAENSE;CTESOP;Faculdade ;Privada com fins lucrativos;1050263;23;ENFERMAGEM;Educação Presencial;4102000;ASSIS CHATEAUBRIAND;PR;7;7;6;0,8571;3,2490;4,0329;5
2016;1038;FACULDADES INTEGRADAS DE TRÊS LAGOAS;AEMS;Faculdade ;Privada sem fins lucrativos;1053152;19;FARMÁCIA;Educação Presencial;5008305;TRÊS LAGOAS;MS;25;23;11;0,4783;0,9912;2,8443;3
2016;4277;FACULDADE ESTÁCIO DO AMAZONAS - ESTÁCIO AMAZONAS;ESTÁCIO AMAZONAS;Faculdade ;Pessoa Jurídica de Direito Privado - Com fins lucrativos - Sociedade Civil;1053510;38;SERVIÇO SOCIAL;Educação Presencial;1302603;MANAUS;AM;46;39;23;0,5897;-0,1820;2,5592;3
2016;4000;FACULDADE DE ENSINO SUPERIOR DO INTERIOR PAULISTA;FAIP;Faculdade ;Pessoa Jurídica de Direito Privado - Com fins lucrativos - Sociedade Civil;1055019;3501;EDUCAÇÃO FÍSICA (BACHARELADO);Educação Presencial;3529005;MARÍLIA;SP;43;39;16;0,4103;-0,0864;2,4297;3
2016;4567;FACULDADE CENTRO MATO-GROSSENSE;0;Faculdade ;Privada sem fins lucrativos;1055480;95;TECNOLOGIA EM ESTÉTICA E COSMÉTICA;Educação Presencial;5107925;SORRISO;MT;27;26;19;0,7308;-0,7072;2,0819;3
2016;1157;ESCOLA SUPERIOR SÃO FRANCISCO DE ASSIS;ESFA;Faculdade ;Pessoa Jurídica de Direito Privado - Sem fins lucrativos - Associação de Utilidade Pública;1056198;5;MEDICINA VETERINÁRIA;Educação Presencial;3204609;SANTA TERESA;ES;17;17;15;0,8824;-0,2373;2,4181;3
2016;13417;FACULDADE PRINCESA DO OESTE;FPO;Faculdade ;Privada com fins lucrativos;1056704;23;ENFERMAGEM;Educação Presencial;2304103;CRATEÚS;CE;91;86;47;0,5465;-1,0272;2,0201;3
2016;13467;FACULDADE DE TECNOLOGIA EM SAÚDE CIEPH;FACTES;Faculdade ;Privada com fins lucrativos;1056863;95;TECNOLOGIA EM ESTÉTICA E COSMÉTICA;Educação Presencial;4205407;FLORIANÓPOLIS;SC;8;8;2;0,2500;0,4517;2,7921;3
2016;1978;FACULDADE METROPOLITANA DA GRANDE FORTALEZA;FAMETRO;Faculdade ;Privada com fins lucrativos;1057458;95;TECNOLOGIA EM ESTÉTICA E COSMÉTICA;Educação Presencial;2304400;FORTALEZA;CE;106;81;43;0,5309;0,2842;2,6895;3
2016;862;FACULDADE ESTÁCIO DE SÁ DE CAMPO GRANDE;FESCG;Faculdade ;Privada com fins lucrativos;1057519;92;TECNOLOGIA EM GESTÃO AMBIENTAL;Educação Presencial;5002704;CAMPO GRANDE;MS;1;0;0;0,0000;;;SC
2016;13538;FACULDADE CARAGUÁ;0;Faculdade ;Privada com fins lucrativos;1057754;92;TECNOLOGIA EM GESTÃO AMBIENTAL;Educação Presencial;3510500;CARAGUATATUBA;SP;2;0;0;0,0000;;;SC
2016;1772;FACULDADE NORDESTE;FANOR;Faculdade ;Pessoa Jurídica de Direito Privado - Com fins lucrativos - Sociedade Civil;1058486;28;NUTRIÇÃO;Educação Presencial;2304400;FORTALEZA;CE;104;97;83;0,8557;0,0474;2,4653;3
2016;2324;FACULDADE UNIÃO BANDEIRANTE;FUBSJ;Faculdade ;Privada com fins lucrativos;1058962;36;FISIOTERAPIA;Educação Presencial;4216602;SÃO JOSÉ;SC;15;15;8;0,5333;-1,2942;1,9083;2
2016;2324;FACULDADE UNIÃO BANDEIRANTE;FUBSJ;Faculdade ;Privada com fins lucrativos;1058983;23;ENFERMAGEM;Educação Presencial;4216602;SÃO JOSÉ;SC;28;28;18;0,6429;-0,7930;2,1303;3
2016;11544;FACULDADE METROPOLITANA DE ANÁPOLIS;FAMA;Faculdade ;Pessoa Jurídica de Direito Privado - Com fins lucrativos - Sociedade Civil;1059293;17;AGRONOMIA;Educação Presencial;5201108;ANÁPOLIS;GO;14;14;9;0,6429;0,0350;2,8774;3
2016;2175;FACULDADE METROPOLITANA DE BLUMENAU;FAMEBLU;Faculdade ;Privada com fins lucrativos;1059323;55;BIOMEDICINA;Educação Presencial;4202404;BLUMENAU;SC;24;21;15;0,7143;2,9620;3,8849;4
2016;2175;FACULDADE METROPOLITANA DE BLUMENAU;FAMEBLU;Faculdade ;Privada com fins lucrativos;1059329;36;FISIOTERAPIA;Educação Presencial;4202404;BLUMENAU;SC;22;22;11;0,5000;1,3112;3,0715;4
2016;11544;FACULDADE METROPOLITANA DE ANÁPOLIS;FAMA;Faculdade ;Pessoa Jurídica de Direito Privado - Com fins lucrativos - Sociedade Civil;1059497;23;ENFERMAGEM;Educação Presencial;5201108;ANÁPOLIS;GO;20;17;14;0,8235;0,2511;2,6218;3
2016;3034;FACULDADE DELTA;FACDELTA;Faculdade ;Privada com fins lucrativos;1059632;6;ODONTOLOGIA;Educação Presencial;2927408;SALVADOR;BA;53;52;46;0,8846;0,0934;2,5698;3
2016;1759;FACULDADE PADRE JOÃO BAGOZZI;FACULDADE BAGOZZI;Faculdade ;Privada sem fins lucrativos;1059861;92;TECNOLOGIA EM GESTÃO AMBIENTAL;Educação Presencial;4106902;CURITIBA;PR;12;9;8;0,8889;1,8311;3,1724;4
2016;3716;FACULDADE CIÊNCIAS DA VIDA;FCV;Faculdade ;Pessoa Jurídica de Direito Privado - Com fins lucrativos - Sociedade Civil;1060161;28;NUTRIÇÃO;Educação Presencial;3167202;SETE LAGOAS;MG;26;26;21;0,8077;0,5159;2,6766;3
2016;3741;FACULDADE DE EDUCAÇÃO DE BACABAL - FEBAC;FEBAC;Faculdade ;Privada com fins lucrativos;1060176;28;NUTRIÇÃO;Educação Presencial;2101202;BACABAL;MA;46;40;34;0,8500;-0,7068;2,1252;3
2016;8;UNIVERSIDADE FEDERAL DE VIÇOSA;UFV;Universidade;Pessoa Jurídica de Direito Público - Federal;1068548;12;MEDICINA;Educação Presencial;3171303;VIÇOSA;MG;46;45;45;1,0000;1,6895;4,7675;5
2016;4097;FACULDADE DE TECNOLOGIA TECBRASIL - UNIDADE BENTO GONÇALVES;Ftec Bento Gonçalves;Faculdade ;Privada com fins lucrativos;1068893;92;TECNOLOGIA EM GESTÃO AMBIENTAL;Educação Presencial;4302105;BENTO GONÇALVES;RS;2;1;0;0,0000;;;SC
2016;2971;FACULDADE BARRETOS;FB;Faculdade ;Privada com fins lucrativos;1069158;23;ENFERMAGEM;Educação Presencial;3505500;BARRETOS;SP;31;30;17;0,5667;-0,3879;2,3210;3
2016;3869;INSTITUTO FLORENCE DE ENSINO SUPERIOR;IFES;Faculdade ;Privada com fins lucrativos;1069320;6;ODONTOLOGIA;Educação Presencial;2111300;SÃO LUÍS;MA;63;61;53;0,8689;0,2365;2,7206;3
2016;13631;FACULDADE SÃO FIDELIS;FSF;Faculdade ;Pessoa Jurídica de Direito Privado - Com fins lucrativos - Sociedade Civil;1069381;23;ENFERMAGEM;Educação Presencial;3304805;SÃO FIDÉLIS;RJ;31;31;11;0,3548;-0,4062;2,3124;3
2016;3716;FACULDADE CIÊNCIAS DA VIDA;FCV;Faculdade ;Pessoa Jurídica de Direito Privado - Com fins lucrativos - Sociedade Civil;1069464;19;FARMÁCIA;Educação Presencial;3167202;SETE LAGOAS;MG;52;50;42;0,8400;0,4814;2,6227;3
2016;3741;FACULDADE DE EDUCAÇÃO DE BACABAL - FEBAC;FEBAC;Faculdade ;Privada com fins lucrativos;1069630;19;FARMÁCIA;Educação Presencial;2101202;BACABAL;MA;46;43;32;0,7442;-0,4998;2,1962;3
2016;3778;FACULDADE DE ARACAJU;FACAR;Faculdade ;Privada sem fins lucrativos;1069947;23;ENFERMAGEM;Educação Presencial;2800308;ARACAJU;SE;70;65;41;0,6308;-0,4501;2,2917;3
2016;3778;FACULDADE DE ARACAJU;FACAR;Faculdade ;Privada sem fins lucrativos;1069949;36;FISIOTERAPIA;Educação Presencial;2800308;ARACAJU;SE;13;13;8;0,6154;-1,3497;1,8835;2
2016;2911;FACULDADE PAN AMAZÔNICA;FAPAN;Faculdade ;Privada sem fins lucrativos;1069951;23;ENFERMAGEM;Educação Presencial;1501402;BELÉM;PA;74;66;45;0,6818;-1,0570;2,0061;3
2016;2911;FACULDADE PAN AMAZÔNICA;FAPAN;Faculdade ;Privada sem fins lucrativos;1069953;38;SERVIÇO SOCIAL;Educação Presencial;1501402;BELÉM;PA;79;74;58;0,7838;-0,3252;2,4924;3
2016;3786;FACULDADE DE ENSINO DE MINAS GERAIS;FACEMG;Faculdade ;Privada sem fins lucrativos;1069954;23;ENFERMAGEM;Educação Presencial;3106200;BELO HORIZONTE;MG;29;26;18;0,6923;0,5855;2,7792;3
2016;3786;FACULDADE DE ENSINO DE MINAS GERAIS;FACEMG;Faculdade ;Privada sem fins lucrativos;1069955;36;FISIOTERAPIA;Educação Presencial;3106200;BELO HORIZONTE;MG;26;26;21;0,8077;0,1277;2,5431;3
2016;3776;INSTITUTO DE ENSINO SUPERIOR DE MATO GROSSO;IESMT;Faculdade ;Privada sem fins lucrativos;1069962;23;ENFERMAGEM;Educação Presencial;5103403;CUIABÁ;MT;25;25;17;0,6800;-0,9264;2,0675;3
2016;3776;INSTITUTO DE ENSINO SUPERIOR DE MATO GROSSO;IESMT;Faculdade ;Privada sem fins lucrativos;1069963;38;SERVIÇO SOCIAL;Educação Presencial;5103403;CUIABÁ;MT;76;67;40;0,5970;-0,7602;2,2894;3
2016;2420;FACULDADE PARANAENSE;FAPAR;Faculdade ;Privada sem fins lucrativos;1069967;23;ENFERMAGEM;Educação Presencial;4106902;CURITIBA;PR;34;33;16;0,4848;-1,5827;1,7586;2
2016;2148;FACULDADE DE PALMAS;FAPAL;Faculdade ;Privada sem fins lucrativos;1069977;23;ENFERMAGEM;Educação Presencial;1721000;PALMAS;TO;87;80;54;0,6750;-0,3720;2,3285;3
2016;2174;FACULDADE DE SANTA CATARINA;FASC;Faculdade ;Privada sem fins lucrativos;1069984;23;ENFERMAGEM;Educação Presencial;4216602;SÃO JOSÉ;SC;38;38;18;0,4737;0,2595;2,6257;3
2016;2150;FACULDADE DO PIAUÍ;FAPI;Faculdade ;Privada sem fins lucrativos;1069987;23;ENFERMAGEM;Educação Presencial;2211001;TERESINA;PI;60;60;50;0,8333;-1,1213;1,9758;3
2016;2150;FACULDADE DO PIAUÍ;FAPI;Faculdade ;Privada sem fins lucrativos;1070483;38;SERVIÇO SOCIAL;Educação Presencial;2211001;TERESINA;PI;143;111;88;0,7928;-0,1404;2,5786;3
2016;1854;CLARETIANO - FACULDADE - CLARETIANORC;CLARETIANORC;Faculdade ;Privada sem fins lucrativos;1070721;38;SERVIÇO SOCIAL;Educação Presencial;3543907;RIO CLARO;SP;17;15;10;0,6667;0,0092;2,6484;3
2016;3881;FACULDADE DE INTEGRAÇÃO DO SERTÃO;FIS;Faculdade ;Privada com fins lucrativos;1071085;36;FISIOTERAPIA;Educação Presencial;2613909;SERRA TALHADA;PE;28;28;25;0,8929;0,0275;2,4984;3
2016;2593;FACULDADE DE JUAZEIRO DO NORTE;FJN;Faculdade ;Privada com fins lucrativos;1071152;19;FARMÁCIA;Educação Presencial;2307304;JUAZEIRO DO NORTE;CE;61;59;55;0,9322;-0,2973;2,2842;3
2016;5670;FACULDADES UNIDAS DO VALE DO ARAGUAIA;UNIVAR;Faculdade ;Privada sem fins lucrativos;1072168;51;ZOOTECNIA;Educação Presencial;5101803;BARRA DO GARÇAS;MT;17;16;10;0,6250;0,5292;3,0247;4
2016;1965;FACULDADE DE TECNOLOGIA DE ALAGOAS;FAT/AL;Faculdade ;Privada sem fins lucrativos;1072238;23;ENFERMAGEM;Educação Presencial;2704302;MACEIÓ;AL;44;40;13;0,3250;-0,5938;2,2241;3
2016;13783;FACULDADES UNIDAS FEIRA DE SANTANA;UNISANTANA;Faculdade ;Privada com fins lucrativos;1072300;69;TECNOLOGIA EM RADIOLOGIA;Educação Presencial;2910800;FEIRA DE SANTANA;BA;16;16;14;0,8750;1,8387;2,9169;3
2016;1563;CENTRO UNIVERSITÁRIO DA FACULDADE DE SAÚDE, CIÊNCIAS HUMANAS E TECNOLÓGICAS DO PIAUÍ;NOVAFAPI;Centro Universitário;Privada com fins lucrativos;1072419;69;TECNOLOGIA EM RADIOLOGIA;Educação Presencial;2211001;TERESINA;PI;39;34;27;0,7941;0,6076;2,5710;3
2016;1572;FACULDADE DE CIÊNCIAS SOCIAIS APLICADAS;FACISA;Faculdade ;Privada com fins lucrativos;1073240;38;SERVIÇO SOCIAL;Educação Presencial;2915601;ITAMARAJU;BA;15;15;11;0,7333;1,2076;3,2076;4
2016;13828;FACULDADE ISEIB DE BELO HORIZONTE;FIBH;Faculdade ;Privada com fins lucrativos;1073698;91;TECNOLOGIA EM GESTÃO HOSPITALAR;Educação Presencial;3106200;BELO HORIZONTE;MG;2;1;0;0,0000;;;SC
2016;2754;FACULDADE SÃO PAULO;FSP;Faculdade ;Pessoa Jurídica de Direito Privado - Com fins lucrativos - Sociedade Civil;1074022;19;FARMÁCIA;Educação Presencial;1100288;ROLIM DE MOURA;RO;44;44;34;0,7727;-1,2161;1,8848;2
2016;1487;FACULDADE DOM BOSCO;FDB;Faculdade ;Privada com fins lucrativos;1074145;23;ENFERMAGEM;Educação Presencial;4106902;CURITIBA;PR;71;69;34;0,4928;0,3504;2,6685;3
2016;2754;FACULDADE SÃO PAULO;FSP;Faculdade ;Pessoa Jurídica de Direito Privado - Com fins lucrativos - Sociedade Civil;1074957;36;FISIOTERAPIA;Educação Presencial;1100288;ROLIM DE MOURA;RO;26;26;23;0,8846;-1,0004;2,0395;3
2016;13883;FACULDADE MURIALDO;FAMUR;Faculdade ;Pessoa Jurídica de Direito Privado - Sem fins lucrativos - Fundação;1075353;90;TECNOLOGIA EM AGRONEGÓCIOS;Educação Presencial;4305108;CAXIAS DO SUL;RS;6;6;2;0,3333;9,8987;5,0000;5
2016;13828;FACULDADE ISEIB DE BELO HORIZONTE;FIBH;Faculdade ;Privada com fins lucrativos;1075392;23;ENFERMAGEM;Educação Presencial;3106200;BELO HORIZONTE;MG;23;22;10;0,4545;-2,8804;1,1478;2
2016;4863;FACULDADE PITÁGORAS DE POÇOS DE CALDAS;0;Faculdade ;Privada com fins lucrativos;1075482;19;FARMÁCIA;Educação Presencial;3151800;POÇOS DE CALDAS;MG;21;21;16;0,7619;0,6038;2,6760;3
2016;5216;FACULDADE ANHANGUERA DE EDUCAÇÃO, CIÊNCIAS E TECNOLOGIA DE SOROCABA;FAECTS;Faculdade ;Privada com fins lucrativos;1075492;3501;EDUCAÇÃO FÍSICA (BACHARELADO);Educação Presencial;3552205;SOROCABA;SP;12;12;1;0,0833;;;SC
2016;13488;FACULDADE SEQÜENCIAL;0;Faculdade ;Pessoa Jurídica de Direito Privado - Sem fins lucrativos - Sociedade;1075633;23;ENFERMAGEM;Educação Presencial;3550308;SÃO PAULO;SP;22;22;11;0,5000;-0,3782;2,3256;3
2016;12847;FACULDADE EDUCACIONAL DE FRANCISCO BELTRÃO;FEFB;Faculdade ;Privada com fins lucrativos;1075637;6;ODONTOLOGIA;Educação Presencial;4108403;FRANCISCO BELTRÃO;PR;35;35;31;0,8857;-0,7451;1,6858;2
2016;3644;FACULDADE CATÓLICA SANTA TERESINHA;FCST;Faculdade ;Privada com fins lucrativos;1075667;38;SERVIÇO SOCIAL;Educação Presencial;2402006;CAICÓ;RN;27;26;23;0,8846;-0,0167;2,6363;3
2016;3625;FACULDADE CATÓLICA NOSSA SENHORA DAS VITÓRIAS;FCNSV;Faculdade ;Privada com fins lucrativos;1075668;38;SERVIÇO SOCIAL;Educação Presencial;2400208;AÇU;RN;39;39;30;0,7692;-0,3564;2,4778;3
2016;4277;FACULDADE ESTÁCIO DO AMAZONAS - ESTÁCIO AMAZONAS;ESTÁCIO AMAZONAS;Faculdade ;Pessoa Jurídica de Direito Privado - Com fins lucrativos - Sociedade Civil;1075756;19;FARMÁCIA;Educação Presencial;1302603;MANAUS;AM;28;27;17;0,6296;0,3678;2,5734;3
2016;752;FACULDADE DE PARÁ DE MINAS;FAPAM;Faculdade ;Privada sem fins lucrativos;1076010;90;TECNOLOGIA EM AGRONEGÓCIOS;Educação Presencial;3147105;PARÁ DE MINAS;MG;6;0;0;0,0000;;;SC
2016;2240;FACULDADE DE FORTALEZA;FAFOR;Faculdade ;Privada sem fins lucrativos;1076092;38;SERVIÇO SOCIAL;Educação Presencial;2304400;FORTALEZA;CE;48;43;22;0,5116;-0,7446;2,2966;3
2016;3784;INSTITUTO DE ENSINO SUPERIOR DO RIO GRANDE DO NORTE;IESRN;Faculdade ;Privada sem fins lucrativos;1076132;38;SERVIÇO SOCIAL;Educação Presencial;2408102;NATAL;RN;43;42;28;0,6667;-0,6061;2,3613;3
2016;4702;FACULDADE DE TECNOLOGIA GESTÃO & MARKETING;IBGM / FGM;Faculdade ;Privada com fins lucrativos;1076168;3501;EDUCAÇÃO FÍSICA (BACHARELADO);Educação Presencial;2611606;RECIFE;PE;192;170;108;0,6353;-0,2685;2,3461;3
2016;763;INSTITUTO UNIFICADO DE ENSINO SUPERIOR OBJETIVO;IUESO;Faculdade ;Privada sem fins lucrativos;1076351;36;FISIOTERAPIA;Educação Presencial;5208707;GOIÂNIA;GO;4;4;4;1,0000;1,3569;3,0919;4
2016;2908;FACULDADE NATALENSE DE ENSINO E CULTURA ;FANEC;Faculdade ;Privada sem fins lucrativos;1076355;36;FISIOTERAPIA;Educação Presencial;2408102;NATAL;RN;50;31;22;0,7097;0,0586;2,5123;3
2016;1666;FACULDADE NOVOS HORIZONTES;NOVOS HORIZONTES;Faculdade ;Privada com fins lucrativos;1076468;38;SERVIÇO SOCIAL;Educação Presencial;3106200;BELO HORIZONTE;MG;31;29;27;0,9310;0,6477;2,9463;4
2016;1805;FACULDADE DOS GUARARAPES;FG;Faculdade ;Pessoa Jurídica de Direito Privado - Com fins lucrativos - Sociedade Civil;1076585;95;TECNOLOGIA EM ESTÉTICA E COSMÉTICA;Educação Presencial;2607901;JABOATÃO DOS GUARARAPES;PE;43;40;22;0,5500;-1,1944;1,7834;2
2016;234;FACULDADES OSWALDO CRUZ;FOC;Faculdade ;Privada com fins lucrativos;1076619;23;ENFERMAGEM;Educação Presencial;3550308;SÃO PAULO;SP;3;3;1;0,3333;;;SC
2016;1657;FACULDADE EDUCACIONAL DE DOIS VIZINHOS;FAED;Faculdade ;Privada com fins lucrativos;1076690;17;AGRONOMIA;Educação Presencial;4107207;DOIS VIZINHOS;PR;77;75;61;0,8133;0,5289;3,1758;4
2016;1647;FACULDADE DE ENSINO E CULTURA DO CEARÁ ;FAECE;Faculdade ;Privada sem fins lucrativos;1076715;19;FARMÁCIA;Educação Presencial;2304400;FORTALEZA;CE;26;25;14;0,5600;0,9164;2,8119;3
2016;1656;INSTITUTO DE ENSINO SUPERIOR DE TERESINA;IEST;Faculdade ;Privada sem fins lucrativos;1076720;19;FARMÁCIA;Educação Presencial;2211001;TERESINA;PI;60;53;34;0,6415;-0,7194;2,1007;3
2016;1612;FACULDADE SUL BRASIL;FASUL;Faculdade ;Privada com fins lucrativos;1076970;90;TECNOLOGIA EM AGRONEGÓCIOS;Educação Presencial;4127700;TOLEDO;PR;22;22;17;0,7727;0,3686;2,7566;3
2016;13982;FACULDADE MAURÍCIO DE NASSAU DE BELÉM;FMN de Belém;Faculdade ;Privada com fins lucrativos;1077162;92;TECNOLOGIA EM GESTÃO AMBIENTAL;Educação Presencial;1501402;BELÉM;PA;53;42;36;0,8571;0,6210;2,7337;3
2016;13982;FACULDADE MAURÍCIO DE NASSAU DE BELÉM;FMN de Belém;Faculdade ;Privada com fins lucrativos;1077163;91;TECNOLOGIA EM GESTÃO HOSPITALAR;Educação Presencial;1501402;BELÉM;PA;102;95;64;0,6737;0,1279;2,6057;3
2016;3757;FACULDADE SERRA DA MESA;FASEM;Faculdade ;Privada com fins lucrativos;1077431;23;ENFERMAGEM;Educação Presencial;5221601;URUAÇU;GO;19;18;11;0,6111;0,1958;2,5958;3
2016;2613;Faculdade Meta;FAMETA;Faculdade ;Privada com fins lucrativos;1077647;36;FISIOTERAPIA;Educação Presencial;1200401;RIO BRANCO;AC;37;37;29;0,7838;0,6692;2,7849;3
2016;2613;Faculdade Meta;FAMETA;Faculdade ;Privada com fins lucrativos;1077696;19;FARMÁCIA;Educação Presencial;1200401;RIO BRANCO;AC;67;64;49;0,7656;-0,3303;2,2699;3
2016;3333;CENTRO UNIVERSITÁRIO UNIFTEC;0;Centro Universitário;Privada com fins lucrativos;1077731;92;TECNOLOGIA EM GESTÃO AMBIENTAL;Educação Presencial;4305108;CAXIAS DO SUL;RS;1;1;0;0,0000;;;SC
2016;2754;FACULDADE SÃO PAULO;FSP;Faculdade ;Pessoa Jurídica de Direito Privado - Com fins lucrativos - Sociedade Civil;1077884;55;BIOMEDICINA;Educação Presencial;1100288;ROLIM DE MOURA;RO;26;26;23;0,8846;-0,9201;1,9467;3
2016;1508;FACULDADE METROPOLITANA DE MARINGÁ;0;Faculdade ;Privada com fins lucrativos;1078192;3501;EDUCAÇÃO FÍSICA (BACHARELADO);Educação Presencial;4115200;MARINGÁ;PR;72;61;34;0,5574;1,1685;3,0052;4
2016;2613;Faculdade Meta;FAMETA;Faculdade ;Privada com fins lucrativos;1078534;55;BIOMEDICINA;Educação Presencial;1200401;RIO BRANCO;AC;124;117;97;0,8291;-0,3361;2,2383;3
2016;2636;FACULDADE DINÂMICA DO VALE DO PIRANGA;FADIP;Faculdade ;Privada com fins lucrativos;1080171;23;ENFERMAGEM;Educação Presencial;3152105;PONTE NOVA;MG;11;11;6;0,5455;1,2924;3,1119;4
2016;14158;FACULDADE DE TECNOLOGIA DE NOVO CABRAIS;0;Faculdade ;Privada com fins lucrativos;1080654;92;TECNOLOGIA EM GESTÃO AMBIENTAL;Educação Presencial;4313391;NOVO CABRAIS;RS;14;14;7;0,5000;2,6936;3,4851;4
2016;3783;FACULDADE PARAENSE DE ENSINO ;FAPEN;Faculdade ;Privada sem fins lucrativos;1081608;23;ENFERMAGEM;Educação Presencial;1501402;BELÉM;PA;67;62;36;0,5806;-1,0242;2,0215;3
2016;4450;FACULDADE METROPOLITANA DA AMAZÔNIA;FAMAZ;Faculdade ;Privada sem fins lucrativos;1081809;55;BIOMEDICINA;Educação Presencial;1501402;BELÉM;PA;45;45;40;0,8889;-0,0362;2,3880;3
2016;4450;FACULDADE METROPOLITANA DA AMAZÔNIA;FAMAZ;Faculdade ;Privada sem fins lucrativos;1082424;92;TECNOLOGIA EM GESTÃO AMBIENTAL;Educação Presencial;1501402;BELÉM;PA;1;0;0;0,0000;;;SC
2016;6;UNIVERSIDADE FEDERAL DE OURO PRETO;UFOP;Universidade;Pessoa Jurídica de Direito Público - Federal;1083188;3501;EDUCAÇÃO FÍSICA (BACHARELADO);Educação Presencial;3146107;OURO PRETO;MG;24;20;13;0,6500;-0,9200;2,0474;3
2016;582;UNIVERSIDADE FEDERAL DE SANTA MARIA;UFSM;Universidade;Pessoa Jurídica de Direito Público - Federal;1084794;28;NUTRIÇÃO;Educação Presencial;4313706;PALMEIRA DAS MISSÕES;RS;44;44;39;0,8864;-0,9503;2,0154;3
2016;582;UNIVERSIDADE FEDERAL DE SANTA MARIA;UFSM;Universidade;Pessoa Jurídica de Direito Público - Federal;1084796;90;TECNOLOGIA EM AGRONEGÓCIOS;Educação Presencial;4320651;SILVEIRA MARTINS;RS;10;7;6;0,8571;-0,3785;2,5193;3
2016;582;UNIVERSIDADE FEDERAL DE SANTA MARIA;UFSM;Universidade;Pessoa Jurídica de Direito Público - Federal;1084801;92;TECNOLOGIA EM GESTÃO AMBIENTAL;Educação Presencial;4320651;SILVEIRA MARTINS;RS;10;10;8;0,8000;3,5451;3,7938;4
2016;2754;FACULDADE SÃO PAULO;FSP;Faculdade ;Pessoa Jurídica de Direito Privado - Com fins lucrativos - Sociedade Civil;1085806;23;ENFERMAGEM;Educação Presencial;1100288;ROLIM DE MOURA;RO;54;53;38;0,7170;-0,5720;2,2343;3
2016;2023;FACULDADE DE GUANAMBI;0;Faculdade ;Privada com fins lucrativos;1086150;19;FARMÁCIA;Educação Presencial;2911709;GUANAMBI;BA;30;29;19;0,6552;-1,5806;1,7264;2
2016;14313;NOVA FACULDADE;NF;Faculdade ;Privada com fins lucrativos;1087200;23;ENFERMAGEM;Educação Presencial;3118601;CONTAGEM;MG;20;19;16;0,8421;0,9640;2,9574;4
2016;14313;NOVA FACULDADE;NF;Faculdade ;Privada com fins lucrativos;1087201;19;FARMÁCIA;Educação Presencial;3118601;CONTAGEM;MG;8;8;6;0,7500;1,5824;3,1013;4
2016;3789;FACULDADE EVANGÉLICA DE GOIANÉSIA;0;Faculdade ;Privada sem fins lucrativos;1091379;17;AGRONOMIA;Educação Presencial;5208608;GOIANÉSIA;GO;52;49;37;0,7551;0,2612;3,0141;4
2016;4793;FACULDADES INTEGRADAS DE ITARARÉ;FAFIT-FACIC;Faculdade ;Privada com fins lucrativos;1099294;3501;EDUCAÇÃO FÍSICA (BACHARELADO);Educação Presencial;3523206;ITARARÉ;SP;4;0;0;0,0000;;;SC
2016;3339;FACULDADE DE GETÚLIO VARGAS;FACULDADE IDEAU;Faculdade ;Privada com fins lucrativos;1099720;5;MEDICINA VETERINÁRIA;Educação Presencial;4308904;GETÚLIO VARGAS;RS;49;49;39;0,7959;-0,1862;2,4565;3
2016;2613;Faculdade Meta;FAMETA;Faculdade ;Privada com fins lucrativos;1099815;23;ENFERMAGEM;Educação Presencial;1200401;RIO BRANCO;AC;35;34;25;0,7353;0,2309;2,6123;3
2016;1554;FACULDADES INTEGRADAS DO VALE DO RIBEIRA;FIVR;Faculdade ;Privada com fins lucrativos;1099914;19;FARMÁCIA;Educação Presencial;3542602;REGISTRO;SP;19;19;14;0,7368;-1,3152;1,8417;2
2016;572;UNIVERSIDADE FEDERAL FLUMINENSE;UFF;Universidade;Pessoa Jurídica de Direito Público - Federal;1100006;55;BIOMEDICINA;Educação Presencial;3303401;NOVA FRIBURGO;RJ;21;20;20;1,0000;-0,9236;1,9450;2
2016;572;UNIVERSIDADE FEDERAL FLUMINENSE;UFF;Universidade;Pessoa Jurídica de Direito Público - Federal;1100007;27;FONOAUDIOLOGIA;Educação Presencial;3303401;NOVA FRIBURGO;RJ;25;24;24;1,0000;-1,5906;1,5790;2
2016;1601;FACULDADE CIDADE DE COROMANDEL;FCC;Faculdade ;Privada sem fins lucrativos;1100603;17;AGRONOMIA;Educação Presencial;3119302;COROMANDEL;MG;24;24;12;0,5000;-0,5501;2,5239;3
2016;2770;FACULDADE UNIDA DE CAMPINAS;FACUNICAMPS;Faculdade ;Pessoa Jurídica de Direito Privado - Com fins lucrativos - Sociedade Mercantil ou Comercial;1100615;19;FARMÁCIA;Educação Presencial;5208707;GOIÂNIA;GO;17;17;14;0,8235;1,2692;2,9652;4
2016;3757;FACULDADE SERRA DA MESA;FASEM;Faculdade ;Privada com fins lucrativos;1100838;19;FARMÁCIA;Educação Presencial;5221601;URUAÇU;GO;20;18;10;0,5556;-0,8054;2,0633;3
2016;3849;FUNDAÇÃO UNIVERSIDADE FEDERAL DO TOCANTINS;UFT;Universidade;Pessoa Jurídica de Direito Público - Federal;1100876;23;ENFERMAGEM;Educação Presencial;1721000;PALMAS;TO;50;32;31;0,9688;-0,8773;2,0907;3
2016;3849;FUNDAÇÃO UNIVERSIDADE FEDERAL DO TOCANTINS;UFT;Universidade;Pessoa Jurídica de Direito Público - Federal;1100879;28;NUTRIÇÃO;Educação Presencial;1721000;PALMAS;TO;39;38;29;0,7632;-1,3256;1,8462;2
2016;2629;FACULDADE DE CIÊNCIAS CONTÁBEIS E DE ADMINISTRAÇÃO DO VALE DO JURUENA;AJES;Faculdade ;Privada sem fins lucrativos;1101170;23;ENFERMAGEM;Educação Presencial;5105150;JUÍNA;MT;13;12;7;0,5833;-2,8183;1,1770;2
2016;14321;FACULDADE MAURÍCIO DE NASSAU DE FORTALEZA;FMN Fortaleza;Faculdade ;Privada com fins lucrativos;1101270;36;FISIOTERAPIA;Educação Presencial;2304400;FORTALEZA;CE;93;90;69;0,7667;-0,2867;2,3581;3
2016;14321;FACULDADE MAURÍCIO DE NASSAU DE FORTALEZA;FMN Fortaleza;Faculdade ;Privada com fins lucrativos;1101668;23;ENFERMAGEM;Educação Presencial;2304400;FORTALEZA;CE;244;235;135;0,5745;-0,2507;2,3856;3
2016;2564;UNIVERSIDADE FEDERAL DE CAMPINA GRANDE;UFCG;Universidade;Pessoa Jurídica de Direito Público - Federal;1101742;12;MEDICINA;Educação Presencial;2503704;CAJAZEIRAS;PB;20;18;17;0,9444;-1,7145;1,0566;2
2016;693;UNIVERSIDADE FEDERAL DO ESTADO DO RIO DE JANEIRO;UNIRIO;Universidade;Pessoa Jurídica de Direito Público - Federal;1101758;38;SERVIÇO SOCIAL;Educação Presencial;3304557;RIO DE JANEIRO;RJ;9;7;7;1,0000;2,4013;3,7646;4
2016;4367;FACULDADE TERRA NORDESTE;FATENE;Faculdade ;Privada com fins lucrativos;1101780;5;MEDICINA VETERINÁRIA;Educação Presencial;2303709;CAUCAIA;CE;64;58;29;0,5000;-0,7272;2,0493;3
2016;3165;INSTITUTO FEDERAL DE EDUCAÇÃO, CIÊNCIA E TECNOLOGIA  DO TRIÂNGULO MINEIRO;IFTM;Instituto Federal de Educação, Ciência e Tecnologia;Pessoa Jurídica de Direito Público - Federal;1102046;51;ZOOTECNIA;Educação Presencial;3170107;UBERABA;MG;20;20;15;0,7500;-1,2621;2,2822;3
2016;3165;INSTITUTO FEDERAL DE EDUCAÇÃO, CIÊNCIA E TECNOLOGIA  DO TRIÂNGULO MINEIRO;IFTM;Instituto Federal de Educação, Ciência e Tecnologia;Pessoa Jurídica de Direito Público - Federal;1102068;17;AGRONOMIA;Educação Presencial;3170107;UBERABA;MG;27;27;24;0,8889;0,1646;2,9557;4
2016;14342;FACULDADE REDENTOR DE CAMPOS;FACREDENTOR;Faculdade ;Privada sem fins lucrativos;1102256;28;NUTRIÇÃO;Educação Presencial;3301009;CAMPOS DOS GOYTACAZES;RJ;21;19;7;0,3684;-1,1794;1,9121;2
2016;14342;FACULDADE REDENTOR DE CAMPOS;FACREDENTOR;Faculdade ;Privada sem fins lucrativos;1102266;23;ENFERMAGEM;Educação Presencial;3301009;CAMPOS DOS GOYTACAZES;RJ;11;10;7;0,7000;2,6098;3,7321;4
2016;14342;FACULDADE REDENTOR DE CAMPOS;FACREDENTOR;Faculdade ;Privada sem fins lucrativos;1102267;38;SERVIÇO SOCIAL;Educação Presencial;3301009;CAMPOS DOS GOYTACAZES;RJ;17;17;13;0,7647;1,2521;3,2284;4
2016;14321;FACULDADE MAURÍCIO DE NASSAU DE FORTALEZA;FMN Fortaleza;Faculdade ;Privada com fins lucrativos;1102301;38;SERVIÇO SOCIAL;Educação Presencial;2304400;FORTALEZA;CE;139;131;90;0,6870;-0,2840;2,5115;3
2016;14297;FACULDADE SÍNTESE;0;Faculdade ;Pessoa Jurídica de Direito Privado - Com fins lucrativos - Sociedade Mercantil ou Comercial;1102416;69;TECNOLOGIA EM RADIOLOGIA;Educação Presencial;2207702;PARNAÍBA;PI;5;5;2;0,4000;1,9011;2,9344;3
2016;4358;INSTITUTO FEDERAL DE EDUCAÇÃO, CIÊNCIA E TECNOLOGIA DO SUL DE MINAS GERAIS;IF SUL DE MINAS;Instituto Federal de Educação, Ciência e Tecnologia;Pessoa Jurídica de Direito Público - Federal;1102496;17;AGRONOMIA;Educação Presencial;3139003;MACHADO;MG;38;36;32;0,8889;-0,0825;2,8064;3
2016;3188;INSTITUTO FEDERAL DE EDUCAÇÃO, CIÊNCIA E TECNOLOGIA DO NORTE DE MINAS GERAIS;IFNMG;Instituto Federal de Educação, Ciência e Tecnologia;Pessoa Jurídica de Direito Público - Federal;1102648;5;MEDICINA VETERINÁRIA;Educação Presencial;3157005;SALINAS;MG;37;24;23;0,9583;-3,1688;0,2114;1
2016;574;UNIVERSIDADE FEDERAL RURAL DO RIO DE JANEIRO;UFRRJ;Universidade;Pessoa Jurídica de Direito Público - Federal;1102671;19;FARMÁCIA;Educação Presencial;3305554;SEROPÉDICA;RJ;15;15;14;0,9333;-0,0812;2,3781;3
2016;5036;INSTITUTO FEDERAL DE EDUCAÇÃO, CIÊNCIA E TECNOLOGIA CATARINENSE;IF Catarinense;Instituto Federal de Educação, Ciência e Tecnologia;Pessoa Jurídica de Direito Público - Federal;1102792;5;MEDICINA VETERINÁRIA;Educação Presencial;4204301;CONCÓRDIA;SC;44;42;39;0,9286;1,3559;3,6174;4
2016;5036;INSTITUTO FEDERAL DE EDUCAÇÃO, CIÊNCIA E TECNOLOGIA CATARINENSE;IF Catarinense;Instituto Federal de Educação, Ciência e Tecnologia;Pessoa Jurídica de Direito Público - Federal;1102950;17;AGRONOMIA;Educação Presencial;4214805;RIO DO SUL;SC;68;56;49;0,8750;0,7699;3,3213;4
2016;3162;INSTITUTO FEDERAL DE EDUCAÇÃO, CIÊNCIA E TECNOLOGIA  DE SANTA CATARINA;IFSC;Instituto Federal de Educação, Ciência e Tecnologia;Pessoa Jurídica de Direito Público - Federal;1102973;91;TECNOLOGIA EM GESTÃO HOSPITALAR;Educação Presencial;4209102;JOINVILLE;SC;50;44;21;0,4773;0,7695;2,7686;3
2016;5036;INSTITUTO FEDERAL DE EDUCAÇÃO, CIÊNCIA E TECNOLOGIA CATARINENSE;IF Catarinense;Instituto Federal de Educação, Ciência e Tecnologia;Pessoa Jurídica de Direito Público - Federal;1103033;17;AGRONOMIA;Educação Presencial;4215653;SANTA ROSA DO SUL;SC;38;38;34;0,8947;0,6157;3,2282;4
2016;5036;INSTITUTO FEDERAL DE EDUCAÇÃO, CIÊNCIA E TECNOLOGIA CATARINENSE;IF Catarinense;Instituto Federal de Educação, Ciência e Tecnologia;Pessoa Jurídica de Direito Público - Federal;1103036;5;MEDICINA VETERINÁRIA;Educação Presencial;4201307;ARAQUARI;SC;32;30;21;0,7000;0,2261;2,7669;3
2016;591;UNIVERSIDADE FEDERAL DE SÃO PAULO;UNIFESP;Universidade;Pessoa Jurídica de Direito Público - Federal;1103070;38;SERVIÇO SOCIAL;Educação Presencial;3548500;SANTOS;SP;85;83;79;0,9518;-4,9788;0,3208;1
2016;4098;INSTITUTO FEDERAL DE EDUCAÇÃO, CIÊNCIA E TECNOLOGIA FARROUPILHA;IFFarroupilha;Instituto Federal de Educação, Ciência e Tecnologia;Pessoa Jurídica de Direito Público - Federal;1103162;51;ZOOTECNIA;Educação Presencial;4300406;ALEGRETE;RS;30;28;27;0,9643;0,3033;2,9311;3
2016;1298;Faculdade Estácio de Alagoas - Estácio FAL;ESTÁCIO FAL;Faculdade ;Privada com fins lucrativos;1103168;23;ENFERMAGEM;Educação Presencial;2704302;MACEIÓ;AL;174;173;106;0,6127;-0,2104;2,4046;3
2016;634;UNIVERSIDADE FEDERAL DE PELOTAS;UFPEL;Universidade;Pessoa Jurídica de Direito Público - Federal;1103252;19;FARMÁCIA;Educação Presencial;4304663;CAPÃO DO LEÃO;RS;19;19;19;1,0000;-0,2513;2,3042;3
2016;591;UNIVERSIDADE FEDERAL DE SÃO PAULO;UNIFESP;Universidade;Pessoa Jurídica de Direito Público - Federal;1103258;19;FARMÁCIA;Educação Presencial;3513801;DIADEMA;SP;207;194;159;0,8196;-0,5722;2,1647;3
2016;1430;CENTRO UNIVERSITÁRIO INGÁ;0;Centro Universitário;Privada sem fins lucrativos;1103473;17;AGRONOMIA;Educação Presencial;4115200;MARINGÁ;PR;13;13;7;0,5385;3,5488;5,0000;5
2016;601;INSTITUTO FEDERAL DE EDUCAÇÃO, CIÊNCIA E TECNOLOGIA DO RIO GRANDE DO SUL;IFRS;Instituto Federal de Educação, Ciência e Tecnologia;Pessoa Jurídica de Direito Público - Federal;1103530;92;TECNOLOGIA EM GESTÃO AMBIENTAL;Educação Presencial;4320503;SERTÃO;RS;28;26;16;0,6154;0,2217;2,5889;3
2016;12;UNIVERSIDADE FEDERAL DO RIO GRANDE;FURG;Universidade;Pessoa Jurídica de Direito Público - Federal;1103532;92;TECNOLOGIA EM GESTÃO AMBIENTAL;Educação Presencial;4315602;RIO GRANDE;RS;22;19;19;1,0000;-3,1282;1,3745;2
2016;12;UNIVERSIDADE FEDERAL DO RIO GRANDE;FURG;Universidade;Pessoa Jurídica de Direito Público - Federal;1103533;92;TECNOLOGIA EM GESTÃO AMBIENTAL;Educação Presencial;4318804;SÃO LOURENÇO DO SUL;RS;11;10;9;0,9000;2,6901;3,4839;4
2016;14509;INSTITUTO FEDERAL DE EDUCAÇÃO, CIÊNCIA E TECNOLOGIA BAIANO;IFBAIANO;Instituto Federal de Educação, Ciência e Tecnologia;Pessoa Jurídica de Direito Público - Federal;1103559;17;AGRONOMIA;Educação Presencial;2911709;GUANAMBI;BA;29;28;28;1,0000;0,1413;2,9416;3
2016;601;INSTITUTO FEDERAL DE EDUCAÇÃO, CIÊNCIA E TECNOLOGIA DO RIO GRANDE DO SUL;IFRS;Instituto Federal de Educação, Ciência e Tecnologia;Pessoa Jurídica de Direito Público - Federal;1103650;17;AGRONOMIA;Educação Presencial;4320503;SERTÃO;RS;40;38;36;0,9474;0,4375;3,1206;4
2016;5322;FUNDAÇÃO UNIVERSIDADE FEDERAL DO PAMPA - UNIPAMPA;UNIPAMPA;Universidade;Pessoa Jurídica de Direito Público - Federal;1103690;28;NUTRIÇÃO;Educação Presencial;4310603;ITAQUI;RS;42;39;37;0,9487;-0,2130;2,3479;3
2016;3279;INSTITUTO FEDERAL DE EDUCAÇÃO, CIÊNCIA E TECNOLOGIA DO SUDESTE DE MINAS GERAIS;IFSEMG;Instituto Federal de Educação, Ciência e Tecnologia;Pessoa Jurídica de Direito Público - Federal;1103699;92;TECNOLOGIA EM GESTÃO AMBIENTAL;Educação Presencial;3105608;BARBACENA;MG;16;13;12;0,9231;4,9894;4,3175;5
2016;13717;FACULDADES DO VALE DO ARARANGUA - FVA;FVA;Faculdade ;Pessoa Jurídica de Direito Privado - Com fins lucrativos - Sociedade Civil;1103785;3501;EDUCAÇÃO FÍSICA (BACHARELADO);Educação Presencial;4201406;ARARANGUÁ;SC;25;25;5;0,2000;-1,0669;1,9800;3
2016;2180;RATIO - FACULDADE TEOLÓGICA E FILOSÓFICA;RATIO;Faculdade ;Privada com fins lucrativos;1103792;38;SERVIÇO SOCIAL;Educação Presencial;2304400;FORTALEZA;CE;184;164;82;0,5000;-0,0170;2,6362;3
2016;1055;FACULDADE MAURÍCIO DE NASSAU DE SALVADOR;FMN SALVADOR;Faculdade ;Privada sem fins lucrativos;1103800;55;BIOMEDICINA;Educação Presencial;2927408;SALVADOR;BA;113;104;65;0,6250;-0,3182;2,2473;3
2016;1808;INSTITUTO FEDERAL DE EDUCAÇÃO, CIÊNCIA E TECNOLOGIA DO ESPÍRITO SANTO;IFES;Instituto Federal de Educação, Ciência e Tecnologia;Pessoa Jurídica de Direito Público - Federal;1103831;17;AGRONOMIA;Educação Presencial;3204609;SANTA TERESA;ES;23;22;21;0,9545;1,0137;3,4686;4
2016;1281;FACULDADE DE CIÊNCIAS SOCIAIS E AGRÁRIAS DE ITAPEVA;FAIT;Faculdade ;Pessoa Jurídica de Direito Privado - Com fins lucrativos - Sociedade Civil;1104026;3501;EDUCAÇÃO FÍSICA (BACHARELADO);Educação Presencial;3522406;ITAPEVA;SP;18;18;11;0,6111;2,5346;3,6316;4
2016;1452;FACULDADE PITÁGORAS DO MARANHÃO;0;Faculdade ;Privada com fins lucrativos;1104244;23;ENFERMAGEM;Educação Presencial;2111300;SÃO LUÍS;MA;26;25;20;0,8000;-0,0694;2,4709;3
2016;423;UNIVERSIDADE REGIONAL INTEGRADA DO ALTO URUGUAI E DAS MISSÕES;URI;Universidade;Privada sem fins lucrativos;1104311;28;NUTRIÇÃO;Educação Presencial;4308508;FREDERICO WESTPHALEN;RS;38;38;35;0,9211;-1,3113;1,8526;2
2016;1758;FACULDADE INDEPENDENTE DO NORDESTE;FAINOR;Faculdade ;Privada com fins lucrativos;1104883;6;ODONTOLOGIA;Educação Presencial;2933307;VITÓRIA DA CONQUISTA;BA;75;73;65;0,8904;0,1680;2,6484;3
2016;4429;FACULDADE UNIGRAN CAPITAL;UNIGRAN CAPITAL;Faculdade ;Pessoa Jurídica de Direito Privado - Sem fins lucrativos - Fundação;1104893;3501;EDUCAÇÃO FÍSICA (BACHARELADO);Educação Presencial;5002704;CAMPO GRANDE;MS;103;100;72;0,7200;0,2240;2,5720;3
2016;14321;FACULDADE MAURÍCIO DE NASSAU DE FORTALEZA;FMN Fortaleza;Faculdade ;Privada com fins lucrativos;1105029;19;FARMÁCIA;Educação Presencial;2304400;FORTALEZA;CE;183;177;109;0,6158;-0,1701;2,3395;3
2016;1303;INSTITUTO FEDERAL DE EDUCAÇÃO, CIÊNCIA E TECNOLOGIA GOIANO;IF Goiano;Instituto Federal de Educação, Ciência e Tecnologia;Pessoa Jurídica de Direito Público - Federal;1105140;17;AGRONOMIA;Educação Presencial;5213806;MORRINHOS;GO;10;10;9;0,9000;-0,0049;2,8533;3
2016;1303;INSTITUTO FEDERAL DE EDUCAÇÃO, CIÊNCIA E TECNOLOGIA GOIANO;IF Goiano;Instituto Federal de Educação, Ciência e Tecnologia;Pessoa Jurídica de Direito Público - Federal;1105298;17;AGRONOMIA;Educação Presencial;5205406;CERES;GO;53;49;45;0,9184;0,0108;2,8627;3
2016;4255;FACULDADES INTEGRADAS DE CACOAL;UNESC;Faculdade ;Privada sem fins lucrativos;1105314;28;NUTRIÇÃO;Educação Presencial;1100049;CACOAL;RO;31;31;25;0,8065;-0,5061;2,2157;3
2016;14321;FACULDADE MAURÍCIO DE NASSAU DE FORTALEZA;FMN Fortaleza;Faculdade ;Privada com fins lucrativos;1105938;55;BIOMEDICINA;Educação Presencial;2304400;FORTALEZA;CE;119;102;86;0,8431;-0,3970;2,2079;3
2016;3641;CENTRO UNIVERSITÁRIO DA FUNDAÇÃO EDUCACIONAL DE BARRETOS;UNIFEB;Centro Universitário;Privada sem fins lucrativos;1106222;3501;EDUCAÇÃO FÍSICA (BACHARELADO);Educação Presencial;3505500;BARRETOS;SP;27;15;6;0,4000;-0,0133;2,4632;3
2016;13897;FACULDADE LABORO;Laboro;Faculdade ;Privada com fins lucrativos;1106266;91;TECNOLOGIA EM GESTÃO HOSPITALAR;Educação Presencial;2111300;SÃO LUÍS;MA;35;33;18;0,5455;-0,5758;2,4270;3
2016;4358;INSTITUTO FEDERAL DE EDUCAÇÃO, CIÊNCIA E TECNOLOGIA DO SUL DE MINAS GERAIS;IF SUL DE MINAS;Instituto Federal de Educação, Ciência e Tecnologia;Pessoa Jurídica de Direito Público - Federal;1106312;17;AGRONOMIA;Educação Presencial;3144102;MUZAMBINHO;MG;38;38;35;0,9211;0,2747;3,0222;4
2016;3817;FACULDADE MAURÍCIO DE NASSAU DE JOÃO PESSOA;FMN JOÃO PESSOA;Faculdade ;Privada sem fins lucrativos;1106330;28;NUTRIÇÃO;Educação Presencial;2507507;JOÃO PESSOA;PB;206;180;140;0,7778;-0,6007;2,1731;3
2016;1055;FACULDADE MAURÍCIO DE NASSAU DE SALVADOR;FMN SALVADOR;Faculdade ;Privada sem fins lucrativos;1106431;28;NUTRIÇÃO;Educação Presencial;2927408;SALVADOR;BA;98;91;55;0,6044;-0,8551;2,0584;3
2016;2774;Centro Universitário UNIFAFIBE;FAFIBE;Centro Universitário;Privada sem fins lucrativos;1106439;28;NUTRIÇÃO;Educação Presencial;3506102;BEBEDOURO;SP;29;28;13;0,4643;-2,1163;1,4896;2
2016;533;FACULDADES INTEGRADAS DE ITAPETININGA;FII;Faculdade ;Privada sem fins lucrativos;1106642;3501;EDUCAÇÃO FÍSICA (BACHARELADO);Educação Presencial;3522307;ITAPETININGA;SP;71;64;4;0,0625;;;SC
2016;1504;FACULDADE MAURÍCIO DE NASSAU DE MACEIÓ;0;Faculdade ;Privada sem fins lucrativos;1106761;36;FISIOTERAPIA;Educação Presencial;2704302;MACEIÓ;AL;102;98;77;0,7857;-0,1719;2,4094;3
2016;14717;FACULDADE MAURÍCIO DE NASSAU DE CARUARU;FMN Caruaru;Faculdade ;Privada com fins lucrativos;1106849;38;SERVIÇO SOCIAL;Educação Presencial;2604106;CARUARU;PE;164;108;78;0,7222;-0,0103;2,6393;3
2016;4786;INSTITUTO FEDERAL DE EDUCAÇÃO, CIÊNCIA E TECNOLOGIA DO TOCANTINS;IFTO;Instituto Federal de Educação, Ciência e Tecnologia;Pessoa Jurídica de Direito Público - Federal;1106857;17;AGRONOMIA;Educação Presencial;1702208;ARAGUATINS;TO;44;42;37;0,8810;-0,2653;2,6960;3
2016;416;FACULDADE DE SÃO PAULO;FASP;Faculdade ;Pessoa Jurídica de Direito Privado - Sem fins lucrativos - Fundação;1106896;38;SERVIÇO SOCIAL;Educação Presencial;3550308;SÃO PAULO;SP;398;299;51;0,1706;;;SC
2016;206;CENTRO UNIVERSITÁRIO ÍTALO-BRASILEIRO;UNIÍTALO;Centro Universitário;Privada sem fins lucrativos;1106930;3501;EDUCAÇÃO FÍSICA (BACHARELADO);Educação Presencial;3550308;SÃO PAULO;SP;313;232;71;0,3060;-0,6844;2,1554;3
2016;2149;FACULDADE MATO GROSSO DO SUL ;FACSUL;Faculdade ;Privada sem fins lucrativos;1107133;23;ENFERMAGEM;Educação Presencial;5002704;CAMPO GRANDE;MS;48;42;28;0,6667;-1,1306;1,9714;3
2016;17;UNIVERSIDADE FEDERAL DE UBERLÂNDIA;UFU;Universidade;Pessoa Jurídica de Direito Público - Federal;1107143;51;ZOOTECNIA;Educação Presencial;3170206;UBERLÂNDIA;MG;58;56;53;0,9464;0,5669;3,0404;4
2016;582;UNIVERSIDADE FEDERAL DE SANTA MARIA;UFSM;Universidade;Pessoa Jurídica de Direito Público - Federal;1107233;38;SERVIÇO SOCIAL;Educação Presencial;4316907;SANTA MARIA;RS;39;39;32;0,8205;0,2718;2,7709;3
2016;150;UNIVERSIDADE DE SOROCABA;UNISO;Universidade;Privada sem fins lucrativos;1107276;23;ENFERMAGEM;Educação Presencial;3552205;SOROCABA;SP;13;12;9;0,7500;-1,1647;1,9554;3
2016;150;UNIVERSIDADE DE SOROCABA;UNISO;Universidade;Privada sem fins lucrativos;1107279;36;FISIOTERAPIA;Educação Presencial;3552205;SOROCABA;SP;29;29;24;0,8276;0,0504;2,5086;3
2016;3853;FACULDADE MAURÍCIO DE NASSAU DE NATAL;FMN NATAL;Faculdade ;Privada com fins lucrativos;1107293;36;FISIOTERAPIA;Educação Presencial;2408102;NATAL;RN;149;144;92;0,6389;-0,1335;2,4265;3
2016;3515;FACULDADES INTEGRADAS DA VITÓRIA DE SANTO ANTÃO;FAINTVISA;Faculdade ;Privada com fins lucrativos;1107660;23;ENFERMAGEM;Educação Presencial;2616407;VITÓRIA DE SANTO ANTÃO;PE;99;96;60;0,6250;-0,5968;2,2227;3
2016;1978;FACULDADE METROPOLITANA DA GRANDE FORTALEZA;FAMETRO;Faculdade ;Privada com fins lucrativos;1107685;38;SERVIÇO SOCIAL;Educação Presencial;2304400;FORTALEZA;CE;124;103;71;0,6893;0,0586;2,6714;3
2016;1571;FACULDADE UNIME DE CIÊNCIAS SOCIAIS;FCS;Faculdade ;Privada com fins lucrativos;1107741;38;SERVIÇO SOCIAL;Educação Presencial;2919207;LAURO DE FREITAS;BA;46;38;21;0,5526;-0,2681;2,5190;3
2016;3853;FACULDADE MAURÍCIO DE NASSAU DE NATAL;FMN NATAL;Faculdade ;Privada com fins lucrativos;1107792;23;ENFERMAGEM;Educação Presencial;2408102;NATAL;RN;263;209;111;0,5311;-0,0827;2,4647;3
2016;298;UNIVERSIDADE NORTE DO PARANÁ;UNOPAR;Universidade;Privada com fins lucrativos;1107815;55;BIOMEDICINA;Educação Presencial;4113700;LONDRINA;PR;25;25;19;0,7600;1,0708;2,9407;3
2016;14715;FACULDADE PIAGET;FACPIAGET;Faculdade ;Pessoa Jurídica de Direito Privado - Sem fins lucrativos - Sociedade;1107962;28;NUTRIÇÃO;Educação Presencial;3552502;SUZANO;SP;9;9;1;0,1111;;;SC
2016;2903;FACULDADE CONCÓRDIA;FACC;Faculdade ;Privada com fins lucrativos;1108036;17;AGRONOMIA;Educação Presencial;4204301;CONCÓRDIA;SC;28;28;26;0,9286;0,8318;3,3587;4
2016;472;UNIVERSIDADE DO GRANDE RIO PROFESSOR JOSÉ DE SOUZA HERDY;UNIGRANRIO;Universidade;Privada sem fins lucrativos;1108061;38;SERVIÇO SOCIAL;Educação Presencial;3302502;MAGÉ;RJ;33;33;16;0,4848;0,3892;2,8257;3
2016;3;UNIVERSIDADE FEDERAL DE SERGIPE;UFS;Universidade;Pessoa Jurídica de Direito Público - Federal;1108067;5;MEDICINA VETERINÁRIA;Educação Presencial;2806701;SÃO CRISTÓVÃO;SE;41;41;30;0,7317;0,1991;2,7466;3
2016;1055;FACULDADE MAURÍCIO DE NASSAU DE SALVADOR;FMN SALVADOR;Faculdade ;Privada sem fins lucrativos;1108075;23;ENFERMAGEM;Educação Presencial;2927408;SALVADOR;BA;92;89;52;0,5843;0,2010;2,5982;3
2016;595;UNIVERSIDADE FEDERAL DE ALFENAS;UNIFAL-MG;Universidade;Pessoa Jurídica de Direito Público - Federal;1108076;55;BIOMEDICINA;Educação Presencial;3101607;ALFENAS;MG;33;31;31;1,0000;-0,0011;2,4056;3
2016;349;CENTRO UNIVERSITÁRIO DE BELO HORIZONTE;UNI-BH;Centro Universitário;Privada com fins lucrativos;1108108;55;BIOMEDICINA;Educação Presencial;3106200;BELO HORIZONTE;MG;112;104;93;0,8942;0,0285;2,4203;3
2016;398;UNIVERSIDADE TIRADENTES;UNIT;Universidade;Privada com fins lucrativos;1108111;28;NUTRIÇÃO;Educação Presencial;2800308;ARACAJU;SE;207;202;146;0,7228;-0,2100;2,3492;3
2016;1709;FACULDADE INTEGRADA DE PERNAMBUCO;FACIPE;Faculdade ;Pessoa Jurídica de Direito Privado - Com fins lucrativos - Sociedade Civil;1108119;6;ODONTOLOGIA;Educação Presencial;2611606;RECIFE;PE;88;81;37;0,4568;-0,5482;1,8934;2
2016;1978;FACULDADE METROPOLITANA DA GRANDE FORTALEZA;FAMETRO;Faculdade ;Privada com fins lucrativos;1108145;19;FARMÁCIA;Educação Presencial;2304400;FORTALEZA;CE;42;40;32;0,8000;0,2530;2,5234;3
2016;3;UNIVERSIDADE FEDERAL DE SERGIPE;UFS;Universidade;Pessoa Jurídica de Direito Público - Federal;1108149;23;ENFERMAGEM;Educação Presencial;2803500;LAGARTO;SE;35;35;31;0,8857;1,8621;3,3801;4
2016;3;UNIVERSIDADE FEDERAL DE SERGIPE;UFS;Universidade;Pessoa Jurídica de Direito Público - Federal;1108154;19;FARMÁCIA;Educação Presencial;2803500;LAGARTO;SE;27;26;23;0,8846;-0,3921;2,2430;3
2016;3;UNIVERSIDADE FEDERAL DE SERGIPE;UFS;Universidade;Pessoa Jurídica de Direito Público - Federal;1108158;28;NUTRIÇÃO;Educação Presencial;2803500;LAGARTO;SE;23;22;22;1,0000;1,9639;3,3295;4
2016;3;UNIVERSIDADE FEDERAL DE SERGIPE;UFS;Universidade;Pessoa Jurídica de Direito Público - Federal;1108163;36;FISIOTERAPIA;Educação Presencial;2803500;LAGARTO;SE;35;33;29;0,8788;0,5531;2,7330;3
2016;3;UNIVERSIDADE FEDERAL DE SERGIPE;UFS;Universidade;Pessoa Jurídica de Direito Público - Federal;1108170;27;FONOAUDIOLOGIA;Educação Presencial;2803500;LAGARTO;SE;38;30;30;1,0000;-0,2036;2,2230;3
2016;1317;FACULDADE SUDOESTE PAULISTA;FSP;Faculdade ;Privada com fins lucrativos;1108311;5;MEDICINA VETERINÁRIA;Educação Presencial;3504503;AVARÉ;SP;24;23;14;0,6087;0,5117;2,9819;4
2016;4399;FACULDADE DE BALSAS;UNIBALSAS;Faculdade ;Privada com fins lucrativos;1108530;90;TECNOLOGIA EM AGRONEGÓCIOS;Educação Presencial;2101400;BALSAS;MA;52;49;34;0,6939;1,2664;3,0417;4
2016;150;UNIVERSIDADE DE SOROCABA;UNISO;Universidade;Privada sem fins lucrativos;1108737;95;TECNOLOGIA EM ESTÉTICA E COSMÉTICA;Educação Presencial;3552205;SOROCABA;SP;44;40;25;0,6250;-0,1176;2,4433;3
2016;825;FACULDADE PRESBITERIANA GAMMON;FAGAMMON;Faculdade ;Privada sem fins lucrativos;1108935;3501;EDUCAÇÃO FÍSICA (BACHARELADO);Educação Presencial;3138203;LAVRAS;MG;22;21;17;0,8095;0,2477;2,5829;3
2016;1478;FACULDADE ANHANGUERA DE SÃO BERNARDO;FASBC;Faculdade ;Privada com fins lucrativos;1108955;38;SERVIÇO SOCIAL;Educação Presencial;3548708;SÃO BERNARDO DO CAMPO;SP;84;65;32;0,4923;-0,1051;2,5951;3
2016;4964;FACULDADE DE CIÊNCIAS E TECNOLOGIA DO MARANHÃO;FACEMA;Faculdade ;Privada com fins lucrativos;1109037;38;SERVIÇO SOCIAL;Educação Presencial;2103000;CAXIAS;MA;92;83;77;0,9277;0,1017;2,6915;3
2016;4964;FACULDADE DE CIÊNCIAS E TECNOLOGIA DO MARANHÃO;FACEMA;Faculdade ;Privada com fins lucrativos;1109042;28;NUTRIÇÃO;Educação Presencial;2103000;CAXIAS;MA;73;66;59;0,8939;-0,7659;2,0985;3
2016;1709;FACULDADE INTEGRADA DE PERNAMBUCO;FACIPE;Faculdade ;Pessoa Jurídica de Direito Privado - Com fins lucrativos - Sociedade Civil;1109055;55;BIOMEDICINA;Educação Presencial;2611606;RECIFE;PE;17;16;13;0,8125;-1,1890;1,8125;2
2016;17;UNIVERSIDADE FEDERAL DE UBERLÂNDIA;UFU;Universidade;Pessoa Jurídica de Direito Público - Federal;1109223;38;SERVIÇO SOCIAL;Educação Presencial;3134202;ITUIUTABA;MG;43;40;40;1,0000;-0,2688;2,5187;3
2016;14901;FACULDADE INTEGRADA CARAJÁS;FIC;Faculdade ;Pessoa Jurídica de Direito Privado - Com fins lucrativos - Sociedade Mercantil ou Comercial;1109229;23;ENFERMAGEM;Educação Presencial;1506138;REDENÇÃO;PA;79;75;36;0,4800;-0,9181;2,0714;3
2016;570;UNIVERSIDADE FEDERAL DO RIO GRANDE DO NORTE;UFRN;Universidade;Pessoa Jurídica de Direito Público - Federal;1109331;91;TECNOLOGIA EM GESTÃO HOSPITALAR;Educação Presencial;2408102;NATAL;RN;27;22;17;0,7727;3,0573;3,3494;4
2016;1711;FACULDADE DE PRESIDENTE PRUDENTE;FAPEPE;Faculdade ;Pessoa Jurídica de Direito Privado - Sem fins lucrativos - Fundação;1109419;23;ENFERMAGEM;Educação Presencial;3541406;PRESIDENTE PRUDENTE;SP;96;89;24;0,2697;-0,9000;2,0799;3
2016;1302;FACULDADE BATISTA BRASILEIRA;FBB;Faculdade ;Privada sem fins lucrativos;1109518;38;SERVIÇO SOCIAL;Educação Presencial;2927408;SALVADOR;BA;75;63;30;0,4762;-2,1084;1,6603;2
2016;1452;FACULDADE PITÁGORAS DO MARANHÃO;0;Faculdade ;Privada com fins lucrativos;1109522;38;SERVIÇO SOCIAL;Educação Presencial;2111300;SÃO LUÍS;MA;30;29;22;0,7586;0,5607;2,9057;3
2016;1058;Estácio FIB - Centro Universitário Estácio da Bahia;Estácio FIB;Centro Universitário;Privada com fins lucrativos;1109528;69;TECNOLOGIA EM RADIOLOGIA;Educação Presencial;2927408;SALVADOR;BA;39;36;25;0,6944;-1,1943;2,0648;3
2016;14901;FACULDADE INTEGRADA CARAJÁS;FIC;Faculdade ;Pessoa Jurídica de Direito Privado - Com fins lucrativos - Sociedade Mercantil ou Comercial;1109847;19;FARMÁCIA;Educação Presencial;1506138;REDENÇÃO;PA;57;57;22;0,3860;-0,4876;2,2015;3
2016;1308;FACULDADE NOVO MILÊNIO;FNM;Faculdade ;Pessoa Jurídica de Direito Privado - Com fins lucrativos - Sociedade Mercantil ou Comercial;1109890;95;TECNOLOGIA EM ESTÉTICA E COSMÉTICA;Educação Presencial;3205200;VILA VELHA;ES;26;25;12;0,4800;-0,4591;2,2340;3
2016;1113;CENTRO UNIVERSITÁRIO EURO-AMERICANO;UNIEURO;Centro Universitário;Privada sem fins lucrativos;1110563;6;ODONTOLOGIA;Educação Presencial;5300108;BRASÍLIA;DF;43;39;19;0,4872;-0,4275;2,0206;3
2016;3042;CHRISTUS FACULDADE DO PIAUÍ;CHRISFAPI;Faculdade ;Privada com fins lucrativos;1110588;38;SERVIÇO SOCIAL;Educação Presencial;2208403;PIRIPIRI;PI;43;43;38;0,8837;0,1877;2,7317;3
2016;3194;FACULDADE DE MINAS BH;FAMINAS-BH;Faculdade ;Privada com fins lucrativos;1110869;19;FARMÁCIA;Educação Presencial;3106200;BELO HORIZONTE;MG;44;41;26;0,6341;0,6699;2,7047;3
2016;578;UNIVERSIDADE FEDERAL DA BAHIA;UFBA;Universidade;Pessoa Jurídica de Direito Público - Federal;1110894;36;FISIOTERAPIA;Educação Presencial;2927408;SALVADOR;BA;41;41;40;0,9756;0,1461;2,5513;3
2016;584;UNIVERSIDADE FEDERAL DE GOIÁS;UFG;Universidade;Pessoa Jurídica de Direito Público - Federal;1111225;51;ZOOTECNIA;Educação Presencial;5208707;GOIÂNIA;GO;32;30;24;0,8000;1,1231;3,2709;4
2016;584;UNIVERSIDADE FEDERAL DE GOIÁS;UFG;Universidade;Pessoa Jurídica de Direito Público - Federal;1111227;36;FISIOTERAPIA;Educação Presencial;5211909;JATAÍ;GO;28;28;23;0,8214;-0,6498;2,1960;3
2016;3042;CHRISTUS FACULDADE DO PIAUÍ;CHRISFAPI;Faculdade ;Privada com fins lucrativos;1111341;36;FISIOTERAPIA;Educação Presencial;2208403;PIRIPIRI;PI;20;20;17;0,8500;0,0950;2,5285;3
2016;1185;CENTRO UNIVERSITÁRIO JORGE AMADO;UNIJORGE;Centro Universitário;Privada com fins lucrativos;1111526;3501;EDUCAÇÃO FÍSICA (BACHARELADO);Educação Presencial;2927408;SALVADOR;BA;51;48;28;0,5833;-0,9724;2,0234;3
2016;694;UNIVERSIDADE FEDERAL DE MATO GROSSO DO SUL;UFMS;Universidade;Pessoa Jurídica de Direito Público - Federal;1111636;23;ENFERMAGEM;Educação Presencial;5003306;COXIM;MS;12;12;12;1,0000;0,0021;2,5046;3
2016;437;UNIVERSIDADE PARANAENSE;UNIPAR;Universidade;Privada sem fins lucrativos;1111889;92;TECNOLOGIA EM GESTÃO AMBIENTAL;Educação Presencial;4108809;GUAÍRA;PR;23;23;19;0,8261;-2,9860;1,4260;2
2016;437;UNIVERSIDADE PARANAENSE;UNIPAR;Universidade;Privada sem fins lucrativos;1111945;19;FARMÁCIA;Educação Presencial;4108403;FRANCISCO BELTRÃO;PR;16;16;12;0,7500;1,0846;2,8849;3
2016;437;UNIVERSIDADE PARANAENSE;UNIPAR;Universidade;Privada sem fins lucrativos;1111995;95;TECNOLOGIA EM ESTÉTICA E COSMÉTICA;Educação Presencial;4105508;CIANORTE;PR;30;30;24;0,8000;0,6688;2,9252;3
2016;437;UNIVERSIDADE PARANAENSE;UNIPAR;Universidade;Privada sem fins lucrativos;1111996;3501;EDUCAÇÃO FÍSICA (BACHARELADO);Educação Presencial;4105508;CIANORTE;PR;31;31;20;0,6452;1,0070;2,9311;3
2016;437;UNIVERSIDADE PARANAENSE;UNIPAR;Universidade;Privada sem fins lucrativos;1111997;3501;EDUCAÇÃO FÍSICA (BACHARELADO);Educação Presencial;4127700;TOLEDO;PR;37;27;17;0,6296;-1,1355;1,9486;3
2016;437;UNIVERSIDADE PARANAENSE;UNIPAR;Universidade;Privada sem fins lucrativos;1112097;17;AGRONOMIA;Educação Presencial;4128104;UMUARAMA;PR;49;49;33;0,6735;-0,6063;2,4900;3
2016;3268;FACULDADE MADRE THAIS;FMT;Faculdade ;Privada com fins lucrativos;1112244;55;BIOMEDICINA;Educação Presencial;2913606;ILHÉUS;BA;51;49;43;0,8776;-1,1508;1,8315;2
2016;532;UNIVERSIDADE REGIONAL DO NOROESTE DO ESTADO DO RIO GRANDE DO SUL;UNIJUI;Universidade;Privada sem fins lucrativos;1112301;95;TECNOLOGIA EM ESTÉTICA E COSMÉTICA;Educação Presencial;4310207;IJUÍ;RS;39;39;31;0,7949;0,1124;2,5842;3
2016;1230;CENTRO REGIONAL UNIVERSITÁRIO DE ESPÍRITO SANTO DO PINHAL;UNIPINHAL;Centro Universitário;Privada sem fins lucrativos;1112644;55;BIOMEDICINA;Educação Presencial;3515186;ESPÍRITO SANTO DO PINHAL;SP;22;18;15;0,8333;-1,1690;1,8225;2
2016;830;UNIVERSIDADE FEDERAL DO AMAPÁ;UNIFAP;Universidade;Pessoa Jurídica de Direito Público - Federal;1112645;19;FARMÁCIA;Educação Presencial;1600303;MACAPÁ;AP;35;33;32;0,9697;-0,3633;2,2555;3
2016;8;UNIVERSIDADE FEDERAL DE VIÇOSA;UFV;Universidade;Pessoa Jurídica de Direito Público - Federal;1112821;28;NUTRIÇÃO;Educação Presencial;3155504;RIO PARANAÍBA;MG;17;15;15;1,0000;0,6404;2,7327;3
2016;573;UNIVERSIDADE FEDERAL DO ESPÍRITO SANTO;UFES;Universidade;Pessoa Jurídica de Direito Público - Federal;1112869;3501;EDUCAÇÃO FÍSICA (BACHARELADO);Educação Presencial;3205309;VITÓRIA;ES;94;78;73;0,9359;-0,5025;2,2389;3
2016;573;UNIVERSIDADE FEDERAL DO ESPÍRITO SANTO;UFES;Universidade;Pessoa Jurídica de Direito Público - Federal;1112910;28;NUTRIÇÃO;Educação Presencial;3205309;VITÓRIA;ES;60;58;58;1,0000;-0,2172;2,3460;3
2016;573;UNIVERSIDADE FEDERAL DO ESPÍRITO SANTO;UFES;Universidade;Pessoa Jurídica de Direito Público - Federal;1112912;27;FONOAUDIOLOGIA;Educação Presencial;3205309;VITÓRIA;ES;25;24;24;1,0000;-3,1986;0,8324;1
2016;584;UNIVERSIDADE FEDERAL DE GOIÁS;UFG;Universidade;Pessoa Jurídica de Direito Público - Federal;1113009;3501;EDUCAÇÃO FÍSICA (BACHARELADO);Educação Presencial;5211909;JATAÍ;GO;14;12;5;0,4167;-3,8199;0,7176;1
2016;584;UNIVERSIDADE FEDERAL DE GOIÁS;UFG;Universidade;Pessoa Jurídica de Direito Público - Federal;1113011;3501;EDUCAÇÃO FÍSICA (BACHARELADO);Educação Presencial;5208707;GOIÂNIA;GO;51;44;41;0,9318;-1,2806;1,8820;2
2016;5215;FACULDADES INTEGRADAS PADRE ALBINO;FIPA;Faculdade ;Privada sem fins lucrativos;1113106;3501;EDUCAÇÃO FÍSICA (BACHARELADO);Educação Presencial;3511102;CATANDUVA;SP;61;54;2;0,0370;;;SC
2016;385;UNIVERSIDADE SALVADOR;UNIFACS;Universidade;Pessoa Jurídica de Direito Privado - Com fins lucrativos - Sociedade Civil;1113135;38;SERVIÇO SOCIAL;Educação a Distância;2910800;FEIRA DE SANTANA;BA;346;303;144;0,4752;-0,1402;2,5787;3
2016;8;UNIVERSIDADE FEDERAL DE VIÇOSA;UFV;Universidade;Pessoa Jurídica de Direito Público - Federal;1113139;17;AGRONOMIA;Educação Presencial;3126000;FLORESTAL;MG;28;28;28;1,0000;0,8963;3,3977;4
2016;575;UNIVERSIDADE FEDERAL DE MINAS GERAIS;UFMG;Universidade;Pessoa Jurídica de Direito Público - Federal;1113161;55;BIOMEDICINA;Educação Presencial;3106200;BELO HORIZONTE;MG;30;29;29;1,0000;0,2565;2,5342;3
2016;571;UNIVERSIDADE FEDERAL DO PARANÁ;UFPR;Universidade;Pessoa Jurídica de Direito Público - Federal;1113242;55;BIOMEDICINA;Educação Presencial;4106902;CURITIBA;PR;19;18;18;1,0000;-3,3523;0,7325;1
2016;1478;FACULDADE ANHANGUERA DE SÃO BERNARDO;FASBC;Faculdade ;Privada com fins lucrativos;1113254;23;ENFERMAGEM;Educação Presencial;3548708;SÃO BERNARDO DO CAMPO;SP;3;0;0;0,0000;;;SC
2016;14509;INSTITUTO FEDERAL DE EDUCAÇÃO, CIÊNCIA E TECNOLOGIA BAIANO;IFBAIANO;Instituto Federal de Educação, Ciência e Tecnologia;Pessoa Jurídica de Direito Público - Federal;1113375;51;ZOOTECNIA;Educação Presencial;2927903;SANTA INÊS;BA;8;8;8;1,0000;2,7228;3,9340;4
2016;13783;FACULDADES UNIDAS FEIRA DE SANTANA;UNISANTANA;Faculdade ;Privada com fins lucrativos;1113410;55;BIOMEDICINA;Educação Presencial;2910800;FEIRA DE SANTANA;BA;21;21;15;0,7143;-0,6180;2,0975;3
2016;13783;FACULDADES UNIDAS FEIRA DE SANTANA;UNISANTANA;Faculdade ;Privada com fins lucrativos;1113415;28;NUTRIÇÃO;Educação Presencial;2910800;FEIRA DE SANTANA;BA;13;13;9;0,6923;0,1226;2,4992;3
2016;569;UNIVERSIDADE FEDERAL DO PARÁ;UFPA;Universidade;Pessoa Jurídica de Direito Público - Federal;1113541;36;FISIOTERAPIA;Educação Presencial;1501402;BELÉM;PA;47;47;47;1,0000;0,6185;2,7623;3
2016;437;UNIVERSIDADE PARANAENSE;UNIPAR;Universidade;Privada sem fins lucrativos;1113662;6;ODONTOLOGIA;Educação Presencial;4108403;FRANCISCO BELTRÃO;PR;25;25;17;0,6800;1,6921;4,2553;5
2016;591;UNIVERSIDADE FEDERAL DE SÃO PAULO;UNIFESP;Universidade;Pessoa Jurídica de Direito Público - Federal;1113810;69;TECNOLOGIA EM RADIOLOGIA;Educação Presencial;3550308;SÃO PAULO;SP;2;2;2;1,0000;-8,5433;0,0000;1
2016;1224;CENTRO UNIVERSITÁRIO DE JALES;UNIJALES;Centro Universitário;Privada sem fins lucrativos;1113966;19;FARMÁCIA;Educação Presencial;3524808;JALES;SP;17;16;7;0,4375;-7,3268;0,0000;1
2016;1500;FACULDADE DE ENSINO SUPERIOR DE SÃO MIGUEL DO IGUAÇU;FAESI;Faculdade ;Privada com fins lucrativos;1113972;3501;EDUCAÇÃO FÍSICA (BACHARELADO);Educação Presencial;4125704;SÃO MIGUEL DO IGUAÇU;PR;17;15;10;0,6667;-2,2468;1,4389;2
2016;1224;CENTRO UNIVERSITÁRIO DE JALES;UNIJALES;Centro Universitário;Privada sem fins lucrativos;1113982;95;TECNOLOGIA EM ESTÉTICA E COSMÉTICA;Educação Presencial;3524808;JALES;SP;14;14;11;0,7857;-1,2648;1,7402;2
2016;14975;FACULDADE DO NORDESTE DA BAHIA;FANEB;Faculdade ;Privada com fins lucrativos;1114064;17;AGRONOMIA;Educação Presencial;2909208;CORONEL JOÃO SÁ;BA;45;40;26;0,6500;-0,7224;2,4199;3
2016;1058;Estácio FIB - Centro Universitário Estácio da Bahia;Estácio FIB;Centro Universitário;Privada com fins lucrativos;1114351;95;TECNOLOGIA EM ESTÉTICA E COSMÉTICA;Educação Presencial;2927408;SALVADOR;BA;63;57;27;0,4737;0,4020;2,7617;3
2016;2175;FACULDADE METROPOLITANA DE BLUMENAU;FAMEBLU;Faculdade ;Privada com fins lucrativos;1114619;95;TECNOLOGIA EM ESTÉTICA E COSMÉTICA;Educação Presencial;4202404;BLUMENAU;SC;28;25;9;0,3600;3,2115;4,4835;5
2016;1396;Centro Universitário Dinâmica das Cataratas;UDC;Centro Universitário;Privada com fins lucrativos;1114625;23;ENFERMAGEM;Educação Presencial;4108304;FOZ DO IGUAÇU;PR;31;30;18;0,6000;-0,1992;2,4098;3
2016;349;CENTRO UNIVERSITÁRIO DE BELO HORIZONTE;UNI-BH;Centro Universitário;Privada com fins lucrativos;1114655;95;TECNOLOGIA EM ESTÉTICA E COSMÉTICA;Educação Presencial;3106200;BELO HORIZONTE;MG;43;35;27;0,7714;0,0001;2,5154;3
2016;349;CENTRO UNIVERSITÁRIO DE BELO HORIZONTE;UNI-BH;Centro Universitário;Privada com fins lucrativos;1114679;38;SERVIÇO SOCIAL;Educação Presencial;3106200;BELO HORIZONTE;MG;37;32;24;0,7500;0,3154;2,7913;3
2016;456;CENTRO UNIVERSITÁRIO SANT´ANNA;UNISANT'ANNA;Centro Universitário;Privada sem fins lucrativos;1114721;36;FISIOTERAPIA;Educação Presencial;3550308;SÃO PAULO;SP;31;15;3;0,2000;-30,1751;0,0000;1
2016;298;UNIVERSIDADE NORTE DO PARANÁ;UNOPAR;Universidade;Privada com fins lucrativos;1114746;92;TECNOLOGIA EM GESTÃO AMBIENTAL;Educação Presencial;4113700;LONDRINA;PR;2;0;0;0,0000;;;SC
2016;2474;FACULDADE MARIA MILZA;FAMAM;Faculdade ;Privada com fins lucrativos;1114906;6;ODONTOLOGIA;Educação Presencial;2909802;CRUZ DAS ALMAS;BA;25;24;23;0,9583;-0,3354;2,1177;3
2016;349;CENTRO UNIVERSITÁRIO DE BELO HORIZONTE;UNI-BH;Centro Universitário;Privada com fins lucrativos;1115093;92;TECNOLOGIA EM GESTÃO AMBIENTAL;Educação Presencial;3106200;BELO HORIZONTE;MG;4;2;2;1,0000;-1,4206;1,9936;3
2016;23;UNIVERSIDADE FEEVALE;FEEVALE;Universidade;Privada sem fins lucrativos;1115799;92;TECNOLOGIA EM GESTÃO AMBIENTAL;Educação Presencial;4313409;NOVO HAMBURGO;RS;13;13;9;0,6923;2,4824;3,4086;4
2016;23;UNIVERSIDADE FEEVALE;FEEVALE;Universidade;Privada sem fins lucrativos;1115843;91;TECNOLOGIA EM GESTÃO HOSPITALAR;Educação Presencial;4313409;NOVO HAMBURGO;RS;1;1;0;0,0000;;;SC
2016;3756;FACULDADE DE ALMENARA;ALFA;Faculdade ;Privada com fins lucrativos;1116037;19;FARMÁCIA;Educação Presencial;3101706;ALMENARA;MG;42;37;24;0,6486;0,4915;2,6271;3
2016;1418;CENTRO UNIVERSITÁRIO TOLEDO;UNITOLEDO;Centro Universitário;Privada com fins lucrativos;1116296;28;NUTRIÇÃO;Educação Presencial;3502804;ARAÇATUBA;SP;18;17;16;0,9412;1,0090;2,8989;3
2016;2175;FACULDADE METROPOLITANA DE BLUMENAU;FAMEBLU;Faculdade ;Privada com fins lucrativos;1116404;69;TECNOLOGIA EM RADIOLOGIA;Educação Presencial;4202404;BLUMENAU;SC;28;27;11;0,4074;2,1439;3,0026;4
2016;3279;INSTITUTO FEDERAL DE EDUCAÇÃO, CIÊNCIA E TECNOLOGIA DO SUDESTE DE MINAS GERAIS;IFSEMG;Instituto Federal de Educação, Ciência e Tecnologia;Pessoa Jurídica de Direito Público - Federal;1116880;17;AGRONOMIA;Educação Presencial;3105608;BARBACENA;MG;44;43;39;0,9070;-0,2002;2,7353;3
2016;601;INSTITUTO FEDERAL DE EDUCAÇÃO, CIÊNCIA E TECNOLOGIA DO RIO GRANDE DO SUL;IFRS;Instituto Federal de Educação, Ciência e Tecnologia;Pessoa Jurídica de Direito Público - Federal;1117046;92;TECNOLOGIA EM GESTÃO AMBIENTAL;Educação Presencial;4314902;PORTO ALEGRE;RS;11;9;7;0,7778;6,6128;4,9060;5
2016;1038;FACULDADES INTEGRADAS DE TRÊS LAGOAS;AEMS;Faculdade ;Privada sem fins lucrativos;1117115;69;TECNOLOGIA EM RADIOLOGIA;Educação Presencial;5008305;TRÊS LAGOAS;MS;10;10;5;0,5000;-1,5532;1,9639;3
2016;1403;FACULDADE DE PIMENTA BUENO;FAP;Faculdade ;Privada com fins lucrativos;1117490;23;ENFERMAGEM;Educação Presencial;1100189;PIMENTA BUENO;RO;23;23;19;0,8261;0,0670;2,5351;3
2016;1808;INSTITUTO FEDERAL DE EDUCAÇÃO, CIÊNCIA E TECNOLOGIA DO ESPÍRITO SANTO;IFES;Instituto Federal de Educação, Ciência e Tecnologia;Pessoa Jurídica de Direito Público - Federal;1117583;17;AGRONOMIA;Educação Presencial;3201506;COLATINA;ES;31;31;29;0,9355;0,4238;3,1123;4
2016;5045;FACULDADE DE TECNOLOGIA PAULISTA;0;Faculdade ;Pessoa Jurídica de Direito Privado - Sem fins lucrativos - Fundação;1117638;17;AGRONOMIA;Educação Presencial;3527801;LUPÉRCIO;SP;18;14;2;0,1429;;;SC
2016;494;UNIVERSIDADE DO SUL DE SANTA CATARINA;UNISUL;Universidade;Privada sem fins lucrativos;1117645;5;MEDICINA VETERINÁRIA;Educação Presencial;4202800;BRAÇO DO NORTE;SC;30;28;12;0,4286;-0,4453;2,2615;3
2016;575;UNIVERSIDADE FEDERAL DE MINAS GERAIS;UFMG;Universidade;Pessoa Jurídica de Direito Público - Federal;1117665;69;TECNOLOGIA EM RADIOLOGIA;Educação Presencial;3106200;BELO HORIZONTE;MG;75;67;66;0,9851;0,0440;2,4127;3
2016;2564;UNIVERSIDADE FEDERAL DE CAMPINA GRANDE;UFCG;Universidade;Pessoa Jurídica de Direito Público - Federal;1117877;38;SERVIÇO SOCIAL;Educação Presencial;2516201;SOUSA;PB;27;27;27;1,0000;0,8027;3,0186;4
2016;1964;FACULDADE DE TECNOLOGIA EM HOTELARIA, GASTRONOMIA E TURISMO DE SÃO PAULO;HOTEC;Faculdade ;Privada com fins lucrativos;1117921;95;TECNOLOGIA EM ESTÉTICA E COSMÉTICA;Educação Presencial;3550308;SÃO PAULO;SP;32;28;7;0,2500;-0,3091;2,3259;3
2016;3663;FACULDADE EVANGÉLICA;FE;Faculdade ;Privada com fins lucrativos;1117945;38;SERVIÇO SOCIAL;Educação Presencial;5300108;BRASÍLIA;DF;36;32;7;0,2188;1,2573;3,2308;4
2016;2079;FACULDADE DE ITAITUBA;FAI;Faculdade ;Privada com fins lucrativos;1118074;23;ENFERMAGEM;Educação Presencial;1503606;ITAITUBA;PA;71;65;56;0,8615;-0,7652;2,1434;3
2016;518;CENTRO UNIVERSITÁRIO DO DISTRITO FEDERAL;UDF;Centro Universitário;Privada com fins lucrativos;1118088;23;ENFERMAGEM;Educação Presencial;5300108;BRASÍLIA;DF;157;148;94;0,6351;-0,2228;2,3987;3
2016;518;CENTRO UNIVERSITÁRIO DO DISTRITO FEDERAL;UDF;Centro Universitário;Privada com fins lucrativos;1118104;19;FARMÁCIA;Educação Presencial;5300108;BRASÍLIA;DF;40;36;15;0,4167;-1,0551;1,9548;3
2016;4358;INSTITUTO FEDERAL DE EDUCAÇÃO, CIÊNCIA E TECNOLOGIA DO SUL DE MINAS GERAIS;IF SUL DE MINAS;Instituto Federal de Educação, Ciência e Tecnologia;Pessoa Jurídica de Direito Público - Federal;1118111;3501;EDUCAÇÃO FÍSICA (BACHARELADO);Educação Presencial;3144102;MUZAMBINHO;MG;69;64;33;0,5156;0,1816;2,5526;3
2016;750;CENTRO UNIVERSITÁRIO UNIRG;UNIRG;Centro Universitário;Pessoa Jurídica de Direito Público - Municipal;1118130;3501;EDUCAÇÃO FÍSICA (BACHARELADO);Educação Presencial;1709500;GURUPI;TO;17;13;7;0,5385;-4,5631;0,3767;1
2016;518;CENTRO UNIVERSITÁRIO DO DISTRITO FEDERAL;UDF;Centro Universitário;Privada com fins lucrativos;1118256;3501;EDUCAÇÃO FÍSICA (BACHARELADO);Educação Presencial;5300108;BRASÍLIA;DF;20;16;7;0,4375;-2,9950;1,0958;2
2016;581;UNIVERSIDADE FEDERAL DO RIO GRANDE DO SUL;UFRGS;Universidade;Pessoa Jurídica de Direito Público - Federal;1119202;38;SERVIÇO SOCIAL;Educação Presencial;4314902;PORTO ALEGRE;RS;25;25;21;0,8400;1,9394;3,5491;4
2016;4522;CENTRO UNIVERSITÁRIO CATÓLICO SALESIANO AUXILIUM;UNISALESIANO;Centro Universitário;Privada sem fins lucrativos;1119383;38;SERVIÇO SOCIAL;Educação Presencial;3502804;ARAÇATUBA;SP;27;23;17;0,7391;0,8883;3,0586;4
2016;163;UNIVERSIDADE ESTÁCIO DE SÁ;UNESA;Universidade;Privada com fins lucrativos;1119432;28;NUTRIÇÃO;Educação Presencial;3304557;RIO DE JANEIRO;RJ;11;10;1;0,1000;;;SC
2016;1129;CENTRO UNIVERSITÁRIO DO NORTE PAULISTA;UNORP;Centro Universitário;Privada sem fins lucrativos;1120215;17;AGRONOMIA;Educação Presencial;3549805;SÃO JOSÉ DO RIO PRETO;SP;39;39;16;0,4103;-1,0199;2,2402;3
2016;15121;UNIVERSIDADE FEDERAL DA FRONTEIRA SUL;UFFS;Universidade;Pessoa Jurídica de Direito Público - Federal;1120217;17;AGRONOMIA;Educação Presencial;4204202;CHAPECÓ;SC;27;26;24;0,9231;0,5043;3,1609;4
2016;5215;FACULDADES INTEGRADAS PADRE ALBINO;FIPA;Faculdade ;Privada sem fins lucrativos;1120240;55;BIOMEDICINA;Educação Presencial;3511102;CATANDUVA;SP;42;41;32;0,7805;0,3512;2,5814;3
2016;1326;FACULDADE CAPIXABA DA SERRA;MULTIVIX SERRA;Faculdade ;Pessoa Jurídica de Direito Privado - Com fins lucrativos - Sociedade Mercantil ou Comercial;1120297;38;SERVIÇO SOCIAL;Educação Presencial;3205002;SERRA;ES;16;13;6;0,4615;0,6526;2,9486;4
2016;1807;INSTITUTO FEDERAL DE EDUCAÇÃO, CIÊNCIA E TECNOLOGIA DO CEARÁ;IFCE;Instituto Federal de Educação, Ciência e Tecnologia;Pessoa Jurídica de Direito Público - Federal;1120468;90;TECNOLOGIA EM AGRONEGÓCIOS;Educação Presencial;2311306;QUIXADÁ;CE;7;7;7;1,0000;2,6953;3,4955;4
2016;5671;CENTRO UNIVERSITÁRIO SÃO JOSÉ DE ITAPERUNA;0;Centro Universitário;Privada sem fins lucrativos;1120508;19;FARMÁCIA;Educação Presencial;3302205;ITAPERUNA;RJ;24;24;16;0,6667;-4,1050;0,6289;1
2016;2796;FACULDADE DE IPORÁ;FAI;Faculdade ;Privada com fins lucrativos;1120519;92;TECNOLOGIA EM GESTÃO AMBIENTAL;Educação Presencial;5210208;IPORÁ;GO;7;5;3;0,6000;0,0599;2,5303;3
2016;780;UNIVERSIDADE DE CUIABÁ;UNIC / PITÁGORAS;Universidade;Pessoa Jurídica de Direito Privado - Com fins lucrativos - Sociedade Civil;1120548;38;SERVIÇO SOCIAL;Educação Presencial;5103403;CUIABÁ;MT;68;59;37;0,6271;-0,4414;2,4381;3
2016;124;CENTRO UNIVERSITÁRIO DE ARARAQUARA;UNIARA;Centro Universitário;Privada sem fins lucrativos;1120561;17;AGRONOMIA;Educação Presencial;3503208;ARARAQUARA;SP;59;55;30;0,5455;-0,8283;2,3559;3
2016;665;UNIVERSIDADE DE TAUBATÉ;UNITAU;Universidade;Pessoa Jurídica de Direito Público - Municipal;1120717;3501;EDUCAÇÃO FÍSICA (BACHARELADO);Educação Presencial;3554102;TAUBATÉ;SP;121;106;43;0,4057;-1,6733;1,7019;2
2016;142;CENTRO UNIVERSITÁRIO DO TRIÂNGULO;UNITRI;Centro Universitário;Pessoa Jurídica de Direito Privado - Sem fins lucrativos - Fundação;1120772;3501;EDUCAÇÃO FÍSICA (BACHARELADO);Educação Presencial;3170206;UBERLÂNDIA;MG;39;38;8;0,2105;-1,5717;1,7485;2
2016;571;UNIVERSIDADE FEDERAL DO PARANÁ;UFPR;Universidade;Pessoa Jurídica de Direito Público - Federal;1121130;17;AGRONOMIA;Educação Presencial;4117909;PALOTINA;PR;43;41;40;0,9756;0,6158;3,2282;4
2016;14;UNIVERSIDADE DO VALE DO RIO DOS SINOS;UNISINOS;Universidade;Privada sem fins lucrativos;1121183;23;ENFERMAGEM;Educação Presencial;4314902;PORTO ALEGRE;RS;11;10;7;0,7000;5,1004;4,9044;5
2016;163;UNIVERSIDADE ESTÁCIO DE SÁ;UNESA;Universidade;Privada com fins lucrativos;1121204;92;TECNOLOGIA EM GESTÃO AMBIENTAL;Educação Presencial;3304557;RIO DE JANEIRO;RJ;28;24;16;0,6667;-1,8264;1,8464;2
2016;4962;CENTRO UNIVERSITÁRIO DE SETE LAGOAS;UNIFEMM;Centro Universitário;Privada sem fins lucrativos;1121383;3501;EDUCAÇÃO FÍSICA (BACHARELADO);Educação Presencial;3167202;SETE LAGOAS;MG;26;10;8;0,8000;3,1978;3,9357;4
2016;3164;INSTITUTO FEDERAL DE EDUCAÇÃO, CIÊNCIA E TECNOLOGIA DE MATO GROSSO;IFMT;Instituto Federal de Educação, Ciência e Tecnologia;Pessoa Jurídica de Direito Público - Federal;1121415;17;AGRONOMIA;Educação Presencial;5102678;CAMPO VERDE;MT;50;45;25;0,5556;0,9432;3,4260;4
2016;14860;FACULDADE TECNOLÓGICA DENTAL CEEO;ESD-CEEO;Faculdade ;Privada com fins lucrativos;1121420;69;TECNOLOGIA EM RADIOLOGIA;Educação Presencial;4310108;IGREJINHA;RS;9;9;7;0,7778;4,3345;3,6181;4
2016;1396;Centro Universitário Dinâmica das Cataratas;UDC;Centro Universitário;Privada com fins lucrativos;1121426;5;MEDICINA VETERINÁRIA;Educação Presencial;4108304;FOZ DO IGUAÇU;PR;38;36;23;0,6389;-0,1082;2,5152;3
2016;330;UNIVERSIDADE IGUAÇU;UNIG;Universidade;Privada sem fins lucrativos;1121953;3501;EDUCAÇÃO FÍSICA (BACHARELADO);Educação Presencial;3303500;NOVA IGUAÇU;RJ;138;127;19;0,1496;;;SC
2016;12338;FACULDADE DE TECNOLOGIA LA SALLE - ESTRELA;FACSALLE;Faculdade ;Privada sem fins lucrativos;1122119;92;TECNOLOGIA EM GESTÃO AMBIENTAL;Educação Presencial;4307807;ESTRELA;RS;3;3;3;1,0000;-13,5124;0,0000;1
2016;3368;CENTRO UNIVERSITÁRIO DO SUL DE MINAS;UNIS-MG;Centro Universitário;Pessoa Jurídica de Direito Privado - Sem fins lucrativos - Fundação;1122323;17;AGRONOMIA;Educação Presencial;3170701;VARGINHA;MG;17;16;13;0,8125;1,0387;3,4837;4
2016;32;UNIVERSIDADE ESTADUAL DE CIÊNCIAS DA SAÚDE DE ALAGOAS - UNCISAL;UNCISAL;Universidade;Pessoa Jurídica de Direito Público - Estadual;1122371;23;ENFERMAGEM;Educação Presencial;2704302;MACEIÓ;AL;47;47;40;0,8511;0,5860;2,7794;3
2016;457;UNIVERSIDADE ANHANGUERA DE SÃO PAULO - UNIAN-SP;UNIAN - SP;Universidade;Privada com fins lucrativos;1122561;23;ENFERMAGEM;Educação Presencial;3550308;SÃO PAULO;SP;2;0;0;0,0000;;;SC
2016;1427;FACULDADE DA SERRA GAÚCHA;FSG;Faculdade ;Privada com fins lucrativos;1122568;6;ODONTOLOGIA;Educação Presencial;4305108;CAXIAS DO SUL;RS;47;46;32;0,6957;0,2016;2,6839;3
2016;1813;INSTITUTO FEDERAL DE EDUCAÇÃO, CIÊNCIA E TECNOLOGIA DO PARÁ;IFPA;Instituto Federal de Educação, Ciência e Tecnologia;Pessoa Jurídica de Direito Público - Federal;1122910;17;AGRONOMIA;Educação Presencial;1502400;CASTANHAL;PA;27;27;26;0,9630;-0,2663;2,6954;3
2016;794;CENTRO UNIVERSITÁRIO DE VÁRZEA GRANDE;UNIVAG;Centro Universitário;Privada sem fins lucrativos;1122942;3501;EDUCAÇÃO FÍSICA (BACHARELADO);Educação Presencial;5108402;VÁRZEA GRANDE;MT;30;8;5;0,6250;3,6493;4,1428;5
2016;583;UNIVERSIDADE FEDERAL DO CEARÁ;UFC;Universidade;Pessoa Jurídica de Direito Público - Federal;1122966;36;FISIOTERAPIA;Educação Presencial;2304400;FORTALEZA;CE;32;32;28;0,8750;0,6516;2,7770;3
2016;621;CENTRO UNIVERSITÁRIO CESMAC;CESMAC;Centro Universitário;Privada sem fins lucrativos;1123281;3501;EDUCAÇÃO FÍSICA (BACHARELADO);Educação Presencial;2704302;MACEIÓ;AL;30;26;18;0,6923;-0,3907;2,2901;3
2016;472;UNIVERSIDADE DO GRANDE RIO PROFESSOR JOSÉ DE SOUZA HERDY;UNIGRANRIO;Universidade;Privada sem fins lucrativos;1123288;23;ENFERMAGEM;Educação Presencial;3303500;NOVA IGUAÇU;RJ;39;38;25;0,6579;-0,0019;2,5027;3
2016;472;UNIVERSIDADE DO GRANDE RIO PROFESSOR JOSÉ DE SOUZA HERDY;UNIGRANRIO;Universidade;Privada sem fins lucrativos;1123291;38;SERVIÇO SOCIAL;Educação Presencial;3303500;NOVA IGUAÇU;RJ;32;32;15;0,4688;0,7293;2,9844;4
2016;472;UNIVERSIDADE DO GRANDE RIO PROFESSOR JOSÉ DE SOUZA HERDY;UNIGRANRIO;Universidade;Privada sem fins lucrativos;1123299;69;TECNOLOGIA EM RADIOLOGIA;Educação Presencial;3303500;NOVA IGUAÇU;RJ;17;14;8;0,5714;-1,8759;1,8732;2
2016;3669;FACULDADE DOM LUIS DE ORLEANS E BRAGANÇA;FARRP;Faculdade ;Privada com fins lucrativos;1124976;38;SERVIÇO SOCIAL;Educação Presencial;2926608;RIBEIRA DO POMBAL;BA;49;38;33;0,8684;-0,6354;2,3476;3
2016;3669;FACULDADE DOM LUIS DE ORLEANS E BRAGANÇA;FARRP;Faculdade ;Privada com fins lucrativos;1124977;23;ENFERMAGEM;Educação Presencial;2926608;RIBEIRA DO POMBAL;BA;131;105;64;0,6095;-0,8545;2,1014;3
2016;1758;FACULDADE INDEPENDENTE DO NORDESTE;FAINOR;Faculdade ;Privada com fins lucrativos;1125500;95;TECNOLOGIA EM ESTÉTICA E COSMÉTICA;Educação Presencial;2933307;VITÓRIA DA CONQUISTA;BA;22;22;20;0,9091;0,0641;2,5546;3
2016;163;UNIVERSIDADE ESTÁCIO DE SÁ;UNESA;Universidade;Privada com fins lucrativos;1126004;38;SERVIÇO SOCIAL;Educação a Distância;3304557;RIO DE JANEIRO;RJ;292;261;85;0,3257;-0,1649;2,5672;3
2016;1303;INSTITUTO FEDERAL DE EDUCAÇÃO, CIÊNCIA E TECNOLOGIA GOIANO;IF Goiano;Instituto Federal de Educação, Ciência e Tecnologia;Pessoa Jurídica de Direito Público - Federal;1126665;51;ZOOTECNIA;Educação Presencial;5205406;CERES;GO;30;29;27;0,9310;-0,1795;2,7310;3
2016;585;UNIVERSIDADE FEDERAL DE SANTA CATARINA;UFSC;Universidade;Pessoa Jurídica de Direito Público - Federal;1126962;36;FISIOTERAPIA;Educação Presencial;4201406;ARARANGUÁ;SC;44;44;41;0,9318;-0,3079;2,3487;3
2016;4915;FACULDADE DE CASTANHAL;FCAT;Faculdade ;Privada com fins lucrativos;1127033;23;ENFERMAGEM;Educação Presencial;1502400;CASTANHAL;PA;76;59;35;0,5932;-0,1626;2,4271;3
2016;601;INSTITUTO FEDERAL DE EDUCAÇÃO, CIÊNCIA E TECNOLOGIA DO RIO GRANDE DO SUL;IFRS;Instituto Federal de Educação, Ciência e Tecnologia;Pessoa Jurídica de Direito Público - Federal;1127083;51;ZOOTECNIA;Educação Presencial;4320503;SERTÃO;RS;33;30;29;0,9667;1,5324;3,4406;4
2016;1820;INSTITUTO FEDERAL DE EDUCAÇÃO, CIÊNCIA E TECNOLOGIA DO PIAUÍ;IFPI;Instituto Federal de Educação, Ciência e Tecnologia;Pessoa Jurídica de Direito Público - Federal;1127227;92;TECNOLOGIA EM GESTÃO AMBIENTAL;Educação Presencial;2202901;CORRENTE;PI;58;49;49;1,0000;-0,0909;2,4756;3
2016;570;UNIVERSIDADE FEDERAL DO RIO GRANDE DO NORTE;UFRN;Universidade;Pessoa Jurídica de Direito Público - Federal;1127694;17;AGRONOMIA;Educação Presencial;2407104;MACAÍBA;RN;30;30;29;0,9667;0,0331;2,8763;3
2016;1807;INSTITUTO FEDERAL DE EDUCAÇÃO, CIÊNCIA E TECNOLOGIA DO CEARÁ;IFCE;Instituto Federal de Educação, Ciência e Tecnologia;Pessoa Jurídica de Direito Público - Federal;1127979;17;AGRONOMIA;Educação Presencial;2307601;LIMOEIRO DO NORTE;CE;30;30;25;0,8333;0,9094;3,4056;4
2016;3165;INSTITUTO FEDERAL DE EDUCAÇÃO, CIÊNCIA E TECNOLOGIA  DO TRIÂNGULO MINEIRO;IFTM;Instituto Federal de Educação, Ciência e Tecnologia;Pessoa Jurídica de Direito Público - Federal;1127989;17;AGRONOMIA;Educação Presencial;3170206;UBERLÂNDIA;MG;46;46;43;0,9348;-0,1445;2,7690;3
2016;1075;INSTITUTO DE EDUCAÇÃO SUPERIOR DA PARAÍBA;IESP;Faculdade ;Privada com fins lucrativos;1128003;3501;EDUCAÇÃO FÍSICA (BACHARELADO);Educação Presencial;2503209;CABEDELO;PB;89;35;22;0,6286;0,8092;2,8404;3
2016;4674;FACULDADE PORTO DAS ÁGUAS;FAPAG;Faculdade ;Privada com fins lucrativos;1128122;3501;EDUCAÇÃO FÍSICA (BACHARELADO);Educação Presencial;4213500;PORTO BELO;SC;10;9;1;0,1111;;;SC
2016;634;UNIVERSIDADE FEDERAL DE PELOTAS;UFPEL;Universidade;Pessoa Jurídica de Direito Público - Federal;1128262;92;TECNOLOGIA EM GESTÃO AMBIENTAL;Educação Presencial;4314506;PINHEIRO MACHADO;RS;2;1;1;1,0000;;;SC
2016;4358;INSTITUTO FEDERAL DE EDUCAÇÃO, CIÊNCIA E TECNOLOGIA DO SUL DE MINAS GERAIS;IF SUL DE MINAS;Instituto Federal de Educação, Ciência e Tecnologia;Pessoa Jurídica de Direito Público - Federal;1128323;17;AGRONOMIA;Educação Presencial;3130606;INCONFIDENTES;MG;36;35;32;0,9143;0,4385;3,1212;4
2016;694;UNIVERSIDADE FEDERAL DE MATO GROSSO DO SUL;UFMS;Universidade;Pessoa Jurídica de Direito Público - Federal;1128365;28;NUTRIÇÃO;Educação Presencial;5002704;CAMPO GRANDE;MS;21;20;18;0,9000;-0,3591;2,2820;3
2016;4522;CENTRO UNIVERSITÁRIO CATÓLICO SALESIANO AUXILIUM;UNISALESIANO;Centro Universitário;Privada sem fins lucrativos;1128542;28;NUTRIÇÃO;Educação Presencial;3502804;ARAÇATUBA;SP;29;22;18;0,8182;0,3251;2,5905;3
2016;1895;CENTRO UNIVERSITÁRIO CHRISTUS;UNICHRISTUS;Centro Universitário;Privada com fins lucrativos;1128947;69;TECNOLOGIA EM RADIOLOGIA;Educação Presencial;2304400;FORTALEZA;CE;19;19;12;0,6316;2,2387;3,0293;4
2016;1895;CENTRO UNIVERSITÁRIO CHRISTUS;UNICHRISTUS;Centro Universitário;Privada com fins lucrativos;1128948;23;ENFERMAGEM;Educação Presencial;2304400;FORTALEZA;CE;9;9;8;0,8889;5,0410;4,8764;5
2016;600;INSTITUTO FEDERAL DE EDUCAÇÃO, CIÊNCIA E TECNOLOGIA DO MARANHÃO;IFMA;Instituto Federal de Educação, Ciência e Tecnologia;Pessoa Jurídica de Direito Público - Federal;1128957;17;AGRONOMIA;Educação Presencial;2103307;CODÓ;MA;35;35;35;1,0000;0,0468;2,8845;3
2016;1805;FACULDADE DOS GUARARAPES;FG;Faculdade ;Pessoa Jurídica de Direito Privado - Com fins lucrativos - Sociedade Civil;1129000;92;TECNOLOGIA EM GESTÃO AMBIENTAL;Educação Presencial;2607901;JABOATÃO DOS GUARARAPES;PE;16;16;11;0,6875;-0,3320;2,3882;3
2016;3853;FACULDADE MAURÍCIO DE NASSAU DE NATAL;FMN NATAL;Faculdade ;Privada com fins lucrativos;1129362;3501;EDUCAÇÃO FÍSICA (BACHARELADO);Educação Presencial;2408102;NATAL;RN;144;109;58;0,5321;0,2702;2,5932;3
2016;4153;FACULDADE JOAQUIM NABUCO RECIFE;FJN;Faculdade ;Privada com fins lucrativos;1130036;38;SERVIÇO SOCIAL;Educação Presencial;2611606;RECIFE;PE;17;16;6;0,3750;1,7177;3,4456;4
2016;1350;FACULDADE DO VALE DO JAGUARIBE;FVJ;Faculdade ;Privada com fins lucrativos;1130119;36;FISIOTERAPIA;Educação Presencial;2301109;ARACATI;CE;120;117;94;0,8034;-0,2002;2,3967;3
2016;4169;FACULDADE NOSSA CIDADE;FNC;Faculdade ;Privada com fins lucrativos;1130184;23;ENFERMAGEM;Educação Presencial;3510609;CARAPICUÍBA;SP;40;39;11;0,2821;-1,6380;1,7326;2
2016;1427;FACULDADE DA SERRA GAÚCHA;FSG;Faculdade ;Privada com fins lucrativos;1130277;28;NUTRIÇÃO;Educação Presencial;4305108;CAXIAS DO SUL;RS;60;56;39;0,6964;-2,0962;1,4987;2
2016;1716;FACULDADE UNIÃO DAS AMÉRICAS;0;Faculdade ;Pessoa Jurídica de Direito Privado - Sem fins lucrativos - Fundação;1130455;69;TECNOLOGIA EM RADIOLOGIA;Educação Presencial;4108304;FOZ DO IGUAÇU;PR;34;30;17;0,5667;-1,2008;2,0629;3
2016;216;CENTRO UNIVERSITÁRIO METODISTA IZABELA HENDRIX;CEUNIH;Centro Universitário;Privada sem fins lucrativos;1131357;23;ENFERMAGEM;Educação Presencial;3106200;BELO HORIZONTE;MG;9;3;2;0,6667;-11,1602;0,0000;1
2016;383;UNIVERSIDADE DA AMAZÔNIA;UNAMA;Universidade;Privada com fins lucrativos;1131681;69;TECNOLOGIA EM RADIOLOGIA;Educação Presencial;1501402;BELÉM;PA;43;20;10;0,5000;-0,8357;2,1655;3
2016;1504;FACULDADE MAURÍCIO DE NASSAU DE MACEIÓ;0;Faculdade ;Privada sem fins lucrativos;1132417;69;TECNOLOGIA EM RADIOLOGIA;Educação Presencial;2704302;MACEIÓ;AL;29;29;23;0,7931;-1,7609;1,9056;2
2016;5670;FACULDADES UNIDAS DO VALE DO ARAGUAIA;UNIVAR;Faculdade ;Privada sem fins lucrativos;1132433;5;MEDICINA VETERINÁRIA;Educação Presencial;5101803;BARRA DO GARÇAS;MT;23;23;21;0,9130;-0,1227;2,5044;3
2016;1695;FACULDADE DE EDUCAÇÃO DE BOM DESPACHO;FACEB;Faculdade ;Pessoa Jurídica de Direito Privado - Sem fins lucrativos - Fundação;1132698;3501;EDUCAÇÃO FÍSICA (BACHARELADO);Educação Presencial;3107406;BOM DESPACHO;MG;41;36;13;0,3611;0,3049;2,6091;3
2016;3099;FACULDADE INTERNACIONAL DA PARAÍBA;FPB;Faculdade ;Privada com fins lucrativos;1132808;38;SERVIÇO SOCIAL;Educação Presencial;2507507;JOÃO PESSOA;PB;117;108;71;0,6574;-0,0805;2,6065;3
2016;3879;FACULDADE MAURÍCIO DE NASSAU DE CAMPINA GRANDE;FMN CG;Faculdade ;Privada com fins lucrativos;1133072;69;TECNOLOGIA EM RADIOLOGIA;Educação Presencial;2504009;CAMPINA GRANDE;PB;39;37;27;0,7297;-0,2656;2,3257;3
2016;2564;UNIVERSIDADE FEDERAL DE CAMPINA GRANDE;UFCG;Universidade;Pessoa Jurídica de Direito Público - Federal;1134328;23;ENFERMAGEM;Educação Presencial;2504009;CAMPINA GRANDE;PB;20;20;20;1,0000;0,5449;2,7601;3
2016;5670;FACULDADES UNIDAS DO VALE DO ARAGUAIA;UNIVAR;Faculdade ;Privada sem fins lucrativos;1134353;17;AGRONOMIA;Educação Presencial;5101803;BARRA DO GARÇAS;MT;13;12;11;0,9167;-0,4102;2,6084;3
2016;2593;FACULDADE DE JUAZEIRO DO NORTE;FJN;Faculdade ;Privada com fins lucrativos;1134368;28;NUTRIÇÃO;Educação Presencial;2307304;JUAZEIRO DO NORTE;CE;106;100;82;0,8200;-0,0845;2,4058;3
2016;1490;FACULDADE DE JAGUARIÚNA;FAJ;Faculdade ;Pessoa Jurídica de Direito Privado - Com fins lucrativos - Sociedade Mercantil ou Comercial;1134455;19;FARMÁCIA;Educação Presencial;3524709;JAGUARIÚNA;SP;27;27;20;0,7407;2,5461;3,5203;4
2016;384;CENTRO UNIVERSITÁRIO DE ANÁPOLIS;UNIEVANGÉLICA;Centro Universitário;Privada sem fins lucrativos;1134875;17;AGRONOMIA;Educação Presencial;5201108;ANÁPOLIS;GO;60;59;40;0,6780;-0,9031;2,3107;3
2016;2827;FACULDADE EVANGÉLICA DO PIAUI;FAEPI;Faculdade ;Privada sem fins lucrativos;1135011;38;SERVIÇO SOCIAL;Educação Presencial;2211001;TERESINA;PI;85;70;52;0,7429;-0,1447;2,5766;3
2016;1898;FACULDADE DO LITORAL SUL PAULISTA;FALS;Faculdade ;Privada com fins lucrativos;1135040;23;ENFERMAGEM;Educação Presencial;3541000;PRAIA GRANDE;SP;80;76;34;0,4474;0,4469;2,7140;3
2016;2494;FUNVIC - FACULDADE DE PINDAMONHANGABA;0;Faculdade ;Pessoa Jurídica de Direito Privado - Sem fins lucrativos - Fundação;1135106;3501;EDUCAÇÃO FÍSICA (BACHARELADO);Educação Presencial;3538006;PINDAMONHANGABA;SP;36;36;11;0,3056;1,5700;3,1892;4
2016;2123;FACULDADE MAX PLANCK;FMP;Faculdade ;Pessoa Jurídica de Direito Privado - Com fins lucrativos - Sociedade Mercantil ou Comercial;1135212;19;FARMÁCIA;Educação Presencial;3520509;INDAIATUBA;SP;30;30;6;0,2000;0,8260;2,7725;3
2016;454;FACULDADE CAMAQÜENSE DE CIÊNCIAS CONTÁBEIS E ADMINISTRATIVAS;FACCCA;Faculdade ;Privada sem fins lucrativos;1135235;3501;EDUCAÇÃO FÍSICA (BACHARELADO);Educação Presencial;4303509;CAMAQUÃ;RS;4;4;4;1,0000;2,0434;3,4064;4
2016;1513;INSTITUTO DE CIÊNCIAS JURÍDICAS E SOCIAIS PROFESSOR CAMILLO FILHO;ICF;Faculdade ;Privada com fins lucrativos;1135271;23;ENFERMAGEM;Educação Presencial;2211001;TERESINA;PI;17;15;14;0,9333;1,2450;3,0896;4
2016;5285;FACULDADES INTEGRADAS DE TAQUARA;FACCAT;Faculdade ;Privada sem fins lucrativos;1135938;23;ENFERMAGEM;Educação Presencial;4321204;TAQUARA;RS;24;24;5;0,2083;1,0030;2,9757;4
2016;4169;FACULDADE NOSSA CIDADE;FNC;Faculdade ;Privada com fins lucrativos;1136479;19;FARMÁCIA;Educação Presencial;3510609;CARAPICUÍBA;SP;33;32;17;0,5313;-0,8651;2,0374;3
2016;4169;FACULDADE NOSSA CIDADE;FNC;Faculdade ;Privada com fins lucrativos;1136482;69;TECNOLOGIA EM RADIOLOGIA;Educação Presencial;3510609;CARAPICUÍBA;SP;50;47;15;0,3191;1,2957;2,7643;3
2016;2098;FACULDADE KURIOS;FAK;Faculdade ;Privada sem fins lucrativos;1136729;38;SERVIÇO SOCIAL;Educação Presencial;2307700;MARANGUAPE;CE;102;75;23;0,3067;-3,4607;1,0292;2
2016;828;FACULDADE DE SÃO LOURENÇO;FASAMA;Faculdade ;Privada com fins lucrativos;1137437;55;BIOMEDICINA;Educação Presencial;3163706;SÃO LOURENÇO;MG;35;33;26;0,7879;-0,9268;1,9434;2
2016;17;UNIVERSIDADE FEDERAL DE UBERLÂNDIA;UFU;Universidade;Pessoa Jurídica de Direito Público - Federal;1137715;17;AGRONOMIA;Educação Presencial;3143104;MONTE CARMELO;MG;45;44;43;0,9773;0,0728;2,9002;3
2016;2;UNIVERSIDADE DE BRASÍLIA;UNB;Universidade;Pessoa Jurídica de Direito Público - Federal;1138344;38;SERVIÇO SOCIAL;Educação Presencial;5300108;BRASÍLIA;DF;62;48;35;0,7292;-1,4282;1,9777;3
2016;11563;FACULDADE DE TECNOLOGIA DA SERRA GAÚCHA - CAXIAS DO SUL;FTSG;Faculdade ;Privada com fins lucrativos;1138859;92;TECNOLOGIA EM GESTÃO AMBIENTAL;Educação Presencial;4305108;CAXIAS DO SUL;RS;4;4;2;0,5000;-1,4514;1,9824;3
2016;2950;Faculdade de Desenvolvimento do Rio Grande do Sul;FADERGS;Faculdade ;Privada com fins lucrativos;1138920;23;ENFERMAGEM;Educação Presencial;4314902;PORTO ALEGRE;RS;41;40;21;0,5250;1,2783;3,1053;4
2016;4785;INSTITUTO FEDERAL DE EDUCAÇÃO CIÊNCIA E TECNOLOGIA DE RONDÔNIA;IFRO;Instituto Federal de Educação, Ciência e Tecnologia;Pessoa Jurídica de Direito Público - Federal;1138922;17;AGRONOMIA;Educação Presencial;1100064;COLORADO DO OESTE;RO;25;23;21;0,9130;1,7847;3,9344;4
2016;829;UNIVERSIDADE DO TOCANTINS;UNITINS;Universidade;Pessoa Jurídica de Direito Público - Estadual;1139597;38;SERVIÇO SOCIAL;Educação Presencial;1721000;PALMAS;TO;28;26;13;0,5000;0,2536;2,7624;3
2016;1547;FACULDADE DE MEDICINA ESTÁCIO DE JUAZEIRO DO NORTE;ESTÁCIO FMJ;Faculdade ;Privada com fins lucrativos;1139654;19;FARMÁCIA;Educação Presencial;2307304;JUAZEIRO DO NORTE;CE;29;29;23;0,7931;1,6657;3,1376;4
2016;1129;CENTRO UNIVERSITÁRIO DO NORTE PAULISTA;UNORP;Centro Universitário;Privada sem fins lucrativos;1139841;5;MEDICINA VETERINÁRIA;Educação Presencial;3549805;SÃO JOSÉ DO RIO PRETO;SP;11;10;9;0,9000;-0,4270;2,2753;3
2016;2;UNIVERSIDADE DE BRASÍLIA;UNB;Universidade;Pessoa Jurídica de Direito Público - Federal;1140088;19;FARMÁCIA;Educação Presencial;5300108;BRASÍLIA;DF;29;26;20;0,7692;-0,4153;2,2329;3
2016;1185;CENTRO UNIVERSITÁRIO JORGE AMADO;UNIJORGE;Centro Universitário;Privada com fins lucrativos;1140245;38;SERVIÇO SOCIAL;Educação Presencial;2927408;SALVADOR;BA;142;121;73;0,6033;0,0429;2,6641;3
2016;1988;FACULDADE AVANTIS;AVANTIS;Faculdade ;Pessoa Jurídica de Direito Privado - Com fins lucrativos - Sociedade Civil;1140282;3501;EDUCAÇÃO FÍSICA (BACHARELADO);Educação Presencial;4202008;BALNEÁRIO CAMBORIÚ;SC;43;38;6;0,1579;;;SC
2016;83;UNIVERSIDADE DO VALE DO ITAJAÍ;UNIVALI;Universidade;Pessoa Jurídica de Direito Privado - Sem fins lucrativos - Fundação;1140817;55;BIOMEDICINA;Educação Presencial;4208203;ITAJAÍ;SC;33;32;29;0,9063;1,3136;3,0619;4
2016;1672;INSTITUTO ESPERANÇA DE ENSINO SUPERIOR;IESPES;Faculdade ;Privada sem fins lucrativos;1141580;69;TECNOLOGIA EM RADIOLOGIA;Educação Presencial;1506807;SANTARÉM;PA;65;63;56;0,8889;0,2461;2,4695;3
2016;47;UNIVERSIDADE ESTADUAL DE GOIÁS;UEG;Universidade;Pessoa Jurídica de Direito Público - Estadual;1141691;23;ENFERMAGEM;Educação Presencial;5211503;ITUMBIARA;GO;20;20;8;0,4000;0,0612;2,5324;3
2016;2222;FACULDADE SETE DE SETEMBRO;FASETE;Faculdade ;Privada com fins lucrativos;1141771;23;ENFERMAGEM;Educação Presencial;2924009;PAULO AFONSO;BA;101;99;72;0,7273;-0,0360;2,4867;3
2016;3304;FACULDADES INTEGRADAS DE PATOS;FIP;Faculdade ;Privada com fins lucrativos;1141914;28;NUTRIÇÃO;Educação Presencial;2510808;PATOS;PB;49;48;44;0,9167;-0,7283;2,1155;3
2016;47;UNIVERSIDADE ESTADUAL DE GOIÁS;UEG;Universidade;Pessoa Jurídica de Direito Público - Estadual;1141969;19;FARMÁCIA;Educação Presencial;5211503;ITUMBIARA;GO;39;37;28;0,7568;-0,1083;2,3664;3
2016;384;CENTRO UNIVERSITÁRIO DE ANÁPOLIS;UNIEVANGÉLICA;Centro Universitário;Privada sem fins lucrativos;1142057;95;TECNOLOGIA EM ESTÉTICA E COSMÉTICA;Educação Presencial;5201108;ANÁPOLIS;GO;48;39;33;0,8462;-0,7562;2,0519;3
2016;163;UNIVERSIDADE ESTÁCIO DE SÁ;UNESA;Universidade;Privada com fins lucrativos;1142086;3501;EDUCAÇÃO FÍSICA (BACHARELADO);Educação Presencial;3303906;PETRÓPOLIS;RJ;43;40;19;0,4750;0,9819;2,9196;3
2016;2040;FACULDADE DO FUTURO;FAF;Faculdade ;Privada com fins lucrativos;1142201;3501;EDUCAÇÃO FÍSICA (BACHARELADO);Educação Presencial;3139409;MANHUAÇU;MG;27;27;6;0,2222;4,0453;4,3244;5
2016;4163;CENTRO UNIVERSITÁRIO BARRIGA VERDE;UNIBAVE;Centro Universitário;Pessoa Jurídica de Direito Privado - Sem fins lucrativos - Fundação;1143241;5;MEDICINA VETERINÁRIA;Educação Presencial;4211702;ORLEANS;SC;49;48;23;0,4792;0,7509;3,1620;4
2016;4169;FACULDADE NOSSA CIDADE;FNC;Faculdade ;Privada com fins lucrativos;1143410;92;TECNOLOGIA EM GESTÃO AMBIENTAL;Educação Presencial;3510609;CARAPICUÍBA;SP;24;23;11;0,4783;-1,1933;2,0759;3
2016;1042;UNIVERSIDADE POSITIVO;UP;Universidade;Privada com fins lucrativos;1144479;55;BIOMEDICINA;Educação Presencial;4106902;CURITIBA;PR;55;52;46;0,8846;-0,1138;2,3493;3
2016;146;CENTRO UNIVERSITÁRIO DE RIO PRETO;UNIRP;Centro Universitário;Privada com fins lucrativos;1144788;17;AGRONOMIA;Educação Presencial;3549805;SÃO JOSÉ DO RIO PRETO;SP;61;60;35;0,5833;0,2896;3,0312;4
2016;298;UNIVERSIDADE NORTE DO PARANÁ;UNOPAR;Universidade;Privada com fins lucrativos;1144887;17;AGRONOMIA;Educação Presencial;4113700;LONDRINA;PR;78;77;49;0,6364;0,2673;3,0178;4
2016;3189;INSTITUTO FEDERAL DE EDUCAÇÃO, CIÊNCIA E TECNOLOGIA DE MINAS GERAIS;IFMG;Instituto Federal de Educação, Ciência e Tecnologia;Pessoa Jurídica de Direito Público - Federal;1144914;17;AGRONOMIA;Educação Presencial;3162807;SÃO JOÃO EVANGELISTA;MG;29;28;25;0,8929;0,8592;3,3753;4
2016;2814;FACULDADE SÃO SEBASTIÃO;0;Faculdade ;Privada com fins lucrativos;1145562;92;TECNOLOGIA EM GESTÃO AMBIENTAL;Educação Presencial;3550704;SÃO SEBASTIÃO;SP;9;7;4;0,5714;3,4310;3,7525;4
2016;146;CENTRO UNIVERSITÁRIO DE RIO PRETO;UNIRP;Centro Universitário;Privada com fins lucrativos;1145646;55;BIOMEDICINA;Educação Presencial;3549805;SÃO JOSÉ DO RIO PRETO;SP;38;33;19;0,5758;-1,3639;1,7252;2
2016;626;FACULDADE CENECISTA DE OSÓRIO;FACOS;Faculdade ;Privada sem fins lucrativos;1146575;3501;EDUCAÇÃO FÍSICA (BACHARELADO);Educação Presencial;4313508;OSÓRIO;RS;36;34;10;0,2941;1,1883;3,0142;4
2016;626;FACULDADE CENECISTA DE OSÓRIO;FACOS;Faculdade ;Privada sem fins lucrativos;1146576;23;ENFERMAGEM;Educação Presencial;4313508;OSÓRIO;RS;37;37;24;0,6486;0,1686;2,5830;3
2016;688;UNIVERSIDADE ESTADUAL DO SUDOESTE DA BAHIA;UESB;Universidade;Pessoa Jurídica de Direito Público - Estadual;1146605;12;MEDICINA;Educação Presencial;2918001;JEQUIÉ;BA;27;26;7;0,2692;0,3910;3,3519;4
2016;95;UNIVERSIDADE ESTADUAL DO VALE DO ACARAÚ;UVA;Universidade;Pessoa Jurídica de Direito Público - Estadual;1146686;3501;EDUCAÇÃO FÍSICA (BACHARELADO);Educação Presencial;2312908;SOBRAL;CE;39;28;18;0,6429;-2,5848;1,2840;2
2016;1356;FACULDADES INTEGRADAS DE SANTA FÉ DO SUL;FUNEC;Faculdade ;Pessoa Jurídica de Direito Público - Municipal;1146763;36;FISIOTERAPIA;Educação Presencial;3546603;SANTA FÉ DO SUL;SP;23;23;17;0,7391;-0,7650;2,1446;3
2016;1578;INSTITUTO FEDERAL DE EDUCAÇÃO, CIÊNCIA E TECNOLOGIA SUL-RIO-GRANDENSE;IFSul;Instituto Federal de Educação, Ciência e Tecnologia;Pessoa Jurídica de Direito Público - Federal;1148226;92;TECNOLOGIA EM GESTÃO AMBIENTAL;Educação Presencial;4314407;PELOTAS;RS;16;16;16;1,0000;-0,7521;2,2359;3
2016;1547;FACULDADE DE MEDICINA ESTÁCIO DE JUAZEIRO DO NORTE;ESTÁCIO FMJ;Faculdade ;Privada com fins lucrativos;1148248;36;FISIOTERAPIA;Educação Presencial;2307304;JUAZEIRO DO NORTE;CE;33;31;27;0,8710;-1,7652;1,6980;2
2016;2964;FACULDADE PROJEÇÃO DO GUARÁ;0;Faculdade ;Privada sem fins lucrativos;1148662;38;SERVIÇO SOCIAL;Educação Presencial;5300108;BRASÍLIA;DF;30;30;13;0,4333;-1,1730;2,0967;3
2016;3864;FACULDADE REGIONAL DE ALAGOINHAS;FARAL;Faculdade ;Privada com fins lucrativos;1148685;38;SERVIÇO SOCIAL;Educação Presencial;2900702;ALAGOINHAS;BA;5;5;4;0,8000;2,3261;3,7295;4
2016;1675;FACULDADE METROPOLITANA DA GRANDE RECIFE;UNESJ;Faculdade ;Pessoa Jurídica de Direito Privado - Sem fins lucrativos - Fundação;1148707;36;FISIOTERAPIA;Educação Presencial;2607901;JABOATÃO DOS GUARARAPES;PE;4;3;0;0,0000;;;SC
2016;3020;FACULDADE SANTA RITA DE CÁSSIA;IFASC;Faculdade ;Privada com fins lucrativos;1148863;23;ENFERMAGEM;Educação Presencial;5211503;ITUMBIARA;GO;38;36;22;0,6111;-0,9085;2,0760;3
2016;14;UNIVERSIDADE DO VALE DO RIO DOS SINOS;UNISINOS;Universidade;Privada sem fins lucrativos;1149080;91;TECNOLOGIA EM GESTÃO HOSPITALAR;Educação Presencial;4318705;SÃO LEOPOLDO;RS;9;9;6;0,6667;-8,2028;0,4904;1
2016;14;UNIVERSIDADE DO VALE DO RIO DOS SINOS;UNISINOS;Universidade;Privada sem fins lucrativos;1149146;55;BIOMEDICINA;Educação Presencial;4318705;SÃO LEOPOLDO;RS;28;28;24;0,8571;-0,1027;2,3549;3
2016;137;UNIVERSIDADE DO SAGRADO CORAÇÃO;USC;Universidade;Privada sem fins lucrativos;1149330;55;BIOMEDICINA;Educação Presencial;3506003;BAURU;SP;44;43;36;0,8372;0,4394;2,6255;3
2016;15769;Faculdade de Tecnologia de Jales;Fatec Jales;Faculdade ;Pessoa Jurídica de Direito Público - Estadual;1149798;90;TECNOLOGIA EM AGRONEGÓCIOS;Educação Presencial;3524808;JALES;SP;39;33;13;0,3939;2,3621;3,3897;4
2016;137;UNIVERSIDADE DO SAGRADO CORAÇÃO;USC;Universidade;Privada sem fins lucrativos;1149819;17;AGRONOMIA;Educação Presencial;3506003;BAURU;SP;14;13;8;0,6154;0,7444;3,3059;4
2016;15693;Faculdade de Tecnologia de Itapetininga - Prof.Antônio Belizandro Barbosa Rezende;Fatec - Itapetininga;Faculdade ;Pessoa Jurídica de Direito Público - Estadual;1149894;90;TECNOLOGIA EM AGRONEGÓCIOS;Educação Presencial;3522307;ITAPETININGA;SP;36;33;17;0,5152;2,1757;3,3305;4
2016;27;UNIVERSIDADE VALE DO RIO VERDE;UNINCOR;Universidade;Privada sem fins lucrativos;1150273;3501;EDUCAÇÃO FÍSICA (BACHARELADO);Educação Presencial;3169307;TRÊS CORAÇÕES;MG;15;14;7;0,5000;1,0739;2,9618;4
2016;163;UNIVERSIDADE ESTÁCIO DE SÁ;UNESA;Universidade;Privada com fins lucrativos;1150453;92;TECNOLOGIA EM GESTÃO AMBIENTAL;Educação Presencial;3300100;ANGRA DOS REIS;RJ;20;20;10;0,5000;-0,8380;2,2048;3
2016;15576;Faculdade de Tecnologia de Mogi das Cruzes;FATEC-MC;Faculdade ;Pessoa Jurídica de Direito Público - Estadual;1150463;90;TECNOLOGIA EM AGRONEGÓCIOS;Educação Presencial;3530607;MOGI DAS CRUZES;SP;65;58;28;0,4828;0,7755;2,8858;3
2016;298;UNIVERSIDADE NORTE DO PARANÁ;UNOPAR;Universidade;Privada com fins lucrativos;1150518;5;MEDICINA VETERINÁRIA;Educação Presencial;4113700;LONDRINA;PR;16;16;10;0,6250;-5,3589;0,0000;1
2016;5228;FACULDADE RAIMUNDO MARINHO;FRM;Faculdade ;Privada sem fins lucrativos;1151388;38;SERVIÇO SOCIAL;Educação Presencial;2704302;MACEIÓ;AL;73;58;39;0,6724;-0,1615;2,5687;3
2016;5228;FACULDADE RAIMUNDO MARINHO;FRM;Faculdade ;Privada sem fins lucrativos;1151389;23;ENFERMAGEM;Educação Presencial;2704302;MACEIÓ;AL;16;16;8;0,5000;-3,7196;0,7527;1
2016;2426;FACULDADE INTEGRADA BRASIL AMAZONIA - FIBRA;FIBRA;Faculdade ;Privada com fins lucrativos;1151648;55;BIOMEDICINA;Educação Presencial;1501402;BELÉM;PA;23;23;22;0,9565;-0,1917;2,3104;3
2016;482;UNIVERSIDADE DO EXTREMO SUL CATARINENSE;UNESC;Universidade;Pessoa Jurídica de Direito Privado - Sem fins lucrativos - Associação de Utilidade Pública;1152083;6;ODONTOLOGIA;Educação Presencial;4204608;CRICIÚMA;SC;86;85;63;0,7412;-0,0135;2,4572;3
2016;146;CENTRO UNIVERSITÁRIO DE RIO PRETO;UNIRP;Centro Universitário;Privada com fins lucrativos;1152184;95;TECNOLOGIA EM ESTÉTICA E COSMÉTICA;Educação Presencial;3549805;SÃO JOSÉ DO RIO PRETO;SP;36;34;23;0,6765;-0,6239;2,1330;3
2016;1084;FACULDADE CENECISTA DE BENTO GONÇALVES;FACEBG;Faculdade ;Privada sem fins lucrativos;1152211;55;BIOMEDICINA;Educação Presencial;4302105;BENTO GONÇALVES;RS;13;13;7;0,5385;1,7008;3,2552;4
2016;1446;CENTRO UNIVERSITÁRIO PLANALTO DO DISTRITO FEDERAL - UNIPLAN;UNIPLAN;Centro Universitário;Privada sem fins lucrativos;1152443;28;NUTRIÇÃO;Educação Presencial;5300108;BRASÍLIA;DF;26;26;16;0,6154;0,5965;2,7129;3
2016;588;UNIVERSIDADE TECNOLÓGICA FEDERAL DO PARANÁ;UTFPR;Universidade;Pessoa Jurídica de Direito Público - Federal;1152635;17;AGRONOMIA;Educação Presencial;4107207;DOIS VIZINHOS;PR;65;61;61;1,0000;0,5766;3,2046;4
2016;718;UNIVERSIDADE POTIGUAR;UNP;Universidade;Pessoa Jurídica de Direito Privado - Com fins lucrativos - Sociedade Civil;1152746;38;SERVIÇO SOCIAL;Educação Presencial;2408003;MOSSORÓ;RN;166;161;136;0,8447;-0,0300;2,6301;3
2016;17138;Centro Universitário - Católica de Santa Catarina em Joinville;Católica em Joinvile;Centro Universitário;Privada sem fins lucrativos;1152850;28;NUTRIÇÃO;Educação Presencial;4209102;JOINVILLE;SC;16;15;11;0,7333;2,1881;3,4306;4
2016;17138;Centro Universitário - Católica de Santa Catarina em Joinville;Católica em Joinvile;Centro Universitário;Privada sem fins lucrativos;1152852;55;BIOMEDICINA;Educação Presencial;4209102;JOINVILLE;SC;56;56;47;0,8393;-0,4681;2,1724;3
2016;665;UNIVERSIDADE DE TAUBATÉ;UNITAU;Universidade;Pessoa Jurídica de Direito Público - Municipal;1153188;23;ENFERMAGEM;Educação Presencial;3554102;TAUBATÉ;SP;29;29;18;0,6207;0,8435;2,9007;3
2016;665;UNIVERSIDADE DE TAUBATÉ;UNITAU;Universidade;Pessoa Jurídica de Direito Público - Municipal;1153311;17;AGRONOMIA;Educação Presencial;3554102;TAUBATÉ;SP;9;8;5;0,6250;-0,6536;2,4614;3
2016;74;FACULDADE DE FILOSOFIA CIÊNCIAS E LETRAS DE SÃO JOSÉ DO RIO PARDO;FFCL;Faculdade ;Pessoa Jurídica de Direito Público - Municipal;1153349;3501;EDUCAÇÃO FÍSICA (BACHARELADO);Educação Presencial;3549706;SÃO JOSÉ DO RIO PARDO;SP;11;9;0;0,0000;;;SC
2016;2147;FACULDADE METROPOLITANA DE MANAUS;FAMETRO;Faculdade ;Pessoa Jurídica de Direito Privado - Com fins lucrativos - Sociedade Civil;1153405;27;FONOAUDIOLOGIA;Educação Presencial;1302603;MANAUS;AM;38;38;37;0,9737;0,1393;2,3822;3
2016;277;CENTRO UNIVERSITÁRIO AUGUSTO MOTTA;UNISUAM;Centro Universitário;Privada sem fins lucrativos;1153683;38;SERVIÇO SOCIAL;Educação Presencial;3304557;RIO DE JANEIRO;RJ;30;28;10;0,3571;0,4195;2,8398;3
2016;277;CENTRO UNIVERSITÁRIO AUGUSTO MOTTA;UNISUAM;Centro Universitário;Privada sem fins lucrativos;1153685;23;ENFERMAGEM;Educação Presencial;3304557;RIO DE JANEIRO;RJ;48;46;16;0,3478;-0,8492;2,1038;3
2016;277;CENTRO UNIVERSITÁRIO AUGUSTO MOTTA;UNISUAM;Centro Universitário;Privada sem fins lucrativos;1153688;19;FARMÁCIA;Educação Presencial;3304557;RIO DE JANEIRO;RJ;29;28;10;0,3571;-0,3435;2,2641;3
2016;277;CENTRO UNIVERSITÁRIO AUGUSTO MOTTA;UNISUAM;Centro Universitário;Privada sem fins lucrativos;1153691;95;TECNOLOGIA EM ESTÉTICA E COSMÉTICA;Educação Presencial;3304557;RIO DE JANEIRO;RJ;33;30;10;0,3333;-0,2070;2,3885;3
2016;224;FACULDADE DE MEDICINA DO ABC;FMABC;Faculdade ;Privada sem fins lucrativos;1153732;36;FISIOTERAPIA;Educação Presencial;3547809;SANTO ANDRÉ;SP;19;18;13;0,7222;1,9969;3,3776;4
2016;1809;INSTITUTO FEDERAL DE EDUCAÇÃO, CIÊNCIA E TECNOLOGIA DE PERNAMBUCO;IFPE;Instituto Federal de Educação, Ciência e Tecnologia;Pessoa Jurídica de Direito Público - Federal;1153787;23;ENFERMAGEM;Educação Presencial;2610905;PESQUEIRA;PE;35;34;31;0,9118;1,5428;3,2298;4
2016;526;UNIVERSIDADE BRAZ CUBAS;UBC;Universidade;Pessoa Jurídica de Direito Privado - Com fins lucrativos - Sociedade Civil;1153827;38;SERVIÇO SOCIAL;Educação Presencial;3530607;MOGI DAS CRUZES;SP;41;37;17;0,4595;-0,7016;2,3167;3
2016;1426;INSTITUTO LUTERANO DE ENSINO SUPERIOR DE ITUMBIARA;ILES;Faculdade ;Pessoa Jurídica de Direito Privado - Sem fins lucrativos - Fundação;1153897;3501;EDUCAÇÃO FÍSICA (BACHARELADO);Educação Presencial;5211503;ITUMBIARA;GO;27;23;12;0,5217;-2,3543;1,3897;2
2016;1813;INSTITUTO FEDERAL DE EDUCAÇÃO, CIÊNCIA E TECNOLOGIA DO PARÁ;IFPA;Instituto Federal de Educação, Ciência e Tecnologia;Pessoa Jurídica de Direito Público - Federal;1153898;17;AGRONOMIA;Educação Presencial;1502707;CONCEIÇÃO DO ARAGUAIA;PA;29;28;23;0,8214;-0,1179;2,7850;3
2016;1813;INSTITUTO FEDERAL DE EDUCAÇÃO, CIÊNCIA E TECNOLOGIA DO PARÁ;IFPA;Instituto Federal de Educação, Ciência e Tecnologia;Pessoa Jurídica de Direito Público - Federal;1153899;92;TECNOLOGIA EM GESTÃO AMBIENTAL;Educação Presencial;1502707;CONCEIÇÃO DO ARAGUAIA;PA;13;13;13;1,0000;-0,1390;2,4582;3
2016;15520;INSTITUTO FEDERAL DE EDUCAÇÃO, CIÊNCIA E TECNOLOGIA DE MATO GROSSO DO SUL;IFMS;Instituto Federal de Educação, Ciência e Tecnologia;Pessoa Jurídica de Direito Público - Federal;1153959;90;TECNOLOGIA EM AGRONEGÓCIOS;Educação Presencial;5006606;PONTA PORÃ;MS;80;52;52;1,0000;-0,4584;2,4939;3
2016;3164;INSTITUTO FEDERAL DE EDUCAÇÃO, CIÊNCIA E TECNOLOGIA DE MATO GROSSO;IFMT;Instituto Federal de Educação, Ciência e Tecnologia;Pessoa Jurídica de Direito Público - Federal;1154375;17;AGRONOMIA;Educação Presencial;5103353;CONFRESA;MT;47;35;24;0,6857;-1,0325;2,2325;3
2016;1141;FACULDADE GAMA E SOUZA;FGS;Faculdade ;Privada sem fins lucrativos;1154415;23;ENFERMAGEM;Educação Presencial;3304557;RIO DE JANEIRO;RJ;24;24;8;0,3333;-0,3845;2,3226;3
2016;1141;FACULDADE GAMA E SOUZA;FGS;Faculdade ;Privada sem fins lucrativos;1154417;36;FISIOTERAPIA;Educação Presencial;3304557;RIO DE JANEIRO;RJ;1;1;0;0,0000;;;SC
2016;2426;FACULDADE INTEGRADA BRASIL AMAZONIA - FIBRA;FIBRA;Faculdade ;Privada com fins lucrativos;1154734;19;FARMÁCIA;Educação Presencial;1501402;BELÉM;PA;41;40;23;0,5750;-0,2088;2,3227;3
2016;1697;FACULDADE ESCRITOR OSMAN DA COSTA LINS;FACOL;Faculdade ;Privada sem fins lucrativos;1154745;3501;EDUCAÇÃO FÍSICA (BACHARELADO);Educação Presencial;2616407;VITÓRIA DE SANTO ANTÃO;PE;59;55;42;0,7636;-0,8675;2,0715;3
2016;4522;CENTRO UNIVERSITÁRIO CATÓLICO SALESIANO AUXILIUM;UNISALESIANO;Centro Universitário;Privada sem fins lucrativos;1155362;5;MEDICINA VETERINÁRIA;Educação Presencial;3502804;ARAÇATUBA;SP;33;25;19;0,7600;2,5702;4,5315;5
2016;1430;CENTRO UNIVERSITÁRIO INGÁ;0;Centro Universitário;Privada sem fins lucrativos;1155403;5;MEDICINA VETERINÁRIA;Educação Presencial;4115200;MARINGÁ;PR;14;14;8;0,5714;0,5853;3,0373;4
2016;1813;INSTITUTO FEDERAL DE EDUCAÇÃO, CIÊNCIA E TECNOLOGIA DO PARÁ;IFPA;Instituto Federal de Educação, Ciência e Tecnologia;Pessoa Jurídica de Direito Público - Federal;1155843;92;TECNOLOGIA EM GESTÃO AMBIENTAL;Educação Presencial;1501709;BRAGANÇA;PA;25;21;21;1,0000;0,2090;2,5844;3
2016;322;UNIVERSIDADE PAULISTA;UNIP;Universidade;Privada sem fins lucrativos;1155937;55;BIOMEDICINA;Educação Presencial;3550308;SÃO PAULO;SP;9;9;8;0,8889;-0,2137;2,2994;3
2016;829;UNIVERSIDADE DO TOCANTINS;UNITINS;Universidade;Pessoa Jurídica de Direito Público - Estadual;1156094;17;AGRONOMIA;Educação Presencial;1721000;PALMAS;TO;20;20;18;0,9000;-0,8032;2,3711;3
2016;3363;FACULDADE GUARAÍ;FAG;Faculdade ;Privada com fins lucrativos;1156175;55;BIOMEDICINA;Educação Presencial;1709302;GUARAÍ;TO;45;45;30;0,6667;-0,9976;1,9080;2
2016;15410;Faculdade de Ciencias Humanas e Sociais de Serra Talhada;FACHUSST;Faculdade ;Pessoa Jurídica de Direito Público - Municipal;1156266;38;SERVIÇO SOCIAL;Educação Presencial;2613909;SERRA TALHADA;PE;47;44;31;0,7045;0,1800;2,7281;3
2016;712;CENTRO UNIVERSITÁRIO HERMÍNIO DA SILVEIRA;UNI IBMR;Centro Universitário;Privada com fins lucrativos;1156472;55;BIOMEDICINA;Educação Presencial;3304557;RIO DE JANEIRO;RJ;50;46;32;0,6957;-0,5733;2,1199;3
2016;712;CENTRO UNIVERSITÁRIO HERMÍNIO DA SILVEIRA;UNI IBMR;Centro Universitário;Privada com fins lucrativos;1156475;28;NUTRIÇÃO;Educação Presencial;3304557;RIO DE JANEIRO;RJ;57;54;24;0,4444;-0,2576;2,3278;3
2016;1244;FACULDADE BRASILEIRA;MULTIVIX VITÓRIA;Faculdade ;Privada com fins lucrativos;1156532;3501;EDUCAÇÃO FÍSICA (BACHARELADO);Educação Presencial;3205309;VITÓRIA;ES;19;17;5;0,2941;3,4847;4,0673;5
2016;271;UNIVERSIDADE DO OESTE PAULISTA;UNOESTE;Universidade;Privada sem fins lucrativos;1156750;55;BIOMEDICINA;Educação Presencial;3541406;PRESIDENTE PRUDENTE;SP;15;13;13;1,0000;1,8449;3,3272;4
2016;1450;CENTRO UNIVERSITÁRIO DO CERRADO-PATROCÍNIO;UNICERP;Centro Universitário;Privada sem fins lucrativos;1156760;3501;EDUCAÇÃO FÍSICA (BACHARELADO);Educação Presencial;3148103;PATROCÍNIO;MG;45;34;23;0,6765;-2,0087;1,5481;2
2016;4020;FACULDADE DE TECNOLOGIA DE BOTUCATU;FATEC BT;Faculdade ;Pessoa Jurídica de Direito Público - Estadual;1156801;69;TECNOLOGIA EM RADIOLOGIA;Educação Presencial;3507506;BOTUCATU;SP;26;22;13;0,5909;-0,0770;2,3787;3
2016;734;FACULDADES INTEGRADAS MARIA IMACULADA;FIMI;Faculdade ;Privada sem fins lucrativos;1156866;55;BIOMEDICINA;Educação Presencial;3530706;MOGI GUAÇU;SP;10;10;5;0,5000;-1,3302;1,7420;2
2016;374;CENTRO UNIVERSITÁRIO DAS FACULDADES METROPOLITANAS UNIDAS;FMU;Centro Universitário;Pessoa Jurídica de Direito Privado - Com fins lucrativos - Sociedade Civil;1157852;91;TECNOLOGIA EM GESTÃO HOSPITALAR;Educação Presencial;3550308;SÃO PAULO;SP;18;18;3;0,1667;;;SC
2016;1933;FACULDADE BIRIGUI;FABI;Faculdade ;Pessoa Jurídica de Direito Privado - Sem fins lucrativos - Fundação;1157859;38;SERVIÇO SOCIAL;Educação Presencial;3506508;BIRIGUI;SP;26;23;4;0,1739;;;SC
2016;3188;INSTITUTO FEDERAL DE EDUCAÇÃO, CIÊNCIA E TECNOLOGIA DO NORTE DE MINAS GERAIS;IFNMG;Instituto Federal de Educação, Ciência e Tecnologia;Pessoa Jurídica de Direito Público - Federal;1158260;92;TECNOLOGIA EM GESTÃO AMBIENTAL;Educação Presencial;3104502;ARINOS;MG;23;21;15;0,7143;0,7300;2,7732;3
2016;3669;FACULDADE DOM LUIS DE ORLEANS E BRAGANÇA;FARRP;Faculdade ;Privada com fins lucrativos;1159335;17;AGRONOMIA;Educação Presencial;2926608;RIBEIRA DO POMBAL;BA;12;10;5;0,5000;-5,2653;0,0000;1
2016;693;UNIVERSIDADE FEDERAL DO ESTADO DO RIO DE JANEIRO;UNIRIO;Universidade;Pessoa Jurídica de Direito Público - Federal;1160031;28;NUTRIÇÃO;Educação Presencial;3304557;RIO DE JANEIRO;RJ;4;3;3;1,0000;4,1406;4,3110;5
2016;712;CENTRO UNIVERSITÁRIO HERMÍNIO DA SILVEIRA;UNI IBMR;Centro Universitário;Privada com fins lucrativos;1160164;23;ENFERMAGEM;Educação Presencial;3304557;RIO DE JANEIRO;RJ;19;19;8;0,4211;-0,9766;2,0439;3
2016;271;UNIVERSIDADE DO OESTE PAULISTA;UNOESTE;Universidade;Privada sem fins lucrativos;1160204;95;TECNOLOGIA EM ESTÉTICA E COSMÉTICA;Educação Presencial;3541406;PRESIDENTE PRUDENTE;SP;64;61;49;0,8033;-0,1558;2,4199;3
2016;752;FACULDADE DE PARÁ DE MINAS;FAPAM;Faculdade ;Privada sem fins lucrativos;1160239;92;TECNOLOGIA EM GESTÃO AMBIENTAL;Educação Presencial;3147105;PARÁ DE MINAS;MG;1;0;0;0,0000;;;SC
2016;1189;UNIVERSIDADE DO PLANALTO CATARINENSE;UNIPLAC;Universidade;Privada sem fins lucrativos;1160338;36;FISIOTERAPIA;Educação Presencial;4209300;LAGES;SC;32;31;18;0,5806;-0,0100;2,4816;3
2016;3304;FACULDADES INTEGRADAS DE PATOS;FIP;Faculdade ;Privada com fins lucrativos;1161083;69;TECNOLOGIA EM RADIOLOGIA;Educação Presencial;2510808;PATOS;PB;16;15;9;0,6000;-1,7067;1,9208;2
2016;2186;FACULDADE SALESIANA DOM BOSCO;FSDB;Faculdade ;Privada sem fins lucrativos;1161125;92;TECNOLOGIA EM GESTÃO AMBIENTAL;Educação Presencial;1302603;MANAUS;AM;42;36;26;0,7222;-1,6812;1,8990;2
2016;712;CENTRO UNIVERSITÁRIO HERMÍNIO DA SILVEIRA;UNI IBMR;Centro Universitário;Privada com fins lucrativos;1161188;3501;EDUCAÇÃO FÍSICA (BACHARELADO);Educação Presencial;3304557;RIO DE JANEIRO;RJ;22;20;7;0,3500;1,1987;3,0190;4
2016;163;UNIVERSIDADE ESTÁCIO DE SÁ;UNESA;Universidade;Privada com fins lucrativos;1161200;28;NUTRIÇÃO;Educação Presencial;3301009;CAMPOS DOS GOYTACAZES;RJ;79;78;42;0,5385;-0,4029;2,2622;3
2016;3279;INSTITUTO FEDERAL DE EDUCAÇÃO, CIÊNCIA E TECNOLOGIA DO SUDESTE DE MINAS GERAIS;IFSEMG;Instituto Federal de Educação, Ciência e Tecnologia;Pessoa Jurídica de Direito Público - Federal;1161238;28;NUTRIÇÃO;Educação Presencial;3105608;BARBACENA;MG;31;30;28;0,9333;-0,1491;2,3767;3
2016;3368;CENTRO UNIVERSITÁRIO DO SUL DE MINAS;UNIS-MG;Centro Universitário;Pessoa Jurídica de Direito Privado - Sem fins lucrativos - Fundação;1161563;95;TECNOLOGIA EM ESTÉTICA E COSMÉTICA;Educação Presencial;3170701;VARGINHA;MG;67;56;43;0,7679;0,0811;2,5651;3
2016;15497;UNIVERSIDADE DA INTEGRAÇÃO INTERNACIONAL DA LUSOFONIA AFRO-BRASILEIRA;UNILAB;Universidade;Pessoa Jurídica de Direito Público - Federal;1161606;17;AGRONOMIA;Educação Presencial;2311603;REDENÇÃO;CE;75;74;53;0,7162;-0,1953;2,7383;3
2016;789;UNIVERSIDADE FEDERAL DE RORAIMA;UFRR;Universidade;Pessoa Jurídica de Direito Público - Federal;1161609;23;ENFERMAGEM;Educação Presencial;1400100;BOA VISTA;RR;9;9;9;1,0000;1,2378;3,0862;4
2016;1299;FACULDADES INTEGRADAS DE FERNANDÓPOLIS;FIFE;Faculdade ;Privada sem fins lucrativos;1161630;3501;EDUCAÇÃO FÍSICA (BACHARELADO);Educação Presencial;3515509;FERNANDÓPOLIS;SP;18;16;0;0,0000;;;SC
2016;163;UNIVERSIDADE ESTÁCIO DE SÁ;UNESA;Universidade;Privada com fins lucrativos;1161911;3501;EDUCAÇÃO FÍSICA (BACHARELADO);Educação Presencial;3303401;NOVA FRIBURGO;RJ;35;34;4;0,1176;;;SC
2016;3188;INSTITUTO FEDERAL DE EDUCAÇÃO, CIÊNCIA E TECNOLOGIA DO NORTE DE MINAS GERAIS;IFNMG;Instituto Federal de Educação, Ciência e Tecnologia;Pessoa Jurídica de Direito Público - Federal;1162285;92;TECNOLOGIA EM GESTÃO AMBIENTAL;Educação Presencial;3103405;ARAÇUAÍ;MG;27;25;22;0,8800;1,1496;2,9253;3
2016;206;CENTRO UNIVERSITÁRIO ÍTALO-BRASILEIRO;UNIÍTALO;Centro Universitário;Privada sem fins lucrativos;1162537;69;TECNOLOGIA EM RADIOLOGIA;Educação Presencial;3550308;SÃO PAULO;SP;107;85;32;0,3765;-0,4268;2,2804;3
2016;466;UNIVERSIDADE ANHEMBI MORUMBI;UAM;Universidade;Privada com fins lucrativos;1162801;55;BIOMEDICINA;Educação Presencial;3550308;SÃO PAULO;SP;90;89;60;0,6742;0,0061;2,4092;3
2016;581;UNIVERSIDADE FEDERAL DO RIO GRANDE DO SUL;UFRGS;Universidade;Pessoa Jurídica de Direito Público - Federal;1162881;51;ZOOTECNIA;Educação Presencial;4314902;PORTO ALEGRE;RS;3;3;1;0,3333;;;SC
2016;1446;CENTRO UNIVERSITÁRIO PLANALTO DO DISTRITO FEDERAL - UNIPLAN;UNIPLAN;Centro Universitário;Privada sem fins lucrativos;1163319;3501;EDUCAÇÃO FÍSICA (BACHARELADO);Educação Presencial;5300108;BRASÍLIA;DF;69;62;32;0,5161;0,4343;2,6685;3
2016;1141;FACULDADE GAMA E SOUZA;FGS;Faculdade ;Privada sem fins lucrativos;1163799;3501;EDUCAÇÃO FÍSICA (BACHARELADO);Educação Presencial;3304557;RIO DE JANEIRO;RJ;44;33;10;0,3030;-2,4004;1,3685;2
2016;15497;UNIVERSIDADE DA INTEGRAÇÃO INTERNACIONAL DA LUSOFONIA AFRO-BRASILEIRA;UNILAB;Universidade;Pessoa Jurídica de Direito Público - Federal;1163805;23;ENFERMAGEM;Educação Presencial;2311603;REDENÇÃO;CE;38;38;37;0,9737;0,5422;2,7588;3
2016;2497;FACULDADE ATENEU;FATE;Faculdade ;Privada com fins lucrativos;1163885;38;SERVIÇO SOCIAL;Educação Presencial;2304400;FORTALEZA;CE;29;23;14;0,6087;0,1368;2,7079;3
2016;4522;CENTRO UNIVERSITÁRIO CATÓLICO SALESIANO AUXILIUM;UNISALESIANO;Centro Universitário;Privada sem fins lucrativos;1164463;55;BIOMEDICINA;Educação Presencial;3502804;ARAÇATUBA;SP;18;16;15;0,9375;-0,3451;2,2338;3
2016;3332;FACULDADE DE TECNOLOGIA SENAC RIO;FATEC;Faculdade ;Privada sem fins lucrativos;1164485;92;TECNOLOGIA EM GESTÃO AMBIENTAL;Educação Presencial;3304557;RIO DE JANEIRO;RJ;17;14;3;0,2143;4,5772;4,1680;5
2016;494;UNIVERSIDADE DO SUL DE SANTA CATARINA;UNISUL;Universidade;Privada sem fins lucrativos;1164708;90;TECNOLOGIA EM AGRONEGÓCIOS;Educação a Distância;4218707;TUBARÃO;SC;3;2;1;0,5000;;;SC
2016;135;CENTRO UNIVERSITÁRIO CLARETIANO;CEUCLAR;Centro Universitário;Privada sem fins lucrativos;1164982;3501;EDUCAÇÃO FÍSICA (BACHARELADO);Educação a Distância;3505906;BATATAIS;SP;2139;1692;294;0,1738;;;SC
2016;163;UNIVERSIDADE ESTÁCIO DE SÁ;UNESA;Universidade;Privada com fins lucrativos;1165113;3501;EDUCAÇÃO FÍSICA (BACHARELADO);Educação Presencial;3300704;CABO FRIO;RJ;63;53;18;0,3396;-0,6666;2,1636;3
2016;1639;FACULDADE HÉLIO ROCHA;FHR;Faculdade ;Privada com fins lucrativos;1165489;38;SERVIÇO SOCIAL;Educação Presencial;2927408;SALVADOR;BA;32;28;8;0,2857;0,6773;2,9601;4
2016;376;CENTRO UNIVERSITÁRIO ANHANGUERA DE SÃO PAULO;0;Centro Universitário;Privada com fins lucrativos;1165971;55;BIOMEDICINA;Educação Presencial;3550308;SÃO PAULO;SP;2;2;1;0,5000;;;SC
2016;376;CENTRO UNIVERSITÁRIO ANHANGUERA DE SÃO PAULO;0;Centro Universitário;Privada com fins lucrativos;1165982;19;FARMÁCIA;Educação Presencial;3550308;SÃO PAULO;SP;25;25;17;0,6800;0,2108;2,5051;3
2016;376;CENTRO UNIVERSITÁRIO ANHANGUERA DE SÃO PAULO;0;Centro Universitário;Privada com fins lucrativos;1165987;28;NUTRIÇÃO;Educação Presencial;3550308;SÃO PAULO;SP;20;19;9;0,4737;-1,1621;1,9199;2
2016;376;CENTRO UNIVERSITÁRIO ANHANGUERA DE SÃO PAULO;0;Centro Universitário;Privada com fins lucrativos;1166210;38;SERVIÇO SOCIAL;Educação Presencial;3550308;SÃO PAULO;SP;33;30;9;0,3000;-1,0410;2,1583;3
2016;376;CENTRO UNIVERSITÁRIO ANHANGUERA DE SÃO PAULO;0;Centro Universitário;Privada com fins lucrativos;1166229;23;ENFERMAGEM;Educação Presencial;3550308;SÃO PAULO;SP;3;3;1;0,3333;;;SC
2016;376;CENTRO UNIVERSITÁRIO ANHANGUERA DE SÃO PAULO;0;Centro Universitário;Privada com fins lucrativos;1166230;36;FISIOTERAPIA;Educação Presencial;3550308;SÃO PAULO;SP;26;26;11;0,4231;0,0180;2,4941;3
2016;448;CENTRO UNIVERSITÁRIO RITTER DOS REIS;UNIRITTER;Centro Universitário;Pessoa Jurídica de Direito Privado - Com fins lucrativos - Sociedade Civil;1166231;55;BIOMEDICINA;Educação Presencial;4314902;PORTO ALEGRE;RS;44;42;38;0,9048;0,2628;2,5373;3
2016;2222;FACULDADE SETE DE SETEMBRO;FASETE;Faculdade ;Privada com fins lucrativos;1166253;55;BIOMEDICINA;Educação Presencial;2924009;PAULO AFONSO;BA;65;64;56;0,8750;0,4663;2,6389;3
2016;1809;INSTITUTO FEDERAL DE EDUCAÇÃO, CIÊNCIA E TECNOLOGIA DE PERNAMBUCO;IFPE;Instituto Federal de Educação, Ciência e Tecnologia;Pessoa Jurídica de Direito Público - Federal;1166279;17;AGRONOMIA;Educação Presencial;2616407;VITÓRIA DE SANTO ANTÃO;PE;21;21;20;0,9524;0,3986;3,0971;4
2016;1936;FACULDADE LA SALLE;0;Faculdade ;Privada sem fins lucrativos;1166445;90;TECNOLOGIA EM AGRONEGÓCIOS;Educação Presencial;5105259;LUCAS DO RIO VERDE;MT;32;25;23;0,9200;-0,2384;2,5638;3
2016;448;CENTRO UNIVERSITÁRIO RITTER DOS REIS;UNIRITTER;Centro Universitário;Pessoa Jurídica de Direito Privado - Com fins lucrativos - Sociedade Civil;1166454;36;FISIOTERAPIA;Educação Presencial;4314902;PORTO ALEGRE;RS;13;13;12;0,9231;1,4472;3,1322;4
2016;526;UNIVERSIDADE BRAZ CUBAS;UBC;Universidade;Pessoa Jurídica de Direito Privado - Com fins lucrativos - Sociedade Civil;1166524;38;SERVIÇO SOCIAL;Educação a Distância;3530607;MOGI DAS CRUZES;SP;100;97;15;0,1546;;;SC
2016;526;UNIVERSIDADE BRAZ CUBAS;UBC;Universidade;Pessoa Jurídica de Direito Privado - Com fins lucrativos - Sociedade Civil;1166526;92;TECNOLOGIA EM GESTÃO AMBIENTAL;Educação a Distância;3530607;MOGI DAS CRUZES;SP;42;37;10;0,2703;-2,4214;1,6307;2
2016;376;CENTRO UNIVERSITÁRIO ANHANGUERA DE SÃO PAULO;0;Centro Universitário;Privada com fins lucrativos;1166621;23;ENFERMAGEM;Educação Presencial;3550308;SÃO PAULO;SP;25;25;16;0,6400;-0,4686;2,2830;3
2016;717;FUNDAÇÃO UNIVERSIDADE FEDERAL DE CIÊNCIAS DA SAÚDE DE PORTO ALEGRE;UFCSPA;Universidade;Pessoa Jurídica de Direito Público - Federal;1166723;55;BIOMEDICINA;Educação Presencial;4314902;PORTO ALEGRE;RS;14;14;14;1,0000;1,1686;2,9895;4
2016;376;CENTRO UNIVERSITÁRIO ANHANGUERA DE SÃO PAULO;0;Centro Universitário;Privada com fins lucrativos;1166760;38;SERVIÇO SOCIAL;Educação Presencial;3550308;SÃO PAULO;SP;26;20;8;0,4000;0,4841;2,8700;3
2016;376;CENTRO UNIVERSITÁRIO ANHANGUERA DE SÃO PAULO;0;Centro Universitário;Privada com fins lucrativos;1166768;23;ENFERMAGEM;Educação Presencial;3550308;SÃO PAULO;SP;12;10;6;0,6000;-0,2111;2,4042;3
2016;724;Centro Universitário FACEX;UNIFACEX;Centro Universitário;Privada sem fins lucrativos;1166834;28;NUTRIÇÃO;Educação Presencial;2408102;NATAL;RN;55;54;48;0,8889;0,2456;2,5547;3
2016;823;UNIVERSIDADE DO CEUMA - UNICEUMA;UNICEUMA;Universidade;Privada sem fins lucrativos;1167038;92;TECNOLOGIA EM GESTÃO AMBIENTAL;Educação a Distância;2111300;SÃO LUÍS;MA;25;22;5;0,2273;-1,9351;1,8070;2
2016;376;CENTRO UNIVERSITÁRIO ANHANGUERA DE SÃO PAULO;0;Centro Universitário;Privada com fins lucrativos;1167093;92;TECNOLOGIA EM GESTÃO AMBIENTAL;Educação Presencial;3550308;SÃO PAULO;SP;2;0;0;0,0000;;;SC
2016;1092;FACULDADES INTEGRADAS DE BAURU;FIB;Faculdade ;Privada com fins lucrativos;1167853;28;NUTRIÇÃO;Educação Presencial;3506003;BAURU;SP;16;16;9;0,5625;3,1034;3,8433;4
2016;376;CENTRO UNIVERSITÁRIO ANHANGUERA DE SÃO PAULO;0;Centro Universitário;Privada com fins lucrativos;1167927;38;SERVIÇO SOCIAL;Educação Presencial;3550308;SÃO PAULO;SP;10;7;3;0,4286;1,6918;3,4335;4
2016;1303;INSTITUTO FEDERAL DE EDUCAÇÃO, CIÊNCIA E TECNOLOGIA GOIANO;IF Goiano;Instituto Federal de Educação, Ciência e Tecnologia;Pessoa Jurídica de Direito Público - Federal;1167930;51;ZOOTECNIA;Educação Presencial;5213806;MORRINHOS;GO;35;28;24;0,8571;-2,6132;1,7221;2
2016;4613;FACULDADE DE EDUCAÇÃO E MEIO AMBIENTE;FAEMA;Faculdade ;Privada com fins lucrativos;1168037;92;TECNOLOGIA EM GESTÃO AMBIENTAL;Educação Presencial;1100023;ARIQUEMES;RO;15;15;11;0,7333;0,7363;2,7755;3
2016;3371;CENTRO UNIVERSITÁRIO DE PATOS DE MINAS;UNIPAM;Centro Universitário;Privada sem fins lucrativos;1168059;5;MEDICINA VETERINÁRIA;Educação Presencial;3148004;PATOS DE MINAS;MG;78;78;57;0,7308;0,3820;2,8843;3
2016;1810;INSTITUTO FEDERAL DE EDUCAÇÃO, CIÊNCIA E TECNOLOGIA DE SÃO PAULO;IFSP;Instituto Federal de Educação, Ciência e Tecnologia;Pessoa Jurídica de Direito Público - Federal;1168209;92;TECNOLOGIA EM GESTÃO AMBIENTAL;Educação Presencial;3550605;SÃO ROQUE;SP;33;28;25;0,8929;0,4666;2,6777;3
2016;13;UNIVERSIDADE DE CAXIAS DO SUL;UCS;Universidade;Privada sem fins lucrativos;1168449;69;TECNOLOGIA EM RADIOLOGIA;Educação Presencial;4305108;CAXIAS DO SUL;RS;10;9;6;0,6667;1,9500;2,9482;4
2016;3164;INSTITUTO FEDERAL DE EDUCAÇÃO, CIÊNCIA E TECNOLOGIA DE MATO GROSSO;IFMT;Instituto Federal de Educação, Ciência e Tecnologia;Pessoa Jurídica de Direito Público - Federal;1168451;90;TECNOLOGIA EM AGRONEGÓCIOS;Educação Presencial;5105150;JUÍNA;MT;43;37;32;0,8649;0,3354;2,7460;3
2016;3164;INSTITUTO FEDERAL DE EDUCAÇÃO, CIÊNCIA E TECNOLOGIA DE MATO GROSSO;IFMT;Instituto Federal de Educação, Ciência e Tecnologia;Pessoa Jurídica de Direito Público - Federal;1168453;17;AGRONOMIA;Educação Presencial;5102678;CAMPO VERDE;MT;15;15;14;0,9333;0,3530;3,0695;4
2016;1;UNIVERSIDADE FEDERAL DE MATO GROSSO;UFMT;Universidade;Pessoa Jurídica de Direito Público - Federal;1168551;3501;EDUCAÇÃO FÍSICA (BACHARELADO);Educação Presencial;5103403;CUIABÁ;MT;5;4;4;1,0000;1,5834;3,1954;4
2016;1153;UNIVERSIDADE CÂNDIDO MENDES;UCAM;Universidade;Privada sem fins lucrativos;1168553;38;SERVIÇO SOCIAL;Educação Presencial;3304557;RIO DE JANEIRO;RJ;176;149;43;0,2886;-0,3684;2,4722;3
2016;4098;INSTITUTO FEDERAL DE EDUCAÇÃO, CIÊNCIA E TECNOLOGIA FARROUPILHA;IFFarroupilha;Instituto Federal de Educação, Ciência e Tecnologia;Pessoa Jurídica de Direito Público - Federal;1168609;90;TECNOLOGIA EM AGRONEGÓCIOS;Educação Presencial;4311205;JÚLIO DE CASTILHOS;RS;38;37;21;0,5676;0,9440;2,9393;3
2016;449;UNIVERSIDADE LUTERANA DO BRASIL;ULBRA;Universidade;Pessoa Jurídica de Direito Privado - Sem fins lucrativos - Fundação;1168779;3501;EDUCAÇÃO FÍSICA (BACHARELADO);Educação Presencial;4321501;TORRES;RS;23;20;6;0,3000;2,3424;3,5435;4
2016;82;UNIVERSIDADE DO OESTE DE SANTA CATARINA;UNOESC;Universidade;Pessoa Jurídica de Direito Público - Municipal;1169189;17;AGRONOMIA;Educação Presencial;4210506;MARAVILHA;SC;32;31;16;0,5161;1,2477;3,6100;4
2016;150;UNIVERSIDADE DE SOROCABA;UNISO;Universidade;Privada sem fins lucrativos;1169423;5;MEDICINA VETERINÁRIA;Educação Presencial;3552205;SOROCABA;SP;41;39;25;0,6410;-1,5112;1,4591;2
2016;3513;FACULDADE DE PRESIDENTE VENCESLAU;FAPREV;Faculdade ;Pessoa Jurídica de Direito Privado - Sem fins lucrativos - Fundação;1169508;38;SERVIÇO SOCIAL;Educação Presencial;3541505;PRESIDENTE VENCESLAU;SP;35;31;7;0,2258;-3,2895;1,1091;2
2016;1196;CENTRO UNIVERSITÁRIO DE MARINGÁ - UNICESUMAR;UNICESUMAR;Centro Universitário;Pessoa Jurídica de Direito Privado - Com fins lucrativos - Sociedade Mercantil ou Comercial;1170031;92;TECNOLOGIA EM GESTÃO AMBIENTAL;Educação a Distância;4115200;MARINGÁ;PR;392;338;81;0,2396;0,0382;2,5224;3
2016;1270;CENTRO UNIVERSITÁRIO UNISEB;UNISEB;Centro Universitário;Privada com fins lucrativos;1170114;38;SERVIÇO SOCIAL;Educação a Distância;3543402;RIBEIRÃO PRETO;SP;491;442;202;0,4570;-0,1266;2,5850;3
2016;648;FACULDADES ASSOCIADAS DE UBERABA - FAZU;FAZU;Faculdade ;Privada sem fins lucrativos;1170278;90;TECNOLOGIA EM AGRONEGÓCIOS;Educação Presencial;3170107;UBERABA;MG;16;15;5;0,3333;-0,7456;2,4027;3
2016;718;UNIVERSIDADE POTIGUAR;UNP;Universidade;Pessoa Jurídica de Direito Privado - Com fins lucrativos - Sociedade Civil;1170432;38;SERVIÇO SOCIAL;Educação a Distância;2408102;NATAL;RN;93;67;30;0,4478;0,7737;3,0051;4
2016;398;UNIVERSIDADE TIRADENTES;UNIT;Universidade;Privada com fins lucrativos;1170490;95;TECNOLOGIA EM ESTÉTICA E COSMÉTICA;Educação Presencial;2800308;ARACAJU;SE;74;68;33;0,4853;0,3408;2,7242;3
2016;398;UNIVERSIDADE TIRADENTES;UNIT;Universidade;Privada com fins lucrativos;1170798;23;ENFERMAGEM;Educação Presencial;2802106;ESTÂNCIA;SE;67;67;44;0,6567;0,0708;2,5369;3
2016;4530;CENTRO UNIVERSITÁRIO TIRADENTES;FITS;Centro Universitário;Privada com fins lucrativos;1171422;28;NUTRIÇÃO;Educação Presencial;2704302;MACEIÓ;AL;46;41;26;0,6341;0,0556;2,4690;3
2016;1355;FACULDADES INTEGRADAS DE JAHU;FIJ;Faculdade ;Privada sem fins lucrativos;1171586;3501;EDUCAÇÃO FÍSICA (BACHARELADO);Educação Presencial;3525300;JAÚ;SP;39;39;17;0,4359;1,5303;3,1710;4
2016;17401;Faculdade de Tecnologia CNA;FATECNA;Faculdade ;Pessoa Jurídica de Direito Privado - Sem fins lucrativos - Sociedade;1171957;90;TECNOLOGIA EM AGRONEGÓCIOS;Educação Presencial;5300108;BRASÍLIA;DF;27;26;3;0,1154;;;SC
2016;1559;CENTRO UNIVERSITÁRIO DO ESPÍRITO SANTO;UNESC;Centro Universitário;Privada sem fins lucrativos;1171961;95;TECNOLOGIA EM ESTÉTICA E COSMÉTICA;Educação Presencial;3201506;COLATINA;ES;17;17;12;0,7059;3,1487;4,4450;5
2016;23;UNIVERSIDADE FEEVALE;FEEVALE;Universidade;Privada sem fins lucrativos;1172141;95;TECNOLOGIA EM ESTÉTICA E COSMÉTICA;Educação Presencial;4313409;NOVO HAMBURGO;RS;28;28;15;0,5357;0,9691;3,1093;4
2016;17355;Faculdade de Educação em Ciências da Saúde;FECS;Faculdade ;Pessoa Jurídica de Direito Privado - Sem fins lucrativos - Sociedade;1172333;91;TECNOLOGIA EM GESTÃO HOSPITALAR;Educação Presencial;3550308;SÃO PAULO;SP;25;24;9;0,3750;-2,0201;2,0603;3
2016;76;UNIVERSIDADE REGIONAL DE BLUMENAU;FURB;Universidade;Pessoa Jurídica de Direito Público - Municipal;1172591;55;BIOMEDICINA;Educação Presencial;4202404;BLUMENAU;SC;51;49;37;0,7551;0,3366;2,5741;3
2016;383;UNIVERSIDADE DA AMAZÔNIA;UNAMA;Universidade;Privada com fins lucrativos;1173137;95;TECNOLOGIA EM ESTÉTICA E COSMÉTICA;Educação Presencial;1501402;BELÉM;PA;81;64;40;0,6250;-1,2170;1,7695;2
2016;2160;FACULDADE SANT'ANA;IESSA;Faculdade ;Privada sem fins lucrativos;1174478;27;FONOAUDIOLOGIA;Educação Presencial;4119905;PONTA GROSSA;PR;12;8;4;0,5000;3,6182;3,9976;5
2016;1046;UNIÃO DAS FACULDADES DOS GRANDES LAGOS;UNILAGO;Faculdade ;Privada sem fins lucrativos;1174555;95;TECNOLOGIA EM ESTÉTICA E COSMÉTICA;Educação Presencial;3549805;SÃO JOSÉ DO RIO PRETO;SP;14;13;8;0,6154;-4,1044;0,0000;1
2016;163;UNIVERSIDADE ESTÁCIO DE SÁ;UNESA;Universidade;Privada com fins lucrativos;1174577;91;TECNOLOGIA EM GESTÃO HOSPITALAR;Educação a Distância;3304557;RIO DE JANEIRO;RJ;61;51;12;0,2353;-2,4091;1,9615;3
2016;163;UNIVERSIDADE ESTÁCIO DE SÁ;UNESA;Universidade;Privada com fins lucrativos;1174691;92;TECNOLOGIA EM GESTÃO AMBIENTAL;Educação a Distância;3304557;RIO DE JANEIRO;RJ;266;223;77;0,3453;0,0861;2,5398;3
2016;4450;FACULDADE METROPOLITANA DA AMAZÔNIA;FAMAZ;Faculdade ;Privada sem fins lucrativos;1174854;3501;EDUCAÇÃO FÍSICA (BACHARELADO);Educação Presencial;1501402;BELÉM;PA;28;28;22;0,7857;-0,9584;2,0298;3
2016;4450;FACULDADE METROPOLITANA DA AMAZÔNIA;FAMAZ;Faculdade ;Privada sem fins lucrativos;1174855;38;SERVIÇO SOCIAL;Educação Presencial;1501402;BELÉM;PA;35;32;27;0,8438;0,6016;2,9248;3
2016;649;CENTRO UNIVERSITÁRIO DE UNIÃO DA VITÓRIA;UNIUV;Centro Universitário;Pessoa Jurídica de Direito Público - Municipal;1175049;6;ODONTOLOGIA;Educação Presencial;4128203;UNIÃO DA VITÓRIA;PR;23;23;17;0,7391;1,5946;4,1525;5
2016;1077;Faculdade Estácio do Recife - Estácio FIR;Estácio FIR;Faculdade ;Privada com fins lucrativos;1175619;28;NUTRIÇÃO;Educação Presencial;2611606;RECIFE;PE;36;35;26;0,7429;-0,3669;2,2785;3
2016;585;UNIVERSIDADE FEDERAL DE SANTA CATARINA;UFSC;Universidade;Pessoa Jurídica de Direito Público - Federal;1175716;5;MEDICINA VETERINÁRIA;Educação Presencial;4204806;CURITIBANOS;SC;17;17;17;1,0000;2,9018;4,7810;5
2016;4396;CENTRO UNIVERSITÁRIO DE MINEIROS;UNIFIMES;Centro Universitário;Pessoa Jurídica de Direito Público - Municipal;1175735;5;MEDICINA VETERINÁRIA;Educação Presencial;5213103;MINEIROS;GO;31;29;13;0,4483;-3,0609;0,2926;1
2016;1298;Faculdade Estácio de Alagoas - Estácio FAL;ESTÁCIO FAL;Faculdade ;Privada com fins lucrativos;1175943;28;NUTRIÇÃO;Educação Presencial;2704302;MACEIÓ;AL;19;18;12;0,6667;-1,6681;1,6917;2
2016;344;CENTRO UNIVERSITÁRIO UNA;UNA;Centro Universitário;Privada com fins lucrativos;1176269;55;BIOMEDICINA;Educação Presencial;3106200;BELO HORIZONTE;MG;79;78;65;0,8333;-0,1932;2,3097;3
2016;4022;FACULDADE DE TECNOLOGIA DE JUNDIAÍ;FATEC/JD;Faculdade ;Pessoa Jurídica de Direito Público - Estadual;1177371;92;TECNOLOGIA EM GESTÃO AMBIENTAL;Educação Presencial;3525904;JUNDIAÍ;SP;53;52;28;0,5385;1,4355;3,0290;4
2016;1292;Centro Universitário de Adamantina;FAI;Centro Universitário;Pessoa Jurídica de Direito Público - Municipal;1177444;90;TECNOLOGIA EM AGRONEGÓCIOS;Educação Presencial;3500105;ADAMANTINA;SP;10;9;7;0,7778;-1,1783;2,2653;3
2016;322;UNIVERSIDADE PAULISTA;UNIP;Universidade;Privada sem fins lucrativos;1177725;3501;EDUCAÇÃO FÍSICA (BACHARELADO);Educação Presencial;5208707;GOIÂNIA;GO;14;14;10;0,7143;0,6558;2,7700;3
2016;360;CENTRO UNIVERSITÁRIO PAULISTANO;UNIPAULISTANA;Centro Universitário;Privada sem fins lucrativos;1177767;91;TECNOLOGIA EM GESTÃO HOSPITALAR;Educação Presencial;3550308;SÃO PAULO;SP;4;4;2;0,5000;2,2854;3,1535;4
2016;322;UNIVERSIDADE PAULISTA;UNIP;Universidade;Privada sem fins lucrativos;1178022;3501;EDUCAÇÃO FÍSICA (BACHARELADO);Educação Presencial;3552205;SOROCABA;SP;25;25;11;0,4400;0,7853;2,8294;3
2016;3985;CENTRO UNIVERSITÁRIO SENAC;SENACSP;Centro Universitário;Privada sem fins lucrativos;1178297;69;TECNOLOGIA EM RADIOLOGIA;Educação Presencial;3550308;SÃO PAULO;SP;20;18;9;0,5000;-2,0011;1,8381;2
2016;142;CENTRO UNIVERSITÁRIO DO TRIÂNGULO;UNITRI;Centro Universitário;Pessoa Jurídica de Direito Privado - Sem fins lucrativos - Fundação;1178611;17;AGRONOMIA;Educação Presencial;3170206;UBERLÂNDIA;MG;45;45;26;0,5778;-0,6890;2,4401;3
2016;142;CENTRO UNIVERSITÁRIO DO TRIÂNGULO;UNITRI;Centro Universitário;Pessoa Jurídica de Direito Privado - Sem fins lucrativos - Fundação;1178612;5;MEDICINA VETERINÁRIA;Educação Presencial;3170206;UBERLÂNDIA;MG;18;18;6;0,3333;-0,9982;1,8453;2
2016;576;UNIVERSIDADE FEDERAL DE JUIZ DE FORA;UFJF;Universidade;Pessoa Jurídica de Direito Público - Federal;1178688;28;NUTRIÇÃO;Educação Presencial;3127701;GOVERNADOR VALADARES;MG;3;3;2;0,6667;1,7406;3,2288;4
2016;550;UNIVERSIDADE ESTADUAL DA PARAÍBA;UEPB;Universidade;Pessoa Jurídica de Direito Público - Estadual;1178921;6;ODONTOLOGIA;Educação Presencial;2501005;ARARUNA;PB;48;45;44;0,9778;0,2420;2,7265;3
2016;569;UNIVERSIDADE FEDERAL DO PARÁ;UFPA;Universidade;Pessoa Jurídica de Direito Público - Federal;1179151;17;AGRONOMIA;Educação Presencial;1502103;CAMETÁ;PA;28;27;27;1,0000;-1,5651;1,9108;2
2016;2774;Centro Universitário UNIFAFIBE;FAFIBE;Centro Universitário;Privada sem fins lucrativos;1179345;17;AGRONOMIA;Educação Presencial;3506102;BEBEDOURO;SP;30;30;8;0,2667;1,8104;3,9499;5
2016;13982;FACULDADE MAURÍCIO DE NASSAU DE BELÉM;FMN de Belém;Faculdade ;Privada com fins lucrativos;1179359;69;TECNOLOGIA EM RADIOLOGIA;Educação Presencial;1501402;BELÉM;PA;106;0;0;0,0000;;;SC
2016;3304;FACULDADES INTEGRADAS DE PATOS;FIP;Faculdade ;Privada com fins lucrativos;1179427;38;SERVIÇO SOCIAL;Educação Presencial;2510808;PATOS;PB;48;44;34;0,7727;-1,0811;2,1396;3
2016;527;PONTIFÍCIA UNIVERSIDADE CATÓLICA DE GOIÁS;PUC GOIÁS;Universidade;Privada sem fins lucrativos;1179787;19;FARMÁCIA;Educação Presencial;5208707;GOIÂNIA;GO;34;34;29;0,8529;-0,3013;2,2825;3
2016;1783;FACULDADE DE CIÊNCIAS SOCIAIS APLICADAS;FACISA - CELER;Faculdade ;Privada com fins lucrativos;1179870;55;BIOMEDICINA;Educação Presencial;4219705;XAXIM;SC;7;7;5;0,7143;-1,1854;1,8143;2
2016;17284;FACULDADE MAURÍCIO DE NASSAU DE SÃO LUÍS;FMN SÃO LUÍS;Faculdade ;Privada sem fins lucrativos;1180296;69;TECNOLOGIA EM RADIOLOGIA;Educação Presencial;2111300;SÃO LUÍS;MA;27;26;14;0,5385;-1,8905;1,8691;2
2016;322;UNIVERSIDADE PAULISTA;UNIP;Universidade;Privada sem fins lucrativos;1180604;92;TECNOLOGIA EM GESTÃO AMBIENTAL;Educação Presencial;3550308;SÃO PAULO;SP;1;0;0;0,0000;;;SC
2016;322;UNIVERSIDADE PAULISTA;UNIP;Universidade;Privada sem fins lucrativos;1180765;38;SERVIÇO SOCIAL;Educação Presencial;5300108;BRASÍLIA;DF;79;69;45;0,6522;-0,3074;2,5007;3
2016;322;UNIVERSIDADE PAULISTA;UNIP;Universidade;Privada sem fins lucrativos;1180767;38;SERVIÇO SOCIAL;Educação Presencial;3550308;SÃO PAULO;SP;35;31;13;0,4194;0,8397;3,0359;4
2016;322;UNIVERSIDADE PAULISTA;UNIP;Universidade;Privada sem fins lucrativos;1180785;38;SERVIÇO SOCIAL;Educação Presencial;3543402;RIBEIRÃO PRETO;SP;16;15;10;0,6667;-0,7061;2,3146;3
2016;322;UNIVERSIDADE PAULISTA;UNIP;Universidade;Privada sem fins lucrativos;1180786;55;BIOMEDICINA;Educação Presencial;3550308;SÃO PAULO;SP;6;6;5;0,8333;5,9635;5,0000;5
2016;322;UNIVERSIDADE PAULISTA;UNIP;Universidade;Privada sem fins lucrativos;1180788;38;SERVIÇO SOCIAL;Educação Presencial;3548500;SANTOS;SP;53;38;20;0,5263;-0,3106;2,4992;3
2016;322;UNIVERSIDADE PAULISTA;UNIP;Universidade;Privada sem fins lucrativos;1180792;55;BIOMEDICINA;Educação Presencial;3504008;ASSIS;SP;15;15;11;0,7333;-0,4423;2,1853;3
2016;322;UNIVERSIDADE PAULISTA;UNIP;Universidade;Privada sem fins lucrativos;1180794;38;SERVIÇO SOCIAL;Educação Presencial;3549904;SÃO JOSÉ DOS CAMPOS;SP;44;41;26;0,6341;0,0061;2,6469;3
2016;322;UNIVERSIDADE PAULISTA;UNIP;Universidade;Privada sem fins lucrativos;1180797;69;TECNOLOGIA EM RADIOLOGIA;Educação Presencial;3550308;SÃO PAULO;SP;15;12;3;0,2500;3,2604;3,3163;4
2016;322;UNIVERSIDADE PAULISTA;UNIP;Universidade;Privada sem fins lucrativos;1180807;55;BIOMEDICINA;Educação Presencial;3543402;RIBEIRÃO PRETO;SP;33;33;27;0,8182;0,2825;2,5471;3
2016;1807;INSTITUTO FEDERAL DE EDUCAÇÃO, CIÊNCIA E TECNOLOGIA DO CEARÁ;IFCE;Instituto Federal de Educação, Ciência e Tecnologia;Pessoa Jurídica de Direito Público - Federal;1181116;51;ZOOTECNIA;Educação Presencial;2304103;CRATEÚS;CE;16;15;15;1,0000;-0,9793;2,3995;3
2016;665;UNIVERSIDADE DE TAUBATÉ;UNITAU;Universidade;Pessoa Jurídica de Direito Público - Municipal;1181219;28;NUTRIÇÃO;Educação Presencial;3554102;TAUBATÉ;SP;35;32;19;0,5938;0,2791;2,5698;3
2016;2149;FACULDADE MATO GROSSO DO SUL ;FACSUL;Faculdade ;Privada sem fins lucrativos;1181233;3501;EDUCAÇÃO FÍSICA (BACHARELADO);Educação Presencial;5002704;CAMPO GRANDE;MS;9;9;6;0,6667;3,4849;4,0674;5
2016;2908;FACULDADE NATALENSE DE ENSINO E CULTURA ;FANEC;Faculdade ;Privada sem fins lucrativos;1181598;3501;EDUCAÇÃO FÍSICA (BACHARELADO);Educação Presencial;2408102;NATAL;RN;27;24;11;0,4583;-0,7648;2,1186;3
2016;1818;FACULDADE PITÁGORAS DE BELO HORIZONTE;FPAS;Faculdade ;Privada com fins lucrativos;1182342;55;BIOMEDICINA;Educação Presencial;3106200;BELO HORIZONTE;MG;5;5;4;0,8000;1,5016;3,1558;4
2016;4901;FACULDADE FASIPE;FASIPE;Faculdade ;Privada com fins lucrativos;1182767;28;NUTRIÇÃO;Educação Presencial;5107909;SINOP;MT;37;31;20;0,6452;-1,0645;1,9639;3
2016;4017;CENTRO UNIVERSITÁRIO PADRE ANCHIETA;UNIANCHIETA;Centro Universitário;Privada com fins lucrativos;1183151;95;TECNOLOGIA EM ESTÉTICA E COSMÉTICA;Educação Presencial;3525904;JUNDIAÍ;SP;34;33;16;0,4848;0,7720;2,9885;4
2016;409;UNIVERSIDADE DE PERNAMBUCO;UPE;Universidade;Pessoa Jurídica de Direito Público - Estadual;1183612;28;NUTRIÇÃO;Educação Presencial;2611101;PETROLINA;PE;44;44;43;0,9773;-0,0536;2,4198;3
2016;163;UNIVERSIDADE ESTÁCIO DE SÁ;UNESA;Universidade;Privada com fins lucrativos;1183780;27;FONOAUDIOLOGIA;Educação Presencial;3304557;RIO DE JANEIRO;RJ;10;10;6;0,6000;-4,9912;0,0000;1
2016;163;UNIVERSIDADE ESTÁCIO DE SÁ;UNESA;Universidade;Privada com fins lucrativos;1183836;55;BIOMEDICINA;Educação Presencial;3304557;RIO DE JANEIRO;RJ;23;22;13;0,5909;-0,8659;1,9738;3
2016;409;UNIVERSIDADE DE PERNAMBUCO;UPE;Universidade;Pessoa Jurídica de Direito Público - Estadual;1183958;12;MEDICINA;Educação Presencial;2606002;GARANHUNS;PE;35;34;34;1,0000;-1,8066;0,9562;2
2016;1255;FACULDADE BOA VIAGEM;FBV;Faculdade ;Pessoa Jurídica de Direito Privado - Com fins lucrativos - Sociedade Mercantil ou Comercial;1184351;91;TECNOLOGIA EM GESTÃO HOSPITALAR;Educação Presencial;2611606;RECIFE;PE;18;14;5;0,3571;7,2183;4,4059;5
2016;585;UNIVERSIDADE FEDERAL DE SANTA CATARINA;UFSC;Universidade;Pessoa Jurídica de Direito Público - Federal;1184410;17;AGRONOMIA;Educação Presencial;4204806;CURITIBANOS;SC;46;45;12;0,2667;0,1389;2,9402;3
2016;634;UNIVERSIDADE FEDERAL DE PELOTAS;UFPEL;Universidade;Pessoa Jurídica de Direito Público - Federal;1184817;92;TECNOLOGIA EM GESTÃO AMBIENTAL;Educação Presencial;4314407;PELOTAS;RS;54;50;49;0,9800;-0,9444;2,1662;3
2016;322;UNIVERSIDADE PAULISTA;UNIP;Universidade;Privada sem fins lucrativos;1184872;95;TECNOLOGIA EM ESTÉTICA E COSMÉTICA;Educação Presencial;3547304;SANTANA DE PARNAÍBA;SP;35;33;20;0,6061;-0,5573;2,1738;3
2016;322;UNIVERSIDADE PAULISTA;UNIP;Universidade;Privada sem fins lucrativos;1184874;95;TECNOLOGIA EM ESTÉTICA E COSMÉTICA;Educação Presencial;3552205;SOROCABA;SP;43;37;24;0,6486;-0,1278;2,4370;3
2016;322;UNIVERSIDADE PAULISTA;UNIP;Universidade;Privada sem fins lucrativos;1184875;95;TECNOLOGIA EM ESTÉTICA E COSMÉTICA;Educação Presencial;3550308;SÃO PAULO;SP;20;16;8;0,5000;-1,5876;1,5424;2
2016;322;UNIVERSIDADE PAULISTA;UNIP;Universidade;Privada sem fins lucrativos;1184876;95;TECNOLOGIA EM ESTÉTICA E COSMÉTICA;Educação Presencial;3504008;ASSIS;SP;21;18;18;1,0000;-0,1088;2,4487;3
2016;322;UNIVERSIDADE PAULISTA;UNIP;Universidade;Privada sem fins lucrativos;1184882;95;TECNOLOGIA EM ESTÉTICA E COSMÉTICA;Educação Presencial;3550308;SÃO PAULO;SP;37;34;15;0,4412;0,7489;2,9743;4
2016;5312;FACULDADES ATIBAIA;FAAT;Faculdade ;Privada com fins lucrativos;1184893;92;TECNOLOGIA EM GESTÃO AMBIENTAL;Educação Presencial;3504107;ATIBAIA;SP;28;24;14;0,5833;0,4765;2,6813;3
2016;322;UNIVERSIDADE PAULISTA;UNIP;Universidade;Privada sem fins lucrativos;1184904;95;TECNOLOGIA EM ESTÉTICA E COSMÉTICA;Educação Presencial;3509502;CAMPINAS;SP;54;50;31;0,6200;0,0057;2,5188;3
2016;4566;ESTÁCIO FATERN - FACULDADE ESTÁCIO DO RIO GRANDE DO NORTE;ESTÁCIO FATERN;Faculdade ;Privada com fins lucrativos;1184980;28;NUTRIÇÃO;Educação Presencial;2408102;NATAL;RN;18;18;12;0,6667;-0,2254;2,3423;3
2016;3615;FACULDADE PERNAMBUCANA DE SAÚDE ;FPS;Faculdade ;Privada sem fins lucrativos;1185044;28;NUTRIÇÃO;Educação Presencial;2611606;RECIFE;PE;8;8;4;0,5000;2,8825;3,7437;4
2016;666;UNIVERSIDADE ESTADUAL DE FEIRA DE SANTANA;UEFS;Universidade;Pessoa Jurídica de Direito Público - Estadual;1185074;17;AGRONOMIA;Educação Presencial;2910800;FEIRA DE SANTANA;BA;11;11;11;1,0000;1,4179;3,7128;4
2016;1036;UNIVERSIDADE DO ESTADO DE MINAS GERAIS;UEMG;Universidade;Pessoa Jurídica de Direito Público - Estadual;1185158;95;TECNOLOGIA EM ESTÉTICA E COSMÉTICA;Educação Presencial;3147907;PASSOS;MG;42;38;12;0,3158;-1,9377;1,3279;2
2016;1060;CENTRO UNIVERSITÁRIO DO INSTITUTO DE EDUCAÇÃO SUPERIOR DE BRASÍLIA - IESB;IESB;Centro Universitário;Privada com fins lucrativos;1185276;38;SERVIÇO SOCIAL;Educação Presencial;5300108;BRASÍLIA;DF;20;20;11;0,5500;1,4276;3,3102;4
2016;1060;CENTRO UNIVERSITÁRIO DO INSTITUTO DE EDUCAÇÃO SUPERIOR DE BRASÍLIA - IESB;IESB;Centro Universitário;Privada com fins lucrativos;1185396;23;ENFERMAGEM;Educação Presencial;5300108;BRASÍLIA;DF;11;11;5;0,4545;5,6109;5,0000;5
2016;576;UNIVERSIDADE FEDERAL DE JUIZ DE FORA;UFJF;Universidade;Pessoa Jurídica de Direito Público - Federal;1185503;19;FARMÁCIA;Educação Presencial;3127701;GOVERNADOR VALADARES;MG;5;5;5;1,0000;3,8753;4,0981;5
2016;437;UNIVERSIDADE PARANAENSE;UNIPAR;Universidade;Privada sem fins lucrativos;1185526;3501;EDUCAÇÃO FÍSICA (BACHARELADO);Educação Presencial;4108403;FRANCISCO BELTRÃO;PR;43;41;30;0,7317;-0,4696;2,2539;3
2016;1303;INSTITUTO FEDERAL DE EDUCAÇÃO, CIÊNCIA E TECNOLOGIA GOIANO;IF Goiano;Instituto Federal de Educação, Ciência e Tecnologia;Pessoa Jurídica de Direito Público - Federal;1185675;90;TECNOLOGIA EM AGRONEGÓCIOS;Educação Presencial;5210208;IPORÁ;GO;16;15;11;0,7333;5,4994;4,3860;5
2016;277;CENTRO UNIVERSITÁRIO AUGUSTO MOTTA;UNISUAM;Centro Universitário;Privada sem fins lucrativos;1185746;3501;EDUCAÇÃO FÍSICA (BACHARELADO);Educação Presencial;3304557;RIO DE JANEIRO;RJ;138;121;4;0,0331;;;SC
2016;1225;CENTRO UNIVERSITÁRIO AMPARENSE;UNIFIA;Centro Universitário;Privada com fins lucrativos;1186744;95;TECNOLOGIA EM ESTÉTICA E COSMÉTICA;Educação Presencial;3501905;AMPARO;SP;16;16;13;0,8125;-0,4415;2,2448;3
2016;663;UNIVERSIDADE SALGADO DE OLIVEIRA;UNIVERSO;Universidade;Pessoa Jurídica de Direito Privado - Sem fins lucrativos - Fundação;1186821;38;SERVIÇO SOCIAL;Educação a Distância;3304904;SÃO GONÇALO;RJ;38;38;8;0,2105;-4,1657;0,7003;1
2016;1472;CENTRO UNIVERSITÁRIO LEONARDO DA VINCI;UNIASSELVI;Centro Universitário;Privada com fins lucrativos;1187030;91;TECNOLOGIA EM GESTÃO HOSPITALAR;Educação a Distância;4207502;INDAIAL;SC;67;55;17;0,3091;-1,3473;2,2311;3
2016;663;UNIVERSIDADE SALGADO DE OLIVEIRA;UNIVERSO;Universidade;Pessoa Jurídica de Direito Privado - Sem fins lucrativos - Fundação;1187487;3501;EDUCAÇÃO FÍSICA (BACHARELADO);Educação Presencial;3304904;SÃO GONÇALO;RJ;106;99;9;0,0909;;;SC
2016;319;UNIVERSIDADE CAMILO CASTELO BRANCO;UNICASTELO;Universidade;Pessoa Jurídica de Direito Privado - Sem fins lucrativos - Fundação;1187551;69;TECNOLOGIA EM RADIOLOGIA;Educação Presencial;3550308;SÃO PAULO;SP;30;29;6;0,2069;-1,0321;2,1103;3
2016;3840;CENTRO UNIVERSITÁRIO FACVEST ;FACVEST;Centro Universitário;Privada com fins lucrativos;1187654;69;TECNOLOGIA EM RADIOLOGIA;Educação Presencial;4209300;LAGES;SC;8;7;7;1,0000;-0,1222;2,3660;3
2016;12766;FACULDADE UNIÃO DE CAMPO MOURÃO;0;Faculdade ;Privada com fins lucrativos;1187675;95;TECNOLOGIA EM ESTÉTICA E COSMÉTICA;Educação Presencial;4104303;CAMPO MOURÃO;PR;63;62;34;0,5484;0,0596;2,5519;3
2016;4450;FACULDADE METROPOLITANA DA AMAZÔNIA;FAMAZ;Faculdade ;Privada sem fins lucrativos;1187832;69;TECNOLOGIA EM RADIOLOGIA;Educação Presencial;1501402;BELÉM;PA;31;31;23;0,7419;1,1610;2,7265;3
2016;3840;CENTRO UNIVERSITÁRIO FACVEST ;FACVEST;Centro Universitário;Privada com fins lucrativos;1187881;55;BIOMEDICINA;Educação Presencial;4209300;LAGES;SC;5;4;2;0,5000;-0,0871;2,3626;3
2016;3164;INSTITUTO FEDERAL DE EDUCAÇÃO, CIÊNCIA E TECNOLOGIA DE MATO GROSSO;IFMT;Instituto Federal de Educação, Ciência e Tecnologia;Pessoa Jurídica de Direito Público - Federal;1188548;92;TECNOLOGIA EM GESTÃO AMBIENTAL;Educação Presencial;5107925;SORRISO;MT;29;18;12;0,6667;-2,2014;1,7105;2
2016;526;UNIVERSIDADE BRAZ CUBAS;UBC;Universidade;Pessoa Jurídica de Direito Privado - Com fins lucrativos - Sociedade Civil;1189132;95;TECNOLOGIA EM ESTÉTICA E COSMÉTICA;Educação Presencial;3530607;MOGI DAS CRUZES;SP;30;28;13;0,4643;-0,2191;2,3811;3
2016;663;UNIVERSIDADE SALGADO DE OLIVEIRA;UNIVERSO;Universidade;Pessoa Jurídica de Direito Privado - Sem fins lucrativos - Fundação;1189179;3501;EDUCAÇÃO FÍSICA (BACHARELADO);Educação Presencial;3303302;NITERÓI;RJ;114;104;13;0,1250;;;SC
2016;663;UNIVERSIDADE SALGADO DE OLIVEIRA;UNIVERSO;Universidade;Pessoa Jurídica de Direito Privado - Sem fins lucrativos - Fundação;1189180;3501;EDUCAÇÃO FÍSICA (BACHARELADO);Educação Presencial;3301009;CAMPOS DOS GOYTACAZES;RJ;62;55;3;0,0545;;;SC
2016;138;CENTRO UNIVERSITÁRIO BARÃO DE MAUÁ;CBM;Centro Universitário;Pessoa Jurídica de Direito Privado - Sem fins lucrativos - Fundação;1189207;95;TECNOLOGIA EM ESTÉTICA E COSMÉTICA;Educação Presencial;3543402;RIBEIRÃO PRETO;SP;26;21;10;0,4762;-1,9949;1,2928;2
2016;756;UNIVERSIDADE ESTADUAL DO PIAUÍ;UESPI;Universidade;Pessoa Jurídica de Direito Público - Estadual;1189700;51;ZOOTECNIA;Educação Presencial;2211100;UNIÃO;PI;12;12;12;1,0000;-3,5403;1,3378;2
2016;448;CENTRO UNIVERSITÁRIO RITTER DOS REIS;UNIRITTER;Centro Universitário;Pessoa Jurídica de Direito Privado - Com fins lucrativos - Sociedade Civil;1190141;28;NUTRIÇÃO;Educação Presencial;4314902;PORTO ALEGRE;RS;42;42;27;0,6429;0,6453;2,7349;3
2016;2168;FACULDADE CAMPO GRANDE ;FCG;Faculdade ;Privada sem fins lucrativos;1190587;38;SERVIÇO SOCIAL;Educação Presencial;5002704;CAMPO GRANDE;MS;13;13;10;0,7692;-1,0269;2,1649;3
2016;216;CENTRO UNIVERSITÁRIO METODISTA IZABELA HENDRIX;CEUNIH;Centro Universitário;Privada sem fins lucrativos;1190775;3501;EDUCAÇÃO FÍSICA (BACHARELADO);Educação Presencial;3106200;BELO HORIZONTE;MG;63;44;29;0,6591;1,6358;3,2194;4
2016;398;UNIVERSIDADE TIRADENTES;UNIT;Universidade;Privada com fins lucrativos;1190826;69;TECNOLOGIA EM RADIOLOGIA;Educação Presencial;2800308;ARACAJU;SE;27;19;12;0,6316;0,2370;2,4669;3
2016;5670;FACULDADES UNIDAS DO VALE DO ARAGUAIA;UNIVAR;Faculdade ;Privada sem fins lucrativos;1191488;95;TECNOLOGIA EM ESTÉTICA E COSMÉTICA;Educação Presencial;5101803;BARRA DO GARÇAS;MT;25;23;17;0,7391;-0,9624;1,9256;2
2016;583;UNIVERSIDADE FEDERAL DO CEARÁ;UFC;Universidade;Pessoa Jurídica de Direito Público - Federal;1191555;3501;EDUCAÇÃO FÍSICA (BACHARELADO);Educação Presencial;2304400;FORTALEZA;CE;5;5;4;0,8000;3,1171;3,8987;4
2016;953;UNIVERSIDADE METROPOLITANA DE SANTOS;UNIMES;Universidade;Privada sem fins lucrativos;1191655;38;SERVIÇO SOCIAL;Educação a Distância;3548500;SANTOS;SP;184;64;14;0,2188;-0,9862;2,1839;3
2016;82;UNIVERSIDADE DO OESTE DE SANTA CATARINA;UNOESC;Universidade;Pessoa Jurídica de Direito Público - Municipal;1192197;3501;EDUCAÇÃO FÍSICA (BACHARELADO);Educação Presencial;4219309;VIDEIRA;SC;25;25;8;0,3200;3,5801;4,1111;5
2016;794;CENTRO UNIVERSITÁRIO DE VÁRZEA GRANDE;UNIVAG;Centro Universitário;Privada sem fins lucrativos;1192256;28;NUTRIÇÃO;Educação Presencial;5108402;VÁRZEA GRANDE;MT;20;19;16;0,8421;0,8530;2,8286;3
2016;794;CENTRO UNIVERSITÁRIO DE VÁRZEA GRANDE;UNIVAG;Centro Universitário;Privada sem fins lucrativos;1192257;55;BIOMEDICINA;Educação Presencial;5108402;VÁRZEA GRANDE;MT;48;48;39;0,8125;0,0598;2,4360;3
2016;580;UNIVERSIDADE FEDERAL DE PERNAMBUCO;UFPE;Universidade;Pessoa Jurídica de Direito Público - Federal;1192307;3501;EDUCAÇÃO FÍSICA (BACHARELADO);Educação Presencial;2611606;RECIFE;PE;33;29;29;1,0000;-0,8467;2,0810;3
2016;2;UNIVERSIDADE DE BRASÍLIA;UNB;Universidade;Pessoa Jurídica de Direito Público - Federal;1192413;3501;EDUCAÇÃO FÍSICA (BACHARELADO);Educação Presencial;5300108;BRASÍLIA;DF;53;37;24;0,6486;0,4748;2,6870;3
2016;2;UNIVERSIDADE DE BRASÍLIA;UNB;Universidade;Pessoa Jurídica de Direito Público - Federal;1192419;27;FONOAUDIOLOGIA;Educação Presencial;5300108;BRASÍLIA;DF;12;12;11;0,9167;2,2355;3,3556;4
2016;15;UNIVERSIDADE CATÓLICA DE PETRÓPOLIS;UCP;Universidade;Privada sem fins lucrativos;1192472;3501;EDUCAÇÃO FÍSICA (BACHARELADO);Educação Presencial;3303906;PETRÓPOLIS;RJ;21;18;7;0,3889;0,3114;2,6121;3
2016;2132;FACULDADE BARÃO DO RIO BRANCO;FAB;Faculdade ;Privada com fins lucrativos;1192781;69;TECNOLOGIA EM RADIOLOGIA;Educação Presencial;1200401;RIO BRANCO;AC;83;80;60;0,7500;0,2344;2,4662;3
2016;2132;FACULDADE BARÃO DO RIO BRANCO;FAB;Faculdade ;Privada com fins lucrativos;1193408;91;TECNOLOGIA EM GESTÃO HOSPITALAR;Educação Presencial;1200401;RIO BRANCO;AC;30;29;24;0,8276;-1,3655;2,2265;3
2016;2132;FACULDADE BARÃO DO RIO BRANCO;FAB;Faculdade ;Privada com fins lucrativos;1193613;55;BIOMEDICINA;Educação Presencial;1200401;RIO BRANCO;AC;55;50;40;0,8000;-0,2314;2,2906;3
2016;1836;CENTRO UNIVERSITÁRIO FUNDAÇÃO DE ENSINO OCTÁVIO BASTOS - FEOB;UNIFEOB;Centro Universitário;Privada sem fins lucrativos;1200362;17;AGRONOMIA;Educação Presencial;3549102;SÃO JOÃO DA BOA VISTA;SP;103;100;53;0,5300;-0,1586;2,7604;3
2016;15059;UNIVERSIDADE FEDERAL DO OESTE DO PARÁ;UFOPA;Universidade;Pessoa Jurídica de Direito Público - Federal;1200688;17;AGRONOMIA;Educação Presencial;1506807;SANTARÉM;PA;18;17;17;1,0000;-1,1441;2,1651;3
2016;15059;UNIVERSIDADE FEDERAL DO OESTE DO PARÁ;UFOPA;Universidade;Pessoa Jurídica de Direito Público - Federal;1200689;19;FARMÁCIA;Educação Presencial;1506807;SANTARÉM;PA;24;24;24;1,0000;0,9843;2,8413;3
2016;15059;UNIVERSIDADE FEDERAL DO OESTE DO PARÁ;UFOPA;Universidade;Pessoa Jurídica de Direito Público - Federal;1200690;51;ZOOTECNIA;Educação Presencial;1506807;SANTARÉM;PA;14;12;12;1,0000;-1,4406;2,2082;3
2016;665;UNIVERSIDADE DE TAUBATÉ;UNITAU;Universidade;Pessoa Jurídica de Direito Público - Municipal;1202223;95;TECNOLOGIA EM ESTÉTICA E COSMÉTICA;Educação Presencial;3554102;TAUBATÉ;SP;34;23;15;0,6522;-0,1546;2,4206;3
2016;665;UNIVERSIDADE DE TAUBATÉ;UNITAU;Universidade;Pessoa Jurídica de Direito Público - Municipal;1202232;69;TECNOLOGIA EM RADIOLOGIA;Educação Presencial;3554102;TAUBATÉ;SP;13;9;2;0,2222;-3,2807;1,4786;2
2016;2774;Centro Universitário UNIFAFIBE;FAFIBE;Centro Universitário;Privada sem fins lucrativos;1202246;95;TECNOLOGIA EM ESTÉTICA E COSMÉTICA;Educação Presencial;3506102;BEBEDOURO;SP;50;49;36;0,7347;1,2334;3,2713;4
2016;2835;CENTRO UNIVERSITÁRIO MAURÍCIO DE NASSAU;UNINASSAU;Centro Universitário;Privada com fins lucrativos;1202388;38;SERVIÇO SOCIAL;Educação Presencial;2611606;RECIFE;PE;130;124;85;0,6855;-0,6021;2,3631;3
2016;3985;CENTRO UNIVERSITÁRIO SENAC;SENACSP;Centro Universitário;Privada sem fins lucrativos;1203283;3501;EDUCAÇÃO FÍSICA (BACHARELADO);Educação Presencial;3550308;SÃO PAULO;SP;20;19;4;0,2105;-0,8993;2,0569;3
2016;670;UNIVERSIDADE SÃO FRANCISCO;USF;Universidade;Privada sem fins lucrativos;1203355;55;BIOMEDICINA;Educação Presencial;3507605;BRAGANÇA PAULISTA;SP;26;26;22;0,8462;0,1355;2,4738;3
2016;244;CENTRO UNIVERSITÁRIO FIEO;UNIFIEO;Centro Universitário;Privada sem fins lucrativos;1203461;95;TECNOLOGIA EM ESTÉTICA E COSMÉTICA;Educação Presencial;3534401;OSASCO;SP;23;22;10;0,4545;-0,3283;2,3141;3
2016;1716;FACULDADE UNIÃO DAS AMÉRICAS;0;Faculdade ;Pessoa Jurídica de Direito Privado - Sem fins lucrativos - Fundação;1204014;3501;EDUCAÇÃO FÍSICA (BACHARELADO);Educação Presencial;4108304;FOZ DO IGUAÇU;PR;56;45;9;0,2000;-2,1630;1,4774;2
2016;1491;CENTRO UNIVERSITÁRIO INTERNACIONAL;UNINTER;Centro Universitário;Pessoa Jurídica de Direito Privado - Com fins lucrativos - Sociedade Civil;1204112;92;TECNOLOGIA EM GESTÃO AMBIENTAL;Educação a Distância;4106902;CURITIBA;PR;1004;788;249;0,3160;0,0967;2,5436;3
2016;150;UNIVERSIDADE DE SOROCABA;UNISO;Universidade;Privada sem fins lucrativos;1204182;3501;EDUCAÇÃO FÍSICA (BACHARELADO);Educação Presencial;3552205;SOROCABA;SP;8;8;1;0,1250;;;SC
2016;718;UNIVERSIDADE POTIGUAR;UNP;Universidade;Pessoa Jurídica de Direito Privado - Com fins lucrativos - Sociedade Civil;1204189;55;BIOMEDICINA;Educação Presencial;2408102;NATAL;RN;52;48;42;0,8750;-0,2143;2,2991;3
2016;823;UNIVERSIDADE DO CEUMA - UNICEUMA;UNICEUMA;Universidade;Privada sem fins lucrativos;1204581;55;BIOMEDICINA;Educação Presencial;2111300;SÃO LUÍS;MA;28;27;24;0,8889;-1,0272;1,8933;2
2016;823;UNIVERSIDADE DO CEUMA - UNICEUMA;UNICEUMA;Universidade;Privada sem fins lucrativos;1204986;3501;EDUCAÇÃO FÍSICA (BACHARELADO);Educação Presencial;2111300;SÃO LUÍS;MA;51;46;25;0,5435;0,4431;2,6725;3
2016;519;UNIVERSIDADE CATÓLICA DO SALVADOR;UCSAL;Universidade;Privada sem fins lucrativos;1205022;3501;EDUCAÇÃO FÍSICA (BACHARELADO);Educação Presencial;2927408;SALVADOR;BA;33;31;16;0,5161;-1,0040;2,0089;3
2016;319;UNIVERSIDADE CAMILO CASTELO BRANCO;UNICASTELO;Universidade;Pessoa Jurídica de Direito Privado - Sem fins lucrativos - Fundação;1205072;28;NUTRIÇÃO;Educação Presencial;3550308;SÃO PAULO;SP;14;11;5;0,4545;-0,4702;2,2319;3
2016;3161;Instituto Federal de Educação, Ciência e Tecnologia do Sertão Pernambucano;IF Sertão;Instituto Federal de Educação, Ciência e Tecnologia;Pessoa Jurídica de Direito Público - Federal;1205199;17;AGRONOMIA;Educação Presencial;2611101;PETROLINA;PE;51;50;20;0,4000;-0,2443;2,7087;3
2016;355;UNIVERSIDADE TUIUTI DO PARANÁ;UTP;Universidade;Privada com fins lucrativos;1205328;92;TECNOLOGIA EM GESTÃO AMBIENTAL;Educação Presencial;4106902;CURITIBA;PR;5;3;2;0,6667;6,3151;4,7981;5
2016;2191;FACULDADE ANHANGUERA DE PELOTAS;0;Faculdade ;Privada com fins lucrativos;1205554;3501;EDUCAÇÃO FÍSICA (BACHARELADO);Educação Presencial;4314407;PELOTAS;RS;2;2;0;0,0000;;;SC
2016;546;PONTIFÍCIA UNIVERSIDADE CATÓLICA DE SÃO PAULO;PUCSP;Universidade;Privada sem fins lucrativos;1205591;36;FISIOTERAPIA;Educação Presencial;3550308;SÃO PAULO;SP;4;3;0;0,0000;;;SC
2016;449;UNIVERSIDADE LUTERANA DO BRASIL;ULBRA;Universidade;Pessoa Jurídica de Direito Privado - Sem fins lucrativos - Fundação;1205712;92;TECNOLOGIA EM GESTÃO AMBIENTAL;Educação a Distância;4304606;CANOAS;RS;52;40;13;0,3250;1,8658;3,1850;4
2016;1107;Centro Universitário Estácio do Ceará;Estácio FIC;Centro Universitário;Privada com fins lucrativos;1205913;91;TECNOLOGIA EM GESTÃO HOSPITALAR;Educação Presencial;2304400;FORTALEZA;CE;36;34;15;0,4412;-0,0427;2,5624;3
2016;47;UNIVERSIDADE ESTADUAL DE GOIÁS;UEG;Universidade;Pessoa Jurídica de Direito Público - Estadual;1206391;90;TECNOLOGIA EM AGRONEGÓCIOS;Educação Presencial;5207402;EDÉIA;GO;24;24;10;0,4167;-4,1508;1,3213;2
2016;47;UNIVERSIDADE ESTADUAL DE GOIÁS;UEG;Universidade;Pessoa Jurídica de Direito Público - Estadual;1206392;90;TECNOLOGIA EM AGRONEGÓCIOS;Educação Presencial;5204904;CAMPOS BELOS;GO;29;24;19;0,7917;-2,1325;1,9622;3
2016;47;UNIVERSIDADE ESTADUAL DE GOIÁS;UEG;Universidade;Pessoa Jurídica de Direito Público - Estadual;1206568;95;TECNOLOGIA EM ESTÉTICA E COSMÉTICA;Educação Presencial;5208707;GOIÂNIA;GO;32;31;22;0,7097;-0,3298;2,3132;3
2016;352;CENTRO UNIVERSITÁRIO DE JOÃO PESSOA;UNIPÊ;Centro Universitário;Privada sem fins lucrativos;1211173;92;TECNOLOGIA EM GESTÃO AMBIENTAL;Educação Presencial;2507507;JOÃO PESSOA;PB;10;9;9;1,0000;-0,7106;2,2510;3
2016;56;UNIVERSIDADE ESTADUAL PAULISTA JÚLIO DE MESQUITA FILHO;UNESP;Universidade;Pessoa Jurídica de Direito Público - Estadual;1212124;3501;EDUCAÇÃO FÍSICA (BACHARELADO);Educação Presencial;3506003;BAURU;SP;63;37;27;0,7297;-0,8384;2,0848;3
2016;1292;Centro Universitário de Adamantina;FAI;Centro Universitário;Pessoa Jurídica de Direito Público - Municipal;1212462;3501;EDUCAÇÃO FÍSICA (BACHARELADO);Educação Presencial;3500105;ADAMANTINA;SP;17;11;1;0,0909;;;SC
2016;568;UNIVERSIDADE ESTADUAL DO MARANHÃO;UEMA;Universidade;Pessoa Jurídica de Direito Público - Estadual;1213054;23;ENFERMAGEM;Educação Presencial;2101202;BACABAL;MA;5;4;4;1,0000;-4,5816;0,3470;1
2016;446;UNIVERSIDADE DE CRUZ ALTA;UNICRUZ;Universidade;Privada sem fins lucrativos;1213944;3501;EDUCAÇÃO FÍSICA (BACHARELADO);Educação Presencial;4306106;CRUZ ALTA;RS;7;6;1;0,1667;;;SC
2016;1870;FACULDADES INTEGRADAS REGIONAIS DE AVARÉ;FIRA;Faculdade ;Pessoa Jurídica de Direito Público - Municipal;1214165;3501;EDUCAÇÃO FÍSICA (BACHARELADO);Educação Presencial;3504503;AVARÉ;SP;50;40;6;0,1500;;;SC
2016;568;UNIVERSIDADE ESTADUAL DO MARANHÃO;UEMA;Universidade;Pessoa Jurídica de Direito Público - Estadual;1214613;90;TECNOLOGIA EM AGRONEGÓCIOS;Educação Presencial;2105401;ITAPECURU MIRIM;MA;28;20;18;0,9000;-1,6650;2,1107;3
2016;338;PONTIFÍCIA UNIVERSIDADE CATÓLICA DE MINAS GERAIS;PUC MINAS;Universidade;Pessoa Jurídica de Direito Privado - Sem fins lucrativos - Fundação;1214846;55;BIOMEDICINA;Educação Presencial;3106705;BETIM;MG;13;13;13;1,0000;-0,3944;2,2092;3
2016;71;UNIVERSIDADE DO ESTADO DO RIO GRANDE DO NORTE;UERN;Universidade;Pessoa Jurídica de Direito Público - Estadual;1215159;3501;EDUCAÇÃO FÍSICA (BACHARELADO);Educação Presencial;2408003;MOSSORÓ;RN;17;16;15;0,9375;-0,6609;2,1662;3
2016;704;FACULDADE DE CIÊNCIAS AGRÁRIAS DE ARARIPINA;FACIAGRA;Faculdade ;Pessoa Jurídica de Direito Público - Municipal;1216373;92;TECNOLOGIA EM GESTÃO AMBIENTAL;Educação Presencial;2601102;ARARIPINA;PE;17;14;10;0,7143;0,8605;2,8205;3
2016;56;UNIVERSIDADE ESTADUAL PAULISTA JÚLIO DE MESQUITA FILHO;UNESP;Universidade;Pessoa Jurídica de Direito Público - Estadual;1257438;3501;EDUCAÇÃO FÍSICA (BACHARELADO);Educação Presencial;3541406;PRESIDENTE PRUDENTE;SP;46;35;28;0,8000;0,1225;2,5254;3
2016;385;UNIVERSIDADE SALVADOR;UNIFACS;Universidade;Pessoa Jurídica de Direito Privado - Com fins lucrativos - Sociedade Civil;1258705;19;FARMÁCIA;Educação Presencial;2927408;SALVADOR;BA;11;9;8;0,8889;2,3703;3,4439;4
2016;385;UNIVERSIDADE SALVADOR;UNIFACS;Universidade;Pessoa Jurídica de Direito Privado - Com fins lucrativos - Sociedade Civil;1258706;38;SERVIÇO SOCIAL;Educação Presencial;2927408;SALVADOR;BA;31;29;17;0,5862;-0,8161;2,2633;3
2016;385;UNIVERSIDADE SALVADOR;UNIFACS;Universidade;Pessoa Jurídica de Direito Privado - Com fins lucrativos - Sociedade Civil;1258710;55;BIOMEDICINA;Educação Presencial;2927408;SALVADOR;BA;23;19;18;0,9474;-0,5524;2,1303;3
2016;1060;CENTRO UNIVERSITÁRIO DO INSTITUTO DE EDUCAÇÃO SUPERIOR DE BRASÍLIA - IESB;IESB;Centro Universitário;Privada com fins lucrativos;1258720;3501;EDUCAÇÃO FÍSICA (BACHARELADO);Educação Presencial;5300108;BRASÍLIA;DF;10;10;2;0,2000;-2,2343;1,4447;2
2016;1418;CENTRO UNIVERSITÁRIO TOLEDO;UNITOLEDO;Centro Universitário;Privada com fins lucrativos;1258746;55;BIOMEDICINA;Educação Presencial;3502804;ARAÇATUBA;SP;22;21;20;0,9524;0,1563;2,4841;3
2016;322;UNIVERSIDADE PAULISTA;UNIP;Universidade;Privada sem fins lucrativos;1258824;55;BIOMEDICINA;Educação Presencial;3547304;SANTANA DE PARNAÍBA;SP;4;4;4;1,0000;2,0798;3,4445;4
2016;322;UNIVERSIDADE PAULISTA;UNIP;Universidade;Privada sem fins lucrativos;1258827;69;TECNOLOGIA EM RADIOLOGIA;Educação Presencial;3549904;SÃO JOSÉ DOS CAMPOS;SP;3;3;1;0,3333;;;SC
2016;322;UNIVERSIDADE PAULISTA;UNIP;Universidade;Privada sem fins lucrativos;1258831;3501;EDUCAÇÃO FÍSICA (BACHARELADO);Educação Presencial;3525904;JUNDIAÍ;SP;9;9;6;0,6667;-1,6031;1,7341;2
2016;322;UNIVERSIDADE PAULISTA;UNIP;Universidade;Privada sem fins lucrativos;1258832;3501;EDUCAÇÃO FÍSICA (BACHARELADO);Educação Presencial;1302603;MANAUS;AM;21;13;5;0,3846;3,7352;4,1822;5
2016;322;UNIVERSIDADE PAULISTA;UNIP;Universidade;Privada sem fins lucrativos;1258859;95;TECNOLOGIA EM ESTÉTICA E COSMÉTICA;Educação Presencial;5208707;GOIÂNIA;GO;20;19;13;0,6842;-2,2270;1,1505;2
2016;322;UNIVERSIDADE PAULISTA;UNIP;Universidade;Privada sem fins lucrativos;1258867;38;SERVIÇO SOCIAL;Educação Presencial;3547304;SANTANA DE PARNAÍBA;SP;23;21;9;0,4286;0,8607;3,0457;4
2016;322;UNIVERSIDADE PAULISTA;UNIP;Universidade;Privada sem fins lucrativos;1258868;38;SERVIÇO SOCIAL;Educação Presencial;3509502;CAMPINAS;SP;31;29;17;0,5862;-0,0311;2,6296;3
2016;322;UNIVERSIDADE PAULISTA;UNIP;Universidade;Privada sem fins lucrativos;1258873;55;BIOMEDICINA;Educação Presencial;3549706;SÃO JOSÉ DO RIO PARDO;SP;9;9;9;1,0000;-0,6269;2,0931;3
2016;746;UNIVERSIDADE REGIONAL DO CARIRI;URCA;Universidade;Pessoa Jurídica de Direito Público - Estadual;1258919;23;ENFERMAGEM;Educação Presencial;2305506;IGUATU;CE;54;53;43;0,8113;0,3550;2,6707;3
2016;1895;CENTRO UNIVERSITÁRIO CHRISTUS;UNICHRISTUS;Centro Universitário;Privada com fins lucrativos;1258976;55;BIOMEDICINA;Educação Presencial;2304400;FORTALEZA;CE;4;4;4;1,0000;4,7446;4,7749;5
2016;1205;FACULDADE EDUCACIONAL DA LAPA;FAEL;Faculdade ;Pessoa Jurídica de Direito Privado - Com fins lucrativos - Sociedade Civil;1259896;92;TECNOLOGIA EM GESTÃO AMBIENTAL;Educação a Distância;4113205;LAPA;PR;95;91;27;0,2967;-0,8431;2,2029;3
2016;3797;FACULDADE GUAIRACÁ;FAG;Faculdade ;Privada com fins lucrativos;1260283;95;TECNOLOGIA EM ESTÉTICA E COSMÉTICA;Educação Presencial;4109401;GUARAPUAVA;PR;19;19;15;0,7895;-1,4879;1,6035;2
2016;4169;FACULDADE NOSSA CIDADE;FNC;Faculdade ;Privada com fins lucrativos;1260836;3501;EDUCAÇÃO FÍSICA (BACHARELADO);Educação Presencial;3510609;CARAPICUÍBA;SP;68;57;13;0,2281;-1,1949;1,9213;2
2016;355;UNIVERSIDADE TUIUTI DO PARANÁ;UTP;Universidade;Privada com fins lucrativos;1261751;69;TECNOLOGIA EM RADIOLOGIA;Educação Presencial;4106902;CURITIBA;PR;28;27;12;0,4444;0,2604;2,4735;3
2016;1396;Centro Universitário Dinâmica das Cataratas;UDC;Centro Universitário;Privada com fins lucrativos;1264098;95;TECNOLOGIA EM ESTÉTICA E COSMÉTICA;Educação Presencial;4108304;FOZ DO IGUAÇU;PR;34;31;19;0,6129;-1,5153;1,5867;2
2016;4358;INSTITUTO FEDERAL DE EDUCAÇÃO, CIÊNCIA E TECNOLOGIA DO SUL DE MINAS GERAIS;IF SUL DE MINAS;Instituto Federal de Educação, Ciência e Tecnologia;Pessoa Jurídica de Direito Público - Federal;1266647;92;TECNOLOGIA EM GESTÃO AMBIENTAL;Educação Presencial;3151800;POÇOS DE CALDAS;MG;20;18;14;0,7778;0,8828;2,8286;3
2016;417;UNIVERSIDADE CIDADE DE SÃO PAULO;UNICID;Universidade;Privada com fins lucrativos;1266730;92;TECNOLOGIA EM GESTÃO AMBIENTAL;Educação a Distância;3550308;SÃO PAULO;SP;42;37;2;0,0541;;;SC
2016;692;FACULDADE DE CIÊNCIAS APLICADAS E SOCIAIS DE PETROLINA;FACAPE;Faculdade ;Pessoa Jurídica de Direito Público - Municipal;1267239;38;SERVIÇO SOCIAL;Educação Presencial;2611101;PETROLINA;PE;17;17;14;0,8235;1,3400;3,2694;4
2016;953;UNIVERSIDADE METROPOLITANA DE SANTOS;UNIMES;Universidade;Privada sem fins lucrativos;1268517;92;TECNOLOGIA EM GESTÃO AMBIENTAL;Educação a Distância;3548500;SANTOS;SP;108;15;2;0,1333;;;SC
2016;143;UNIVERSIDADE DE UBERABA;UNIUBE;Universidade;Privada sem fins lucrativos;1268540;90;TECNOLOGIA EM AGRONEGÓCIOS;Educação Presencial;3170107;UBERABA;MG;18;13;7;0,5385;-4,7421;1,1335;2
2016;2835;CENTRO UNIVERSITÁRIO MAURÍCIO DE NASSAU;UNINASSAU;Centro Universitário;Privada com fins lucrativos;1276208;95;TECNOLOGIA EM ESTÉTICA E COSMÉTICA;Educação Presencial;2611606;RECIFE;PE;19;16;5;0,3125;1,0018;3,1293;4
2016;409;UNIVERSIDADE DE PERNAMBUCO;UPE;Universidade;Pessoa Jurídica de Direito Público - Estadual;1276879;38;SERVIÇO SOCIAL;Educação Presencial;2610004;PALMARES;PE;23;22;21;0,9545;0,2882;2,7786;3
2016;718;UNIVERSIDADE POTIGUAR;UNP;Universidade;Pessoa Jurídica de Direito Privado - Com fins lucrativos - Sociedade Civil;1278869;69;TECNOLOGIA EM RADIOLOGIA;Educação Presencial;2408102;NATAL;RN;47;42;18;0,4286;1,0214;2,6873;3
2016;349;CENTRO UNIVERSITÁRIO DE BELO HORIZONTE;UNI-BH;Centro Universitário;Privada com fins lucrativos;1279015;55;BIOMEDICINA;Educação Presencial;3106200;BELO HORIZONTE;MG;1;1;0;0,0000;;;SC
2016;349;CENTRO UNIVERSITÁRIO DE BELO HORIZONTE;UNI-BH;Centro Universitário;Privada com fins lucrativos;1279020;95;TECNOLOGIA EM ESTÉTICA E COSMÉTICA;Educação Presencial;3106200;BELO HORIZONTE;MG;50;50;38;0,7600;0,3456;2,7271;3
2016;20;UNIVERSIDADE DE PASSO FUNDO;UPF;Universidade;Privada sem fins lucrativos;1279396;90;TECNOLOGIA EM AGRONEGÓCIOS;Educação Presencial;4313706;PALMEIRA DAS MISSÕES;RS;3;3;1;0,3333;;;SC
2016;449;UNIVERSIDADE LUTERANA DO BRASIL;ULBRA;Universidade;Pessoa Jurídica de Direito Privado - Sem fins lucrativos - Fundação;1279840;3501;EDUCAÇÃO FÍSICA (BACHARELADO);Educação Presencial;4303004;CACHOEIRA DO SUL;RS;16;13;4;0,3077;2,0574;3,4128;4
2016;221;UNIVERSIDADE CRUZEIRO DO SUL;UNICSUL;Universidade;Pessoa Jurídica de Direito Privado - Com fins lucrativos - Sociedade Civil;1285859;92;TECNOLOGIA EM GESTÃO AMBIENTAL;Educação a Distância;3550308;SÃO PAULO;SP;37;32;11;0,3438;-5,0869;0,6643;1
2016;322;UNIVERSIDADE PAULISTA;UNIP;Universidade;Privada sem fins lucrativos;1286756;90;TECNOLOGIA EM AGRONEGÓCIOS;Educação a Distância;3550308;SÃO PAULO;SP;15;10;0;0,0000;;;SC
2016;322;UNIVERSIDADE PAULISTA;UNIP;Universidade;Privada sem fins lucrativos;1286786;91;TECNOLOGIA EM GESTÃO HOSPITALAR;Educação a Distância;3550308;SÃO PAULO;SP;17;16;5;0,3125;9,5579;5,0000;5
2016;322;UNIVERSIDADE PAULISTA;UNIP;Universidade;Privada sem fins lucrativos;1286857;92;TECNOLOGIA EM GESTÃO AMBIENTAL;Educação a Distância;3550308;SÃO PAULO;SP;238;217;96;0,4424;-0,4382;2,3497;3
2016;1185;CENTRO UNIVERSITÁRIO JORGE AMADO;UNIJORGE;Centro Universitário;Privada com fins lucrativos;1287504;92;TECNOLOGIA EM GESTÃO AMBIENTAL;Educação a Distância;2927408;SALVADOR;BA;11;10;3;0,3000;-3,9692;1,0696;2
2016;568;UNIVERSIDADE ESTADUAL DO MARANHÃO;UEMA;Universidade;Pessoa Jurídica de Direito Público - Estadual;1287599;92;TECNOLOGIA EM GESTÃO AMBIENTAL;Educação Presencial;2100055;AÇAILÂNDIA;MA;49;27;25;0,9259;-0,5909;2,2943;3
2016;1396;Centro Universitário Dinâmica das Cataratas;UDC;Centro Universitário;Privada com fins lucrativos;1292721;69;TECNOLOGIA EM RADIOLOGIA;Educação Presencial;4108304;FOZ DO IGUAÇU;PR;13;13;6;0,4615;-5,0715;0,9754;2
2016;1185;CENTRO UNIVERSITÁRIO JORGE AMADO;UNIJORGE;Centro Universitário;Privada com fins lucrativos;1295074;38;SERVIÇO SOCIAL;Educação a Distância;2927408;SALVADOR;BA;2;2;1;0,5000;;;SC
2016;4020;FACULDADE DE TECNOLOGIA DE BOTUCATU;FATEC BT;Faculdade ;Pessoa Jurídica de Direito Público - Estadual;1295812;90;TECNOLOGIA EM AGRONEGÓCIOS;Educação Presencial;3507506;BOTUCATU;SP;23;18;10;0,5556;-1,3448;2,2124;3
2016;322;UNIVERSIDADE PAULISTA;UNIP;Universidade;Privada sem fins lucrativos;1295999;38;SERVIÇO SOCIAL;Educação Presencial;3550308;SÃO PAULO;SP;17;15;6;0,4000;-2,6004;1,4307;2
2016;496;UNIVERSIDADE DE FRANCA;UNIFRAN;Universidade;Privada com fins lucrativos;1296692;92;TECNOLOGIA EM GESTÃO AMBIENTAL;Educação a Distância;3516200;FRANCA;SP;86;75;19;0,2533;-3,0475;1,4037;2
2016;1270;CENTRO UNIVERSITÁRIO UNISEB;UNISEB;Centro Universitário;Privada com fins lucrativos;1300486;92;TECNOLOGIA EM GESTÃO AMBIENTAL;Educação a Distância;3543402;RIBEIRÃO PRETO;SP;56;48;10;0,2083;-3,6449;1,1871;2
2016;829;UNIVERSIDADE DO TOCANTINS;UNITINS;Universidade;Pessoa Jurídica de Direito Público - Estadual;1303776;90;TECNOLOGIA EM AGRONEGÓCIOS;Educação Presencial;1702554;AUGUSTINÓPOLIS;TO;10;9;5;0,5556;-1,9739;2,0126;3
2016;1042;UNIVERSIDADE POSITIVO;UP;Universidade;Privada com fins lucrativos;1308133;95;TECNOLOGIA EM ESTÉTICA E COSMÉTICA;Educação Presencial;4106902;CURITIBA;PR;14;14;7;0,5000;0,0784;2,5634;3
2016;165;UNIVERSIDADE VEIGA DE ALMEIDA;UVA;Universidade;Privada com fins lucrativos;1313001;92;TECNOLOGIA EM GESTÃO AMBIENTAL;Educação a Distância;3304557;RIO DE JANEIRO;RJ;17;12;3;0,2500;-6,9194;0,0000;1
2016;829;UNIVERSIDADE DO TOCANTINS;UNITINS;Universidade;Pessoa Jurídica de Direito Público - Estadual;1313151;23;ENFERMAGEM;Educação Presencial;1702554;AUGUSTINÓPOLIS;TO;44;40;25;0,6250;-1,8279;1,6432;2
2016;494;UNIVERSIDADE DO SUL DE SANTA CATARINA;UNISUL;Universidade;Privada sem fins lucrativos;1315411;95;TECNOLOGIA EM ESTÉTICA E COSMÉTICA;Educação Presencial;4211900;PALHOÇA;SC;14;12;2;0,1667;;;SC
2016;3172;UNIVERSIDADE DO ESTADO DO AMAZONAS;UEA;Universidade;Pessoa Jurídica de Direito Público - Estadual;1315412;92;TECNOLOGIA EM GESTÃO AMBIENTAL;Educação Presencial;1303403;PARINTINS;AM;1;0;0;0,0000;;;SC
2016;3172;UNIVERSIDADE DO ESTADO DO AMAZONAS;UEA;Universidade;Pessoa Jurídica de Direito Público - Estadual;1316076;92;TECNOLOGIA EM GESTÃO AMBIENTAL;Educação Presencial;1302900;MAUÉS;AM;39;36;22;0,6111;-1,1763;2,0821;3
2016;163;UNIVERSIDADE ESTÁCIO DE SÁ;UNESA;Universidade;Privada com fins lucrativos;1321349;23;ENFERMAGEM;Educação Presencial;3303906;PETRÓPOLIS;RJ;1;1;0;0,0000;;;SC
2016;14890;FACULDADE PRAIA GRANDE;FPG;Faculdade ;Pessoa Jurídica de Direito Privado - Com fins lucrativos - Sociedade Mercantil ou Comercial;1322182;3501;EDUCAÇÃO FÍSICA (BACHARELADO);Educação Presencial;3541000;PRAIA GRANDE;SP;9;9;3;0,3333;-2,3363;1,3979;2
2016;513;UNIVERSIDADE VALE DO RIO DOCE;UNIVALE;Universidade;Pessoa Jurídica de Direito Privado - Sem fins lucrativos - Fundação;1322573;90;TECNOLOGIA EM AGRONEGÓCIOS;Educação Presencial;3127701;GOVERNADOR VALADARES;MG;13;11;6;0,5455;-0,3415;2,5310;3
2016;456;CENTRO UNIVERSITÁRIO SANT´ANNA;UNISANT'ANNA;Centro Universitário;Privada sem fins lucrativos;1323258;55;BIOMEDICINA;Educação Presencial;3550308;SÃO PAULO;SP;5;0;0;0,0000;;;SC
2016;456;CENTRO UNIVERSITÁRIO SANT´ANNA;UNISANT'ANNA;Centro Universitário;Privada sem fins lucrativos;1323265;28;NUTRIÇÃO;Educação Presencial;3550308;SÃO PAULO;SP;18;0;0;0,0000;;;SC
2016;1042;UNIVERSIDADE POSITIVO;UP;Universidade;Privada com fins lucrativos;1331015;92;TECNOLOGIA EM GESTÃO AMBIENTAL;Educação Presencial;4106902;CURITIBA;PR;15;11;5;0,4545;1,0131;2,8759;3
2016;1656;INSTITUTO DE ENSINO SUPERIOR DE TERESINA;IEST;Faculdade ;Privada sem fins lucrativos;1331810;3501;EDUCAÇÃO FÍSICA (BACHARELADO);Educação Presencial;2211001;TERESINA;PI;14;0;0;0,0000;;;SC
2016;316;UNIVERSIDADE NOVE DE JULHO;UNINOVE;Universidade;Privada sem fins lucrativos;1349262;92;TECNOLOGIA EM GESTÃO AMBIENTAL;Educação a Distância;3550308;SÃO PAULO;SP;21;20;6;0,3000;-4,5633;0,8542;1
2016;15032;UNIVERSIDADE ALTO VALE DO RIO DO PEIXE;UNIARP;Universidade;Privada sem fins lucrativos;1353712;95;TECNOLOGIA EM ESTÉTICA E COSMÉTICA;Educação Presencial;4203006;CAÇADOR;SC;27;26;10;0,3846;-0,9556;1,9297;2
2016;4858;ESCOLA SUPERIOR DE SAÚDE DE ARCOVERDE;ESSA;Faculdade ;Pessoa Jurídica de Direito Público - Municipal;1353996;3501;EDUCAÇÃO FÍSICA (BACHARELADO);Educação Presencial;2601201;ARCOVERDE;PE;40;35;3;0,0857;;;SC
2016;621;CENTRO UNIVERSITÁRIO CESMAC;CESMAC;Centro Universitário;Privada sem fins lucrativos;2500005;38;SERVIÇO SOCIAL;Educação Presencial;2704302;MACEIÓ;AL;27;26;19;0,7308;0,3093;2,7884;3
2016;17224;Faculdade Cesmac do Sertão;CESMAC Sertão;Faculdade ;Privada sem fins lucrativos;2500022;23;ENFERMAGEM;Educação Presencial;2706307;PALMEIRA DOS ÍNDIOS;AL;85;84;52;0,6190;-0,2611;2,3807;3
2016;494;UNIVERSIDADE DO SUL DE SANTA CATARINA;UNISUL;Universidade;Privada sem fins lucrativos;2500102;6;ODONTOLOGIA;Educação Presencial;4211900;PALHOÇA;SC;6;6;5;0,8333;-2,3441;0,0000;1
2016;398;UNIVERSIDADE TIRADENTES;UNIT;Universidade;Privada com fins lucrativos;5000001;12;MEDICINA;Educação Presencial;2800308;ARACAJU;SE;54;53;50;0,9434;-0,7281;2,1320;3
2016;1805;FACULDADE DOS GUARARAPES;FG;Faculdade ;Pessoa Jurídica de Direito Privado - Com fins lucrativos - Sociedade Civil;5000010;23;ENFERMAGEM;Educação Presencial;2607901;JABOATÃO DOS GUARARAPES;PE;121;116;61;0,5259;-0,1827;2,4176;3
2016;1131;FACULDADE SANTO AGOSTINHO;FSA;Faculdade ;Privada com fins lucrativos;5000011;3501;EDUCAÇÃO FÍSICA (BACHARELADO);Educação Presencial;2211001;TERESINA;PI;40;37;25;0,6757;-0,2416;2,3585;3
2016;1721;FACULDADE DE VIÇOSA;FDV;Faculdade ;Privada com fins lucrativos;5000012;3501;EDUCAÇÃO FÍSICA (BACHARELADO);Educação Presencial;3171303;VIÇOSA;MG;18;17;16;0,9412;-1,7644;1,6602;2
2016;1459;FACULDADE DE CIÊNCIAS HUMANAS E SOCIAIS;FUCAMP;Faculdade ;Privada sem fins lucrativos;5000023;17;AGRONOMIA;Educação Presencial;3143104;MONTE CARMELO;MG;66;63;47;0,7460;-1,3051;2,0679;3
2016;352;CENTRO UNIVERSITÁRIO DE JOÃO PESSOA;UNIPÊ;Centro Universitário;Privada sem fins lucrativos;5000026;3501;EDUCAÇÃO FÍSICA (BACHARELADO);Educação Presencial;2507507;JOÃO PESSOA;PB;120;110;82;0,7455;0,1416;2,5342;3
2016;2944;FACULDADE DO SUL;FACSUL;Faculdade ;Pessoa Jurídica de Direito Privado - Com fins lucrativos - Sociedade Mercantil ou Comercial;5000029;23;ENFERMAGEM;Educação Presencial;2914802;ITABUNA;BA;113;107;88;0,8224;0,0110;2,5088;3
2016;131;FACULDADE DE EDUCAÇÃO FÍSICA DE BARRA BONITA;FAEFI;Faculdade ;Privada sem fins lucrativos;5000030;3501;EDUCAÇÃO FÍSICA (BACHARELADO);Educação Presencial;3505302;BARRA BONITA;SP;20;20;4;0,2000;-1,8638;1,6146;2
2016;828;FACULDADE DE SÃO LOURENÇO;FASAMA;Faculdade ;Privada com fins lucrativos;5000033;38;SERVIÇO SOCIAL;Educação Presencial;3163706;SÃO LOURENÇO;MG;32;32;22;0,6875;-0,1097;2,5929;3
2016;2350;ESCOLA SUPERIOR MADRE CELESTE;ESMAC;Faculdade ;Privada com fins lucrativos;5000042;23;ENFERMAGEM;Educação Presencial;1500800;ANANINDEUA;PA;21;19;15;0,7895;-0,5353;2,2516;3
2016;1807;INSTITUTO FEDERAL DE EDUCAÇÃO, CIÊNCIA E TECNOLOGIA DO CEARÁ;IFCE;Instituto Federal de Educação, Ciência e Tecnologia;Pessoa Jurídica de Direito Público - Federal;5000144;38;SERVIÇO SOCIAL;Educação Presencial;2305506;IGUATU;CE;68;68;64;0,9412;0,4030;2,8322;3
2016;1807;INSTITUTO FEDERAL DE EDUCAÇÃO, CIÊNCIA E TECNOLOGIA DO CEARÁ;IFCE;Instituto Federal de Educação, Ciência e Tecnologia;Pessoa Jurídica de Direito Público - Federal;5000145;90;TECNOLOGIA EM AGRONEGÓCIOS;Educação Presencial;2307601;LIMOEIRO DO NORTE;CE;3;2;1;0,5000;;;SC
2016;1807;INSTITUTO FEDERAL DE EDUCAÇÃO, CIÊNCIA E TECNOLOGIA DO CEARÁ;IFCE;Instituto Federal de Educação, Ciência e Tecnologia;Pessoa Jurídica de Direito Público - Federal;5000147;28;NUTRIÇÃO;Educação Presencial;2307601;LIMOEIRO DO NORTE;CE;45;40;38;0,9500;-0,3578;2,2826;3
2016;1807;INSTITUTO FEDERAL DE EDUCAÇÃO, CIÊNCIA E TECNOLOGIA DO CEARÁ;IFCE;Instituto Federal de Educação, Ciência e Tecnologia;Pessoa Jurídica de Direito Público - Federal;5000148;51;ZOOTECNIA;Educação Presencial;2304202;CRATO;CE;20;19;18;0,9474;-2,7246;1,6759;2
2016;1336;CENTRO UNIVERSITÁRIO ASSIS GURGACZ;FAG;Centro Universitário;Privada sem fins lucrativos;5000150;3501;EDUCAÇÃO FÍSICA (BACHARELADO);Educação Presencial;4104808;CASCAVEL;PR;80;73;15;0,2055;-0,4398;2,2676;3
2016;828;FACULDADE DE SÃO LOURENÇO;FASAMA;Faculdade ;Privada com fins lucrativos;5000173;23;ENFERMAGEM;Educação Presencial;3163706;SÃO LOURENÇO;MG;18;16;6;0,3750;0,1284;2,5641;3
2016;1716;FACULDADE UNIÃO DAS AMÉRICAS;0;Faculdade ;Pessoa Jurídica de Direito Privado - Sem fins lucrativos - Fundação;5000176;19;FARMÁCIA;Educação Presencial;4108304;FOZ DO IGUAÇU;PR;18;15;11;0,7333;-0,6079;2,1492;3
2016;2200;FACULDADE VALE DO GORUTUBA;FAVAG;Faculdade ;Privada com fins lucrativos;5000183;23;ENFERMAGEM;Educação Presencial;3145059;NOVA PORTEIRINHA;MG;21;16;15;0,9375;-1,5293;1,7837;2
2016;1359;FACULDADE CAPIXABA DE NOVA VENÉCIA;MULTIVIX NOVA VENÉCI;Faculdade ;Privada com fins lucrativos;5000191;23;ENFERMAGEM;Educação Presencial;3203908;NOVA VENÉCIA;ES;29;28;27;0,9643;1,0875;3,0155;4
2016;2409;FACULDADE ASCES;ASCES;Centro Universitário;Privada sem fins lucrativos;5000194;38;SERVIÇO SOCIAL;Educação Presencial;2604106;CARUARU;PE;13;13;10;0,7692;1,7349;3,4536;4
2016;727;FACULDADE DE FILOSOFIA, CIÊNCIAS E LETRAS DO ALTO SÃO FRANCISCO;FASF;Faculdade ;Privada sem fins lucrativos;5000195;19;FARMÁCIA;Educação Presencial;3138807;LUZ;MG;13;12;10;0,8333;-4,2428;0,5690;1
2016;1504;FACULDADE MAURÍCIO DE NASSAU DE MACEIÓ;0;Faculdade ;Privada sem fins lucrativos;5000196;19;FARMÁCIA;Educação Presencial;2704302;MACEIÓ;AL;114;110;65;0,5909;-0,5318;2,1823;3
2016;1055;FACULDADE MAURÍCIO DE NASSAU DE SALVADOR;FMN SALVADOR;Faculdade ;Privada sem fins lucrativos;5000214;36;FISIOTERAPIA;Educação Presencial;2927408;SALVADOR;BA;39;39;31;0,7949;-0,1182;2,4333;3
2016;2420;FACULDADE PARANAENSE;FAPAR;Faculdade ;Privada sem fins lucrativos;5000215;36;FISIOTERAPIA;Educação Presencial;4106902;CURITIBA;PR;35;32;19;0,5938;-0,3326;2,3376;3
2016;1084;FACULDADE CENECISTA DE BENTO GONÇALVES;FACEBG;Faculdade ;Privada sem fins lucrativos;5000221;36;FISIOTERAPIA;Educação Presencial;4302105;BENTO GONÇALVES;RS;25;25;19;0,7600;0,2963;2,6184;3
2016;1427;FACULDADE DA SERRA GAÚCHA;FSG;Faculdade ;Privada com fins lucrativos;5000225;55;BIOMEDICINA;Educação Presencial;4305108;CAXIAS DO SUL;RS;55;53;37;0,6981;-0,1884;2,3121;3
2016;1434;INSTITUTO DE ENSINO SUPERIOR DE ITAPIRA;IESI;Faculdade ;Privada sem fins lucrativos;5000227;36;FISIOTERAPIA;Educação Presencial;3522604;ITAPIRA;SP;2;2;2;1,0000;-6,7541;0,0000;1
2016;1427;FACULDADE DA SERRA GAÚCHA;FSG;Faculdade ;Privada com fins lucrativos;5000228;23;ENFERMAGEM;Educação Presencial;4305108;CAXIAS DO SUL;RS;28;27;15;0,5556;0,7851;2,8732;3
2016;1107;Centro Universitário Estácio do Ceará;Estácio FIC;Centro Universitário;Privada com fins lucrativos;5000235;23;ENFERMAGEM;Educação Presencial;2304400;FORTALEZA;CE;316;310;224;0,7226;-0,3353;2,3458;3
2016;1804;FACULDADE DE MAUÁ - FAMA;FAMA;Faculdade ;Privada sem fins lucrativos;5000240;23;ENFERMAGEM;Educação Presencial;3529401;MAUÁ;SP;60;51;13;0,2549;-1,0758;1,9972;3
2016;1804;FACULDADE DE MAUÁ - FAMA;FAMA;Faculdade ;Privada sem fins lucrativos;5000241;28;NUTRIÇÃO;Educação Presencial;3529401;MAUÁ;SP;51;46;16;0,3478;-0,4259;2,2519;3
2016;1540;INSTITUTO DE ENSINO SUPERIOR DE RONDÔNIA;IESUR;Faculdade ;Privada sem fins lucrativos;5000263;19;FARMÁCIA;Educação Presencial;1100023;ARIQUEMES;RO;48;47;28;0,5957;-2,5836;1,2903;2
2016;1540;INSTITUTO DE ENSINO SUPERIOR DE RONDÔNIA;IESUR;Faculdade ;Privada sem fins lucrativos;5000264;23;ENFERMAGEM;Educação Presencial;1100023;ARIQUEMES;RO;37;32;23;0,7188;0,0693;2,5362;3
2016;3980;FACULDADE JK - BRASÍLIA - UNIDADE PLANO PILOTO;CENACAP;Faculdade ;Pessoa Jurídica de Direito Privado - Com fins lucrativos - Sociedade Civil;5000271;23;ENFERMAGEM;Educação Presencial;5300108;BRASÍLIA;DF;137;129;64;0,4961;-0,3254;2,3504;3
2016;1772;FACULDADE NORDESTE;FANOR;Faculdade ;Pessoa Jurídica de Direito Privado - Com fins lucrativos - Sociedade Civil;5000272;3501;EDUCAÇÃO FÍSICA (BACHARELADO);Educação Presencial;2304400;FORTALEZA;CE;13;11;5;0,4545;-1,3182;1,8648;2
2016;396;FACULDADE RUY BARBOSA;FRBA;Faculdade ;Privada com fins lucrativos;5000293;23;ENFERMAGEM;Educação Presencial;2927408;SALVADOR;BA;33;31;27;0,8710;0,5338;2,7548;3
2016;396;FACULDADE RUY BARBOSA;FRBA;Faculdade ;Privada com fins lucrativos;5000294;36;FISIOTERAPIA;Educação Presencial;2927408;SALVADOR;BA;10;9;9;1,0000;0,5112;2,7144;3
2016;396;FACULDADE RUY BARBOSA;FRBA;Faculdade ;Privada com fins lucrativos;5000295;28;NUTRIÇÃO;Educação Presencial;2927408;SALVADOR;BA;37;34;28;0,8235;-0,0155;2,4369;3
2016;2123;FACULDADE MAX PLANCK;FMP;Faculdade ;Pessoa Jurídica de Direito Privado - Com fins lucrativos - Sociedade Mercantil ou Comercial;5000300;3501;EDUCAÇÃO FÍSICA (BACHARELADO);Educação Presencial;3520509;INDAIATUBA;SP;34;32;14;0,4375;1,1638;3,0030;4
2016;2122;Estácio FASE - Faculdade Estácio de Sergipe;Estácio FASE;Faculdade ;Privada com fins lucrativos;5000308;28;NUTRIÇÃO;Educação Presencial;2800308;ARACAJU;SE;111;105;76;0,7238;-0,1786;2,3634;3
2016;1350;FACULDADE DO VALE DO JAGUARIBE;FVJ;Faculdade ;Privada com fins lucrativos;5000310;38;SERVIÇO SOCIAL;Educação Presencial;2301109;ARACATI;CE;31;28;21;0,7500;0,2813;2,7754;3
2016;1092;FACULDADES INTEGRADAS DE BAURU;FIB;Faculdade ;Privada com fins lucrativos;5000313;23;ENFERMAGEM;Educação Presencial;3506003;BAURU;SP;1;1;0;0,0000;;;SC
2016;2242;FACULDADE DO RECIFE;FAREC;Faculdade ;Privada sem fins lucrativos;5000317;23;ENFERMAGEM;Educação Presencial;2611606;RECIFE;PE;60;58;37;0,6379;-0,8800;2,0894;3
2016;2242;FACULDADE DO RECIFE;FAREC;Faculdade ;Privada sem fins lucrativos;5000318;38;SERVIÇO SOCIAL;Educação Presencial;2611606;RECIFE;PE;29;25;14;0,5600;-0,7425;2,2976;3
2016;1504;FACULDADE MAURÍCIO DE NASSAU DE MACEIÓ;0;Faculdade ;Privada sem fins lucrativos;5000319;28;NUTRIÇÃO;Educação Presencial;2704302;MACEIÓ;AL;117;114;89;0,7807;-0,3986;2,2642;3
2016;2123;FACULDADE MAX PLANCK;FMP;Faculdade ;Pessoa Jurídica de Direito Privado - Com fins lucrativos - Sociedade Mercantil ou Comercial;5000320;5;MEDICINA VETERINÁRIA;Educação Presencial;3520509;INDAIATUBA;SP;29;28;9;0,3214;-0,3181;2,3573;3
2016;2123;FACULDADE MAX PLANCK;FMP;Faculdade ;Pessoa Jurídica de Direito Privado - Com fins lucrativos - Sociedade Mercantil ou Comercial;5000321;28;NUTRIÇÃO;Educação Presencial;3520509;INDAIATUBA;SP;24;24;11;0,4583;4,1630;4,3211;5
2016;1641;FACULDADE SOCIAL DA BAHIA;FSBA;Faculdade ;Privada sem fins lucrativos;5000322;3501;EDUCAÇÃO FÍSICA (BACHARELADO);Educação Presencial;2927408;SALVADOR;BA;83;75;26;0,3467;-0,8257;2,0906;3
2016;2194;FACULDADE ANHANGUERA DO RIO GRANDE;0;Faculdade ;Privada com fins lucrativos;5000331;23;ENFERMAGEM;Educação Presencial;4315602;RIO GRANDE;RS;53;49;43;0,8776;-1,0449;2,0118;3
2016;2086;INSTITUTO DE ENSINO SUPERIOR DE FOZ DO IGUAÇU;IESFI;Faculdade ;Privada sem fins lucrativos;5000365;19;FARMÁCIA;Educação Presencial;4108304;FOZ DO IGUAÇU;PR;22;21;9;0,4286;-0,8339;2,0509;3
2016;15121;UNIVERSIDADE FEDERAL DA FRONTEIRA SUL;UFFS;Universidade;Pessoa Jurídica de Direito Público - Federal;5000381;17;AGRONOMIA;Educação Presencial;4305207;CERRO LARGO;RS;46;45;45;1,0000;0,2057;2,9805;4
2016;15121;UNIVERSIDADE FEDERAL DA FRONTEIRA SUL;UFFS;Universidade;Pessoa Jurídica de Direito Público - Federal;5000382;17;AGRONOMIA;Educação Presencial;4307005;ERECHIM;RS;48;48;46;0,9583;0,8388;3,3629;4
2016;15121;UNIVERSIDADE FEDERAL DA FRONTEIRA SUL;UFFS;Universidade;Pessoa Jurídica de Direito Público - Federal;5000383;17;AGRONOMIA;Educação Presencial;4113304;LARANJEIRAS DO SUL;PR;40;40;40;1,0000;0,7938;3,3358;4
2016;15121;UNIVERSIDADE FEDERAL DA FRONTEIRA SUL;UFFS;Universidade;Pessoa Jurídica de Direito Público - Federal;5000388;23;ENFERMAGEM;Educação Presencial;4204202;CHAPECÓ;SC;31;31;31;1,0000;0,8630;2,9098;3
2016;15121;UNIVERSIDADE FEDERAL DA FRONTEIRA SUL;UFFS;Universidade;Pessoa Jurídica de Direito Público - Federal;5000409;5;MEDICINA VETERINÁRIA;Educação Presencial;4121406;REALEZA;PR;43;43;43;1,0000;1,5172;3,7387;4
2016;15121;UNIVERSIDADE FEDERAL DA FRONTEIRA SUL;UFFS;Universidade;Pessoa Jurídica de Direito Público - Federal;5000410;28;NUTRIÇÃO;Educação Presencial;4121406;REALEZA;PR;28;27;27;1,0000;0,8518;2,8280;3
2016;3189;INSTITUTO FEDERAL DE EDUCAÇÃO, CIÊNCIA E TECNOLOGIA DE MINAS GERAIS;IFMG;Instituto Federal de Educação, Ciência e Tecnologia;Pessoa Jurídica de Direito Público - Federal;5000411;92;TECNOLOGIA EM GESTÃO AMBIENTAL;Educação Presencial;3127701;GOVERNADOR VALADARES;MG;86;56;47;0,8393;0,7056;2,7644;3
2016;322;UNIVERSIDADE PAULISTA;UNIP;Universidade;Privada sem fins lucrativos;5000412;3501;EDUCAÇÃO FÍSICA (BACHARELADO);Educação Presencial;3547304;SANTANA DE PARNAÍBA;SP;31;28;16;0,5714;1,2190;3,0283;4
2016;322;UNIVERSIDADE PAULISTA;UNIP;Universidade;Privada sem fins lucrativos;5000413;3501;EDUCAÇÃO FÍSICA (BACHARELADO);Educação Presencial;3550308;SÃO PAULO;SP;31;27;6;0,2222;2,1135;3,4385;4
2016;322;UNIVERSIDADE PAULISTA;UNIP;Universidade;Privada sem fins lucrativos;5000414;55;BIOMEDICINA;Educação Presencial;3550308;SÃO PAULO;SP;6;5;2;0,4000;5,1956;5,0000;5
2016;322;UNIVERSIDADE PAULISTA;UNIP;Universidade;Privada sem fins lucrativos;5000415;3501;EDUCAÇÃO FÍSICA (BACHARELADO);Educação Presencial;3550308;SÃO PAULO;SP;52;42;18;0,4286;4,7431;4,6444;5
2016;322;UNIVERSIDADE PAULISTA;UNIP;Universidade;Privada sem fins lucrativos;5000416;55;BIOMEDICINA;Educação Presencial;3550308;SÃO PAULO;SP;2;2;1;0,5000;;;SC
2016;322;UNIVERSIDADE PAULISTA;UNIP;Universidade;Privada sem fins lucrativos;5000417;3501;EDUCAÇÃO FÍSICA (BACHARELADO);Educação Presencial;3550308;SÃO PAULO;SP;23;22;6;0,2727;-2,3034;1,4130;2
2016;322;UNIVERSIDADE PAULISTA;UNIP;Universidade;Privada sem fins lucrativos;5000418;3501;EDUCAÇÃO FÍSICA (BACHARELADO);Educação Presencial;3550308;SÃO PAULO;SP;52;37;12;0,3243;1,6740;3,2369;4
2016;322;UNIVERSIDADE PAULISTA;UNIP;Universidade;Privada sem fins lucrativos;5000419;3501;EDUCAÇÃO FÍSICA (BACHARELADO);Educação Presencial;3550308;SÃO PAULO;SP;7;6;3;0,5000;4,8865;4,7101;5
2016;322;UNIVERSIDADE PAULISTA;UNIP;Universidade;Privada sem fins lucrativos;5000420;55;BIOMEDICINA;Educação Presencial;3550308;SÃO PAULO;SP;17;14;10;0,7143;3,0267;3,9172;4
2016;322;UNIVERSIDADE PAULISTA;UNIP;Universidade;Privada sem fins lucrativos;5000421;3501;EDUCAÇÃO FÍSICA (BACHARELADO);Educação Presencial;3550308;SÃO PAULO;SP;45;32;10;0,3125;1,0836;2,9662;4
2016;322;UNIVERSIDADE PAULISTA;UNIP;Universidade;Privada sem fins lucrativos;5000422;55;BIOMEDICINA;Educação Presencial;3502804;ARAÇATUBA;SP;11;11;10;0,9091;2,7649;3,7865;4
2016;322;UNIVERSIDADE PAULISTA;UNIP;Universidade;Privada sem fins lucrativos;5000423;36;FISIOTERAPIA;Educação Presencial;3502804;ARAÇATUBA;SP;7;6;5;0,8333;4,2372;4,3778;5
2016;322;UNIVERSIDADE PAULISTA;UNIP;Universidade;Privada sem fins lucrativos;5000426;55;BIOMEDICINA;Educação Presencial;3503208;ARARAQUARA;SP;8;8;7;0,8750;1,8016;3,3055;4
2016;322;UNIVERSIDADE PAULISTA;UNIP;Universidade;Privada sem fins lucrativos;5000427;3501;EDUCAÇÃO FÍSICA (BACHARELADO);Educação Presencial;3503208;ARARAQUARA;SP;17;16;7;0,4375;3,7369;4,1830;5
2016;322;UNIVERSIDADE PAULISTA;UNIP;Universidade;Privada sem fins lucrativos;5000429;28;NUTRIÇÃO;Educação Presencial;3506003;BAURU;SP;16;14;9;0,6429;2,6492;3,6385;4
2016;322;UNIVERSIDADE PAULISTA;UNIP;Universidade;Privada sem fins lucrativos;5000430;3501;EDUCAÇÃO FÍSICA (BACHARELADO);Educação Presencial;3509502;CAMPINAS;SP;38;36;16;0,4444;2,5693;3,6475;4
2016;322;UNIVERSIDADE PAULISTA;UNIP;Universidade;Privada sem fins lucrativos;5000432;55;BIOMEDICINA;Educação Presencial;3526902;LIMEIRA;SP;10;4;4;1,0000;1,2644;3,0374;4
2016;322;UNIVERSIDADE PAULISTA;UNIP;Universidade;Privada sem fins lucrativos;5000434;3501;EDUCAÇÃO FÍSICA (BACHARELADO);Educação Presencial;3543402;RIBEIRÃO PRETO;SP;29;23;6;0,2609;0,6785;2,7804;3
2016;322;UNIVERSIDADE PAULISTA;UNIP;Universidade;Privada sem fins lucrativos;5000436;3501;EDUCAÇÃO FÍSICA (BACHARELADO);Educação Presencial;3548500;SANTOS;SP;29;24;7;0,2917;3,2323;3,9515;5
2016;322;UNIVERSIDADE PAULISTA;UNIP;Universidade;Privada sem fins lucrativos;5000437;28;NUTRIÇÃO;Educação Presencial;3549706;SÃO JOSÉ DO RIO PARDO;SP;8;7;3;0,4286;7,0745;5,0000;5
2016;322;UNIVERSIDADE PAULISTA;UNIP;Universidade;Privada sem fins lucrativos;5000438;3501;EDUCAÇÃO FÍSICA (BACHARELADO);Educação Presencial;3549706;SÃO JOSÉ DO RIO PARDO;SP;17;17;7;0,4118;4,2554;4,4208;5
2016;322;UNIVERSIDADE PAULISTA;UNIP;Universidade;Privada sem fins lucrativos;5000439;3501;EDUCAÇÃO FÍSICA (BACHARELADO);Educação Presencial;3549805;SÃO JOSÉ DO RIO PRETO;SP;25;24;17;0,7083;2,3006;3,5243;4
2016;322;UNIVERSIDADE PAULISTA;UNIP;Universidade;Privada sem fins lucrativos;5000441;3501;EDUCAÇÃO FÍSICA (BACHARELADO);Educação Presencial;3549904;SÃO JOSÉ DOS CAMPOS;SP;54;49;25;0,5102;0,2440;2,5812;3
2016;322;UNIVERSIDADE PAULISTA;UNIP;Universidade;Privada sem fins lucrativos;5000444;3501;EDUCAÇÃO FÍSICA (BACHARELADO);Educação Presencial;5300108;BRASÍLIA;DF;65;58;34;0,5862;1,2030;3,0209;4
2016;322;UNIVERSIDADE PAULISTA;UNIP;Universidade;Privada sem fins lucrativos;5000446;38;SERVIÇO SOCIAL;Educação Presencial;1302603;MANAUS;AM;28;23;14;0,6087;-1,2577;2,0572;3
2016;322;UNIVERSIDADE PAULISTA;UNIP;Universidade;Privada sem fins lucrativos;5000459;69;TECNOLOGIA EM RADIOLOGIA;Educação Presencial;3548500;SANTOS;SP;10;7;4;0,5714;3,8356;3,4780;4
2016;441;UNIVERSIDADE DO CONTESTADO;UNC;Universidade;Privada sem fins lucrativos;5000461;3501;EDUCAÇÃO FÍSICA (BACHARELADO);Educação Presencial;4213609;PORTO UNIÃO;SC;2;1;0;0,0000;;;SC
2016;1189;UNIVERSIDADE DO PLANALTO CATARINENSE;UNIPLAC;Universidade;Privada sem fins lucrativos;5000463;23;ENFERMAGEM;Educação Presencial;4209300;LAGES;SC;25;25;8;0,3200;0,3678;2,6767;3
2016;989;ESCOLA SUPERIOR EM MEIO AMBIENTE;ESMA;Faculdade ;Privada sem fins lucrativos;5000464;55;BIOMEDICINA;Educação Presencial;3130309;IGUATAMA;MG;2;2;2;1,0000;-11,0755;0,0000;1
2016;4163;CENTRO UNIVERSITÁRIO BARRIGA VERDE;UNIBAVE;Centro Universitário;Pessoa Jurídica de Direito Privado - Sem fins lucrativos - Fundação;5000465;17;AGRONOMIA;Educação Presencial;4211702;ORLEANS;SC;46;43;25;0,5814;0,9313;3,4188;4
2016;1028;UNIVERSIDADE ESTADUAL DE MATO GROSSO DO SUL;UEMS;Universidade;Pessoa Jurídica de Direito Público - Estadual;5000475;92;TECNOLOGIA EM GESTÃO AMBIENTAL;Educação Presencial;5005681;MUNDO NOVO;MS;18;15;15;1,0000;0,4449;2,6699;3
2016;3336;UNIVERSIDADE ESTADUAL DO RIO GRANDE DO SUL;UERGS;Universidade;Pessoa Jurídica de Direito Público - Estadual;5000496;92;TECNOLOGIA EM GESTÃO AMBIENTAL;Educação Presencial;4321907;TRÊS PASSOS;RS;3;2;0;0,0000;;;SC
2016;2494;FUNVIC - FACULDADE DE PINDAMONHANGABA;0;Faculdade ;Pessoa Jurídica de Direito Privado - Sem fins lucrativos - Fundação;5000505;23;ENFERMAGEM;Educação Presencial;3538006;PINDAMONHANGABA;SP;21;20;13;0,6500;-0,0997;2,4567;3
2016;1872;FACULDADES INTEGRADAS SANTA CRUZ DE CURITIBA;FARESC;Faculdade ;Privada sem fins lucrativos;5000515;23;ENFERMAGEM;Educação Presencial;4106902;CURITIBA;PR;46;41;24;0,5854;-2,2916;1,4249;2
2016;994;Faculdade de Duque de Caxias;FDC;Faculdade ;Privada sem fins lucrativos;5000517;23;ENFERMAGEM;Educação Presencial;3301702;DUQUE DE CAXIAS;RJ;40;39;9;0,2308;0,8471;2,9023;3
2016;1504;FACULDADE MAURÍCIO DE NASSAU DE MACEIÓ;0;Faculdade ;Privada sem fins lucrativos;5000524;23;ENFERMAGEM;Educação Presencial;2704302;MACEIÓ;AL;153;150;77;0,5133;-0,4634;2,2855;3
2016;4452;FACULDADE METROPOLITANA DE MARABÁ;METROPOLITANA;Faculdade ;Privada com fins lucrativos;5000528;36;FISIOTERAPIA;Educação Presencial;1504208;MARABÁ;PA;60;58;41;0,7069;-0,1175;2,4337;3
2016;57;UNIVERSIDADE ESTADUAL DE MARINGÁ;UEM;Universidade;Pessoa Jurídica de Direito Público - Estadual;5000540;55;BIOMEDICINA;Educação Presencial;4115200;MARINGÁ;PR;37;37;35;0,9459;1,4847;3,1474;4
2016;57;UNIVERSIDADE ESTADUAL DE MARINGÁ;UEM;Universidade;Pessoa Jurídica de Direito Público - Estadual;5000548;38;SERVIÇO SOCIAL;Educação Presencial;4111506;IVAIPORÃ;PR;25;22;20;0,9091;1,6245;3,4021;4
2016;1735;CENTRO UNIVERSITÁRIO DOUTOR LEÃO SAMPAIO;FLS;Centro Universitário;Privada com fins lucrativos;5000552;6;ODONTOLOGIA;Educação Presencial;2307304;JUAZEIRO DO NORTE;CE;168;168;148;0,8810;0,2199;2,7032;3
2016;2835;CENTRO UNIVERSITÁRIO MAURÍCIO DE NASSAU;UNINASSAU;Centro Universitário;Privada com fins lucrativos;5000572;6;ODONTOLOGIA;Educação Presencial;2611606;RECIFE;PE;160;153;115;0,7516;-0,5711;1,8693;2
2016;367;UNIVERSIDADE ESTADUAL DE MONTES CLAROS;UNIMONTES;Universidade;Pessoa Jurídica de Direito Público - Estadual;5000691;90;TECNOLOGIA EM AGRONEGÓCIOS;Educação Presencial;3147006;PARACATU;MG;13;12;7;0,5833;-1,1905;2,2614;3
2016;4652;FACULDADE ANHANGÜERA DE SÃO JOSÉ;0;Faculdade ;Privada com fins lucrativos;5000706;23;ENFERMAGEM;Educação Presencial;3549904;SÃO JOSÉ DOS CAMPOS;SP;40;40;10;0,2500;-3,2411;0,9780;2
2016;580;UNIVERSIDADE FEDERAL DE PERNAMBUCO;UFPE;Universidade;Pessoa Jurídica de Direito Público - Federal;5000731;3501;EDUCAÇÃO FÍSICA (BACHARELADO);Educação Presencial;2616407;VITÓRIA DE SANTO ANTÃO;PE;74;69;69;1,0000;-0,8441;2,0822;3
2016;4534;FACULDADE HERRERO;FATEC;Faculdade ;Privada com fins lucrativos;5000759;6;ODONTOLOGIA;Educação Presencial;4106902;CURITIBA;PR;33;32;14;0,4375;0,0806;2,5564;3
2016;4429;FACULDADE UNIGRAN CAPITAL;UNIGRAN CAPITAL;Faculdade ;Pessoa Jurídica de Direito Privado - Sem fins lucrativos - Fundação;5000761;69;TECNOLOGIA EM RADIOLOGIA;Educação Presencial;5002704;CAMPO GRANDE;MS;18;18;11;0,6111;1,6561;2,8656;3
2016;16759;Faculdade do Bico do Papagaio;FABIC;Faculdade ;Privada sem fins lucrativos;5000774;23;ENFERMAGEM;Educação Presencial;1702554;AUGUSTINÓPOLIS;TO;5;5;3;0,6000;-4,0178;0,6124;1
2016;3610;FACULDADES INTEGRADAS PROMOVE DE BRASILIA;0;Faculdade ;Pessoa Jurídica de Direito Privado - Sem fins lucrativos - Sociedade;5000788;17;AGRONOMIA;Educação Presencial;5300108;BRASÍLIA;DF;37;36;17;0,4722;1,0643;3,4992;4
2016;3610;FACULDADES INTEGRADAS PROMOVE DE BRASILIA;0;Faculdade ;Pessoa Jurídica de Direito Privado - Sem fins lucrativos - Sociedade;5000789;5;MEDICINA VETERINÁRIA;Educação Presencial;5300108;BRASÍLIA;DF;38;28;8;0,2857;-4,7593;0,0000;1
2016;1643;FACULDADE ANÍSIO TEIXEIRA DE FEIRA DE SANTANA;FAT;Faculdade ;Privada sem fins lucrativos;5000870;28;NUTRIÇÃO;Educação Presencial;2910800;FEIRA DE SANTANA;BA;10;10;10;1,0000;2,0402;3,3639;4
2016;590;UNIVERSIDADE FEDERAL RURAL DA AMAZÔNIA;UFRA;Universidade;Pessoa Jurídica de Direito Público - Federal;5000899;17;AGRONOMIA;Educação Presencial;1505536;PARAUAPEBAS;PA;47;46;44;0,9565;-0,2853;2,6839;3
2016;1430;CENTRO UNIVERSITÁRIO INGÁ;0;Centro Universitário;Privada sem fins lucrativos;5000931;12;MEDICINA;Educação Presencial;4115200;MARINGÁ;PR;85;85;70;0,8235;-0,9523;1,8875;2
2016;570;UNIVERSIDADE FEDERAL DO RIO GRANDE DO NORTE;UFRN;Universidade;Pessoa Jurídica de Direito Público - Federal;5000969;51;ZOOTECNIA;Educação Presencial;2407104;MACAÍBA;RN;26;23;20;0,8696;1,3666;3,3719;4
2016;1046;UNIÃO DAS FACULDADES DOS GRANDES LAGOS;UNILAGO;Faculdade ;Privada sem fins lucrativos;5000980;12;MEDICINA;Educação Presencial;3549805;SÃO JOSÉ DO RIO PRETO;SP;84;84;74;0,8810;0,3298;3,2852;4
2016;1082;INSTITUTO FEDERAL DE EDUCAÇÃO, CIÊNCIA E TECNOLOGIA DO RIO GRANDE DO NORTE;IFRN;Instituto Federal de Educação, Ciência e Tecnologia;Pessoa Jurídica de Direito Público - Federal;5001021;92;TECNOLOGIA EM GESTÃO AMBIENTAL;Educação Presencial;2408003;MOSSORÓ;RN;5;5;5;1,0000;2,7096;3,4909;4
2016;472;UNIVERSIDADE DO GRANDE RIO PROFESSOR JOSÉ DE SOUZA HERDY;UNIGRANRIO;Universidade;Privada sem fins lucrativos;5001053;95;TECNOLOGIA EM ESTÉTICA E COSMÉTICA;Educação Presencial;3304557;RIO DE JANEIRO;RJ;5;0;0;0,0000;;;SC
2016;3962;FACULDADE DE TECNOLOGIA SENAI CIMATEC;SENAI CIMATEC;Faculdade ;Privada sem fins lucrativos;5001180;92;TECNOLOGIA EM GESTÃO AMBIENTAL;Educação Presencial;2927408;SALVADOR;BA;10;9;4;0,4444;2,2185;3,3129;4
2016;163;UNIVERSIDADE ESTÁCIO DE SÁ;UNESA;Universidade;Privada com fins lucrativos;5001183;12;MEDICINA;Educação Presencial;3304557;RIO DE JANEIRO;RJ;Resultado desconsiderado devido à Política de Transferência Assistida (Portaria MEC nº 24/2016);;;;;;
